000000000000000000000000000000000000000000000000000000000000000000000000000000000000000000000000000000000000000000000000000000000000000000000000000000000000000000000000000000000000000000000000000000000000000000000000000000000000000000000000000000000000000000000000000000000000000000000000000000000000
000000000000000000000000000000000000000000000000000000000000000000000000000000000000000000000000000000000000000000000000000000000000000000000000000000000000000000000000000000000000000000000000000000000000000000000000000000000000000000000000000000000000000000000000000000000000000000000000000000000000
000000000000000000000000000000000000000000000000000000000000000000000000000000000000000000000000000000000000000000000000000000000000000000000000000000000000000000000000000000000000000000000000000000000000000000000000000000000000000000000000000000000000000000000000000000000000000000000000000000000000
000000000000000000000000000000000000000000000000000000000000000000000000000000000000000000000000000000000000000000000000000000000000000000000000000000000000000000000000000000000000000000000000000000000000000000000000000000000000000000000000000000000000000000000000000000000000000000000000000000000000
000000000000000000000000000000000000000000000000000000000000000000000000000000000000000000000000000000000000000000000000000000000000000000000000000000000000000000000000000000000000000000000000000000000000000000000000000000000000000000000000000000000000000000000000000000000000000000000000000000000000
000000000000000000000000000000000000000000000000000000000000000000000000000000000000000000000000000000000000000000000000000000000000000000000000000000000000000000000000000000000000000000000000000000000000000000000000000000000000000000000000000000000000000000000000000000000000000000000000000000000000
000000000000000000000000000000000000000000000000000000000000000000000000000000000000000000000000000000000000000000000000000000000000000000000000000000000000000000000000000000000000000000000000000000000000000000000000000000000000000000000000000000000000000000000000000000000000000000000000000000000000
000000000000000000000000000000000000000000000000000000000000000000000000000000000000000000000000000000000000000000000000000000000000000000000000000000000000000000000000000000000000000000000000000000000000000000000000000000000000000000000000000000000000000000000000000000000000000000000000000000000000
000000000000000000000000000000000000000000000000000000000000000000000000000000000000000000000000000000000000000000000000000000000000000000000000000000000000000000000000000000000000000000000000000000000000000000000000000000000000000000000000000000000000000000000000000000000000000000000000000000000000
000000000000000000000000000000000000000000000000000000000000000000000000000000000000000000000000000000000000000000000000000000000000000000000000000000000000000000000000000000000000000000000000000000000000000000000000000000000000000000000000000000000000000000000000000000000000000000000000000000000000
000000000000000000000000000000000000000000000000000000000000000000000000000000000000000000000000000011111111111111111111111111111111111111111111111111111111111111111111111111111111111111111111111111111111111111111111111111111111111111111111111111111111111111111111111111111111111111111111111111111111
000000000000000000000000000000000000000000000000000000000000000000000000000000000000000000000000000000000000000000000000000000000000000000000000000000000000000000000000000000000000000000000000000000000000000000000000000000000000000000000000000000000000000000000000000000000000000000000000000000000000
000000000000000000000000000000000000000000000000000000000000000000000000000000000000000000000000000011111111111111111111111111111111111111111111111111111111111111111111111111111111111111111111111111111111111111111111111111111111111111111111111111111111111111111111111111111111111111111111111111111111
000000000000000000000000000000000000000000000000000000000000000000000000000000000000000000000000000000000000000000000000000000000000000000000000000000000000000000000000000000000000000000000000000000000000000000000000000000000000000000000000000000000000000000000000000000000000000000000000000000000000
000000000000000000000000000000000000000000000000000000000000000000000000000000000000000000000000000011111100000001111111111111111110001111111111111111111000001111111111111111100000111111111111111100001111111111111111111111111111111111111111111111111111111111111111111111111111111111111111111111111111
000000000000000000000000000000000000000000000000000000000000000000000000000000000000000000000000000000000011111110000000000000000001110000000000000000000111110000011000000000011111000000000000000011110000000000000000000000000000000000000000000000000000000000000000000000000000000000000000000000000000
000000000000000000000000000000000000000000000000000000000000000000000000000000000000000000000000000011110000000000111111111111110000000011111111111100000000000111100111111110000000011111111110000000001111111000000111111111111111100011111111111111110000000000111111111111111110000011111111111111110001
000000000000000000000000000000000000000000000000000000000000000000000000000000000000000000000000000000001111111111000000000000001111111100000000000011111111111000011000000001111111100000000001111111110000000111111000000000000000011100000000000000001111111111000000000000000001111100000000000000001110
000000000000000000000000000000000000000000000000000000000000000000000000000000000000000000000000000011000000000000111111111110000000000001111111110000000000000011100111111000000000001111111000000000001100000000000001111111110000000000001111111110000000000000001111111111000000000001111111000000000000
000000000000000000000000000000000000000000000000000000000000000000000000000000000000000000000000000000111111000011001111100001111111111110011110001111111111111100111110000111111001110111000111111111110011111111111110000000001111111111110000000001111111111111110000000000111111111110000000111111111111
000000000000000000000000000000000000000000000000000000000000000000000000000000000000000000000000000011000000111100110000011110000000000001100001110000000000000011000001111000000110001000111000000000001100000000000001111111110000000000001111111110000000000000001111111111000000000001111111000000000000
000000000000000000000000000000000000000000000000000000000000000000000000000000000000000000000000000000111100000001001111100001111110001110011110001111111000001100111110000111100000110111000111111100000011111111111110000000001111111111110000000001111111111111110000000000111111111110000000111111111111
000000000000000000000000000000000000000000000000000000000000000000000000000000000000000000000000000011000011111110110000011110000001110001100001110000000111110011000001111000011111001000111000000011111100000000000001111111110000000000001111111110000000000000001111111111000000000001111111000000000000
000000000000000000000000000000000000000000000000000000000000000000000000000000000000000000000000000000111100000001001111100001111110001110011110001111111000001100111110000111100000110111000111111100000011111111111110000000001111111111110000000001111111111111110000000000111111111110000000111111111111
000000000000000000000000000000000000000000000000000000000000000000000000000000000000000000000000000011000011000010110000011110000001110001100001110000000111110011000001111000011001001000111000000011111100000000000001111111110000000000001111111110000000000000001111111111000000000001111111000000000000
000000000000000000000000000000000000000000000000000000000000000000000000000000000000000000000000000000110000111100001111100001110000000010011110001100000000000100111110000110000110010111000110000000000011111000000110000000001111100011110000000001110000000000110000000000111110000010000000111111110001
000000000000000000000000000000000000000000000000000000000000000000000000000000000000000000000000000011001111000011110000011110001111111101100001110011111111111011011001111001111001101000111001111111111100000111111001111111110000011100001111111110001111111111001111111111000001111101111111000000001110
000000000000000000000000000000000000000000000000000000000000000000000000000000000000000000000000000000110000111100001111100001110000000010011110001100000000000100100110000110000110010111000110000000000011111000000110000000001111100011110000000001110000000000110000000000111110000010000000111111110001
000000000000000000000000000000000000000000000000000000000000000000000000000000000000000000000000000011001100000001110000011110001110001101100001110011111000001011011001111001100000101000111001111100001100000111111001111111110000011100001111111110001111111111001111111111000001111101111111000000001110
000000000000000000000000000000000000000000000000000000000000000000000000000000000000000000000000000000110011000010001111100001110001110010011110001100000111110100100110000110011001010111000110000011110011111000000110000000001111100011110000000001110000000000110000000000111110000010000000111111110001
000000000000000000000000000000000000000000000000000000000000000000000000000000000000000000000000000011001100111101110000011110001110001101100001110011111000001011011001111001100110101000111001111100001100000111111001111111110000011100001111111110001111111111001111111111000001111101111111000000001110
000000000000000000000000000000000000000000000000000000000000000000000000000000000000000000000000000000110011000010001111100001110001110010011110001100000111110100100110000110011001010111000110000011110011111000000110000000001111100011110000000001110000000000110000000000111110000010000000111111110001
000000000000000000000000000000000000000000000000000000000000000000000000000000000000000000000000000011001100111101110000011110001110001101100001110011111000001011011001111001100110101000111001111100001100000111111001111111110000011100001111111110001111111111001111111111000001111101111111000000001110
000000000000000000000000000000000000000000000000000000000000000000000000000000000000000000000000000000110011000010001111100001110001110010011110001100000111110100100110000110011001010111000110000011110011111000000110000000001111100011110000000001110000000000110000000000111110000010000000111111110001
000000000000000000000000000000000000000000000000000000000000000000000000000000000000000000000000000011001100111101111111111110001110001101111111110011111000001011111111111001100110101111111001111100001100000111111001111111110000011100001111111110001111111111001111111111000001111101111111000000001110
000000000000000000000000000000000000000000000000000000000000000000000000000000000000000000000000000000000000000000010000010000000000000000100001000000000000000001011001100000000000001000110000000000000000000000000000111100000000000000000001111000000000000000000011111000000000000000011100000000000000
000000000000000000000000000000000000000000000000000000000000000000000000000000000000000000000000000000110011000010001111100001110001110010011110001100000111110100100110000110011001010111000110000011110011111000000110000000001111100011110000000001110000000000110000000000111110000010000000111111110001
000000000000000000000000000000000000000000000000000000000000000000000000000000000000000000000000000011001100111101110000011110001110001101100001110011111000001011011001111001100110101000111001111100001100000111111001111111110000011100001111111110001111111111001111111111000001111101111111000000001110
000000000000000000000000000000000000000000000000000000000000000000000000000000000000000000000000000000110011000010001111100001110001110010011110001100000111110100100110000110011001010111000110000011110011111000000110000000001111100011110000000001110000000000110000000000111110000010000000111111110001
000000000000000000000000000000000000000000000000000000000000000000000000000000000000000000000000000011001100111101110000011110001110001101100001110011111000001011011001111001100110101000111001111100001100000111111001111111110000011100001111111110001111111111001111111111000001111101111111000000001110
000000000000000000000000000000000000000000000000000000000000000000000000000000000000000000000000000000110011000010001111100001110001110010011110001100000111110100100110000110011001010111000110000011110011111000000110000000001111100011110000000001110000000000110000000000111110000010000000111111110001
000000000000000000000000000000000000000000000000000000000000000000000000000000000000000000000000000011001100000001110000011110001110001101100001110011111000001011011001111001100000101000111001111100001100000111111001111111110000011100001111111110001111111111001111111111000001111101111111000000001110
000000000000000000000000000000000000000000000000000000000000000000000000000000000000000000000000000000110000111100001111100001110000000010011110001100000000000100100110000110000110010111000110000000000011111000000110000000001111100011110000000001110000000000110000000000111110000010000000111111110001
000000000000000000000000000000000000000000000000000000000000000000000000000000000000000000000000000011001111000011110000011110001111111101100001110011111111111011011001111001111001101000111001111111111100000111111001111111110000011100001111111110001111111111001111111111000001111101111111000000001110
000000000000000000000000000000000000000000000000000000000000000000000000000000000000000000000000000000110000111100001111100001110000000010011110001100000000000100111110000110000110010111000110000000000011111000000110000000001111100011110000000001110000000000110000000000111110000010000000111111110001
000000000000000000000000000000000000000000000000000000000000000000000000000000000000000000000000000011000011000010110000011110000001110001100001110000000111110011000001111000011001001000111000000011111100000000000001111111110000000000001111111110000000000000001111111111000000000001111111000000000000
000000000000000000000000000000000000000000000000000000000000000000000000000000000000000000000000000000111100000001001111100001111110001110011110001111111000001100111110000111100000110111000111111100000011111111111110000000001111111111110000000001111111111111110000000000111111111110000000111111111111
000000000000000000000000000000000000000000000000000000000000000000000000000000000000000000000000000011000011111110110000011110000001110001100001110000000111110011000001111000011111001000111000000011111100000000000001111111110000000000001111111110000000000000001111111111000000000001111111000000000000
000000000000000000000000000000000000000000000000000000000000000000000000000000000000000000000000000000111100000001001111100001111110001110011110001111111000001100111110000111100000110111000111111100000011111111111110000000001111111111110000000001111111111111110000000000111111111110000000111111111111
000000000000000000000000000000000000000000000000000000000000000000000000000000000000000000000000000011000000111100110000011110000000000001100001110000000000000011000001111000000110001000111000000000001100000000000001111111110000000000001111111110000000000000001111111111000000000001111111000000000000
000000000000000000000000000000000000000000000000000000000000000000000000000000000000000000000000000000111111000011001111100001111111111110011110001111111111111100111110000111111001110111000111111111110011111111111110000000001111111111110000000001111111111111110000000000111111111110000000111111111111
000000000000000000000000000000000000000000000000000000000000000000000000000000000000000000000000000011000000000000111111111110000000000001111111110000000000000011100111111000000000001111111000000000001100000000000001111111110000000000001111111110000000000000001111111111000000000001111111000000000000
000000000000000000000000000000000000000000000000000000000000000000000000000000000000000000000000000000001111111111000000000000001111111100000000000011111111111000011000000001111111100000000001111111110000000111111000000000000000011100000000000000001111111111000000000000000001111100000000000000001110
000000000000000000000000000000000000000000000000000000000000000000000000000000000000000000000000000011110000000000111111111111110000000011111111111100000000000111100111111110000000011111111110000000001111111000000111111111111111100011111111111111110000000000111111111111111110000011111111111111110001
000000000000000000000000000000000000000000000000000000000000000000000000000000000000000000000000000000000011111110000000000000000001110000000000000000000111110000011000000000011111000000000000000011110000000000000000000000000000000000000000000000000000000000000000000000000000000000000000000000000000
000000000000000000000000000000000000000000000000000000000000000000000000000000000000000000000000000011111100000001111111111111111110001111111111111111111000001111111111111111100000111111111111111100001111111111111111111111111111111111111111111111111111111111111111111111111111111111111111111111111111
000000000000000000000000000000000000000000000000000000000000000000000000000000000000000000000000000000000000000000000000000000000000000000000000000000000000000000000000000000000000000000000000000000000000000000000000000000000000000000000000000000000000000000000000000000000000000000000000000000000000
000000000000000000000000000000000000000000000000000000000000000000000000000000000000000000000000000011111111111111111111111111111111111111111111111111111111111111111111111111111111111111111111111111111111111111111111111111111111111111111111111111111111111111111111111111111111111111111111111111111111
000000000000000000000000000000000000000000000000000000000000000000000000000000000000000000000000000000000000000000000000000000000000000000000000000000000000000000000000000000000000000000000000000000000000000000000000000000000000000000000000000000000000000000000000000000000000000000000000000000000000
000000000000000000000000000000000000000000000000000000000000000000000000000000000000000000000000000011111111111111111111111111111111111111111111111111111111111111111111111111111111111111111111111111111111111111111111111111111111111111111111111111111111111111111111111111111111111111111111111111111111
000000000000000000000000000000000000000000000000000000000000000000000000000000000000000000000000000000000000000000000000000000000000000000000000000000000000000000000000000000000000000000000000000000000000000000000000000000000000000000000000000000000000000000000000000000000000000000000000000000000000
000000000000000000000000000000000000000000000000000000000000000000000000000000000000000000000000000000000000000000000000000000000000000000000000000000000000000000000000000000000000000000000000000000000000000000000000000000000000000000000000000000000000000000000000000000000000000000000000000000000000
000000000000000000000000000000000000000000000000000000000000000000000000000000000000000000000000000000000000000000000000000000000000000000000000000000000000000000000000000000000000000000000000000000000000000000000000000000000000000000000000000000000000000000000000000000000000000000000000000000000000
000000000000000000000000000000000000000000000000000000000000000000000000000000000000000000000000000000000000000000000000000000000000000000000000000000000000000000000000000000000000000000000000000000000000000000000000000000000000000000000000000000000000000000000000000000000000000000000000000000000000
000000000000000000000000000000000000000000000000000000000000000000000000000000000000000000000000000000000000000000000000000000000000000000000000000000000000000000000000000000000000000000000000000000000000000000000000000000000000000000000000000000000000000000000000000000000000000000000000000000000000
000000000000000000000000000000000000000000000000000000000000000000000000000000000000000000000000000000000000000000000000000000000000000000000000000000000000000000000000000000000000000000000000000000000000000000000000000000000000000000000000000000000000000000000000000000000000000000000000000000000000
000000000000000000000000000000000000000000000000000000000000000000000000000000000000000000000000000000000000000000000000000000000000000000000000000000000000000000000000000000000000000000000000000000000000000000000000000000000000000000000000000000000000000000000000000000000000000000000000000000000000
000000000000000000000000000000000000000000000000000000000000000000000000000000000000000000000000000000000000000000000000000000000000000000000000000000000000000000000000000000000000000000000000000000000000000000000000000000000000000000000000000000000000000000000000000000000000000000000000000000000000
000000000000000000000000000000000000000000000000000000000000000000000000000000000000000000000000000000000000000000000000000000000000000000000000000000000000000000000000000000000000000000000000000000000000000000000000000000000000000000000000000000000000000000000000000000000000000000000000000000000000
000000000000000000000000000000000000000000000000000000000000000000000000000000000000000000000000000000000000000000000000000000000000000000000000000000000000000000000000000000000000000000000000000000000000000000000000000000000000000000000000000000000000000000000000000000000000000000000000000000000000
000000000000000000000000000000000000000000000000000000000000000000000000000000000000000000000000000011111111111111111111111111111111111111111111111111111111111111111111111111111111111111111111111111111111111111111111111111111111111111111111111111111111111111111111111111111111111111111111111111111111
000000000000000000000000000000000000000000000000000000000000000000000000000000000000000000000000000000000000000000000000000000000000000000000000000000000000000000000000000000000000000000000000000000000000000000000000000000000000000000000000000000000000000000000000000000000000000000000000000000000000
000000000000000000000000000000000000000000000000000000000000000000000000000000000000000000000000000011111111111111111111111111111111111111111111111111111111111111111111111111111111111111111111111111111111111111111111111111111111111111111111111111111111111111111111111111111111111111111111111111111111
000000000000000000000000000000000000000000000000000000000000000000000000000000000000000000000000000000000000000000000000000000000000000000000000000000000000000000000000000000000000000000000000000000000000000000000000000000000000000000000000000000000000000000000000000000000000000000000000000000000000
000000000000000000000000000000000000000000000000000000000000000000000000000000000000000000000000000011111111111111110000000111111111111111111000111111111111111111100000111111111111111110000011111111111111111111111111111111111111111111111111111111111111111111111111111111111111111111111111111111111111
000000000000000000000000000000000000000000000000000000000000000000000000000000000000000000000000000000001100000000001111111000000000000000000111000000000000000000011111000001100000000001111100000000000000000000000000000000000000000000000000000000000000000000000000000000000000000000000000000000000000
000000000000000000000000000000000000000000000000000000000000000000000000000000000000000000000000000011110011111111000000000011111111111111000000001111111111110000000000011110011111111000000001111111111111111111111111100000011111111111111110001111111111111111000000000011111111111111111000001111111111
000000000000000000000000000000000000000000000000000000000000000000000000000000000000000000000000000000001100000000111111111100000000000000111111110000000000001111111111100001100000000111111110000000000000000000000000011111100000000000000001110000000000000000111111111100000000000000000111110000000000
000000000000000000000000000000000000000000000000000000000000000000000000000000000000000000000000000001110011111100000000000011111111111000000000000111111111000000000000001110011111100000000000111111100111111111110000000000000111111111000000000000111111111000000000000000111111111100000000000111111100
000000000000000000000000000000000000000000000000000000000000000000000000000000000000000000000000000010011111000011111100001100111110000111111111111001111000111111111111110011111000011111100111011100011000000000001111111111111000000000111111111111000000000111111111111111000000000011111111111000000011
000000000000000000000000000000000000000000000000000000000000000000000000000000000000000000000000000001100000111100000011110011000001111000000000000110000111000000000000001100000111100000011000100011100111111111110000000000000111111111000000000000111111111000000000000000111111111100000000000111111100
000000000000000000000000000000000000000000000000000000000000000000000000000000000000000000000000000010011111000011110000000100111110000111111000111001111000111111100000110011111000011110000011011100011000000000001111111111111000000000111111111111000000000111111111111111000000000011111111111000000011
000000000000000000000000000000000000000000000000000000000000000000000000000000000000000000000000000001100000111100001111111011000001111000000111000110000111000000011111001100000111100001111100100011100111111111110000000000000111111111000000000000111111111000000000000000111111111100000000000111111100
000000000000000000000000000000000000000000000000000000000000000000000000000000000000000000000000000010011111000011110000000100111110000111111000111001111000111111100000110011111000011110000011011100011000000000001111111111111000000000111111111111000000000111111111111111000000000011111111111000000011
000000000000000000000000000000000000000000000000000000000000000000000000000000000000000000000000000001100000111100001100001011000001111000000111000110000111000000011111001100000111100001100100100011100111111111110000000000000111111111000000000000111111111000000000000000111111111100000000000111111100
000000000000000000000000000000000000000000000000000000000000000000000000000000000000000000000000000010011111000011000011110000111110000111000000001001111000110000000000010011111000011000011001011100011000000000001111100000011000000000111110001111000000000111000000000011000000000011111000001000000011
000000000000000000000000000000000000000000000000000000000000000000000000000000000000000000000000000001101100111100111100001111000001111000111111110110000111001111111111101101100111100111100110100011100111111111110000011111100111111111000001110000111111111000111111111100111111111100000111110111111100
000000000000000000000000000000000000000000000000000000000000000000000000000000000000000000000000000010010011000011000011110000111110000111000000001001111000110000000000010010011000011000011001011100011000000000001111100000011000000000111110001111000000000111000000000011000000000011111000001000000011
000000000000000000000000000000000000000000000000000000000000000000000000000000000000000000000000000001101100111100110000000111000001111000111000110110000111001111100000101101100111100110000010100011100111111111110000011111100111111111000001110000111111111000111111111100111111111100000111110111111100
000000000000000000000000000000000000000000000000000000000000000000000000000000000000000000000000000010010011000011001100001000111110000111000111001001111000110000011111010010011000011001100101011100011000000000001111100000011000000000111110001111000000000111000000000011000000000011111000001000000011
000000000000000000000000000000000000000000000000000000000000000000000000000000000000000000000000000001101100111100110011110111000001111000111000110110000111001111100000101101100111100110011010100011100111111111110000011111100111111111000001110000111111111000111111111100111111111100000111110111111100
000000000000000000000000000000000000000000000000000000000000000000000000000000000000000000000000000010010011000011001100001000111110000111000111001001111000110000011111010010011000011001100101011100011000000000001111100000011000000000111110001111000000000111000000000011000000000011111000001000000011
000000000000000000000000000000000000000000000000000000000000000000000000000000000000000000000000000001101100111100110011110111000001111000111000110110000111001111100000101101100111100110011010100011100111111111110000011111100111111111000001110000111111111000111111111100111111111100000111110111111100
000000000000000000000000000000000000000000000000000000000000000000000000000000000000000000000000000010010011000011001100001000111110000111000111001001111000110000011111010010011000011001100101011100011000000000001111100000011000000000111110001111000000000111000000000011000000000011111000001000000011
000000000000000000000000000000000000000000000000000000000000000000000000000000000000000000000000000001111111111100110011110111111111111000111000110111111111001111100000101111111111100110011010111111100111111111110000011111100111111111000001110000111111111000111111111100111111111100000111110111111100
000000000000000000000000000000000000000000000000000000000000000000000000000000000000000000000000000000101100110000000000000001000001000000000000000010000100000000000000000101100110000000000000100011000001111000000000000000000011110000000000000000000111100000000000000000001111100000000000000001110000
000000000000000000000000000000000000000000000000000000000000000000000000000000000000000000000000000010010011000011001100001000111110000111000111001001111000110000011111010010011000011001100101011100011000000000001111100000011000000000111110001111000000000111000000000011000000000011111000001000000011
000000000000000000000000000000000000000000000000000000000000000000000000000000000000000000000000000001101100111100110011110111000001111000111000110110000111001111100000101101100111100110011010100011100111111111110000011111100111111111000001110000111111111000111111111100111111111100000111110111111100
000000000000000000000000000000000000000000000000000000000000000000000000000000000000000000000000000010010011000011001100001000111110000111000111001001111000110000011111010010011000011001100101011100011000000000001111100000011000000000111110001111000000000111000000000011000000000011111000001000000011
000000000000000000000000000000000000000000000000000000000000000000000000000000000000000000000000000001101100111100110011110111000001111000111000110110000111001111100000101101100111100110011010100011100111111111110000011111100111111111000001110000111111111000111111111100111111111100000111110111111100
000000000000000000000000000000000000000000000000000000000000000000000000000000000000000000000000000010010011000011001100001000111110000111000111001001111000110000011111010010011000011001100101011100011000000000001111100000011000000000111110001111000000000111000000000011000000000011111000001000000011
000000000000000000000000000000000000000000000000000000000000000000000000000000000000000000000000000001101100111100110000000111000001111000111000110110000111001111100000101101100111100110000010100011100111111111110000011111100111111111000001110000111111111000111111111100111111111100000111110111111100
000000000000000000000000000000000000000000000000000000000000000000000000000000000000000000000000000010010011000011000011110000111110000111000000001001111000110000000000010010011000011000011001011100011000000000001111100000011000000000111110001111000000000111000000000011000000000011111000001000000011
000000000000000000000000000000000000000000000000000000000000000000000000000000000000000000000000000001101100111100111100001111000001111000111111110110000111001111111111101101100111100111100110100011100111111111110000011111100111111111000001110000111111111000111111111100111111111100000111110111111100
000000000000000000000000000000000000000000000000000000000000000000000000000000000000000000000000000010011111000011000011110000111110000111000000001001111000110000000000010011111000011000011001011100011000000000001111100000011000000000111110001111000000000111000000000011000000000011111000001000000011
000000000000000000000000000000000000000000000000000000000000000000000000000000000000000000000000000001100000111100001100001011000001111000000111000110000111000000011111001100000111100001100100100011100111111111110000000000000111111111000000000000111111111000000000000000111111111100000000000111111100
000000000000000000000000000000000000000000000000000000000000000000000000000000000000000000000000000010011111000011110000000100111110000111111000111001111000111111100000110011111000011110000011011100011000000000001111111111111000000000111111111111000000000111111111111111000000000011111111111000000011
000000000000000000000000000000000000000000000000000000000000000000000000000000000000000000000000000001100000111100001111111011000001111000000111000110000111000000011111001100000111100001111100100011100111111111110000000000000111111111000000000000111111111000000000000000111111111100000000000111111100
000000000000000000000000000000000000000000000000000000000000000000000000000000000000000000000000000010011111000011110000000100111110000111111000111001111000111111100000110011111000011110000011011100011000000000001111111111111000000000111111111111000000000111111111111111000000000011111111111000000011
000000000000000000000000000000000000000000000000000000000000000000000000000000000000000000000000000001100000111100000011110011000001111000000000000110000111000000000000001100000111100000011000100011100111111111110000000000000111111111000000000000111111111000000000000000111111111100000000000111111100
000000000000000000000000000000000000000000000000000000000000000000000000000000000000000000000000000010011111000011111100001100111110000111111111111001111000111111111111110011111000011111100111011100011000000000001111111111111000000000111111111111000000000111111111111111000000000011111111111000000011
000000000000000000000000000000000000000000000000000000000000000000000000000000000000000000000000000001110011111100000000000011111111111000000000000111111111000000000000001110011111100000000000111111100111111111110000000000000111111111000000000000111111111000000000000000111111111100000000000111111100
000000000000000000000000000000000000000000000000000000000000000000000000000000000000000000000000000000001100000000111111111100000000000000111111110000000000001111111111100001100000000111111110000000000000000000000000011111100000000000000001110000000000000000111111111100000000000000000111110000000000
000000000000000000000000000000000000000000000000000000000000000000000000000000000000000000000000000011110011111111000000000011111111111111000000001111111111110000000000011110011111111000000001111111111111111111111111100000011111111111111110001111111111111111000000000011111111111111111000001111111111
000000000000000000000000000000000000000000000000000000000000000000000000000000000000000000000000000000001100000000001111111000000000000000000111000000000000000000011111000001100000000001111100000000000000000000000000000000000000000000000000000000000000000000000000000000000000000000000000000000000000
000000000000000000000000000000000000000000000000000000000000000000000000000000000000000000000000000011111111111111110000000111111111111111111000111111111111111111100000111111111111111110000011111111111111111111111111111111111111111111111111111111111111111111111111111111111111111111111111111111111111
000000000000000000000000000000000000000000000000000000000000000000000000000000000000000000000000000000000000000000000000000000000000000000000000000000000000000000000000000000000000000000000000000000000000000000000000000000000000000000000000000000000000000000000000000000000000000000000000000000000000
000000000000000000000000000000000000000000000000000000000000000000000000000000000000000000000000000011111111111111111111111111111111111111111111111111111111111111111111111111111111111111111111111111111111111111111111111111111111111111111111111111111111111111111111111111111111111111111111111111111111
000000000000000000000000000000000000000000000000000000000000000000000000000000000000000000000000000000000000000000000000000000000000000000000000000000000000000000000000000000000000000000000000000000000000000000000000000000000000000000000000000000000000000000000000000000000000000000000000000000000000
000000000000000000000000000000000000000000000000000000000000000000000000000000000000000000000000000011111111111111111111111111111111111111111111111111111111111111111111111111111111111111111111111111111111111111111111111111111111111111111111111111111111111111111111111111111111111111111111111111111111
000000000000000000000000000000000000000000000000000000000000000000000000000000000000000000000000000000000000000000000000000000000000000000000000000000000000000000000000000000000000000000000000000000000000000000000000000000000000000000000000000000000000000000000000000000000000000000000000000000000000
000000000000000000000000000000000000000000000000000000000000000000000000000000000000000000000000000000000000000000000000000000000000000000000000000000000000000000000000000000000000000000000000000000000000000000000000000000000000000000000000000000000000000000000000000000000000000000000000000000000000
000000000000000000000000000000000000000000000000000000000000000000000000000000000000000000000000000000000000000000000000000000000000000000000000000000000000000000000000000000000000000000000000000000000000000000000000000000000000000000000000000000000000000000000000000000000000000000000000000000000000
000000000000000000000000000000000000000000000000000000000000000000000000000000000000000000000000000000000000000000000000000000000000000000000000000000000000000000000000000000000000000000000000000000000000000000000000000000000000000000000000000000000000000000000000000000000000000000000000000000000000
000000000000000000000000000000000000000000000000000000000000000000000000000000000000000000000000000000000000000000000000000000000000000000000000000000000000000000000000000000000000000000000000000000000000000000000000000000000000000000000000000000000000000000000000000000000000000000000000000000000000
000000000000000000000000000000000000000000000000000000000000000000000000000000000000000000000000000000000000000000000000000000000000000000000000000000000000000000000000000000000000000000000000000000000000000000000000000000000000000000000000000000000000000000000000000000000000000000000000000000000000
000000000000000000000000000000000000000000000000000000000000000000000000000000000000000000000000000000000000000000000000000000000000000000000000000000000000000000000000000000000000000000000000000000000000000000000000000000000000000000000000000000000000000000000000000000000000000000000000000000000000
000000000000000000000000000000000000000000000000000000000000000000000000000000000000000000000000000000000000000000000000000000000000000000000000000000000000000000000000000000000000000000000000000000000000000000000000000000000000000000000000000000000000000000000000000000000000000000000000000000000000
000000000000000000000000000000000000000000000000000000000000000000000000000000000000000000000000000000000000000000000000000000000000000000000000000000000000000000000000000000000000000000000000000000000000000000000000000000000000000000000000000000000000000000000000000000000000000000000000000000000000
000000000000000000000000000000000000000000000000000000000000000000000000000000000000000000000000000000000000000000000000000000000000000000000000000000000000000000000000000000000000000000000000000000000000000000000000000000000000000000000000000000000000000000000000000000000000000000000000000000000000
000000000000000000000000000000000000000000000000000000000000000000000000000000000000000000000000000011111111111111111111111111111111111111111111111111111111111111111111111111111111111111111111111111111111111111111111111111111111111111111111111111111111111111111111111111111111111111111111111111111111
000000000000000000000000000000000000000000000000000000000000000000000000000000000000000000000000000000000000000000000000000000000000000000000000000000000000000000000000000000000000000000000000000000000000000000000000000000000000000000000000000000000000000000000000000000000000000000000000000000000000
000000000000000000000000000000000000000000000000000000000000000000000000000000000000000000000000000011111111111111111111111111111111111111111111111111111111111111111111111111111111111111111111111111111111111111111111111111111111111111111111111111111111111111111111111111111111111111111111111111111111
000000000000000000000000000000000000000000000000000000000000000000000000000000000000000000000000000000000000000000000000000000000000000000000000000000000000000000000000000000000000000000000000000000000000000000000000000000000000000000000000000000000000000000000000000000000000000000000000000000000000
000000000000000000000000000000000000000000000000000000000000000000000000000000000000000000000000000011111000011111111111111111000000011111111111111111100011111111111111111110000011111111111111111000001111111111111111111111111111111111111111111111111111111111111111111111111111111111111111111111111111
000000000000000000000000000000000000000000000000000000000000000000000000000000000000000000000000000000000111100000110000000000111111100000000000000000011100000000000000000001111100000110000000000111110000000000000000000000000000000000000000000000000000000000000000000000000000000000000000000000000000
000000000000000000000000000000000000000000000000000000000000000000000000000000000000000000000000000011100000001111001111111100000000001111111111111100000000111111111111000000000001111001111111100000001111110000111111111111111110000001111111111111111000111111111111111100000000001111111111111111100000
000000000000000000000000000000000000000000000000000000000000000000000000000000000000000000000000000000011111110000110000000011111111110000000000000011111111000000000000111111111110000110000000011111110000001111000000000000000001111110000000000000000111000000000000000011111111110000000000000000011111
000000000000000000000000000000000000000000000000000000000000000000000000000000000000000000000000000000000000000111001111110000000000001111111111100000000000011111111100000000000000111001111110000000000000000000011111111111000000000000011111111100000000000011111111100000000000000011111111110000000000
000000000000000000000000000000000000000000000000000000000000000000000000000000000000000000000000000011111111111001111100001111110000110011111000011111111111100111100011111111111111001111100001111110011111111111100000000000111111111111100000000011111111111100000000011111111111111100000000001111111111
000000000000000000000000000000000000000000000000000000000000000000000000000000000000000000000000000000000000000110000011110000001111001100000111100000000000011000011100000000000000110000011110000001100000000000011111111111000000000000011111111100000000000011111111100000000000000011111111110000000000
000000000000000000000000000000000000000000000000000000000000000000000000000000000000000000000000000011111000011001111100001111000000010011111000011111100011100111100011111110000011001111100001111000001111111111100000000000111111111111100000000011111111111100000000011111111111111100000000001111111111
000000000000000000000000000000000000000000000000000000000000000000000000000000000000000000000000000000000111100110000011110000111111101100000111100000011100011000011100000001111100110000011110000111110000000000011111111111000000000000011111111100000000000011111111100000000000000011111111110000000000
000000000000000000000000000000000000000000000000000000000000000000000000000000000000000000000000000011111000011001111100001111000000010011111000011111100011100111100011111110000011001111100001111000001111111111100000000000111111111111100000000011111111111100000000011111111111111100000000001111111111
000000000000000000000000000000000000000000000000000000000000000000000000000000000000000000000000000000000111100110000011110000110000101100000111100000011100011000011100000001111100110000011110000110010000000000011111111111000000000000011111111100000000000011111111100000000000000011111111110000000000
000000000000000000000000000000000000000000000000000000000000000000000000000000000000000000000000000011100000001001111100001100001111000011111000011100000000100111100011000000000001001111100001100001101111110000100000000000111110000001100000000011111000111100000000011100000000001100000000001111100000
000000000000000000000000000000000000000000000000000000000000000000000000000000000000000000000000000000011111110110110011110011110000111100000111100011111111011000011100111111111110110110011110011110010000001111011111111111000001111110011111111100000111000011111111100011111111110011111111110000011111
000000000000000000000000000000000000000000000000000000000000000000000000000000000000000000000000000011100000001001001100001100001111000011111000011100000000100111100011000000000001001001100001100001101111110000100000000000111110000001100000000011111000111100000000011100000000001100000000001111100000
000000000000000000000000000000000000000000000000000000000000000000000000000000000000000000000000000000011000010110110011110011000000011100000111100011100011011000011100111110000010110110011110011000000000001111011111111111000001111110011111111100000111000011111111100011111111110011111111110000011111
000000000000000000000000000000000000000000000000000000000000000000000000000000000000000000000000000011100111101001001100001100110000100011111000011100011100100111100011000001111101001001100001100110011111110000100000000000111110000001100000000011111000111100000000011100000000001100000000001111100000
000000000000000000000000000000000000000000000000000000000000000000000000000000000000000000000000000000011000010110110011110011001111011100000111100011100011011000011100111110000010110110011110011001100000001111011111111111000001111110011111111100000111000011111111100011111111110011111111110000011111
000000000000000000000000000000000000000000000000000000000000000000000000000000000000000000000000000011100111101001001100001100110000100011111000011100011100100111100011000001111101001001100001100110011111110000100000000000111110000001100000000011111000111100000000011100000000001100000000001111100000
000000000000000000000000000000000000000000000000000000000000000000000000000000000000000000000000000000011000010110110011110011001111011100000111100011100011011000011100111110000010110110011110011001100000001111011111111111000001111110011111111100000111000011111111100011111111110011111111110000011111
000000000000000000000000000000000000000000000000000000000000000000000000000000000000000000000000000011100111101001001100001100110000100011111000011100011100100111100011000001111101001001100001100110011111110000100000000000111110000001100000000011111000111100000000011100000000001100000000001111100000
000000000000000000000000000000000000000000000000000000000000000000000000000000000000000000000000000000011000010111111111110011001111011111111111100011100011011111111100111110000010111111111110011001100000001111011111111111000001111110011111111100000111000011111111100011111111110011111111110000011111
000000000000000000000000000000000000000000000000000000000000000000000000000000000000000000000000000000000000000010110011000000000000000100000100000000000000001000010000000000000000010110011000000000000000000000000111100000000000000000001111000000000000000000011110000000000000000000111110000000000000
000000000000000000000000000000000000000000000000000000000000000000000000000000000000000000000000000011100111101001001100001100110000100011111000011100011100100111100011000001111101001001100001100110011111110000100000000000111110000001100000000011111000111100000000011100000000001100000000001111100000
000000000000000000000000000000000000000000000000000000000000000000000000000000000000000000000000000000011000010110110011110011001111011100000111100011100011011000011100111110000010110110011110011001100000001111011111111111000001111110011111111100000111000011111111100011111111110011111111110000011111
000000000000000000000000000000000000000000000000000000000000000000000000000000000000000000000000000011100111101001001100001100110000100011111000011100011100100111100011000001111101001001100001100110011111110000100000000000111110000001100000000011111000111100000000011100000000001100000000001111100000
000000000000000000000000000000000000000000000000000000000000000000000000000000000000000000000000000000011000010110110011110011001111011100000111100011100011011000011100111110000010110110011110011001100000001111011111111111000001111110011111111100000111000011111111100011111111110011111111110000011111
000000000000000000000000000000000000000000000000000000000000000000000000000000000000000000000000000011100111101001001100001100110000100011111000011100011100100111100011000001111101001001100001100110011111110000100000000000111110000001100000000011111000111100000000011100000000001100000000001111100000
000000000000000000000000000000000000000000000000000000000000000000000000000000000000000000000000000000011000010110110011110011000000011100000111100011100011011000011100111110000010110110011110011000000000001111011111111111000001111110011111111100000111000011111111100011111111110011111111110000011111
000000000000000000000000000000000000000000000000000000000000000000000000000000000000000000000000000011100000001001001100001100001111000011111000011100000000100111100011000000000001001001100001100001101111110000100000000000111110000001100000000011111000111100000000011100000000001100000000001111100000
000000000000000000000000000000000000000000000000000000000000000000000000000000000000000000000000000000011111110110110011110011110000111100000111100011111111011000011100111111111110110110011110011110010000001111011111111111000001111110011111111100000111000011111111100011111111110011111111110000011111
000000000000000000000000000000000000000000000000000000000000000000000000000000000000000000000000000011100000001001111100001100001111000011111000011100000000100111100011000000000001001111100001100001101111110000100000000000111110000001100000000011111000111100000000011100000000001100000000001111100000
000000000000000000000000000000000000000000000000000000000000000000000000000000000000000000000000000000000111100110000011110000110000101100000111100000011100011000011100000001111100110000011110000110010000000000011111111111000000000000011111111100000000000011111111100000000000000011111111110000000000
000000000000000000000000000000000000000000000000000000000000000000000000000000000000000000000000000011111000011001111100001111000000010011111000011111100011100111100011111110000011001111100001111000001111111111100000000000111111111111100000000011111111111100000000011111111111111100000000001111111111
000000000000000000000000000000000000000000000000000000000000000000000000000000000000000000000000000000000111100110000011110000111111101100000111100000011100011000011100000001111100110000011110000111110000000000011111111111000000000000011111111100000000000011111111100000000000000011111111110000000000
000000000000000000000000000000000000000000000000000000000000000000000000000000000000000000000000000011111000011001111100001111000000010011111000011111100011100111100011111110000011001111100001111000001111111111100000000000111111111111100000000011111111111100000000011111111111111100000000001111111111
000000000000000000000000000000000000000000000000000000000000000000000000000000000000000000000000000000000000000110000011110000001111001100000111100000000000011000011100000000000000110000011110000001100000000000011111111111000000000000011111111100000000000011111111100000000000000011111111110000000000
000000000000000000000000000000000000000000000000000000000000000000000000000000000000000000000000000011111111111001111100001111110000110011111000011111111111100111100011111111111111001111100001111110011111111111100000000000111111111111100000000011111111111100000000011111111111111100000000001111111111
000000000000000000000000000000000000000000000000000000000000000000000000000000000000000000000000000000000000000111001111110000000000001111111111100000000000011111111100000000000000111001111110000000000000000000011111111111000000000000011111111100000000000011111111100000000000000011111111110000000000
000000000000000000000000000000000000000000000000000000000000000000000000000000000000000000000000000000011111110000110000000011111111110000000000000011111111000000000000111111111110000110000000011111110000001111000000000000000001111110000000000000000111000000000000000011111111110000000000000000011111
000000000000000000000000000000000000000000000000000000000000000000000000000000000000000000000000000011100000001111001111111100000000001111111111111100000000111111111111000000000001111001111111100000001111110000111111111111111110000001111111111111111000111111111111111100000000001111111111111111100000
000000000000000000000000000000000000000000000000000000000000000000000000000000000000000000000000000000000111100000110000000000111111100000000000000000011100000000000000000001111100000110000000000111110000000000000000000000000000000000000000000000000000000000000000000000000000000000000000000000000000
000000000000000000000000000000000000000000000000000000000000000000000000000000000000000000000000000011111000011111111111111111000000011111111111111111100011111111111111111110000011111111111111111000001111111111111111111111111111111111111111111111111111111111111111111111111111111111111111111111111111
000000000000000000000000000000000000000000000000000000000000000000000000000000000000000000000000000000000000000000000000000000000000000000000000000000000000000000000000000000000000000000000000000000000000000000000000000000000000000000000000000000000000000000000000000000000000000000000000000000000000
000000000000000000000000000000000000000000000000000000000000000000000000000000000000000000000000000011111111111111111111111111111111111111111111111111111111111111111111111111111111111111111111111111111111111111111111111111111111111111111111111111111111111111111111111111111111111111111111111111111111
000000000000000000000000000000000000000000000000000000000000000000000000000000000000000000000000000000000000000000000000000000000000000000000000000000000000000000000000000000000000000000000000000000000000000000000000000000000000000000000000000000000000000000000000000000000000000000000000000000000000
000000000000000000000000000000000000000000000000000000000000000000000000000000000000000000000000000011111111111111111111111111111111111111111111111111111111111111111111111111111111111111111111111111111111111111111111111111111111111111111111111111111111111111111111111111111111111111111111111111111111
000000000000000000000000000000000000000000000000000000000000000000000000000000000000000000000000000000000000000000000000000000000000000000000000000000000000000000000000000000000000000000000000000000000000000000000000000000000000000000000000000000000000000000000000000000000000000000000000000000000000
000000000000000000000000000000000000000000000000000000000000000000000000000000000000000000000000000000000000000000000000000000000000000000000000000000000000000000000000000000000000000000000000000000000000000000000000000000000000000000000000000000000000000000000000000000000000000000000000000000000000
000000000000000000000000000000000000000000000000000000000000000000000000000000000000000000000000000000000000000000000000000000000000000000000000000000000000000000000000000000000000000000000000000000000000000000000000000000000000000000000000000000000000000000000000000000000000000000000000000000000000
000000000000000000000000000000000000000000000000000000000000000000000000000000000000000000000000000000000000000000000000000000000000000000000000000000000000000000000000000000000000000000000000000000000000000000000000000000000000000000000000000000000000000000000000000000000000000000000000000000000000
000000000000000000000000000000000000000000000000000000000000000000000000000000000000000000000000000000000000000000000000000000000000000000000000000000000000000000000000000000000000000000000000000000000000000000000000000000000000000000000000000000000000000000000000000000000000000000000000000000000000
000000000000000000000000000000000000000000000000000000000000000000000000000000000000000000000000000000000000000000000000000000000000000000000000000000000000000000000000000000000000000000000000000000000000000000000000000000000000000000000000000000000000000000000000000000000000000000000000000000000000
000000000000000000000000000000000000000000000000000000000000000000000000000000000000000000000000000000000000000000000000000000000000000000000000000000000000000000000000000000000000000000000000000000000000000000000000000000000000000000000000000000000000000000000000000000000000000000000000000000000000
000000000000000000000000000000000000000000000000000000000000000000000000000000000000000000000000000000000000000000000000000000000000000000000000000000000000000000000000000000000000000000000000000000000000000000000000000000000000000000000000000000000000000000000000000000000000000000000000000000000000
000000000000000000000000000000000000000000000000000000000000000000000000000000000000000000000000000000000000000000000000000000000000000000000000000000000000000000000000000000000000000000000000000000000000000000000000000000000000000000000000000000000000000000000000000000000000000000000000000000000000
000000000000000000000000000000000000000000000000000000000000000000000000000000000000000000000000000000000000000000000000000000000000000000000000000000000000000000000000000000000000000000000000000000000000000000000000000000000000000000000000000000000000000000000000000000000000000000000000000000000000
000000000000000000000000000000000000000000000000000000000000000000000000000000000000000000000000000011111111111111111111111111111111111111111111111111111111111111111111111111111111111111111111111111111111111111111111111111111111111111111111111111111111111111111111111111111111111111111111111111111111
000000000000000000000000000000000000000000000000000000000000000000000000000000000000000000000000000000000000000000000000000000000000000000000000000000000000000000000000000000000000000000000000000000000000000000000000000000000000000000000000000000000000000000000000000000000000000000000000000000000000
000000000000000000000000000000000000000000000000000000000000000000000000000000000000000000000000000011111111111111111111111111111111111111111111111111111111111111111111111111111111111111111111111111111111111111111111111111111111111111111111111111111111111111111111111111111111111111111111111111111111
000000000000000000000000000000000000000000000000000000000000000000000000000000000000000000000000000000000000000000000000000000000000000000000000000000000000000000000000000000000000000000000000000000000000000000000000000000000000000000000000000000000000000000000000000000000000000000000000000000000000
000000000000000000000000000000000000000000000000000000000000000000000000000000000000000000000000000011111111111111100001111111111111111100000001111111111111111110001111111111111111111000001111111111111111111111111111111111111111111111111111111111111111111111111111111111111111111111111111111111111111
000000000000000000000000000000000000000000000000000000000000000000000000000000000000000000000000000000000000000000011110000011000000000011111110000000000000000001110000000000000000000111110000011000000000000000000000000000000000000000000000000000000000000000000000000000000000000000000000000000000000
000000000000000000000000000000000000000000000000000000000000000000000000000000000000000000000000000011111111111110000000111100111111110000000000111111111111110000000011111111111100000000000111100111111111111111111111000011111111111111111000000111111111111111100011111111111111110000000000111111111111
000000000000000000000000000000000000000000000000000000000000000000000000000000000000000000000000000000000000000001111111000011000000001111111111000000000000001111111100000000000011111111111000011000000000000000000000111100000000000000000111111000000000000000011100000000000000001111111111000000000000
000000000000000000000000000000000000000000000000000000000000000000000000000000000000000000000000000011111111000000000000011100111111000000000000111111111110000000000001111111110000000000000011100111111111111000000000000001111111111100000000000001111111110000000000001111111110000000000000001111111111
000000000000000000000000000000000000000000000000000000000000000000000000000000000000000000000000000001110000111111111111100111110000111111000011001111100001111111111110011110001111111111111100111110000000000111111111111110000000000011111111111110000000001111111111110000000001111111111111110000000000
000000000000000000000000000000000000000000000000000000000000000000000000000000000000000000000000000010001111000000000000011000001111000000111100110000011110000000000001100001110000000000000011000001111111111000000000000001111111111100000000000001111111110000000000001111111110000000000000001111111111
000000000000000000000000000000000000000000000000000000000000000000000000000000000000000000000000000001110000111111100001100111110000111100000001001111100001111110001110011110001111111000001100111110000000000111111111111110000000000011111111111110000000001111111111110000000001111111111111110000000000
000000000000000000000000000000000000000000000000000000000000000000000000000000000000000000000000000010001111000000011110011000001111000011111110110000011110000001110001100001110000000111110011000001111111111000000000000001111111111100000000000001111111110000000000001111111110000000000000001111111111
000000000000000000000000000000000000000000000000000000000000000000000000000000000000000000000000000001110000111111100001100111110000111100000001001111100001111110001110011110001111111000001100111110000000000111111111111110000000000011111111111110000000001111111111110000000001111111111111110000000000
000000000000000000000000000000000000000000000000000000000000000000000000000000000000000000000000000010001111000000011110011000001111000011000010110000011110000001110001100001110000000111110011000001111111111000000000000001111111111100000000000001111111110000000000001111111110000000000000001111111111
000000000000000000000000000000000000000000000000000000000000000000000000000000000000000000000000000001110000111110000000100111110000110000111100001111100001110000000010011110001100000000000100111110000000000111111111000010000000000011111000000110000000001111100011110000000001110000000000110000000000
000000000000000000000000000000000000000000000000000000000000000000000000000000000000000000000000000010001111000001111111011011001111001111000011110000011110001111111101100001110011111111111011011001111111111000000000111101111111111100000111111001111111110000011100001111111110001111111111001111111111
000000000000000000000000000000000000000000000000000000000000000000000000000000000000000000000000000001110000111110000000100100110000110000111100001111100001110000000010011110001100000000000100100110000000000111111111000010000000000011111000000110000000001111100011110000000001110000000000110000000000
000000000000000000000000000000000000000000000000000000000000000000000000000000000000000000000000000010001111000001100001011011001111001100000001110000011110001110001101100001110011111000001011011001111111111000000000111101111111111100000111111001111111110000011100001111111110001111111111001111111111
000000000000000000000000000000000000000000000000000000000000000000000000000000000000000000000000000001110000111110011110100100110000110011000010001111100001110001110010011110001100000111110100100110000000000111111111000010000000000011111000000110000000001111100011110000000001110000000000110000000000
000000000000000000000000000000000000000000000000000000000000000000000000000000000000000000000000000010001111000001100001011011001111001100111101110000011110001110001101100001110011111000001011011001111111111000000000111101111111111100000111111001111111110000011100001111111110001111111111001111111111
000000000000000000000000000000000000000000000000000000000000000000000000000000000000000000000000000001110000111110011110100100110000110011000010001111100001110001110010011110001100000111110100100110000000000111111111000010000000000011111000000110000000001111100011110000000001110000000000110000000000
000000000000000000000000000000000000000000000000000000000000000000000000000000000000000000000000000010001111000001100001011011001111001100111101110000011110001110001101100001110011111000001011011001111111111000000000111101111111111100000111111001111111110000011100001111111110001111111111001111111111
000000000000000000000000000000000000000000000000000000000000000000000000000000000000000000000000000001110000111110011110100100110000110011000010001111100001110001110010011110001100000111110100100110000000000111111111000010000000000011111000000110000000001111100011110000000001110000000000110000000000
000000000000000000000000000000000000000000000000000000000000000000000000000000000000000000000000000011111111000001100001011111111111001100111101111111111110001110001101111111110011111000001011111111111111111000000000111101111111111100000111111001111111110000011100001111111110001111111111001111111111
000000000000000000000000000000000000000000000000000000000000000000000000000000000000000000000000000010001100000000000000001011001100000000000000010000010000000000000000100001000000000000000001011001100111000000000000000000011110000000000000000000111100000000000000000001111000000000000000000011111000
000000000000000000000000000000000000000000000000000000000000000000000000000000000000000000000000000001110000111110011110100100110000110011000010001111100001110001110010011110001100000111110100100110000000000111111111000010000000000011111000000110000000001111100011110000000001110000000000110000000000
000000000000000000000000000000000000000000000000000000000000000000000000000000000000000000000000000010001111000001100001011011001111001100111101110000011110001110001101100001110011111000001011011001111111111000000000111101111111111100000111111001111111110000011100001111111110001111111111001111111111
000000000000000000000000000000000000000000000000000000000000000000000000000000000000000000000000000001110000111110011110100100110000110011000010001111100001110001110010011110001100000111110100100110000000000111111111000010000000000011111000000110000000001111100011110000000001110000000000110000000000
000000000000000000000000000000000000000000000000000000000000000000000000000000000000000000000000000010001111000001100001011011001111001100111101110000011110001110001101100001110011111000001011011001111111111000000000111101111111111100000111111001111111110000011100001111111110001111111111001111111111
000000000000000000000000000000000000000000000000000000000000000000000000000000000000000000000000000001110000111110011110100100110000110011000010001111100001110001110010011110001100000111110100100110000000000111111111000010000000000011111000000110000000001111100011110000000001110000000000110000000000
000000000000000000000000000000000000000000000000000000000000000000000000000000000000000000000000000010001111000001100001011011001111001100000001110000011110001110001101100001110011111000001011011001111111111000000000111101111111111100000111111001111111110000011100001111111110001111111111001111111111
000000000000000000000000000000000000000000000000000000000000000000000000000000000000000000000000000001110000111110000000100100110000110000111100001111100001110000000010011110001100000000000100100110000000000111111111000010000000000011111000000110000000001111100011110000000001110000000000110000000000
000000000000000000000000000000000000000000000000000000000000000000000000000000000000000000000000000010001111000001111111011011001111001111000011110000011110001111111101100001110011111111111011011001111111111000000000111101111111111100000111111001111111110000011100001111111110001111111111001111111111
000000000000000000000000000000000000000000000000000000000000000000000000000000000000000000000000000001110000111110000000100111110000110000111100001111100001110000000010011110001100000000000100111110000000000111111111000010000000000011111000000110000000001111100011110000000001110000000000110000000000
000000000000000000000000000000000000000000000000000000000000000000000000000000000000000000000000000010001111000000011110011000001111000011000010110000011110000001110001100001110000000111110011000001111111111000000000000001111111111100000000000001111111110000000000001111111110000000000000001111111111
000000000000000000000000000000000000000000000000000000000000000000000000000000000000000000000000000001110000111111100001100111110000111100000001001111100001111110001110011110001111111000001100111110000000000111111111111110000000000011111111111110000000001111111111110000000001111111111111110000000000
000000000000000000000000000000000000000000000000000000000000000000000000000000000000000000000000000010001111000000011110011000001111000011111110110000011110000001110001100001110000000111110011000001111111111000000000000001111111111100000000000001111111110000000000001111111110000000000000001111111111
000000000000000000000000000000000000000000000000000000000000000000000000000000000000000000000000000001110000111111100001100111110000111100000001001111100001111110001110011110001111111000001100111110000000000111111111111110000000000011111111111110000000001111111111110000000001111111111111110000000000
000000000000000000000000000000000000000000000000000000000000000000000000000000000000000000000000000010001111000000000000011000001111000000111100110000011110000000000001100001110000000000000011000001111111111000000000000001111111111100000000000001111111110000000000001111111110000000000000001111111111
000000000000000000000000000000000000000000000000000000000000000000000000000000000000000000000000000001110000111111111111100111110000111111000011001111100001111111111110011110001111111111111100111110000000000111111111111110000000000011111111111110000000001111111111110000000001111111111111110000000000
000000000000000000000000000000000000000000000000000000000000000000000000000000000000000000000000000011111111000000000000011100111111000000000000111111111110000000000001111111110000000000000011100111111111111000000000000001111111111100000000000001111111110000000000001111111110000000000000001111111111
000000000000000000000000000000000000000000000000000000000000000000000000000000000000000000000000000000000000000001111111000011000000001111111111000000000000001111111100000000000011111111111000011000000000000000000000111100000000000000000111111000000000000000011100000000000000001111111111000000000000
000000000000000000000000000000000000000000000000000000000000000000000000000000000000000000000000000011111111111110000000111100111111110000000000111111111111110000000011111111111100000000000111100111111111111111111111000011111111111111111000000111111111111111100011111111111111110000000000111111111111
000000000000000000000000000000000000000000000000000000000000000000000000000000000000000000000000000000000000000000011110000011000000000011111110000000000000000001110000000000000000000111110000011000000000000000000000000000000000000000000000000000000000000000000000000000000000000000000000000000000000
000000000000000000000000000000000000000000000000000000000000000000000000000000000000000000000000000011111111111111100001111111111111111100000001111111111111111110001111111111111111111000001111111111111111111111111111111111111111111111111111111111111111111111111111111111111111111111111111111111111111
000000000000000000000000000000000000000000000000000000000000000000000000000000000000000000000000000000000000000000000000000000000000000000000000000000000000000000000000000000000000000000000000000000000000000000000000000000000000000000000000000000000000000000000000000000000000000000000000000000000000
000000000000000000000000000000000000000000000000000000000000000000000000000000000000000000000000000011111111111111111111111111111111111111111111111111111111111111111111111111111111111111111111111111111111111111111111111111111111111111111111111111111111111111111111111111111111111111111111111111111111
000000000000000000000000000000000000000000000000000000000000000000000000000000000000000000000000000000000000000000000000000000000000000000000000000000000000000000000000000000000000000000000000000000000000000000000000000000000000000000000000000000000000000000000000000000000000000000000000000000000000
000000000000000000000000000000000000000000000000000000000000000000000000000000000000000000000000000011111111111111111111111111111111111111111111111111111111111111111111111111111111111111111111111111111111111111111111111111111111111111111111111111111111111111111111111111111111111111111111111111111111
000000000000000000000000000000000000000000000000000000000000000000000000000000000000000000000000000000000000000000000000000000000000000000000000000000000000000000000000000000000000000000000000000000000000000000000000000000000000000000000000000000000000000000000000000000000000000000000000000000000000
000000000000000000000000000000000000000000000000000000000000000000000000000000000000000000000000000000000000000000000000000000000000000000000000000000000000000000000000000000000000000000000000000000000000000000000000000000000000000000000000000000000000000000000000000000000000000000000000000000000000
000000000000000000000000000000000000000000000000000000000000000000000000000000000000000000000000000000000000000000000000000000000000000000000000000000000000000000000000000000000000000000000000000000000000000000000000000000000000000000000000000000000000000000000000000000000000000000000000000000000000
000000000000000000000000000000000000000000000000000000000000000000000000000000000000000000000000000000000000000000000000000000000000000000000000000000000000000000000000000000000000000000000000000000000000000000000000000000000000000000000000000000000000000000000000000000000000000000000000000000000000
000000000000000000000000000000000000000000000000000000000000000000000000000000000000000000000000000000000000000000000000000000000000000000000000000000000000000000000000000000000000000000000000000000000000000000000000000000000000000000000000000000000000000000000000000000000000000000000000000000000000
000000000000000000000000000000000000000000000000000000000000000000000000000000000000000000000000000000000000000000000000000000000000000000000000000000000000000000000000000000000000000000000000000000000000000000000000000000000000000000000000000000000000000000000000000000000000000000000000000000000000
000000000000000000000000000000000000000000000000000000000000000000000000000000000000000000000000000000000000000000000000000000000000000000000000000000000000000000000000000000000000000000000000000000000000000000000000000000000000000000000000000000000000000000000000000000000000000000000000000000000000
000000000000000000000000000000000000000000000000000000000000000000000000000000000000000000000000000000000000000000000000000000000000000000000000000000000000000000000000000000000000000000000000000000000000000000000000000000000000000000000000000000000000000000000000000000000000000000000000000000000000
000000000000000000000000000000000000000000000000000000000000000000000000000000000000000000000000000000000000000000000000000000000000000000000000000000000000000000000000000000000000000000000000000000000000000000000000000000000000000000000000000000000000000000000000000000000000000000000000000000000000
000000000000000000000000000000000000000000000000000000000000000000000000000000000000000000000000000000000000000000000000000000000000000000000000000000000000000000000000000000000000000000000000000000000000000000000000000000000000000000000000000000000000000000000000000000000000000000000000000000000000
000000000000000000000000000000000000000000000000000000000000000000000000000000000000000000000000000011111111111111111111111111111111111111111111111111111111111111111111111111111111111111111111111111111111111111111111111111111111111111111111111111111111111111111111111111111111111111111111111111111111
000000000000000000000000000000000000000000000000000000000000000000000000000000000000000000000000000000000000000000000000000000000000000000000000000000000000000000000000000000000000000000000000000000000000000000000000000000000000000000000000000000000000000000000000000000000000000000000000000000000000
000000000000000000000000000000000000000000000000000000000000000000000000000000000000000000000000000011111111111111111111111111111111111111111111111111111111111111111111111111111111111111111111111111111111111111111111111111111111111111111111111111111111111111111111111111111111111111111111111111111111
000000000000000000000000000000000000000000000000000000000000000000000000000000000000000000000000000000000000000000000000000000000000000000000000000000000000000000000000000000000000000000000000000000000000000000000000000000000000000000000000000000000000000000000000000000000000000000000000000000000000
000000000000000000000000000000000000000000000000000000000000000000000000000000000000000000000000000011100001111111111111111110000111111111111111110000000111111111111111111000111111111111111111100000111111111111111111111111111111111111111111111111111111111111111111111111111111111111111111111111111111
000000000000000000000000000000000000000000000000000000000000000000000000000000000000000000000000000000011110000000000000000001111000001100000000001111111000000000000000000111000000000000000000011111000000000000000000000000000000000000000000000000000000000000000000000000000000000000000000000000000000
000000000000000000000000000000000000000000000000000000000000000000000000000000000000000000000000000000000000111111111111111000000011110011111111000000000011111111111111000000001111111111110000000000011111000111111111111111111100001111111111111111100000011111111111111110001111111111111111000000000011
000000000000000000000000000000000000000000000000000000000000000000000000000000000000000000000000000011111111000000000000000111111100001100000000111111111100000000000000111111110000000000001111111111100000111000000000000000000011110000000000000000011111100000000000000001110000000000000000111111111100
000000000000000000000000000000000000000000000000000000000000000000000000000000000000000000000000000000000000011111111100000000000001110011111100000000000011111111111000000000000111111111000000000000000000000001111111100000000000000111111111110000000000000111111111000000000000111111111000000000000000
000000000000000000000000000000000000000000000000000000000000000000000000000000000000000000000000000011111111100111000011111111111110011111000011111100001100111110000111111111111001111000111111111111111111111110000000011111111111111000000000001111111111111000000000111111111111000000000111111111111111
000000000000000000000000000000000000000000000000000000000000000000000000000000000000000000000000000000000000011000111100000000000001100000111100000011110011000001111000000000000110000111000000000000000000000001111111100000000000000111111111110000000000000111111111000000000000111111111000000000000000
000000000000000000000000000000000000000000000000000000000000000000000000000000000000000000000000000011100001100111000011111110000110011111000011110000000100111110000111111000111001111000111111100000111111111110000000011111111111111000000000001111111111111000000000111111111111000000000111111111111111
000000000000000000000000000000000000000000000000000000000000000000000000000000000000000000000000000000011110011000111100000001111001100000111100001111111011000001111000000111000110000111000000011111000000000001111111100000000000000111111111110000000000000111111111000000000000111111111000000000000000
000000000000000000000000000000000000000000000000000000000000000000000000000000000000000000000000000011100001100111000011111110000110011111000011110000000100111110000111111000111001111000111111100000111111111110000000011111111111111000000000001111111111111000000000111111111111000000000111111111111111
000000000000000000000000000000000000000000000000000000000000000000000000000000000000000000000000000000011110011000111100000001111001100000111100001100001011000001111000000111000110000111000000011111000000000001111111100000000000000111111111110000000000000111111111000000000000111111111000000000000000
000000000000000000000000000000000000000000000000000000000000000000000000000000000000000000000000000000000000100111000011111000000010011111000011000011110000111110000111000000001001111000110000000000011111000110000000011111111100001000000000001111100000011000000000111110001111000000000111000000000011
000000000000000000000000000000000000000000000000000000000000000000000000000000000000000000000000000011111111011000111100000111111101101100111100111100001111000001111000111111110110000111001111111111100000111001111111100000000011110111111111110000011111100111111111000001110000111111111000111111111100
000000000000000000000000000000000000000000000000000000000000000000000000000000000000000000000000000000000000100111000011111000000010010011000011000011110000111110000111000000001001111000110000000000011111000110000000011111111100001000000000001111100000011000000000111110001111000000000111000000000011
000000000000000000000000000000000000000000000000000000000000000000000000000000000000000000000000000011100001011000111100000110000101101100111100110000000111000001111000111000110110000111001111100000100000111001111111100000000011110111111111110000011111100111111111000001110000111111111000111111111100
000000000000000000000000000000000000000000000000000000000000000000000000000000000000000000000000000000011110100111000011111001111010010011000011001100001000111110000111000111001001111000110000011111011111000110000000011111111100001000000000001111100000011000000000111110001111000000000111000000000011
000000000000000000000000000000000000000000000000000000000000000000000000000000000000000000000000000011100001011000111100000110000101101100111100110011110111000001111000111000110110000111001111100000100000111001111111100000000011110111111111110000011111100111111111000001110000111111111000111111111100
000000000000000000000000000000000000000000000000000000000000000000000000000000000000000000000000000000011110100111000011111001111010010011000011001100001000111110000111000111001001111000110000011111011111000110000000011111111100001000000000001111100000011000000000111110001111000000000111000000000011
000000000000000000000000000000000000000000000000000000000000000000000000000000000000000000000000000011100001011000111100000110000101101100111100110011110111000001111000111000110110000111001111100000100000111001111111100000000011110111111111110000011111100111111111000001110000111111111000111111111100
000000000000000000000000000000000000000000000000000000000000000000000000000000000000000000000000000000011110100111000011111001111010010011000011001100001000111110000111000111001001111000110000011111011111000110000000011111111100001000000000001111100000011000000000111110001111000000000111000000000011
000000000000000000000000000000000000000000000000000000000000000000000000000000000000000000000000000011100001011111111100000110000101111111111100110011110111111111111000111000110111111111001111100000100000111001111111100000000011110111111111110000011111100111111111000001110000111111111000111111111100
000000000000000000000000000000000000000000000000000000000000000000000000000000000000000000000000000000000000001000110000000000000000101100110000000000000001000001000000000000000010000100000000000000000000000000011100000000000000000001111000000000000000000011110000000000000000000111100000000000000000
000000000000000000000000000000000000000000000000000000000000000000000000000000000000000000000000000000011110100111000011111001111010010011000011001100001000111110000111000111001001111000110000011111011111000110000000011111111100001000000000001111100000011000000000111110001111000000000111000000000011
000000000000000000000000000000000000000000000000000000000000000000000000000000000000000000000000000011100001011000111100000110000101101100111100110011110111000001111000111000110110000111001111100000100000111001111111100000000011110111111111110000011111100111111111000001110000111111111000111111111100
000000000000000000000000000000000000000000000000000000000000000000000000000000000000000000000000000000011110100111000011111001111010010011000011001100001000111110000111000111001001111000110000011111011111000110000000011111111100001000000000001111100000011000000000111110001111000000000111000000000011
000000000000000000000000000000000000000000000000000000000000000000000000000000000000000000000000000011100001011000111100000110000101101100111100110011110111000001111000111000110110000111001111100000100000111001111111100000000011110111111111110000011111100111111111000001110000111111111000111111111100
000000000000000000000000000000000000000000000000000000000000000000000000000000000000000000000000000000011110100111000011111001111010010011000011001100001000111110000111000111001001111000110000011111011111000110000000011111111100001000000000001111100000011000000000111110001111000000000111000000000011
000000000000000000000000000000000000000000000000000000000000000000000000000000000000000000000000000011100001011000111100000110000101101100111100110000000111000001111000111000110110000111001111100000100000111001111111100000000011110111111111110000011111100111111111000001110000111111111000111111111100
000000000000000000000000000000000000000000000000000000000000000000000000000000000000000000000000000000000000100111000011111000000010010011000011000011110000111110000111000000001001111000110000000000011111000110000000011111111100001000000000001111100000011000000000111110001111000000000111000000000011
000000000000000000000000000000000000000000000000000000000000000000000000000000000000000000000000000011111111011000111100000111111101101100111100111100001111000001111000111111110110000111001111111111100000111001111111100000000011110111111111110000011111100111111111000001110000111111111000111111111100
000000000000000000000000000000000000000000000000000000000000000000000000000000000000000000000000000000000000100111000011111000000010011111000011000011110000111110000111000000001001111000110000000000011111000110000000011111111100001000000000001111100000011000000000111110001111000000000111000000000011
000000000000000000000000000000000000000000000000000000000000000000000000000000000000000000000000000000011110011000111100000001111001100000111100001100001011000001111000000111000110000111000000011111000000000001111111100000000000000111111111110000000000000111111111000000000000111111111000000000000000
000000000000000000000000000000000000000000000000000000000000000000000000000000000000000000000000000011100001100111000011111110000110011111000011110000000100111110000111111000111001111000111111100000111111111110000000011111111111111000000000001111111111111000000000111111111111000000000111111111111111
000000000000000000000000000000000000000000000000000000000000000000000000000000000000000000000000000000011110011000111100000001111001100000111100001111111011000001111000000111000110000111000000011111000000000001111111100000000000000111111111110000000000000111111111000000000000111111111000000000000000
000000000000000000000000000000000000000000000000000000000000000000000000000000000000000000000000000011100001100111000011111110000110011111000011110000000100111110000111111000111001111000111111100000111111111110000000011111111111111000000000001111111111111000000000111111111111000000000111111111111111
000000000000000000000000000000000000000000000000000000000000000000000000000000000000000000000000000000000000011000111100000000000001100000111100000011110011000001111000000000000110000111000000000000000000000001111111100000000000000111111111110000000000000111111111000000000000111111111000000000000000
000000000000000000000000000000000000000000000000000000000000000000000000000000000000000000000000000011111111100111000011111111111110011111000011111100001100111110000111111111111001111000111111111111111111111110000000011111111111111000000000001111111111111000000000111111111111000000000111111111111111
000000000000000000000000000000000000000000000000000000000000000000000000000000000000000000000000000000000000011111111100000000000001110011111100000000000011111111111000000000000111111111000000000000000000000001111111100000000000000111111111110000000000000111111111000000000000111111111000000000000000
000000000000000000000000000000000000000000000000000000000000000000000000000000000000000000000000000011111111000000000000000111111100001100000000111111111100000000000000111111110000000000001111111111100000111000000000000000000011110000000000000000011111100000000000000001110000000000000000111111111100
000000000000000000000000000000000000000000000000000000000000000000000000000000000000000000000000000000000000111111111111111000000011110011111111000000000011111111111111000000001111111111110000000000011111000111111111111111111100001111111111111111100000011111111111111110001111111111111111000000000011
000000000000000000000000000000000000000000000000000000000000000000000000000000000000000000000000000000011110000000000000000001111000001100000000001111111000000000000000000111000000000000000000011111000000000000000000000000000000000000000000000000000000000000000000000000000000000000000000000000000000
000000000000000000000000000000000000000000000000000000000000000000000000000000000000000000000000000011100001111111111111111110000111111111111111110000000111111111111111111000111111111111111111100000111111111111111111111111111111111111111111111111111111111111111111111111111111111111111111111111111111
000000000000000000000000000000000000000000000000000000000000000000000000000000000000000000000000000000000000000000000000000000000000000000000000000000000000000000000000000000000000000000000000000000000000000000000000000000000000000000000000000000000000000000000000000000000000000000000000000000000000
000000000000000000000000000000000000000000000000000000000000000000000000000000000000000000000000000011111111111111111111111111111111111111111111111111111111111111111111111111111111111111111111111111111111111111111111111111111111111111111111111111111111111111111111111111111111111111111111111111111111
000000000000000000000000000000000000000000000000000000000000000000000000000000000000000000000000000000000000000000000000000000000000000000000000000000000000000000000000000000000000000000000000000000000000000000000000000000000000000000000000000000000000000000000000000000000000000000000000000000000000
000000000000000000000000000000000000000000000000000000000000000000000000000000000000000000000000000011111111111111111111111111111111111111111111111111111111111111111111111111111111111111111111111111111111111111111111111111111111111111111111111111111111111111111111111111111111111111111111111111111111
000000000000000000000000000000000000000000000000000000000000000000000000000000000000000000000000000000000000000000000000000000000000000000000000000000000000000000000000000000000000000000000000000000000000000000000000000000000000000000000000000000000000000000000000000000000000000000000000000000000000
000000000000000000000000000000000000000000000000000000000000000000000000000000000000000000000000000000000000000000000000000000000000000000000000000000000000000000000000000000000000000000000000000000000000000000000000000000000000000000000000000000000000000000000000000000000000000000000000000000000000
000000000000000000000000000000000000000000000000000000000000000000000000000000000000000000000000000000000000000000000000000000000000000000000000000000000000000000000000000000000000000000000000000000000000000000000000000000000000000000000000000000000000000000000000000000000000000000000000000000000000
000000000000000000000000000000000000000000000000000000000000000000000000000000000000000000000000000000000000000000000000000000000000000000000000000000000000000000000000000000000000000000000000000000000000000000000000000000000000000000000000000000000000000000000000000000000000000000000000000000000000
000000000000000000000000000000000000000000000000000000000000000000000000000000000000000000000000000000000000000000000000000000000000000000000000000000000000000000000000000000000000000000000000000000000000000000000000000000000000000000000000000000000000000000000000000000000000000000000000000000000000
000000000000000000000000000000000000000000000000000000000000000000000000000000000000000000000000000000000000000000000000000000000000000000000000000000000000000000000000000000000000000000000000000000000000000000000000000000000000000000000000000000000000000000000000000000000000000000000000000000000000
000000000000000000000000000000000000000000000000000000000000000000000000000000000000000000000000000000000000000000000000000000000000000000000000000000000000000000000000000000000000000000000000000000000000000000000000000000000000000000000000000000000000000000000000000000000000000000000000000000000000
000000000000000000000000000000000000000000000000000000000000000000000000000000000000000000000000000000000000000000000000000000000000000000000000000000000000000000000000000000000000000000000000000000000000000000000000000000000000000000000000000000000000000000000000000000000000000000000000000000000000
000000000000000000000000000000000000000000000000000000000000000000000000000000000000000000000000000000000000000000000000000000000000000000000000000000000000000000000000000000000000000000000000000000000000000000000000000000000000000000000000000000000000000000000000000000000000000000000000000000000000
000000000000000000000000000000000000000000000000000000000000000000000000000000000000000000000000000000000000000000000000000000000000000000000000000000000000000000000000000000000000000000000000000000000000000000000000000000000000000000000000000000000000000000000000000000000000000000000000000000000000
000000000000000000000000000000000000000000000000000000000000000000000000000000000000000000000000000011111111111111111111111111111111111111111111111111111111111111111111111111111111111111111111111111111111111111111111111111111111111111111111111111111111111111111111111111111111111111111111111111111111
000000000000000000000000000000000000000000000000000000000000000000000000000000000000000000000000000000000000000000000000000000000000000000000000000000000000000000000000000000000000000000000000000000000000000000000000000000000000000000000000000000000000000000000000000000000000000000000000000000000000
000000000000000000000000000000000000000000000000000000000000000000000000000000000000000000000000000011111111111111111111111111111111111111111111111111111111111111111111111111111111111111111111111111111111111111111111111111111111111111111111111111111111111111111111111111111111111111111111111111111111
000000000000000000000000000000000000000000000000000000000000000000000000000000000000000000000000000000000000000000000000000000000000000000000000000000000000000000000000000000000000000000000000000000000000000000000000000000000000000000000000000000000000000000000000000000000000000000000000000000000000
000000000000000000000000000000000000000000000000000000000000000000000000000000000000000000000000000011111111111110000111111111111111111000011111111111111111000000011111111111111111100011111111111111111111111111111111111111111111111111111111111111111111111111111111111111111111111111111111111111111111
000000000000000000000000000000000000000000000000000000000000000000000000000000000000000000000000000000000000000001111000000000000000000111100000110000000000111111100000000000000000011100000000000000000000000000000000000000000000000000000000000000000000000000000000000000000000000000000000000000000000
000000000000000000000000000000000000000000000000000000000000000000000000000000000000000000000000000011111111100000000011111111111111100000001111001111111100000000001111111111111100000000111111111111001111111111111100011111111111111111110000111111111111111110000001111111111111111000111111111111111100
000000000000000000000000000000000000000000000000000000000000000000000000000000000000000000000000000000000000011111111100000000000000011111110000110000000011111111110000000000000011111111000000000000110000000000000011100000000000000000001111000000000000000001111110000000000000000111000000000000000011
000000000000000000000000000000000000000000000000000000000000000000000000000000000000000000000000000011111110000000000001111111110000000000000111001111110000000000001111111111100000000000011111111100001111111000000000000111111110000000000000011111111111000000000000011111111100000000000011111111100000
000000000000000000000000000000000000000000000000000000000000000000000000000000000000000000000000000011111001111111111110011100001111111111111001111100001111110000110011111000011111111111100111100011110000000111111111111000000001111111111111100000000000111111111111100000000011111111111100000000011111
000000000000000000000000000000000000000000000000000000000000000000000000000000000000000000000000000000000110000000000001100011110000000000000110000011110000001111001100000111100000000000011000011100001111111000000000000111111110000000000000011111111111000000000000011111111100000000000011111111100000
000000000000000000000000000000000000000000000000000000000000000000000000000000000000000000000000000011111001111110000110011100001111111000011001111100001111000000010011111000011111100011100111100011110000000111111111111000000001111111111111100000000000111111111111100000000011111111111100000000011111
000000000000000000000000000000000000000000000000000000000000000000000000000000000000000000000000000000000110000001111001100011110000000111100110000011110000111111101100000111100000011100011000011100001111111000000000000111111110000000000000011111111111000000000000011111111100000000000011111111100000
000000000000000000000000000000000000000000000000000000000000000000000000000000000000000000000000000011111001111110000110011100001111111000011001111100001111000000010011111000011111100011100111100011110000000111111111111000000001111111111111100000000000111111111111100000000011111111111100000000011111
000000000000000000000000000000000000000000000000000000000000000000000000000000000000000000000000000000000110000001111001100011110000000111100110000011110000110000101100000111100000011100011000011100001111111000000000000111111110000000000000011111111111000000000000011111111100000000000011111111100000
000000000000000000000000000000000000000000000000000000000000000000000000000000000000000000000000000011111001100000000010011100001111100000001001111100001100001111000011111000011100000000100111100011000000000111111100011000000001111111110000100000000000111110000001100000000011111000111100000000011100
000000000000000000000000000000000000000000000000000000000000000000000000000000000000000000000000000000000110011111111101100011110000011111110110110011110011110000111100000111100011111111011000011100111111111000000011100111111110000000001111011111111111000001111110011111111100000111000011111111100011
000000000000000000000000000000000000000000000000000000000000000000000000000000000000000000000000000011111001100000000010011100001111100000001001001100001100001111000011111000011100000000100111100011000000000111111100011000000001111111110000100000000000111110000001100000000011111000111100000000011100
000000000000000000000000000000000000000000000000000000000000000000000000000000000000000000000000000000000110011110000101100011110000011000010110110011110011000000011100000111100011100011011000011100111111111000000011100111111110000000001111011111111111000001111110011111111100000111000011111111100011
000000000000000000000000000000000000000000000000000000000000000000000000000000000000000000000000000011111001100001111010011100001111100111101001001100001100110000100011111000011100011100100111100011000000000111111100011000000001111111110000100000000000111110000001100000000011111000111100000000011100
000000000000000000000000000000000000000000000000000000000000000000000000000000000000000000000000000000000110011110000101100011110000011000010110110011110011001111011100000111100011100011011000011100111111111000000011100111111110000000001111011111111111000001111110011111111100000111000011111111100011
000000000000000000000000000000000000000000000000000000000000000000000000000000000000000000000000000011111001100001111010011100001111100111101001001100001100110000100011111000011100011100100111100011000000000111111100011000000001111111110000100000000000111110000001100000000011111000111100000000011100
000000000000000000000000000000000000000000000000000000000000000000000000000000000000000000000000000000000110011110000101100011110000011000010110110011110011001111011100000111100011100011011000011100111111111000000011100111111110000000001111011111111111000001111110011111111100000111000011111111100011
000000000000000000000000000000000000000000000000000000000000000000000000000000000000000000000000000011111001100001111010011100001111100111101001001100001100110000100011111000011100011100100111100011000000000111111100011000000001111111110000100000000000111110000001100000000011111000111100000000011100
000000000000000000000000000000000000000000000000000000000000000000000000000000000000000000000000000011111110011110000101111111110000011000010111111111110011001111011111111111100011100011011111111100111111111000000011100111111110000000001111011111111111000001111110011111111100000111000011111111100011
000000000000000000000000000000000000000000000000000000000000000000000000000000000000000000000000000000000100000000000000100011000000000000000010110011000000000000000100000100000000000000001000010000000111000000000000000001110000000000000000000111100000000000000000001111000000000000000000011110000000
000000000000000000000000000000000000000000000000000000000000000000000000000000000000000000000000000011111001100001111010011100001111100111101001001100001100110000100011111000011100011100100111100011000000000111111100011000000001111111110000100000000000111110000001100000000011111000111100000000011100
000000000000000000000000000000000000000000000000000000000000000000000000000000000000000000000000000000000110011110000101100011110000011000010110110011110011001111011100000111100011100011011000011100111111111000000011100111111110000000001111011111111111000001111110011111111100000111000011111111100011
000000000000000000000000000000000000000000000000000000000000000000000000000000000000000000000000000011111001100001111010011100001111100111101001001100001100110000100011111000011100011100100111100011000000000111111100011000000001111111110000100000000000111110000001100000000011111000111100000000011100
000000000000000000000000000000000000000000000000000000000000000000000000000000000000000000000000000000000110011110000101100011110000011000010110110011110011001111011100000111100011100011011000011100111111111000000011100111111110000000001111011111111111000001111110011111111100000111000011111111100011
000000000000000000000000000000000000000000000000000000000000000000000000000000000000000000000000000011111001100001111010011100001111100111101001001100001100110000100011111000011100011100100111100011000000000111111100011000000001111111110000100000000000111110000001100000000011111000111100000000011100
000000000000000000000000000000000000000000000000000000000000000000000000000000000000000000000000000000000110011110000101100011110000011000010110110011110011000000011100000111100011100011011000011100111111111000000011100111111110000000001111011111111111000001111110011111111100000111000011111111100011
000000000000000000000000000000000000000000000000000000000000000000000000000000000000000000000000000011111001100000000010011100001111100000001001001100001100001111000011111000011100000000100111100011000000000111111100011000000001111111110000100000000000111110000001100000000011111000111100000000011100
000000000000000000000000000000000000000000000000000000000000000000000000000000000000000000000000000000000110011111111101100011110000011111110110110011110011110000111100000111100011111111011000011100111111111000000011100111111110000000001111011111111111000001111110011111111100000111000011111111100011
000000000000000000000000000000000000000000000000000000000000000000000000000000000000000000000000000011111001100000000010011100001111100000001001111100001100001111000011111000011100000000100111100011000000000111111100011000000001111111110000100000000000111110000001100000000011111000111100000000011100
000000000000000000000000000000000000000000000000000000000000000000000000000000000000000000000000000000000110000001111001100011110000000111100110000011110000110000101100000111100000011100011000011100001111111000000000000111111110000000000000011111111111000000000000011111111100000000000011111111100000
000000000000000000000000000000000000000000000000000000000000000000000000000000000000000000000000000011111001111110000110011100001111111000011001111100001111000000010011111000011111100011100111100011110000000111111111111000000001111111111111100000000000111111111111100000000011111111111100000000011111
000000000000000000000000000000000000000000000000000000000000000000000000000000000000000000000000000000000110000001111001100011110000000111100110000011110000111111101100000111100000011100011000011100001111111000000000000111111110000000000000011111111111000000000000011111111100000000000011111111100000
000000000000000000000000000000000000000000000000000000000000000000000000000000000000000000000000000011111001111110000110011100001111111000011001111100001111000000010011111000011111100011100111100011110000000111111111111000000001111111111111100000000000111111111111100000000011111111111100000000011111
000000000000000000000000000000000000000000000000000000000000000000000000000000000000000000000000000000000110000000000001100011110000000000000110000011110000001111001100000111100000000000011000011100001111111000000000000111111110000000000000011111111111000000000000011111111100000000000011111111100000
000000000000000000000000000000000000000000000000000000000000000000000000000000000000000000000000000011111001111111111110011100001111111111111001111100001111110000110011111000011111111111100111100011110000000111111111111000000001111111111111100000000000111111111111100000000011111111111100000000011111
000000000000000000000000000000000000000000000000000000000000000000000000000000000000000000000000000011111110000000000001111111110000000000000111001111110000000000001111111111100000000000011111111100001111111000000000000111111110000000000000011111111111000000000000011111111100000000000011111111100000
000000000000000000000000000000000000000000000000000000000000000000000000000000000000000000000000000000000000011111111100000000000000011111110000110000000011111111110000000000000011111111000000000000110000000000000011100000000000000000001111000000000000000001111110000000000000000111000000000000000011
000000000000000000000000000000000000000000000000000000000000000000000000000000000000000000000000000011111111100000000011111111111111100000001111001111111100000000001111111111111100000000111111111111001111111111111100011111111111111111110000111111111111111110000001111111111111111000111111111111111100
000000000000000000000000000000000000000000000000000000000000000000000000000000000000000000000000000000000000000001111000000000000000000111100000110000000000111111100000000000000000011100000000000000000000000000000000000000000000000000000000000000000000000000000000000000000000000000000000000000000000
000000000000000000000000000000000000000000000000000000000000000000000000000000000000000000000000000011111111111110000111111111111111111000011111111111111111000000011111111111111111100011111111111111111111111111111111111111111111111111111111111111111111111111111111111111111111111111111111111111111111
000000000000000000000000000000000000000000000000000000000000000000000000000000000000000000000000000000000000000000000000000000000000000000000000000000000000000000000000000000000000000000000000000000000000000000000000000000000000000000000000000000000000000000000000000000000000000000000000000000000000
000000000000000000000000000000000000000000000000000000000000000000000000000000000000000000000000000011111111111111111111111111111111111111111111111111111111111111111111111111111111111111111111111111111111111111111111111111111111111111111111111111111111111111111111111111111111111111111111111111111111
000000000000000000000000000000000000000000000000000000000000000000000000000000000000000000000000000000000000000000000000000000000000000000000000000000000000000000000000000000000000000000000000000000000000000000000000000000000000000000000000000000000000000000000000000000000000000000000000000000000000
000000000000000000000000000000000000000000000000000000000000000000000000000000000000000000000000000011111111111111111111111111111111111111111111111111111111111111111111111111111111111111111111111111111111111111111111111111111111111111111111111111111111111111111111111111111111111111111111111111111111
000000000000000000000000000000000000000000000000000000000000000000000000000000000000000000000000000000000000000000000000000000000000000000000000000000000000000000000000000000000000000000000000000000000000000000000000000000000000000000000000000000000000000000000000000000000000000000000000000000000000
000000000000000000000000000000000000000000000000000000000000000000000000000000000000000000000000000000000000000000000000000000000000000000000000000000000000000000000000000000000000000000000000000000000000000000000000000000000000000000000000000000000000000000000000000000000000000000000000000000000000
000000000000000000000000000000000000000000000000000000000000000000000000000000000000000000000000000000000000000000000000000000000000000000000000000000000000000000000000000000000000000000000000000000000000000000000000000000000000000000000000000000000000000000000000000000000000000000000000000000000000
000000000000000000000000000000000000000000000000000000000000000000000000000000000000000000000000000000000000000000000000000000000000000000000000000000000000000000000000000000000000000000000000000000000000000000000000000000000000000000000000000000000000000000000000000000000000000000000000000000000000
000000000000000000000000000000000000000000000000000000000000000000000000000000000000000000000000000000000000000000000000000000000000000000000000000000000000000000000000000000000000000000000000000000000000000000000000000000000000000000000000000000000000000000000000000000000000000000000000000000000000
000000000000000000000000000000000000000000000000000000000000000000000000000000000000000000000000000000000000000000000000000000000000000000000000000000000000000000000000000000000000000000000000000000000000000000000000000000000000000000000000000000000000000000000000000000000000000000000000000000000000
000000000000000000000000000000000000000000000000000000000000000000000000000000000000000000000000000000000000000000000000000000000000000000000000000000000000000000000000000000000000000000000000000000000000000000000000000000000000000000000000000000000000000000000000000000000000000000000000000000000000
000000000000000000000000000000000000000000000000000000000000000000000000000000000000000000000000000000000000000000000000000000000000000000000000000000000000000000000000000000000000000000000000000000000000000000000000000000000000000000000000000000000000000000000000000000000000000000000000000000000000
000000000000000000000000000000000000000000000000000000000000000000000000000000000000000000000000000000000000000000000000000000000000000000000000000000000000000000000000000000000000000000000000000000000000000000000000000000000000000000000000000000000000000000000000000000000000000000000000000000000000
000000000000000000000000000000000000000000000000000000000000000000000000000000000000000000000000000000000000000000000000000000000000000000000000000000000000000000000000000000000000000000000000000000000000000000000000000000000000000000000000000000000000000000000000000000000000000000000000000000000000
000000000000000000000000000000000000000000000000000000000000000000000000000000000000000000000000000011111111111111111111111111111111111111111111111111111111111111111111111111111111111111111111111111111111111111111111111111111111111111111111111111111111111111111111111111111111111111111111111111111111
000000000000000000000000000000000000000000000000000000000000000000000000000000000000000000000000000000000000000000000000000000000000000000000000000000000000000000000000000000000000000000000000000000000000000000000000000000000000000000000000000000000000000000000000000000000000000000000000000000000000
000000000000000000000000000000000000000000000000000000000000000000000000000000000000000000000000000011111111111111111111111111111111111111111111111111111111111111111111111111111111111111111111111111111111111111111111111111111111111111111111111111111111111111111111111111111111111111111111111111111111
000000000000000000000000000000000000000000000000000000000000000000000000000000000000000000000000000000000000000000000000000000000000000000000000000000000000000000000000000000000000000000000000000000000000000000000000000000000000000000000000000000000000000000000000000000000000000000000000000000000000
000000000000000000000000000000000000000000000000000000000000000000000000000000000000000000000000000011111111111111111111111000011111111111111111100001111111111111111100000001111111111111111110001111111111111111111111111111111111111111111111111111111111111111111111111111111111111111111111111111111111
000000000000000000000000000000000000000000000000000000000000000000000000000000000000000000000000000000000000000000000000000111100000000000000000011110000011000000000011111110000000000000000001110000000000000000000000000000000000000000000000000000000000000000000000000000000000000000000000000000000000
000000000000000000000000000000000000000000000000000000000000000000000000000000000000000000000000000000000001111111111110000000001111111111111110000000111100111111110000000000111111111111110000000011111111111111111111111111110001111111111111111111000011111111111111111000000111111111111111100011111111
000000000000000000000000000000000000000000000000000000000000000000000000000000000000000000000000000011111110000000000001111111110000000000000001111111000011000000001111111111000000000000001111111100000000000000000000000000001110000000000000000000111100000000000000000111111000000000000000011100000000
000000000000000000000000000000000000000000000000000000000000000000000000000000000000000000000000000000000000011111111000000000000111111111000000000000011100111111000000000000111111111110000000000001110000000011111111100000000000011111111000000000000001111111111100000000000001111111110000000000001111
000000000000000000000000000000000000000000000000000000000000000000000000000000000000000000000000000011111111101111100111111111111001110000111111111111100111110000111111000011001111100001111111111110011111111100000000011111111111100000000111111111111110000000000011111111111110000000001111111111110000
000000000000000000000000000000000000000000000000000000000000000000000000000000000000000000000000000000000000010000011000000000000110001111000000000000011000001111000000111100110000011110000000000001100000000011111111100000000000011111111000000000000001111111111100000000000001111111110000000000001111
000000000000000000000000000000000000000000000000000000000000000000000000000000000000000000000000000011111111101111100111111000011001110000111111100001100111110000111100000001001111100001111110001110011111111100000000011111111111100000000111111111111110000000000011111111111110000000001111111111110000
000000000000000000000000000000000000000000000000000000000000000000000000000000000000000000000000000000000000010000011000000111100110001111000000011110011000001111000011111110110000011110000001110001100000000011111111100000000000011111111000000000000001111111111100000000000001111111110000000000001111
000000000000000000000000000000000000000000000000000000000000000000000000000000000000000000000000000011111111101111100111111000011001110000111111100001100111110000111100000001001111100001111110001110011111111100000000011111111111100000000111111111111110000000000011111111111110000000001111111111110000
000000000000000000000000000000000000000000000000000000000000000000000000000000000000000000000000000000000000010000011000000111100110001111000000011110011000001111000011000010110000011110000001110001100000000011111111100000000000011111111000000000000001111111111100000000000001111111110000000000001111
000000000000000000000000000000000000000000000000000000000000000000000000000000000000000000000000000000000001101111100110000000001001110000111110000000100111110000110000111100001111100001110000000010011111111100000000011111110001100000000111111111000010000000000011111000000110000000001111100011110000
000000000000000000000000000000000000000000000000000000000000000000000000000000000000000000000000000011111110010000011001111111110110001111000001111111011011001111001111000011110000011110001111111101100000000011111111100000001110011111111000000000111101111111111100000111111001111111110000011100001111
000000000000000000000000000000000000000000000000000000000000000000000000000000000000000000000000000000000001101111100110000000001001110000111110000000100100110000110000111100001111100001110000000010011111111100000000011111110001100000000111111111000010000000000011111000000110000000001111100011110000
000000000000000000000000000000000000000000000000000000000000000000000000000000000000000000000000000011111110010000011001111000010110001111000001100001011011001111001100000001110000011110001110001101100000000011111111100000001110011111111000000000111101111111111100000111111001111111110000011100001111
000000000000000000000000000000000000000000000000000000000000000000000000000000000000000000000000000000000001101111100110000111101001110000111110011110100100110000110011000010001111100001110001110010011111111100000000011111110001100000000111111111000010000000000011111000000110000000001111100011110000
000000000000000000000000000000000000000000000000000000000000000000000000000000000000000000000000000011111110010000011001111000010110001111000001100001011011001111001100111101110000011110001110001101100000000011111111100000001110011111111000000000111101111111111100000111111001111111110000011100001111
000000000000000000000000000000000000000000000000000000000000000000000000000000000000000000000000000000000001101111100110000111101001110000111110011110100100110000110011000010001111100001110001110010011111111100000000011111110001100000000111111111000010000000000011111000000110000000001111100011110000
000000000000000000000000000000000000000000000000000000000000000000000000000000000000000000000000000011111110010000011001111000010110001111000001100001011011001111001100111101110000011110001110001101100000000011111111100000001110011111111000000000111101111111111100000111111001111111110000011100001111
000000000000000000000000000000000000000000000000000000000000000000000000000000000000000000000000000000000001101111100110000111101001110000111110011110100100110000110011000010001111100001110001110010011111111100000000011111110001100000000111111111000010000000000011111000000110000000001111100011110000
000000000000000000000000000000000000000000000000000000000000000000000000000000000000000000000000000011111110011111111001111000010111111111000001100001011111111111001100111101111111111110001110001101110000000011111111100000001110011111111000000000111101111111111100000111111001111111110000011100001111
000000000000000000000000000000000000000000000000000000000000000000000000000000000000000000000000000000000000010000010000000000000010001100000000000000001011001100000000000000010000010000000000000000100000000000011100000000000000000111000000000000000000011110000000000000000000111100000000000000000001
000000000000000000000000000000000000000000000000000000000000000000000000000000000000000000000000000000000001101111100110000111101001110000111110011110100100110000110011000010001111100001110001110010011111111100000000011111110001100000000111111111000010000000000011111000000110000000001111100011110000
000000000000000000000000000000000000000000000000000000000000000000000000000000000000000000000000000011111110010000011001111000010110001111000001100001011011001111001100111101110000011110001110001101100000000011111111100000001110011111111000000000111101111111111100000111111001111111110000011100001111
000000000000000000000000000000000000000000000000000000000000000000000000000000000000000000000000000000000001101111100110000111101001110000111110011110100100110000110011000010001111100001110001110010011111111100000000011111110001100000000111111111000010000000000011111000000110000000001111100011110000
000000000000000000000000000000000000000000000000000000000000000000000000000000000000000000000000000011111110010000011001111000010110001111000001100001011011001111001100111101110000011110001110001101100000000011111111100000001110011111111000000000111101111111111100000111111001111111110000011100001111
000000000000000000000000000000000000000000000000000000000000000000000000000000000000000000000000000000000001101111100110000111101001110000111110011110100100110000110011000010001111100001110001110010011111111100000000011111110001100000000111111111000010000000000011111000000110000000001111100011110000
000000000000000000000000000000000000000000000000000000000000000000000000000000000000000000000000000011111110010000011001111000010110001111000001100001011011001111001100000001110000011110001110001101100000000011111111100000001110011111111000000000111101111111111100000111111001111111110000011100001111
000000000000000000000000000000000000000000000000000000000000000000000000000000000000000000000000000000000001101111100110000000001001110000111110000000100100110000110000111100001111100001110000000010011111111100000000011111110001100000000111111111000010000000000011111000000110000000001111100011110000
000000000000000000000000000000000000000000000000000000000000000000000000000000000000000000000000000011111110010000011001111111110110001111000001111111011011001111001111000011110000011110001111111101100000000011111111100000001110011111111000000000111101111111111100000111111001111111110000011100001111
000000000000000000000000000000000000000000000000000000000000000000000000000000000000000000000000000000000001101111100110000000001001110000111110000000100111110000110000111100001111100001110000000010011111111100000000011111110001100000000111111111000010000000000011111000000110000000001111100011110000
000000000000000000000000000000000000000000000000000000000000000000000000000000000000000000000000000000000000010000011000000111100110001111000000011110011000001111000011000010110000011110000001110001100000000011111111100000000000011111111000000000000001111111111100000000000001111111110000000000001111
000000000000000000000000000000000000000000000000000000000000000000000000000000000000000000000000000011111111101111100111111000011001110000111111100001100111110000111100000001001111100001111110001110011111111100000000011111111111100000000111111111111110000000000011111111111110000000001111111111110000
000000000000000000000000000000000000000000000000000000000000000000000000000000000000000000000000000000000000010000011000000111100110001111000000011110011000001111000011111110110000011110000001110001100000000011111111100000000000011111111000000000000001111111111100000000000001111111110000000000001111
000000000000000000000000000000000000000000000000000000000000000000000000000000000000000000000000000011111111101111100111111000011001110000111111100001100111110000111100000001001111100001111110001110011111111100000000011111111111100000000111111111111110000000000011111111111110000000001111111111110000
000000000000000000000000000000000000000000000000000000000000000000000000000000000000000000000000000000000000010000011000000000000110001111000000000000011000001111000000111100110000011110000000000001100000000011111111100000000000011111111000000000000001111111111100000000000001111111110000000000001111
000000000000000000000000000000000000000000000000000000000000000000000000000000000000000000000000000011111111101111100111111111111001110000111111111111100111110000111111000011001111100001111111111110011111111100000000011111111111100000000111111111111110000000000011111111111110000000001111111111110000
000000000000000000000000000000000000000000000000000000000000000000000000000000000000000000000000000000000000011111111000000000000111111111000000000000011100111111000000000000111111111110000000000001110000000011111111100000000000011111111000000000000001111111111100000000000001111111110000000000001111
000000000000000000000000000000000000000000000000000000000000000000000000000000000000000000000000000011111110000000000001111111110000000000000001111111000011000000001111111111000000000000001111111100000000000000000000000000001110000000000000000000111100000000000000000111111000000000000000011100000000
000000000000000000000000000000000000000000000000000000000000000000000000000000000000000000000000000000000001111111111110000000001111111111111110000000111100111111110000000000111111111111110000000011111111111111111111111111110001111111111111111111000011111111111111111000000111111111111111100011111111
000000000000000000000000000000000000000000000000000000000000000000000000000000000000000000000000000000000000000000000000000111100000000000000000011110000011000000000011111110000000000000000001110000000000000000000000000000000000000000000000000000000000000000000000000000000000000000000000000000000000
000000000000000000000000000000000000000000000000000000000000000000000000000000000000000000000000000011111111111111111111111000011111111111111111100001111111111111111100000001111111111111111110001111111111111111111111111111111111111111111111111111111111111111111111111111111111111111111111111111111111
000000000000000000000000000000000000000000000000000000000000000000000000000000000000000000000000000000000000000000000000000000000000000000000000000000000000000000000000000000000000000000000000000000000000000000000000000000000000000000000000000000000000000000000000000000000000000000000000000000000000
000000000000000000000000000000000000000000000000000000000000000000000000000000000000000000000000000011111111111111111111111111111111111111111111111111111111111111111111111111111111111111111111111111111111111111111111111111111111111111111111111111111111111111111111111111111111111111111111111111111111
000000000000000000000000000000000000000000000000000000000000000000000000000000000000000000000000000000000000000000000000000000000000000000000000000000000000000000000000000000000000000000000000000000000000000000000000000000000000000000000000000000000000000000000000000000000000000000000000000000000000
000000000000000000000000000000000000000000000000000000000000000000000000000000000000000000000000000011111111111111111111111111111111111111111111111111111111111111111111111111111111111111111111111111111111111111111111111111111111111111111111111111111111111111111111111111111111111111111111111111111111
000000000000000000000000000000000000000000000000000000000000000000000000000000000000000000000000000000000000000000000000000000000000000000000000000000000000000000000000000000000000000000000000000000000000000000000000000000000000000000000000000000000000000000000000000000000000000000000000000000000000
000000000000000000000000000000000000000000000000000000000000000000000000000000000000000000000000000000000000000000000000000000000000000000000000000000000000000000000000000000000000000000000000000000000000000000000000000000000000000000000000000000000000000000000000000000000000000000000000000000000000
000000000000000000000000000000000000000000000000000000000000000000000000000000000000000000000000000000000000000000000000000000000000000000000000000000000000000000000000000000000000000000000000000000000000000000000000000000000000000000000000000000000000000000000000000000000000000000000000000000000000
000000000000000000000000000000000000000000000000000000000000000000000000000000000000000000000000000000000000000000000000000000000000000000000000000000000000000000000000000000000000000000000000000000000000000000000000000000000000000000000000000000000000000000000000000000000000000000000000000000000000
000000000000000000000000000000000000000000000000000000000000000000000000000000000000000000000000000000000000000000000000000000000000000000000000000000000000000000000000000000000000000000000000000000000000000000000000000000000000000000000000000000000000000000000000000000000000000000000000000000000000
000000000000000000000000000000000000000000000000000000000000000000000000000000000000000000000000000000000000000000000000000000000000000000000000000000000000000000000000000000000000000000000000000000000000000000000000000000000000000000000000000000000000000000000000000000000000000000000000000000000000
000000000000000000000000000000000000000000000000000000000000000000000000000000000000000000000000000000000000000000000000000000000000000000000000000000000000000000000000000000000000000000000000000000000000000000000000000000000000000000000000000000000000000000000000000000000000000000000000000000000000
000000000000000000000000000000000000000000000000000000000000000000000000000000000000000000000000000000000000000000000000000000000000000000000000000000000000000000000000000000000000000000000000000000000000000000000000000000000000000000000000000000000000000000000000000000000000000000000000000000000000
000000000000000000000000000000000000000000000000000000000000000000000000000000000000000000000000000000000000000000000000000000000000000000000000000000000000000000000000000000000000000000000000000000000000000000000000000000000000000000000000000000000000000000000000000000000000000000000000000000000000
000000000000000000000000000000000000000000000000000000000000000000000000000000000000000000000000000000000000000000000000000000000000000000000000000000000000000000000000000000000000000000000000000000000000000000000000000000000000000000000000000000000000000000000000000000000000000000000000000000000000
000000000000000000000000000000000000000000000000000000000000000000000000000000000000000000000000000011111111111111111111111111111111111111111111111111111111111111111111111111111111111111111111111111111111111111111111111111111111111111111111111111111111111111111111111111111111111111111111111111111111
000000000000000000000000000000000000000000000000000000000000000000000000000000000000000000000000000000000000000000000000000000000000000000000000000000000000000000000000000000000000000000000000000000000000000000000000000000000000000000000000000000000000000000000000000000000000000000000000000000000000
000000000000000000000000000000000000000000000000000000000000000000000000000000000000000000000000000011111111111111111111111111111111111111111111111111111111111111111111111111111111111111111111111111111111111111111111111111111111111111111111111111111111111111111111111111111111111111111111111111111111
000000000000000000000000000000000000000000000000000000000000000000000000000000000000000000000000000000000000000000000000000000000000000000000000000000000000000000000000000000000000000000000000000000000000000000000000000000000000000000000000000000000000000000000000000000000000000000000000000000000000
000000000000000000000000000000000000000000000000000000000000000000000000000000000000000000000000000011111111111111111111111111111111100001111111111111111110000111111111111111110000000111111111111111111111111111111111111111111111111111111111111111111111111111111111111111111111111111111111111111111111
000000000000000000000000000000000000000000000000000000000000000000000000000000000000000000000000000000000000000000000000000000000000011110000000000000000001111000001100000000001111111000000000000000000000000000000000000000000000000000000000000000000000000000000000000000000000000000000000000000000000
000000000000000000000000000000000000000000000000000000000000000000000000000000000000000000000000000011111111110000000111111111111000000000111111111111111000000011110011111111000000000011111111111111001111111111111111111111111111111111000111111111111111111100001111111111111111100000011111111111111110
000000000000000000000000000000000000000000000000000000000000000000000000000000000000000000000000000000000000001111111000000000000111111111000000000000000111111100001100000000111111111100000000000000110000000000000000000000000000000000111000000000000000000011110000000000000000011111100000000000000001
000000000000000000000000000000000000000000000000000000000000000000000000000000000000000000000000000011111000000000000001111111100000000000011111111100000000000001110011111100000000000011111111111000001111000000000000001111111110000000000001111111100000000000000111111111110000000000000111111111000000
000000000000000000000000000000000000000000000000000000000000000000000000000000000000000000000000000010000111111111111110111110011111111111100111000011111111111110011111000011111100001100111110000111110000111111111111110000000001111111111110000000011111111111111000000000001111111111111000000000111111
000000000000000000000000000000000000000000000000000000000000000000000000000000000000000000000000000001111000000000000001000001100000000000011000111100000000000001100000111100000011110011000001111000001111000000000000001111111110000000000001111111100000000000000111111111110000000000000111111111000000
000000000000000000000000000000000000000000000000000000000000000000000000000000000000000000000000000010000111111111111110111110011111100001100111000011111110000110011111000011110000000100111110000111110000111111111111110000000001111111111110000000011111111111111000000000001111111111111000000000111111
000000000000000000000000000000000000000000000000000000000000000000000000000000000000000000000000000001111000000000000001000001100000011110011000111100000001111001100000111100001111111011000001111000001111000000000000001111111110000000000001111111100000000000000111111111110000000000000111111111000000
000000000000000000000000000000000000000000000000000000000000000000000000000000000000000000000000000010000111111111111110111110011111100001100111000011111110000110011111000011110000000100111110000111110000111111111111110000000001111111111110000000011111111111111000000000001111111111111000000000111111
000000000000000000000000000000000000000000000000000000000000000000000000000000000000000000000000000001111000000000000001000001100000011110011000111100000001111001100000111100001100001011000001111000001111000000000000001111111110000000000001111111100000000000000111111111110000000000000111111111000000
000000000000000000000000000000000000000000000000000000000000000000000000000000000000000000000000000010000111110000000110111110011000000000100111000011111000000010011111000011000011110000111110000111000000111111111111110000000001111111000110000000011111111100001000000000001111100000011000000000111110
000000000000000000000000000000000000000000000000000000000000000000000000000000000000000000000000000001111000001111111001000001100111111111011000111100000111111101101100111100111100001111000001111000111111000000000000001111111110000000111001111111100000000011110111111111110000011111100111111111000001
000000000000000000000000000000000000000000000000000000000000000000000000000000000000000000000000000010000111110000000110111110011000000000100111000011111000000010010011000011000011110000111110000111000000111111111111110000000001111111000110000000011111111100001000000000001111100000011000000000111110
000000000000000000000000000000000000000000000000000000000000000000000000000000000000000000000000000001111000001111111001000001100111100001011000111100000110000101101100111100110000000111000001111000111111000000000000001111111110000000111001111111100000000011110111111111110000011111100111111111000001
000000000000000000000000000000000000000000000000000000000000000000000000000000000000000000000000000010000111110000000110111110011000011110100111000011111001111010010011000011001100001000111110000111000000111111111111110000000001111111000110000000011111111100001000000000001111100000011000000000111110
000000000000000000000000000000000000000000000000000000000000000000000000000000000000000000000000000001111000001111111001000001100111100001011000111100000110000101101100111100110011110111000001111000111111000000000000001111111110000000111001111111100000000011110111111111110000011111100111111111000001
000000000000000000000000000000000000000000000000000000000000000000000000000000000000000000000000000010000111110000000110111110011000011110100111000011111001111010010011000011001100001000111110000111000000111111111111110000000001111111000110000000011111111100001000000000001111100000011000000000111110
000000000000000000000000000000000000000000000000000000000000000000000000000000000000000000000000000001111000001111111001000001100111100001011000111100000110000101101100111100110011110111000001111000111111000000000000001111111110000000111001111111100000000011110111111111110000011111100111111111000001
000000000000000000000000000000000000000000000000000000000000000000000000000000000000000000000000000010000111110000000110111110011000011110100111000011111001111010010011000011001100001000111110000111000000111111111111110000000001111111000110000000011111111100001000000000001111100000011000000000111110
000000000000000000000000000000000000000000000000000000000000000000000000000000000000000000000000000011111000001111111001111111100111100001011111111100000110000101111111111100110011110111111111111000111111000000000000001111111110000000111001111111100000000011110111111111110000011111100111111111000001
000000000000000000000000000000000000000000000000000000000000000000000000000000000000000000000000000001100000000000000001000001000000000000001000110000000000000000101100110000000000000001000001000000000000000000000000000001110000000000000000011100000000000000000001111000000000000000000011110000000000
000000000000000000000000000000000000000000000000000000000000000000000000000000000000000000000000000010000111110000000110111110011000011110100111000011111001111010010011000011001100001000111110000111000000111111111111110000000001111111000110000000011111111100001000000000001111100000011000000000111110
000000000000000000000000000000000000000000000000000000000000000000000000000000000000000000000000000001111000001111111001000001100111100001011000111100000110000101101100111100110011110111000001111000111111000000000000001111111110000000111001111111100000000011110111111111110000011111100111111111000001
000000000000000000000000000000000000000000000000000000000000000000000000000000000000000000000000000010000111110000000110111110011000011110100111000011111001111010010011000011001100001000111110000111000000111111111111110000000001111111000110000000011111111100001000000000001111100000011000000000111110
000000000000000000000000000000000000000000000000000000000000000000000000000000000000000000000000000001111000001111111001000001100111100001011000111100000110000101101100111100110011110111000001111000111111000000000000001111111110000000111001111111100000000011110111111111110000011111100111111111000001
000000000000000000000000000000000000000000000000000000000000000000000000000000000000000000000000000010000111110000000110111110011000011110100111000011111001111010010011000011001100001000111110000111000000111111111111110000000001111111000110000000011111111100001000000000001111100000011000000000111110
000000000000000000000000000000000000000000000000000000000000000000000000000000000000000000000000000001111000001111111001000001100111100001011000111100000110000101101100111100110000000111000001111000111111000000000000001111111110000000111001111111100000000011110111111111110000011111100111111111000001
000000000000000000000000000000000000000000000000000000000000000000000000000000000000000000000000000010000111110000000110111110011000000000100111000011111000000010010011000011000011110000111110000111000000111111111111110000000001111111000110000000011111111100001000000000001111100000011000000000111110
000000000000000000000000000000000000000000000000000000000000000000000000000000000000000000000000000001111000001111111001000001100111111111011000111100000111111101101100111100111100001111000001111000111111000000000000001111111110000000111001111111100000000011110111111111110000011111100111111111000001
000000000000000000000000000000000000000000000000000000000000000000000000000000000000000000000000000010000111110000000110111110011000000000100111000011111000000010011111000011000011110000111110000111000000111111111111110000000001111111000110000000011111111100001000000000001111100000011000000000111110
000000000000000000000000000000000000000000000000000000000000000000000000000000000000000000000000000001111000000000000001000001100000011110011000111100000001111001100000111100001100001011000001111000001111000000000000001111111110000000000001111111100000000000000111111111110000000000000111111111000000
000000000000000000000000000000000000000000000000000000000000000000000000000000000000000000000000000010000111111111111110111110011111100001100111000011111110000110011111000011110000000100111110000111110000111111111111110000000001111111111110000000011111111111111000000000001111111111111000000000111111
000000000000000000000000000000000000000000000000000000000000000000000000000000000000000000000000000001111000000000000001000001100000011110011000111100000001111001100000111100001111111011000001111000001111000000000000001111111110000000000001111111100000000000000111111111110000000000000111111111000000
000000000000000000000000000000000000000000000000000000000000000000000000000000000000000000000000000010000111111111111110111110011111100001100111000011111110000110011111000011110000000100111110000111110000111111111111110000000001111111111110000000011111111111111000000000001111111111111000000000111111
000000000000000000000000000000000000000000000000000000000000000000000000000000000000000000000000000001111000000000000001000001100000000000011000111100000000000001100000111100000011110011000001111000001111000000000000001111111110000000000001111111100000000000000111111111110000000000000111111111000000
000000000000000000000000000000000000000000000000000000000000000000000000000000000000000000000000000010000111111111111110111110011111111111100111000011111111111110011111000011111100001100111110000111110000111111111111110000000001111111111110000000011111111111111000000000001111111111111000000000111111
000000000000000000000000000000000000000000000000000000000000000000000000000000000000000000000000000011111000000000000001111111100000000000011111111100000000000001110011111100000000000011111111111000001111000000000000001111111110000000000001111111100000000000000111111111110000000000000111111111000000
000000000000000000000000000000000000000000000000000000000000000000000000000000000000000000000000000000000000001111111000000000000111111111000000000000000111111100001100000000111111111100000000000000110000000000000000000000000000000000111000000000000000000011110000000000000000011111100000000000000001
000000000000000000000000000000000000000000000000000000000000000000000000000000000000000000000000000011111111110000000111111111111000000000111111111111111000000011110011111111000000000011111111111111001111111111111111111111111111111111000111111111111111111100001111111111111111100000011111111111111110
000000000000000000000000000000000000000000000000000000000000000000000000000000000000000000000000000000000000000000000000000000000000011110000000000000000001111000001100000000001111111000000000000000000000000000000000000000000000000000000000000000000000000000000000000000000000000000000000000000000000
000000000000000000000000000000000000000000000000000000000000000000000000000000000000000000000000000011111111111111111111111111111111100001111111111111111110000111111111111111110000000111111111111111111111111111111111111111111111111111111111111111111111111111111111111111111111111111111111111111111111
000000000000000000000000000000000000000000000000000000000000000000000000000000000000000000000000000000000000000000000000000000000000000000000000000000000000000000000000000000000000000000000000000000000000000000000000000000000000000000000000000000000000000000000000000000000000000000000000000000000000
000000000000000000000000000000000000000000000000000000000000000000000000000000000000000000000000000011111111111111111111111111111111111111111111111111111111111111111111111111111111111111111111111111111111111111111111111111111111111111111111111111111111111111111111111111111111111111111111111111111111
000000000000000000000000000000000000000000000000000000000000000000000000000000000000000000000000000000000000000000000000000000000000000000000000000000000000000000000000000000000000000000000000000000000000000000000000000000000000000000000000000000000000000000000000000000000000000000000000000000000000
000000000000000000000000000000000000000000000000000000000000000000000000000000000000000000000000000011111111111111111111111111111111111111111111111111111111111111111111111111111111111111111111111111111111111111111111111111111111111111111111111111111111111111111111111111111111111111111111111111111111
000000000000000000000000000000000000000000000000000000000000000000000000000000000000000000000000000000000000000000000000000000000000000000000000000000000000000000000000000000000000000000000000000000000000000000000000000000000000000000000000000000000000000000000000000000000000000000000000000000000000
000000000000000000000000000000000000000000000000000000000000000000000000000000000000000000000000000000000000000000000000000000000000000000000000000000000000000000000000000000000000000000000000000000000000000000000000000000000000000000000000000000000000000000000000000000000000000000000000000000000000
000000000000000000000000000000000000000000000000000000000000000000000000000000000000000000000000000000000000000000000000000000000000000000000000000000000000000000000000000000000000000000000000000000000000000000000000000000000000000000000000000000000000000000000000000000000000000000000000000000000000
000000000000000000000000000000000000000000000000000000000000000000000000000000000000000000000000000000000000000000000000000000000000000000000000000000000000000000000000000000000000000000000000000000000000000000000000000000000000000000000000000000000000000000000000000000000000000000000000000000000000
000000000000000000000000000000000000000000000000000000000000000000000000000000000000000000000000000000000000000000000000000000000000000000000000000000000000000000000000000000000000000000000000000000000000000000000000000000000000000000000000000000000000000000000000000000000000000000000000000000000000
000000000000000000000000000000000000000000000000000000000000000000000000000000000000000000000000000000000000000000000000000000000000000000000000000000000000000000000000000000000000000000000000000000000000000000000000000000000000000000000000000000000000000000000000000000000000000000000000000000000000
000000000000000000000000000000000000000000000000000000000000000000000000000000000000000000000000000000000000000000000000000000000000000000000000000000000000000000000000000000000000000000000000000000000000000000000000000000000000000000000000000000000000000000000000000000000000000000000000000000000000
000000000000000000000000000000000000000000000000000000000000000000000000000000000000000000000000000000000000000000000000000000000000000000000000000000000000000000000000000000000000000000000000000000000000000000000000000000000000000000000000000000000000000000000000000000000000000000000000000000000000
000000000000000000000000000000000000000000000000000000000000000000000000000000000000000000000000000000000000000000000000000000000000000000000000000000000000000000000000000000000000000000000000000000000000000000000000000000000000000000000000000000000000000000000000000000000000000000000000000000000000
000000000000000000000000000000000000000000000000000000000000000000000000000000000000000000000000000000000000000000000000000000000000000000000000000000000000000000000000000000000000000000000000000000000000000000000000000000000000000000000000000000000000000000000000000000000000000000000000000000000000
000000000000000000000000000000000000000000000000000000000000000000000000000000000000000000000000000011111111111111111111111111111111111111111111111111111111111111111111111111111111111111111111111111111111111111111111111111111111111111111111111111111111111111111111111111111111111111111111111111111111
000000000000000000000000000000000000000000000000000000000000000000000000000000000000000000000000000000000000000000000000000000000000000000000000000000000000000000000000000000000000000000000000000000000000000000000000000000000000000000000000000000000000000000000000000000000000000000000000000000000000
000000000000000000000000000000000000000000000000000000000000000000000000000000000000000000000000000011111111111111111111111111111111111111111111111111111111111111111111111111111111111111111111111111111111111111111111111111111111111111111111111111111111111111111111111111111111111111111111111111111111
000000000000000000000000000000000000000000000000000000000000000000000000000000000000000000000000000000000000000000000000000000000000000000000000000000000000000000000000000000000000000000000000000000000000000000000000000000000000000000000000000000000000000000000000000000000000000000000000000000000000
000000000000000000000000000000000000000000000000000000000000000000000000000000000000000000000000000011001111111111111111111111111111111111111110000111111111111111111000011111111111111111000000011111111111111111111111111111111111111111111111111111111111111111111111111111111111111111111111111111111111
000000000000000000000000000000000000000000000000000000000000000000000000000000000000000000000000000000110000000000000000000000000000000000000001111000000000000000000111100000110000000000111111100000000000000000000000000000000000000000000000000000000000000000000000000000000000000000000000000000000000
000000000000000000000000000000000000000000000000000000000000000000000000000000000000000000000000000000000011111111111111000000011111111111100000000011111111111111100000001111001111111100000000001111111111111111111111111111111111111111111111111100011111111111111111110000111111111111111110000001111111
000000000000000000000000000000000000000000000000000000000000000000000000000000000000000000000000000011111100000000000000111111100000000000011111111100000000000000011111110000110000000011111111110000000000000000000000000000000000000000000000000011100000000000000000001111000000000000000001111110000000
000000000000000000000000000000000000000000000000000000000000000000000000000000000000000000000000000000000001111111100000000000000111111110000000000001111111110000000000000111001111110000000000001111110000000111111100000000000000111111111000000000000111111110000000000000011111111111000000000000011111
000000000000000000000000000000000000000000000000000000000000000000000000000000000000000000000000000011111110001000011111111111111011111001111111111110011100001111111111111001111100001111110000110011111111111000000011111111111111000000000111111111111000000001111111111111100000000000111111111111100000
000000000000000000000000000000000000000000000000000000000000000000000000000000000000000000000000000000000001110111100000000000000100000110000000000001100011110000000000000110000011110000001111001100000000000111111100000000000000111111111000000000000111111110000000000000011111111111000000000000011111
000000000000000000000000000000000000000000000000000000000000000000000000000000000000000000000000000011001110001000011111111111111011111001111110000110011100001111111000011001111100001111000000010011111111111000000011111111111111000000000111111111111000000001111111111111100000000000111111111111100000
000000000000000000000000000000000000000000000000000000000000000000000000000000000000000000000000000000110001110111100000000000000100000110000001111001100011110000000111100110000011110000111111101100000000000111111100000000000000111111111000000000000111111110000000000000011111111111000000000000011111
000000000000000000000000000000000000000000000000000000000000000000000000000000000000000000000000000011001110001000011111111111111011111001111110000110011100001111111000011001111100001111000000010011111111111000000011111111111111000000000111111111111000000001111111111111100000000000111111111111100000
000000000000000000000000000000000000000000000000000000000000000000000000000000000000000000000000000000110001110111100000000000000100000110000001111001100011110000000111100110000011110000110000101100000000000111111100000000000000111111111000000000000111111110000000000000011111111111000000000000011111
000000000000000000000000000000000000000000000000000000000000000000000000000000000000000000000000000000000010001000011111000000011011111001100000000010011100001111100000001001111100001100001111000011111111111000000011111111111111000000000111111100011000000001111111110000100000000000111110000001100000
000000000000000000000000000000000000000000000000000000000000000000000000000000000000000000000000000011111101110111100000111111100100000110011111111101100011110000011111110110110011110011110000111100000000000111111100000000000000111111111000000011100111111110000000001111011111111111000001111110011111
000000000000000000000000000000000000000000000000000000000000000000000000000000000000000000000000000000000010001000011111000000011011111001100000000010011100001111100000001001001100001100001111000011111111111000000011111111111111000000000111111100011000000001111111110000100000000000111110000001100000
000000000000000000000000000000000000000000000000000000000000000000000000000000000000000000000000000011001101110111100000111111100100000110011110000101100011110000011000010110110011110011000000011100000000000111111100000000000000111111111000000011100111111110000000001111011111111111000001111110011111
000000000000000000000000000000000000000000000000000000000000000000000000000000000000000000000000000000110010001000011111000000011011111001100001111010011100001111100111101001001100001100110000100011111111111000000011111111111111000000000111111100011000000001111111110000100000000000111110000001100000
000000000000000000000000000000000000000000000000000000000000000000000000000000000000000000000000000011001101110111100000111111100100000110011110000101100011110000011000010110110011110011001111011100000000000111111100000000000000111111111000000011100111111110000000001111011111111111000001111110011111
000000000000000000000000000000000000000000000000000000000000000000000000000000000000000000000000000000110010001000011111000000011011111001100001111010011100001111100111101001001100001100110000100011111111111000000011111111111111000000000111111100011000000001111111110000100000000000111110000001100000
000000000000000000000000000000000000000000000000000000000000000000000000000000000000000000000000000011001101110111100000111111100100000110011110000101100011110000011000010110110011110011001111011100000000000111111100000000000000111111111000000011100111111110000000001111011111111111000001111110011111
000000000000000000000000000000000000000000000000000000000000000000000000000000000000000000000000000000110010001000011111000000011011111001100001111010011100001111100111101001001100001100110000100011111111111000000011111111111111000000000111111100011000000001111111110000100000000000111110000001100000
000000000000000000000000000000000000000000000000000000000000000000000000000000000000000000000000000011001101111111100000111111100111111110011110000101111111110000011000010111111111110011001111011111110000000111111100000000000000111111111000000011100111111110000000001111011111111111000001111110011111
000000000000000000000000000000000000000000000000000000000000000000000000000000000000000000000000000000000000110110000000000000000100000100000000000000100011000000000000000010110011000000000000000100000000000000000000000000000000000111000000000000000001110000000000000000000111100000000000000000001111
000000000000000000000000000000000000000000000000000000000000000000000000000000000000000000000000000000110010001000011111000000011011111001100001111010011100001111100111101001001100001100110000100011111111111000000011111111111111000000000111111100011000000001111111110000100000000000111110000001100000
000000000000000000000000000000000000000000000000000000000000000000000000000000000000000000000000000011001101110111100000111111100100000110011110000101100011110000011000010110110011110011001111011100000000000111111100000000000000111111111000000011100111111110000000001111011111111111000001111110011111
000000000000000000000000000000000000000000000000000000000000000000000000000000000000000000000000000000110010001000011111000000011011111001100001111010011100001111100111101001001100001100110000100011111111111000000011111111111111000000000111111100011000000001111111110000100000000000111110000001100000
000000000000000000000000000000000000000000000000000000000000000000000000000000000000000000000000000011001101110111100000111111100100000110011110000101100011110000011000010110110011110011001111011100000000000111111100000000000000111111111000000011100111111110000000001111011111111111000001111110011111
000000000000000000000000000000000000000000000000000000000000000000000000000000000000000000000000000000110010001000011111000000011011111001100001111010011100001111100111101001001100001100110000100011111111111000000011111111111111000000000111111100011000000001111111110000100000000000111110000001100000
000000000000000000000000000000000000000000000000000000000000000000000000000000000000000000000000000011001101110111100000111111100100000110011110000101100011110000011000010110110011110011000000011100000000000111111100000000000000111111111000000011100111111110000000001111011111111111000001111110011111
000000000000000000000000000000000000000000000000000000000000000000000000000000000000000000000000000000000010001000011111000000011011111001100000000010011100001111100000001001001100001100001111000011111111111000000011111111111111000000000111111100011000000001111111110000100000000000111110000001100000
000000000000000000000000000000000000000000000000000000000000000000000000000000000000000000000000000011111101110111100000111111100100000110011111111101100011110000011111110110110011110011110000111100000000000111111100000000000000111111111000000011100111111110000000001111011111111111000001111110011111
000000000000000000000000000000000000000000000000000000000000000000000000000000000000000000000000000000000010001000011111000000011011111001100000000010011100001111100000001001111100001100001111000011111111111000000011111111111111000000000111111100011000000001111111110000100000000000111110000001100000
000000000000000000000000000000000000000000000000000000000000000000000000000000000000000000000000000000110001110111100000000000000100000110000001111001100011110000000111100110000011110000110000101100000000000111111100000000000000111111111000000000000111111110000000000000011111111111000000000000011111
000000000000000000000000000000000000000000000000000000000000000000000000000000000000000000000000000011001110001000011111111111111011111001111110000110011100001111111000011001111100001111000000010011111111111000000011111111111111000000000111111111111000000001111111111111100000000000111111111111100000
000000000000000000000000000000000000000000000000000000000000000000000000000000000000000000000000000000110001110111100000000000000100000110000001111001100011110000000111100110000011110000111111101100000000000111111100000000000000111111111000000000000111111110000000000000011111111111000000000000011111
000000000000000000000000000000000000000000000000000000000000000000000000000000000000000000000000000011001110001000011111111111111011111001111110000110011100001111111000011001111100001111000000010011111111111000000011111111111111000000000111111111111000000001111111111111100000000000111111111111100000
000000000000000000000000000000000000000000000000000000000000000000000000000000000000000000000000000000000001110111100000000000000100000110000000000001100011110000000000000110000011110000001111001100000000000111111100000000000000111111111000000000000111111110000000000000011111111111000000000000011111
000000000000000000000000000000000000000000000000000000000000000000000000000000000000000000000000000011111110001000011111111111111011111001111111111110011100001111111111111001111100001111110000110011111111111000000011111111111111000000000111111111111000000001111111111111100000000000111111111111100000
000000000000000000000000000000000000000000000000000000000000000000000000000000000000000000000000000000000001111111100000000000000111111110000000000001111111110000000000000111001111110000000000001111110000000111111100000000000000111111111000000000000111111110000000000000011111111111000000000000011111
000000000000000000000000000000000000000000000000000000000000000000000000000000000000000000000000000011111100000000000000111111100000000000011111111100000000000000011111110000110000000011111111110000000000000000000000000000000000000000000000000011100000000000000000001111000000000000000001111110000000
000000000000000000000000000000000000000000000000000000000000000000000000000000000000000000000000000000000011111111111111000000011111111111100000000011111111111111100000001111001111111100000000001111111111111111111111111111111111111111111111111100011111111111111111110000111111111111111110000001111111
000000000000000000000000000000000000000000000000000000000000000000000000000000000000000000000000000000110000000000000000000000000000000000000001111000000000000000000111100000110000000000111111100000000000000000000000000000000000000000000000000000000000000000000000000000000000000000000000000000000000
000000000000000000000000000000000000000000000000000000000000000000000000000000000000000000000000000011001111111111111111111111111111111111111110000111111111111111111000011111111111111111000000011111111111111111111111111111111111111111111111111111111111111111111111111111111111111111111111111111111111
000000000000000000000000000000000000000000000000000000000000000000000000000000000000000000000000000000000000000000000000000000000000000000000000000000000000000000000000000000000000000000000000000000000000000000000000000000000000000000000000000000000000000000000000000000000000000000000000000000000000
000000000000000000000000000000000000000000000000000000000000000000000000000000000000000000000000000011111111111111111111111111111111111111111111111111111111111111111111111111111111111111111111111111111111111111111111111111111111111111111111111111111111111111111111111111111111111111111111111111111111
000000000000000000000000000000000000000000000000000000000000000000000000000000000000000000000000000000000000000000000000000000000000000000000000000000000000000000000000000000000000000000000000000000000000000000000000000000000000000000000000000000000000000000000000000000000000000000000000000000000000
000000000000000000000000000000000000000000000000000000000000000000000000000000000000000000000000000011111111111111111111111111111111111111111111111111111111111111111111111111111111111111111111111111111111111111111111111111111111111111111111111111111111111111111111111111111111111111111111111111111111
000000000000000000000000000000000000000000000000000000000000000000000000000000000000000000000000000000000000000000000000000000000000000000000000000000000000000000000000000000000000000000000000000000000000000000000000000000000000000000000000000000000000000000000000000000000000000000000000000000000000
000000000000000000000000000000000000000000000000000000000000000000000000000000000000000000000000000000000000000000000000000000000000000000000000000000000000000000000000000000000000000000000000000000000000000000000000000000000000000000000000000000000000000000000000000000000000000000000000000000000000
000000000000000000000000000000000000000000000000000000000000000000000000000000000000000000000000000000000000000000000000000000000000000000000000000000000000000000000000000000000000000000000000000000000000000000000000000000000000000000000000000000000000000000000000000000000000000000000000000000000000
000000000000000000000000000000000000000000000000000000000000000000000000000000000000000000000000000000000000000000000000000000000000000000000000000000000000000000000000000000000000000000000000000000000000000000000000000000000000000000000000000000000000000000000000000000000000000000000000000000000000
000000000000000000000000000000000000000000000000000000000000000000000000000000000000000000000000000000000000000000000000000000000000000000000000000000000000000000000000000000000000000000000000000000000000000000000000000000000000000000000000000000000000000000000000000000000000000000000000000000000000
000000000000000000000000000000000000000000000000000000000000000000000000000000000000000000000000000000000000000000000000000000000000000000000000000000000000000000000000000000000000000000000000000000000000000000000000000000000000000000000000000000000000000000000000000000000000000000000000000000000000
000000000000000000000000000000000000000000000000000000000000000000000000000000000000000000000000000000000000000000000000000000000000000000000000000000000000000000000000000000000000000000000000000000000000000000000000000000000000000000000000000000000000000000000000000000000000000000000000000000000000
000000000000000000000000000000000000000000000000000000000000000000000000000000000000000000000000000000000000000000000000000000000000000000000000000000000000000000000000000000000000000000000000000000000000000000000000000000000000000000000000000000000000000000000000000000000000000000000000000000000000
000000000000000000000000000000000000000000000000000000000000000000000000000000000000000000000000000000000000000000000000000000000000000000000000000000000000000000000000000000000000000000000000000000000000000000000000000000000000000000000000000000000000000000000000000000000000000000000000000000000000
000000000000000000000000000000000000000000000000000000000000000000000000000000000000000000000000000000000000000000000000000000000000000000000000000000000000000000000000000000000000000000000000000000000000000000000000000000000000000000000000000000000000000000000000000000000000000000000000000000000000
000000000000000000000000000000000000000000000000000000000000000000000000000000000000000000000000000011111111111111111111111111111111111111111111111111111111111111111111111111111111111111111111111111111111111111111111111111111111111111111111111111111111111111111111111111111111111111111111111111111111
000000000000000000000000000000000000000000000000000000000000000000000000000000000000000000000000000000000000000000000000000000000000000000000000000000000000000000000000000000000000000000000000000000000000000000000000000000000000000000000000000000000000000000000000000000000000000000000000000000000000
000000000000000000000000000000000000000000000000000000000000000000000000000000000000000000000000000011111111111111111111111111111111111111111111111111111111111111111111111111111111111111111111111111111111111111111111111111111111111111111111111111111111111111111111111111111111111111111111111111111111
000000000000000000000000000000000000000000000000000000000000000000000000000000000000000000000000000000000000000000000000000000000000000000000000000000000000000000000000000000000000000000000000000000000000000000000000000000000000000000000000000000000000000000000000000000000000000000000000000000000000
000000000000000000000000000000000000000000000000000000000000000000000000000000000000000000000000000011111111111100111111111111111111111111111111111111111000011111111111111111100001111111111111111100001111111111111111111111111111111111111111111111111111111111111111111111111111111111111111111111111111
000000000000000000000000000000000000000000000000000000000000000000000000000000000000000000000000000000000000000011000000000000000000000000000000000000000111100000000000000000011110000011000000000011110000000000000000000000000000000000000000000000000000000000000000000000000000000000000000000000000000
000000000000000000000000000000000000000000000000000000000000000000000000000000000000000000000000000011111111000000001111111111111100000001111111111110000000001111111111111110000000111100111111110000001111111111111111111111111111111111111111111111111111110001111111111111111111000011111111111111111000
000000000000000000000000000000000000000000000000000000000000000000000000000000000000000000000000000000000000111111110000000000000011111110000000000001111111110000000000000001111111000011000000001111110000000000000000000000000000000000000000000000000000001110000000000000000000111100000000000000000111
000000000000000000000000000000000000000000000000000000000000000000000000000000000000000000000000000011111000000000000111111110000000000000011111111000000000000111111111000000000000011100111111000000001110000000000000011111110000000000000011111111100000000000011111111000000000000001111111111100000000
000000000000000000000000000000000000000000000000000000000000000000000000000000000000000000000000000010000111111111111000100001111111111111101111100111111111111001110000111111111111100111110000111111000001111111111111100000001111111111111100000000011111111111100000000111111111111110000000000011111111
000000000000000000000000000000000000000000000000000000000000000000000000000000000000000000000000000001111000000000000111011110000000000000010000011000000000000110001111000000000000011000001111000000111110000000000000011111110000000000000011111111100000000000011111111000000000000001111111111100000000
000000000000000000000000000000000000000000000000000000000000000000000000000000000000000000000000000010000111111100111000100001111111111111101111100111111000011001110000111111100001100111110000111100000001111111111111100000001111111111111100000000011111111111100000000111111111111110000000000011111111
000000000000000000000000000000000000000000000000000000000000000000000000000000000000000000000000000001111000000011000111011110000000000000010000011000000111100110001111000000011110011000001111000011111110000000000000011111110000000000000011111111100000000000011111111000000000000001111111111100000000
000000000000000000000000000000000000000000000000000000000000000000000000000000000000000000000000000010000111111100111000100001111111111111101111100111111000011001110000111111100001100111110000111100000001111111111111100000001111111111111100000000011111111111100000000111111111111110000000000011111111
000000000000000000000000000000000000000000000000000000000000000000000000000000000000000000000000000001111000000011000111011110000000000000010000011000000111100110001111000000011110011000001111000011001110000000000000011111110000000000000011111111100000000000011111111000000000000001111111111100000000
000000000000000000000000000000000000000000000000000000000000000000000000000000000000000000000000000010000111000000001000100001111100000001101111100110000000001001110000111110000000100111110000110000110001111111111111100000001111111111111100000000011111110001100000000111111111000010000000000011111000
000000000000000000000000000000000000000000000000000000000000000000000000000000000000000000000000000001111000111111110111011110000011111110010000011001111111110110001111000001111111011011001111001111001110000000000000011111110000000000000011111111100000001110011111111000000000111101111111111100000111
000000000000000000000000000000000000000000000000000000000000000000000000000000000000000000000000000010000111000000001000100001111100000001101111100110000000001001110000111110000000100100110000110000110001111111111111100000001111111111111100000000011111110001100000000111111111000010000000000011111000
000000000000000000000000000000000000000000000000000000000000000000000000000000000000000000000000000001111000111100110111011110000011111110010000011001111000010110001111000001100001011011001111001100001110000000000000011111110000000000000011111111100000001110011111111000000000111101111111111100000111
000000000000000000000000000000000000000000000000000000000000000000000000000000000000000000000000000010000111000011001000100001111100000001101111100110000111101001110000111110011110100100110000110011000001111111111111100000001111111111111100000000011111110001100000000111111111000010000000000011111000
000000000000000000000000000000000000000000000000000000000000000000000000000000000000000000000000000001111000111100110111011110000011111110010000011001111000010110001111000001100001011011001111001100111110000000000000011111110000000000000011111111100000001110011111111000000000111101111111111100000111
000000000000000000000000000000000000000000000000000000000000000000000000000000000000000000000000000010000111000011001000100001111100000001101111100110000111101001110000111110011110100100110000110011000001111111111111100000001111111111111100000000011111110001100000000111111111000010000000000011111000
000000000000000000000000000000000000000000000000000000000000000000000000000000000000000000000000000001111000111100110111011110000011111110010000011001111000010110001111000001100001011011001111001100111110000000000000011111110000000000000011111111100000001110011111111000000000111101111111111100000111
000000000000000000000000000000000000000000000000000000000000000000000000000000000000000000000000000010000111000011001000100001111100000001101111100110000111101001110000111110011110100100110000110011000001111111111111100000001111111111111100000000011111110001100000000111111111000010000000000011111000
000000000000000000000000000000000000000000000000000000000000000000000000000000000000000000000000000011111000111100110111111110000011111110011111111001111000010111111111000001100001011111111111001100111110000000000000011111110000000000000011111111100000001110011111111000000000111101111111111100000111
000000000000000000000000000000000000000000000000000000000000000000000000000000000000000000000000000001100000000000000011011000000000000000010000010000000000000010001100000000000000001011001100000000001000000000000000000000000000000000000000011100000000000000000111000000000000000000011110000000000000
000000000000000000000000000000000000000000000000000000000000000000000000000000000000000000000000000010000111000011001000100001111100000001101111100110000111101001110000111110011110100100110000110011000001111111111111100000001111111111111100000000011111110001100000000111111111000010000000000011111000
000000000000000000000000000000000000000000000000000000000000000000000000000000000000000000000000000001111000111100110111011110000011111110010000011001111000010110001111000001100001011011001111001100111110000000000000011111110000000000000011111111100000001110011111111000000000111101111111111100000111
000000000000000000000000000000000000000000000000000000000000000000000000000000000000000000000000000010000111000011001000100001111100000001101111100110000111101001110000111110011110100100110000110011000001111111111111100000001111111111111100000000011111110001100000000111111111000010000000000011111000
000000000000000000000000000000000000000000000000000000000000000000000000000000000000000000000000000001111000111100110111011110000011111110010000011001111000010110001111000001100001011011001111001100111110000000000000011111110000000000000011111111100000001110011111111000000000111101111111111100000111
000000000000000000000000000000000000000000000000000000000000000000000000000000000000000000000000000010000111000011001000100001111100000001101111100110000111101001110000111110011110100100110000110011000001111111111111100000001111111111111100000000011111110001100000000111111111000010000000000011111000
000000000000000000000000000000000000000000000000000000000000000000000000000000000000000000000000000001111000111100110111011110000011111110010000011001111000010110001111000001100001011011001111001100001110000000000000011111110000000000000011111111100000001110011111111000000000111101111111111100000111
000000000000000000000000000000000000000000000000000000000000000000000000000000000000000000000000000010000111000000001000100001111100000001101111100110000000001001110000111110000000100100110000110000110001111111111111100000001111111111111100000000011111110001100000000111111111000010000000000011111000
000000000000000000000000000000000000000000000000000000000000000000000000000000000000000000000000000001111000111111110111011110000011111110010000011001111111110110001111000001111111011011001111001111001110000000000000011111110000000000000011111111100000001110011111111000000000111101111111111100000111
000000000000000000000000000000000000000000000000000000000000000000000000000000000000000000000000000010000111000000001000100001111100000001101111100110000000001001110000111110000000100111110000110000110001111111111111100000001111111111111100000000011111110001100000000111111111000010000000000011111000
000000000000000000000000000000000000000000000000000000000000000000000000000000000000000000000000000001111000000011000111011110000000000000010000011000000111100110001111000000011110011000001111000011001110000000000000011111110000000000000011111111100000000000011111111000000000000001111111111100000000
000000000000000000000000000000000000000000000000000000000000000000000000000000000000000000000000000010000111111100111000100001111111111111101111100111111000011001110000111111100001100111110000111100000001111111111111100000001111111111111100000000011111111111100000000111111111111110000000000011111111
000000000000000000000000000000000000000000000000000000000000000000000000000000000000000000000000000001111000000011000111011110000000000000010000011000000111100110001111000000011110011000001111000011111110000000000000011111110000000000000011111111100000000000011111111000000000000001111111111100000000
000000000000000000000000000000000000000000000000000000000000000000000000000000000000000000000000000010000111111100111000100001111111111111101111100111111000011001110000111111100001100111110000111100000001111111111111100000001111111111111100000000011111111111100000000111111111111110000000000011111111
000000000000000000000000000000000000000000000000000000000000000000000000000000000000000000000000000001111000000000000111011110000000000000010000011000000000000110001111000000000000011000001111000000111110000000000000011111110000000000000011111111100000000000011111111000000000000001111111111100000000
000000000000000000000000000000000000000000000000000000000000000000000000000000000000000000000000000010000111111111111000100001111111111111101111100111111111111001110000111111111111100111110000111111000001111111111111100000001111111111111100000000011111111111100000000111111111111110000000000011111111
000000000000000000000000000000000000000000000000000000000000000000000000000000000000000000000000000011111000000000000111111110000000000000011111111000000000000111111111000000000000011100111111000000001110000000000000011111110000000000000011111111100000000000011111111000000000000001111111111100000000
000000000000000000000000000000000000000000000000000000000000000000000000000000000000000000000000000000000000111111110000000000000011111110000000000001111111110000000000000001111111000011000000001111110000000000000000000000000000000000000000000000000000001110000000000000000000111100000000000000000111
000000000000000000000000000000000000000000000000000000000000000000000000000000000000000000000000000011111111000000001111111111111100000001111111111110000000001111111111111110000000111100111111110000001111111111111111111111111111111111111111111111111111110001111111111111111111000011111111111111111000
000000000000000000000000000000000000000000000000000000000000000000000000000000000000000000000000000000000000000011000000000000000000000000000000000000000111100000000000000000011110000011000000000011110000000000000000000000000000000000000000000000000000000000000000000000000000000000000000000000000000
000000000000000000000000000000000000000000000000000000000000000000000000000000000000000000000000000011111111111100111111111111111111111111111111111111111000011111111111111111100001111111111111111100001111111111111111111111111111111111111111111111111111111111111111111111111111111111111111111111111111
000000000000000000000000000000000000000000000000000000000000000000000000000000000000000000000000000000000000000000000000000000000000000000000000000000000000000000000000000000000000000000000000000000000000000000000000000000000000000000000000000000000000000000000000000000000000000000000000000000000000
000000000000000000000000000000000000000000000000000000000000000000000000000000000000000000000000000011111111111111111111111111111111111111111111111111111111111111111111111111111111111111111111111111111111111111111111111111111111111111111111111111111111111111111111111111111111111111111111111111111111
000000000000000000000000000000000000000000000000000000000000000000000000000000000000000000000000000000000000000000000000000000000000000000000000000000000000000000000000000000000000000000000000000000000000000000000000000000000000000000000000000000000000000000000000000000000000000000000000000000000000
000000000000000000000000000000000000000000000000000000000000000000000000000000000000000000000000000011111111111111111111111111111111111111111111111111111111111111111111111111111111111111111111111111111111111111111111111111111111111111111111111111111111111111111111111111111111111111111111111111111111
000000000000000000000000000000000000000000000000000000000000000000000000000000000000000000000000000000000000000000000000000000000000000000000000000000000000000000000000000000000000000000000000000000000000000000000000000000000000000000000000000000000000000000000000000000000000000000000000000000000000
000000000000000000000000000000000000000000000000000000000000000000000000000000000000000000000000000000000000000000000000000000000000000000000000000000000000000000000000000000000000000000000000000000000000000000000000000000000000000000000000000000000000000000000000000000000000000000000000000000000000
000000000000000000000000000000000000000000000000000000000000000000000000000000000000000000000000000000000000000000000000000000000000000000000000000000000000000000000000000000000000000000000000000000000000000000000000000000000000000000000000000000000000000000000000000000000000000000000000000000000000
000000000000000000000000000000000000000000000000000000000000000000000000000000000000000000000000000000000000000000000000000000000000000000000000000000000000000000000000000000000000000000000000000000000000000000000000000000000000000000000000000000000000000000000000000000000000000000000000000000000000
000000000000000000000000000000000000000000000000000000000000000000000000000000000000000000000000000000000000000000000000000000000000000000000000000000000000000000000000000000000000000000000000000000000000000000000000000000000000000000000000000000000000000000000000000000000000000000000000000000000000
000000000000000000000000000000000000000000000000000000000000000000000000000000000000000000000000000000000000000000000000000000000000000000000000000000000000000000000000000000000000000000000000000000000000000000000000000000000000000000000000000000000000000000000000000000000000000000000000000000000000
000000000000000000000000000000000000000000000000000000000000000000000000000000000000000000000000000000000000000000000000000000000000000000000000000000000000000000000000000000000000000000000000000000000000000000000000000000000000000000000000000000000000000000000000000000000000000000000000000000000000
000000000000000000000000000000000000000000000000000000000000000000000000000000000000000000000000000000000000000000000000000000000000000000000000000000000000000000000000000000000000000000000000000000000000000000000000000000000000000000000000000000000000000000000000000000000000000000000000000000000000
000000000000000000000000000000000000000000000000000000000000000000000000000000000000000000000000000000000000000000000000000000000000000000000000000000000000000000000000000000000000000000000000000000000000000000000000000000000000000000000000000000000000000000000000000000000000000000000000000000000000
000000000000000000000000000000000000000000000000000000000000000000000000000000000000000000000000000000000000000000000000000000000000000000000000000000000000000000000000000000000000000000000000000000000000000000000000000000000000000000000000000000000000000000000000000000000000000000000000000000000000
000000000000000000000000000000000000000000000000000000000000000000000000000000000000000000000000000011111111111111111111111111111111111111111111111111111111111111111111111111111111111111111111111111111111111111111111111111111111111111111111111111111111111111111111111111111111111111111111111111111111
000000000000000000000000000000000000000000000000000000000000000000000000000000000000000000000000000000000000000000000000000000000000000000000000000000000000000000000000000000000000000000000000000000000000000000000000000000000000000000000000000000000000000000000000000000000000000000000000000000000000
000000000000000000000000000000000000000000000000000000000000000000000000000000000000000000000000000011111111111111111111111111111111111111111111111111111111111111111111111111111111111111111111111111111111111111111111111111111111111111111111111111111111111111111111111111111111111111111111111111111111
000000000000000000000000000000000000000000000000000000000000000000000000000000000000000000000000000000000000000000000000000000000000000000000000000000000000000000000000000000000000000000000000000000000000000000000000000000000000000000000000000000000000000000000000000000000000000000000000000000000000
000000000000000000000000000000000000000000000000000000000000000000000000000000000000000000000000000000011111111111111111110011111111111111111111111111111111111111100001111111111111111110000111111111111111111111111111111111111111111111111111111111111111111111111111111111111111111111111111111111111111
000000000000000000000000000000000000000000000000000000000000000000000000000000000000000000000000000011100000000000000000001100000000000000000000000000000000000000011110000000000000000001111000001100000000000000000000000000000000000000000000000000000000000000000000000000000000000000000000000000000000
000000000000000000000000000000000000000000000000000000000000000000000000000000000000000000000000000000001111111111111100000000111111111111110000000111111111111000000000111111111111111000000011110011110001111111111111111111111111111111111111111111111111111111111111000111111111111111111100001111111111
000000000000000000000000000000000000000000000000000000000000000000000000000000000000000000000000000011110000000000000011111111000000000000001111111000000000000111111111000000000000000111111100001100001110000000000000000000000000000000000000000000000000000000000000111000000000000000000011110000000000
000000000000000000000000000000000000000000000000000000000000000000000000000000000000000000000000000000000111111111100000000000011111111000000000000001111111100000000000011111111100000000000001110011110000011111111000000000000001111111000000000000001111111110000000000001111111100000000000000111111111
000000000000000000000000000000000000000000000000000000000000000000000000000000000000000000000000000011111001111000011111111111100010000111111111111110111110011111111111100111000011111111111110011111001111100000000111111111111110000000111111111111110000000001111111111110000000011111111111111000000000
000000000000000000000000000000000000000000000000000000000000000000000000000000000000000000000000000000000110000111100000000000011101111000000000000001000001100000000000011000111100000000000001100000110000011111111000000000000001111111000000000000001111111110000000000001111111100000000000000111111111
000000000000000000000000000000000000000000000000000000000000000000000000000000000000000000000000000000011001111000011111110011100010000111111111111110111110011111100001100111000011111110000110011111001111100000000111111111111110000000111111111111110000000001111111111110000000011111111111111000000000
000000000000000000000000000000000000000000000000000000000000000000000000000000000000000000000000000011100110000111100000001100011101111000000000000001000001100000011110011000111100000001111001100000110000011111111000000000000001111111000000000000001111111110000000000001111111100000000000000111111111
000000000000000000000000000000000000000000000000000000000000000000000000000000000000000000000000000000011001111000011111110011100010000111111111111110111110011111100001100111000011111110000110011111001111100000000111111111111110000000111111111111110000000001111111111110000000011111111111111000000000
000000000000000000000000000000000000000000000000000000000000000000000000000000000000000000000000000011100110000111100000001100011101111000000000000001000001100000011110011000111100000001111001100000110000011111111000000000000001111111000000000000001111111110000000000001111111100000000000000111111111
000000000000000000000000000000000000000000000000000000000000000000000000000000000000000000000000000000001001111000011100000000100010000111110000000110111110011000000000100111000011111000000010011111000001100000000111111111111110000000111111111111110000000001111111000110000000011111111100001000000000
000000000000000000000000000000000000000000000000000000000000000000000000000000000000000000000000000011110110000111100011111111011101111000001111111001000001100111111111011000111100000111111101101100111110011111111000000000000001111111000000000000001111111110000000111001111111100000000011110111111111
000000000000000000000000000000000000000000000000000000000000000000000000000000000000000000000000000000001001111000011100000000100010000111110000000110111110011000000000100111000011111000000010010011000001100000000111111111111110000000111111111111110000000001111111000110000000011111111100001000000000
000000000000000000000000000000000000000000000000000000000000000000000000000000000000000000000000000000010110000111100011110011011101111000001111111001000001100111100001011000111100000110000101101100111110011111111000000000000001111111000000000000001111111110000000111001111111100000000011110111111111
000000000000000000000000000000000000000000000000000000000000000000000000000000000000000000000000000011101001111000011100001100100010000111110000000110111110011000011110100111000011111001111010010011000001100000000111111111111110000000111111111111110000000001111111000110000000011111111100001000000000
000000000000000000000000000000000000000000000000000000000000000000000000000000000000000000000000000000010110000111100011110011011101111000001111111001000001100111100001011000111100000110000101101100111110011111111000000000000001111111000000000000001111111110000000111001111111100000000011110111111111
000000000000000000000000000000000000000000000000000000000000000000000000000000000000000000000000000011101001111000011100001100100010000111110000000110111110011000011110100111000011111001111010010011000001100000000111111111111110000000111111111111110000000001111111000110000000011111111100001000000000
000000000000000000000000000000000000000000000000000000000000000000000000000000000000000000000000000000010110000111100011110011011101111000001111111001000001100111100001011000111100000110000101101100111110011111111000000000000001111111000000000000001111111110000000111001111111100000000011110111111111
000000000000000000000000000000000000000000000000000000000000000000000000000000000000000000000000000011101001111000011100001100100010000111110000000110111110011000011110100111000011111001111010010011000001100000000111111111111110000000111111111111110000000001111111000110000000011111111100001000000000
000000000000000000000000000000000000000000000000000000000000000000000000000000000000000000000000000000010111111111100011110011011111111000001111111001111111100111100001011111111100000110000101111111111110011111111000000000000001111111000000000000001111111110000000111001111111100000000011110111111111
000000000000000000000000000000000000000000000000000000000000000000000000000000000000000000000000000000000010000110000000000000001101100000000000000001000001000000000000001000110000000000000000101100110000000111100000000000000000000000000000000000000001110000000000000000011100000000000000000001111000
000000000000000000000000000000000000000000000000000000000000000000000000000000000000000000000000000011101001111000011100001100100010000111110000000110111110011000011110100111000011111001111010010011000001100000000111111111111110000000111111111111110000000001111111000110000000011111111100001000000000
000000000000000000000000000000000000000000000000000000000000000000000000000000000000000000000000000000010110000111100011110011011101111000001111111001000001100111100001011000111100000110000101101100111110011111111000000000000001111111000000000000001111111110000000111001111111100000000011110111111111
000000000000000000000000000000000000000000000000000000000000000000000000000000000000000000000000000011101001111000011100001100100010000111110000000110111110011000011110100111000011111001111010010011000001100000000111111111111110000000111111111111110000000001111111000110000000011111111100001000000000
000000000000000000000000000000000000000000000000000000000000000000000000000000000000000000000000000000010110000111100011110011011101111000001111111001000001100111100001011000111100000110000101101100111110011111111000000000000001111111000000000000001111111110000000111001111111100000000011110111111111
000000000000000000000000000000000000000000000000000000000000000000000000000000000000000000000000000011101001111000011100001100100010000111110000000110111110011000011110100111000011111001111010010011000001100000000111111111111110000000111111111111110000000001111111000110000000011111111100001000000000
000000000000000000000000000000000000000000000000000000000000000000000000000000000000000000000000000000010110000111100011110011011101111000001111111001000001100111100001011000111100000110000101101100111110011111111000000000000001111111000000000000001111111110000000111001111111100000000011110111111111
000000000000000000000000000000000000000000000000000000000000000000000000000000000000000000000000000000001001111000011100000000100010000111110000000110111110011000000000100111000011111000000010010011000001100000000111111111111110000000111111111111110000000001111111000110000000011111111100001000000000
000000000000000000000000000000000000000000000000000000000000000000000000000000000000000000000000000011110110000111100011111111011101111000001111111001000001100111111111011000111100000111111101101100111110011111111000000000000001111111000000000000001111111110000000111001111111100000000011110111111111
000000000000000000000000000000000000000000000000000000000000000000000000000000000000000000000000000000001001111000011100000000100010000111110000000110111110011000000000100111000011111000000010011111000001100000000111111111111110000000111111111111110000000001111111000110000000011111111100001000000000
000000000000000000000000000000000000000000000000000000000000000000000000000000000000000000000000000011100110000111100000001100011101111000000000000001000001100000011110011000111100000001111001100000110000011111111000000000000001111111000000000000001111111110000000000001111111100000000000000111111111
000000000000000000000000000000000000000000000000000000000000000000000000000000000000000000000000000000011001111000011111110011100010000111111111111110111110011111100001100111000011111110000110011111001111100000000111111111111110000000111111111111110000000001111111111110000000011111111111111000000000
000000000000000000000000000000000000000000000000000000000000000000000000000000000000000000000000000011100110000111100000001100011101111000000000000001000001100000011110011000111100000001111001100000110000011111111000000000000001111111000000000000001111111110000000000001111111100000000000000111111111
000000000000000000000000000000000000000000000000000000000000000000000000000000000000000000000000000000011001111000011111110011100010000111111111111110111110011111100001100111000011111110000110011111001111100000000111111111111110000000111111111111110000000001111111111110000000011111111111111000000000
000000000000000000000000000000000000000000000000000000000000000000000000000000000000000000000000000000000110000111100000000000011101111000000000000001000001100000000000011000111100000000000001100000110000011111111000000000000001111111000000000000001111111110000000000001111111100000000000000111111111
000000000000000000000000000000000000000000000000000000000000000000000000000000000000000000000000000011111001111000011111111111100010000111111111111110111110011111111111100111000011111111111110011111001111100000000111111111111110000000111111111111110000000001111111111110000000011111111111111000000000
000000000000000000000000000000000000000000000000000000000000000000000000000000000000000000000000000000000111111111100000000000011111111000000000000001111111100000000000011111111100000000000001110011110000011111111000000000000001111111000000000000001111111110000000000001111111100000000000000111111111
000000000000000000000000000000000000000000000000000000000000000000000000000000000000000000000000000011110000000000000011111111000000000000001111111000000000000111111111000000000000000111111100001100001110000000000000000000000000000000000000000000000000000000000000111000000000000000000011110000000000
000000000000000000000000000000000000000000000000000000000000000000000000000000000000000000000000000000001111111111111100000000111111111111110000000111111111111000000000111111111111111000000011110011110001111111111111111111111111111111111111111111111111111111111111000111111111111111111100001111111111
000000000000000000000000000000000000000000000000000000000000000000000000000000000000000000000000000011100000000000000000001100000000000000000000000000000000000000011110000000000000000001111000001100000000000000000000000000000000000000000000000000000000000000000000000000000000000000000000000000000000
000000000000000000000000000000000000000000000000000000000000000000000000000000000000000000000000000000011111111111111111110011111111111111111111111111111111111111100001111111111111111110000111111111111111111111111111111111111111111111111111111111111111111111111111111111111111111111111111111111111111
000000000000000000000000000000000000000000000000000000000000000000000000000000000000000000000000000000000000000000000000000000000000000000000000000000000000000000000000000000000000000000000000000000000000000000000000000000000000000000000000000000000000000000000000000000000000000000000000000000000000
000000000000000000000000000000000000000000000000000000000000000000000000000000000000000000000000000011111111111111111111111111111111111111111111111111111111111111111111111111111111111111111111111111111111111111111111111111111111111111111111111111111111111111111111111111111111111111111111111111111111
000000000000000000000000000000000000000000000000000000000000000000000000000000000000000000000000000000000000000000000000000000000000000000000000000000000000000000000000000000000000000000000000000000000000000000000000000000000000000000000000000000000000000000000000000000000000000000000000000000000000
000000000000000000000000000000000000000000000000000000000000000000000000000000000000000000000000000011111111111111111111111111111111111111111111111111111111111111111111111111111111111111111111111111111111111111111111111111111111111111111111111111111111111111111111111111111111111111111111111111111111
000000000000000000000000000000000000000000000000000000000000000000000000000000000000000000000000000000000000000000000000000000000000000000000000000000000000000000000000000000000000000000000000000000000000000000000000000000000000000000000000000000000000000000000000000000000000000000000000000000000000
000000000000000000000000000000000000000000000000000000000000000000000000000000000000000000000000000000000000000000000000000000000000000000000000000000000000000000000000000000000000000000000000000000000000000000000000000000000000000000000000000000000000000000000000000000000000000000000000000000000000
000000000000000000000000000000000000000000000000000000000000000000000000000000000000000000000000000000000000000000000000000000000000000000000000000000000000000000000000000000000000000000000000000000000000000000000000000000000000000000000000000000000000000000000000000000000000000000000000000000000000
000000000000000000000000000000000000000000000000000000000000000000000000000000000000000000000000000000000000000000000000000000000000000000000000000000000000000000000000000000000000000000000000000000000000000000000000000000000000000000000000000000000000000000000000000000000000000000000000000000000000
000000000000000000000000000000000000000000000000000000000000000000000000000000000000000000000000000000000000000000000000000000000000000000000000000000000000000000000000000000000000000000000000000000000000000000000000000000000000000000000000000000000000000000000000000000000000000000000000000000000000
000000000000000000000000000000000000000000000000000000000000000000000000000000000000000000000000000000000000000000000000000000000000000000000000000000000000000000000000000000000000000000000000000000000000000000000000000000000000000000000000000000000000000000000000000000000000000000000000000000000000
000000000000000000000000000000000000000000000000000000000000000000000000000000000000000000000000000000000000000000000000000000000000000000000000000000000000000000000000000000000000000000000000000000000000000000000000000000000000000000000000000000000000000000000000000000000000000000000000000000000000
000000000000000000000000000000000000000000000000000000000000000000000000000000000000000000000000000000000000000000000000000000000000000000000000000000000000000000000000000000000000000000000000000000000000000000000000000000000000000000000000000000000000000000000000000000000000000000000000000000000000
000000000000000000000000000000000000000000000000000000000000000000000000000000000000000000000000000000000000000000000000000000000000000000000000000000000000000000000000000000000000000000000000000000000000000000000000000000000000000000000000000000000000000000000000000000000000000000000000000000000000
000000000000000000000000000000000000000000000000000000000000000000000000000000000000000000000000000000000000000000000000000000000000000000000000000000000000000000000000000000000000000000000000000000000000000000000000000000000000000000000000000000000000000000000000000000000000000000000000000000000000
000000000000000000000000000000000000000000000000000000000000000000000000000000000000000000000000000011111111111111111111111111111111111111111111111111111111111111111111111111111111111111111111111111111111111111111111111111111111111111111111111111111111111111111111111111111111111111111111111111111111
000000000000000000000000000000000000000000000000000000000000000000000000000000000000000000000000000000000000000000000000000000000000000000000000000000000000000000000000000000000000000000000000000000000000000000000000000000000000000000000000000000000000000000000000000000000000000000000000000000000000
000000000000000000000000000000000000000000000000000000000000000000000000000000000000000000000000000011111111111111111111111111111111111111111111111111111111111111111111111111111111111111111111111111111111111111111111111111111111111111111111111111111111111111111111111111111111111111111111111111111111
000000000000000000000000000000000000000000000000000000000000000000000000000000000000000000000000000000000000000000000000000000000000000000000000000000000000000000000000000000000000000000000000000000000000000000000000000000000000000000000000000000000000000000000000000000000000000000000000000000000000
000000000000000000000000000000000000000000000000000000000000000000000000000000000000000000000000000011111111000001111111111111111111001111111111111111111111111111111111111110000111111111111111111000011111111111111111111111111111111111111111111111111111111111111111111111111111111111111111111111111111
000000000000000000000000000000000000000000000000000000000000000000000000000000000000000000000000000000000000111110000000000000000000110000000000000000000000000000000000000001111000000000000000000111100000000000000000000000000000000000000000000000000000000000000000000000000000000000000000000000000000
000000000000000000000000000000000000000000000000000000000000000000000000000000000000000000000000000011111000000000111111111111110000000011111111111111000000011111111111100000000011111111111111100000001111111000000111111111111111111111111111111111111111111111111111111111111100011111111111111111110000
000000000000000000000000000000000000000000000000000000000000000000000000000000000000000000000000000000000111111111000000000000001111111100000000000000111111100000000000011111111100000000000000011111110000000111111000000000000000000000000000000000000000000000000000000000000011100000000000000000001111
000000000000000000000000000000000000000000000000000000000000000000000000000000000000000000000000000011000000000000011111111110000000000001111111100000000000000111111110000000000001111111110000000000001100000000000001111111100000000000000111111100000000000000111111111000000000000111111110000000000000
000000000000000000000000000000000000000000000000000000000000000000000000000000000000000000000000000000111111111111100111100001111111111110001000011111111111111011111001111111111110011100001111111111110011111111111110000000011111111111111000000011111111111111000000000111111111111000000001111111111111
000000000000000000000000000000000000000000000000000000000000000000000000000000000000000000000000000011000000000000011000011110000000000001110111100000000000000100000110000000000001100011110000000000001100000000000001111111100000000000000111111100000000000000111111111000000000000111111110000000000000
000000000000000000000000000000000000000000000000000000000000000000000000000000000000000000000000000000111111000001100111100001111111001110001000011111111111111011111001111110000110011100001111111000010011111111111110000000011111111111111000000011111111111111000000000111111111111000000001111111111111
000000000000000000000000000000000000000000000000000000000000000000000000000000000000000000000000000011000000111110011000011110000000110001110111100000000000000100000110000001111001100011110000000111101100000000000001111111100000000000000111111100000000000000111111111000000000000111111110000000000000
000000000000000000000000000000000000000000000000000000000000000000000000000000000000000000000000000000111111000001100111100001111111001110001000011111111111111011111001111110000110011100001111111000010011111111111110000000011111111111111000000011111111111111000000000111111111111000000001111111111111
000000000000000000000000000000000000000000000000000000000000000000000000000000000000000000000000000011000000111110011000011110000000110001110111100000000000000100000110000001111001100011110000000111101100000000000001111111100000000000000111111100000000000000111111111000000000000111111110000000000000
000000000000000000000000000000000000000000000000000000000000000000000000000000000000000000000000000000111000000000100111100001110000000010001000011111000000011011111001100000000010011100001111100000000011111000000110000000011111111111111000000011111111111111000000000111111100011000000001111111110000
000000000000000000000000000000000000000000000000000000000000000000000000000000000000000000000000000011000111111111011000011110001111111101110111100000111111100100000110011111111101100011110000011111111100000111111001111111100000000000000111111100000000000000111111111000000011100111111110000000001111
000000000000000000000000000000000000000000000000000000000000000000000000000000000000000000000000000000111000000000100111100001110000000010001000011111000000011011111001100000000010011100001111100000000011111000000110000000011111111111111000000011111111111111000000000111111100011000000001111111110000
000000000000000000000000000000000000000000000000000000000000000000000000000000000000000000000000000011000111000001011000011110001111001101110111100000111111100100000110011110000101100011110000011000011100000111111001111111100000000000000111111100000000000000111111111000000011100111111110000000001111
000000000000000000000000000000000000000000000000000000000000000000000000000000000000000000000000000000111000111110100111100001110000110010001000011111000000011011111001100001111010011100001111100111100011111000000110000000011111111111111000000011111111111111000000000111111100011000000001111111110000
000000000000000000000000000000000000000000000000000000000000000000000000000000000000000000000000000011000111000001011000011110001111001101110111100000111111100100000110011110000101100011110000011000011100000111111001111111100000000000000111111100000000000000111111111000000011100111111110000000001111
000000000000000000000000000000000000000000000000000000000000000000000000000000000000000000000000000000111000111110100111100001110000110010001000011111000000011011111001100001111010011100001111100111100011111000000110000000011111111111111000000011111111111111000000000111111100011000000001111111110000
000000000000000000000000000000000000000000000000000000000000000000000000000000000000000000000000000011000111000001011000011110001111001101110111100000111111100100000110011110000101100011110000011000011100000111111001111111100000000000000111111100000000000000111111111000000011100111111110000000001111
000000000000000000000000000000000000000000000000000000000000000000000000000000000000000000000000000000111000111110100111100001110000110010001000011111000000011011111001100001111010011100001111100111100011111000000110000000011111111111111000000011111111111111000000000111111100011000000001111111110000
000000000000000000000000000000000000000000000000000000000000000000000000000000000000000000000000000011000111000001011111111110001111001101111111100000111111100111111110011110000101111111110000011000011100000111111001111111100000000000000111111100000000000000111111111000000011100111111110000000001111
000000000000000000000000000000000000000000000000000000000000000000000000000000000000000000000000000000000000000000001000011000000000000000110110000000000000000100000100000000000000100011000000000000000000000000000000011110000000000000000000000000000000000000000111000000000000000001110000000000000000
000000000000000000000000000000000000000000000000000000000000000000000000000000000000000000000000000000111000111110100111100001110000110010001000011111000000011011111001100001111010011100001111100111100011111000000110000000011111111111111000000011111111111111000000000111111100011000000001111111110000
000000000000000000000000000000000000000000000000000000000000000000000000000000000000000000000000000011000111000001011000011110001111001101110111100000111111100100000110011110000101100011110000011000011100000111111001111111100000000000000111111100000000000000111111111000000011100111111110000000001111
000000000000000000000000000000000000000000000000000000000000000000000000000000000000000000000000000000111000111110100111100001110000110010001000011111000000011011111001100001111010011100001111100111100011111000000110000000011111111111111000000011111111111111000000000111111100011000000001111111110000
000000000000000000000000000000000000000000000000000000000000000000000000000000000000000000000000000011000111000001011000011110001111001101110111100000111111100100000110011110000101100011110000011000011100000111111001111111100000000000000111111100000000000000111111111000000011100111111110000000001111
000000000000000000000000000000000000000000000000000000000000000000000000000000000000000000000000000000111000111110100111100001110000110010001000011111000000011011111001100001111010011100001111100111100011111000000110000000011111111111111000000011111111111111000000000111111100011000000001111111110000
000000000000000000000000000000000000000000000000000000000000000000000000000000000000000000000000000011000111000001011000011110001111001101110111100000111111100100000110011110000101100011110000011000011100000111111001111111100000000000000111111100000000000000111111111000000011100111111110000000001111
000000000000000000000000000000000000000000000000000000000000000000000000000000000000000000000000000000111000000000100111100001110000000010001000011111000000011011111001100000000010011100001111100000000011111000000110000000011111111111111000000011111111111111000000000111111100011000000001111111110000
000000000000000000000000000000000000000000000000000000000000000000000000000000000000000000000000000011000111111111011000011110001111111101110111100000111111100100000110011111111101100011110000011111111100000111111001111111100000000000000111111100000000000000111111111000000011100111111110000000001111
000000000000000000000000000000000000000000000000000000000000000000000000000000000000000000000000000000111000000000100111100001110000000010001000011111000000011011111001100000000010011100001111100000000011111000000110000000011111111111111000000011111111111111000000000111111100011000000001111111110000
000000000000000000000000000000000000000000000000000000000000000000000000000000000000000000000000000011000000111110011000011110000000110001110111100000000000000100000110000001111001100011110000000111101100000000000001111111100000000000000111111100000000000000111111111000000000000111111110000000000000
000000000000000000000000000000000000000000000000000000000000000000000000000000000000000000000000000000111111000001100111100001111111001110001000011111111111111011111001111110000110011100001111111000010011111111111110000000011111111111111000000011111111111111000000000111111111111000000001111111111111
000000000000000000000000000000000000000000000000000000000000000000000000000000000000000000000000000011000000111110011000011110000000110001110111100000000000000100000110000001111001100011110000000111101100000000000001111111100000000000000111111100000000000000111111111000000000000111111110000000000000
000000000000000000000000000000000000000000000000000000000000000000000000000000000000000000000000000000111111000001100111100001111111001110001000011111111111111011111001111110000110011100001111111000010011111111111110000000011111111111111000000011111111111111000000000111111111111000000001111111111111
000000000000000000000000000000000000000000000000000000000000000000000000000000000000000000000000000011000000000000011000011110000000000001110111100000000000000100000110000000000001100011110000000000001100000000000001111111100000000000000111111100000000000000111111111000000000000111111110000000000000
000000000000000000000000000000000000000000000000000000000000000000000000000000000000000000000000000000111111111111100111100001111111111110001000011111111111111011111001111111111110011100001111111111110011111111111110000000011111111111111000000011111111111111000000000111111111111000000001111111111111
000000000000000000000000000000000000000000000000000000000000000000000000000000000000000000000000000011000000000000011111111110000000000001111111100000000000000111111110000000000001111111110000000000001100000000000001111111100000000000000111111100000000000000111111111000000000000111111110000000000000
000000000000000000000000000000000000000000000000000000000000000000000000000000000000000000000000000000000111111111000000000000001111111100000000000000111111100000000000011111111100000000000000011111110000000111111000000000000000000000000000000000000000000000000000000000000011100000000000000000001111
000000000000000000000000000000000000000000000000000000000000000000000000000000000000000000000000000011111000000000111111111111110000000011111111111111000000011111111111100000000011111111111111100000001111111000000111111111111111111111111111111111111111111111111111111111111100011111111111111111110000
000000000000000000000000000000000000000000000000000000000000000000000000000000000000000000000000000000000000111110000000000000000000110000000000000000000000000000000000000001111000000000000000000111100000000000000000000000000000000000000000000000000000000000000000000000000000000000000000000000000000
000000000000000000000000000000000000000000000000000000000000000000000000000000000000000000000000000011111111000001111111111111111111001111111111111111111111111111111111111110000111111111111111111000011111111111111111111111111111111111111111111111111111111111111111111111111111111111111111111111111111
000000000000000000000000000000000000000000000000000000000000000000000000000000000000000000000000000000000000000000000000000000000000000000000000000000000000000000000000000000000000000000000000000000000000000000000000000000000000000000000000000000000000000000000000000000000000000000000000000000000000
000000000000000000000000000000000000000000000000000000000000000000000000000000000000000000000000000011111111111111111111111111111111111111111111111111111111111111111111111111111111111111111111111111111111111111111111111111111111111111111111111111111111111111111111111111111111111111111111111111111111
000000000000000000000000000000000000000000000000000000000000000000000000000000000000000000000000000000000000000000000000000000000000000000000000000000000000000000000000000000000000000000000000000000000000000000000000000000000000000000000000000000000000000000000000000000000000000000000000000000000000
000000000000000000000000000000000000000000000000000000000000000000000000000000000000000000000000000011111111111111111111111111111111111111111111111111111111111111111111111111111111111111111111111111111111111111111111111111111111111111111111111111111111111111111111111111111111111111111111111111111111
000000000000000000000000000000000000000000000000000000000000000000000000000000000000000000000000000000000000000000000000000000000000000000000000000000000000000000000000000000000000000000000000000000000000000000000000000000000000000000000000000000000000000000000000000000000000000000000000000000000000
000000000000000000000000000000000000000000000000000000000000000000000000000000000000000000000000000000000000000000000000000000000000000000000000000000000000000000000000000000000000000000000000000000000000000000000000000000000000000000000000000000000000000000000000000000000000000000000000000000000000
000000000000000000000000000000000000000000000000000000000000000000000000000000000000000000000000000000000000000000000000000000000000000000000000000000000000000000000000000000000000000000000000000000000000000000000000000000000000000000000000000000000000000000000000000000000000000000000000000000000000
000000000000000000000000000000000000000000000000000000000000000000000000000000000000000000000000000000000000000000000000000000000000000000000000000000000000000000000000000000000000000000000000000000000000000000000000000000000000000000000000000000000000000000000000000000000000000000000000000000000000
000000000000000000000000000000000000000000000000000000000000000000000000000000000000000000000000000000000000000000000000000000000000000000000000000000000000000000000000000000000000000000000000000000000000000000000000000000000000000000000000000000000000000000000000000000000000000000000000000000000000
000000000000000000000000000000000000000000000000000000000000000000000000000000000000000000000000000000000000000000000000000000000000000000000000000000000000000000000000000000000000000000000000000000000000000000000000000000000000000000000000000000000000000000000000000000000000000000000000000000000000
000000000000000000000000000000000000000000000000000000000000000000000000000000000000000000000000000000000000000000000000000000000000000000000000000000000000000000000000000000000000000000000000000000000000000000000000000000000000000000000000000000000000000000000000000000000000000000000000000000000000
000000000000000000000000000000000000000000000000000000000000000000000000000000000000000000000000000000000000000000000000000000000000000000000000000000000000000000000000000000000000000000000000000000000000000000000000000000000000000000000000000000000000000000000000000000000000000000000000000000000000
000000000000000000000000000000000000000000000000000000000000000000000000000000000000000000000000000000000000000000000000000000000000000000000000000000000000000000000000000000000000000000000000000000000000000000000000000000000000000000000000000000000000000000000000000000000000000000000000000000000000
000000000000000000000000000000000000000000000000000000000000000000000000000000000000000000000000000000000000000000000000000000000000000000000000000000000000000000000000000000000000000000000000000000000000000000000000000000000000000000000000000000000000000000000000000000000000000000000000000000000000
000000000000000000000000000000000000000000000000000000000000000000000000000000000000000000000000000011111111111111111111111111111111111111111111111111111111111111111111111111111111111111111111111111111111111111111111111111111111111111111111111111111111111111111111111111111111111111111111111111111111
000000000000000000000000000000000000000000000000000000000000000000000000000000000000000000000000000000000000000000000000000000000000000000000000000000000000000000000000000000000000000000000000000000000000000000000000000000000000000000000000000000000000000000000000000000000000000000000000000000000000
000000000000000000000000000000000000000000000000000000000000000000000000000000000000000000000000000011111111111111111111111111111111111111111111111111111111111111111111111111111111111111111111111111111111111111111111111111111111111111111111111111111111111111111111111111111111111111111111111111111111
000000000000000000000000000000000000000000000000000000000000000000000000000000000000000000000000000000000000000000000000000000000000000000000000000000000000000000000000000000000000000000000000000000000000000000000000000000000000000000000000000000000000000000000000000000000000000000000000000000000000
000000000000000000000000000000000000000000000000000000000000000000000000000000000000000000000000000001111111111111111100000111111111111111111100111111111111111111111111111111111111111000011111111111111111111111111111111111111111111111111111111111111111111111111111111111111111111111111111111111111111
000000000000000000000000000000000000000000000000000000000000000000000000000000000000000000000000000010000000000000000011111000000000000000000011000000000000000000000000000000000000000111100000000000000000000000000000000000000000000000000000000000000000000000000000000000000000000000000000000000000000
000000000000000000000000000000000000000000000000000000000000000000000000000000000000000000000000000000111111111111100000000011111111111111000000001111111111111100000001111111111110000000001111111111110111111111111111100000011111111111111111111111111111111111111111111111111111111111110001111111111111
000000000000000000000000000000000000000000000000000000000000000000000000000000000000000000000000000011000000000000011111111100000000000000111111110000000000000011111110000000000001111111110000000000001000000000000000011111100000000000000000000000000000000000000000000000000000000000001110000000000000
000000000000000000000000000000000000000000000000000000000000000000000000000000000000000000000000000000011111111100000000000001111111111000000000000111111110000000000000011111111000000000000111111111000001111111110000000000000111111110000000000000011111110000000000000011111111100000000000011111111000
000000000000000000000000000000000000000000000000000000000000000000000000000000000000000000000000000011100111100011111111111110011110000111111111111000100001111111111111101111100111111111111001110000111110000000001111111111111000000001111111111111100000001111111111111100000000011111111111100000000111
000000000000000000000000000000000000000000000000000000000000000000000000000000000000000000000000000000011000011100000000000001100001111000000000000111011110000000000000010000011000000000000110001111000001111111110000000000000111111110000000000000011111110000000000000011111111100000000000011111111000
000000000000000000000000000000000000000000000000000000000000000000000000000000000000000000000000000001100111100011111100000110011110000111111100111000100001111111111111101111100111111000011001110000111110000000001111111111111000000001111111111111100000001111111111111100000000011111111111100000000111
000000000000000000000000000000000000000000000000000000000000000000000000000000000000000000000000000010011000011100000011111001100001111000000011000111011110000000000000010000011000000111100110001111000001111111110000000000000111111110000000000000011111110000000000000011111111100000000000011111111000
000000000000000000000000000000000000000000000000000000000000000000000000000000000000000000000000000001100111100011111100000110011110000111111100111000100001111111111111101111100111111000011001110000111110000000001111111111111000000001111111111111100000001111111111111100000000011111111111100000000111
000000000000000000000000000000000000000000000000000000000000000000000000000000000000000000000000000010011000011100000011111001100001111000000011000111011110000000000000010000011000000111100110001111000001111111110000000000000111111110000000000000011111110000000000000011111111100000000000011111111000
000000000000000000000000000000000000000000000000000000000000000000000000000000000000000000000000000000100111100011100000000010011110000111000000001000100001111100000001101111100110000000001001110000110110000000001111100000011000000001111111111111100000001111111111111100000000011111110001100000000111
000000000000000000000000000000000000000000000000000000000000000000000000000000000000000000000000000011011000011100011111111101100001111000111111110111011110000011111110010000011001111111110110001111001001111111110000011111100111111110000000000000011111110000000000000011111111100000001110011111111000
000000000000000000000000000000000000000000000000000000000000000000000000000000000000000000000000000000100111100011100000000010011110000111000000001000100001111100000001101111100110000000001001110000110110000000001111100000011000000001111111111111100000001111111111111100000000011111110001100000000111
000000000000000000000000000000000000000000000000000000000000000000000000000000000000000000000000000001011000011100011100000101100001111000111100110111011110000011111110010000011001111000010110001111001001111111110000011111100111111110000000000000011111110000000000000011111111100000001110011111111000
000000000000000000000000000000000000000000000000000000000000000000000000000000000000000000000000000010100111100011100011111010011110000111000011001000100001111100000001101111100110000111101001110000110110000000001111100000011000000001111111111111100000001111111111111100000000011111110001100000000111
000000000000000000000000000000000000000000000000000000000000000000000000000000000000000000000000000001011000011100011100000101100001111000111100110111011110000011111110010000011001111000010110001111001001111111110000011111100111111110000000000000011111110000000000000011111111100000001110011111111000
000000000000000000000000000000000000000000000000000000000000000000000000000000000000000000000000000010100111100011100011111010011110000111000011001000100001111100000001101111100110000111101001110000110110000000001111100000011000000001111111111111100000001111111111111100000000011111110001100000000111
000000000000000000000000000000000000000000000000000000000000000000000000000000000000000000000000000001011000011100011100000101100001111000111100110111011110000011111110010000011001111000010110001111001001111111110000011111100111111110000000000000011111110000000000000011111111100000001110011111111000
000000000000000000000000000000000000000000000000000000000000000000000000000000000000000000000000000010100111100011100011111010011110000111000011001000100001111100000001101111100110000111101001110000110110000000001111100000011000000001111111111111100000001111111111111100000000011111110001100000000111
000000000000000000000000000000000000000000000000000000000000000000000000000000000000000000000000000001011111111100011100000101111111111000111100110111111110000011111110011111111001111000010111111111001001111111110000011111100111111110000000000000011111110000000000000011111111100000001110011111111000
000000000000000000000000000000000000000000000000000000000000000000000000000000000000000000000000000000001000010000000000000000100001100000000000000011011000000000000000010000010000000000000010001100000000011110000000000000000001111000000000000000000000000000000000000000011100000000000000000111000000
000000000000000000000000000000000000000000000000000000000000000000000000000000000000000000000000000010100111100011100011111010011110000111000011001000100001111100000001101111100110000111101001110000110110000000001111100000011000000001111111111111100000001111111111111100000000011111110001100000000111
000000000000000000000000000000000000000000000000000000000000000000000000000000000000000000000000000001011000011100011100000101100001111000111100110111011110000011111110010000011001111000010110001111001001111111110000011111100111111110000000000000011111110000000000000011111111100000001110011111111000
000000000000000000000000000000000000000000000000000000000000000000000000000000000000000000000000000010100111100011100011111010011110000111000011001000100001111100000001101111100110000111101001110000110110000000001111100000011000000001111111111111100000001111111111111100000000011111110001100000000111
000000000000000000000000000000000000000000000000000000000000000000000000000000000000000000000000000001011000011100011100000101100001111000111100110111011110000011111110010000011001111000010110001111001001111111110000011111100111111110000000000000011111110000000000000011111111100000001110011111111000
000000000000000000000000000000000000000000000000000000000000000000000000000000000000000000000000000010100111100011100011111010011110000111000011001000100001111100000001101111100110000111101001110000110110000000001111100000011000000001111111111111100000001111111111111100000000011111110001100000000111
000000000000000000000000000000000000000000000000000000000000000000000000000000000000000000000000000001011000011100011100000101100001111000111100110111011110000011111110010000011001111000010110001111001001111111110000011111100111111110000000000000011111110000000000000011111111100000001110011111111000
000000000000000000000000000000000000000000000000000000000000000000000000000000000000000000000000000000100111100011100000000010011110000111000000001000100001111100000001101111100110000000001001110000110110000000001111100000011000000001111111111111100000001111111111111100000000011111110001100000000111
000000000000000000000000000000000000000000000000000000000000000000000000000000000000000000000000000011011000011100011111111101100001111000111111110111011110000011111110010000011001111111110110001111001001111111110000011111100111111110000000000000011111110000000000000011111111100000001110011111111000
000000000000000000000000000000000000000000000000000000000000000000000000000000000000000000000000000000100111100011100000000010011110000111000000001000100001111100000001101111100110000000001001110000110110000000001111100000011000000001111111111111100000001111111111111100000000011111110001100000000111
000000000000000000000000000000000000000000000000000000000000000000000000000000000000000000000000000010011000011100000011111001100001111000000011000111011110000000000000010000011000000111100110001111000001111111110000000000000111111110000000000000011111110000000000000011111111100000000000011111111000
000000000000000000000000000000000000000000000000000000000000000000000000000000000000000000000000000001100111100011111100000110011110000111111100111000100001111111111111101111100111111000011001110000111110000000001111111111111000000001111111111111100000001111111111111100000000011111111111100000000111
000000000000000000000000000000000000000000000000000000000000000000000000000000000000000000000000000010011000011100000011111001100001111000000011000111011110000000000000010000011000000111100110001111000001111111110000000000000111111110000000000000011111110000000000000011111111100000000000011111111000
000000000000000000000000000000000000000000000000000000000000000000000000000000000000000000000000000001100111100011111100000110011110000111111100111000100001111111111111101111100111111000011001110000111110000000001111111111111000000001111111111111100000001111111111111100000000011111111111100000000111
000000000000000000000000000000000000000000000000000000000000000000000000000000000000000000000000000000011000011100000000000001100001111000000000000111011110000000000000010000011000000000000110001111000001111111110000000000000111111110000000000000011111110000000000000011111111100000000000011111111000
000000000000000000000000000000000000000000000000000000000000000000000000000000000000000000000000000011100111100011111111111110011110000111111111111000100001111111111111101111100111111111111001110000111110000000001111111111111000000001111111111111100000001111111111111100000000011111111111100000000111
000000000000000000000000000000000000000000000000000000000000000000000000000000000000000000000000000000011111111100000000000001111111111000000000000111111110000000000000011111111000000000000111111111000001111111110000000000000111111110000000000000011111110000000000000011111111100000000000011111111000
000000000000000000000000000000000000000000000000000000000000000000000000000000000000000000000000000011000000000000011111111100000000000000111111110000000000000011111110000000000001111111110000000000001000000000000000011111100000000000000000000000000000000000000000000000000000000000001110000000000000
000000000000000000000000000000000000000000000000000000000000000000000000000000000000000000000000000000111111111111100000000011111111111111000000001111111111111100000001111111111110000000001111111111110111111111111111100000011111111111111111111111111111111111111111111111111111111111110001111111111111
000000000000000000000000000000000000000000000000000000000000000000000000000000000000000000000000000010000000000000000011111000000000000000000011000000000000000000000000000000000000000111100000000000000000000000000000000000000000000000000000000000000000000000000000000000000000000000000000000000000000
000000000000000000000000000000000000000000000000000000000000000000000000000000000000000000000000000001111111111111111100000111111111111111111100111111111111111111111111111111111111111000011111111111111111111111111111111111111111111111111111111111111111111111111111111111111111111111111111111111111111
000000000000000000000000000000000000000000000000000000000000000000000000000000000000000000000000000000000000000000000000000000000000000000000000000000000000000000000000000000000000000000000000000000000000000000000000000000000000000000000000000000000000000000000000000000000000000000000000000000000000
000000000000000000000000000000000000000000000000000000000000000000000000000000000000000000000000000011111111111111111111111111111111111111111111111111111111111111111111111111111111111111111111111111111111111111111111111111111111111111111111111111111111111111111111111111111111111111111111111111111111
000000000000000000000000000000000000000000000000000000000000000000000000000000000000000000000000000000000000000000000000000000000000000000000000000000000000000000000000000000000000000000000000000000000000000000000000000000000000000000000000000000000000000000000000000000000000000000000000000000000000
000000000000000000000000000000000000000000000000000000000000000000000000000000000000000000000000000011111111111111111111111111111111111111111111111111111111111111111111111111111111111111111111111111111111111111111111111111111111111111111111111111111111111111111111111111111111111111111111111111111111
000000000000000000000000000000000000000000000000000000000000000000000000000000000000000000000000000000000000000000000000000000000000000000000000000000000000000000000000000000000000000000000000000000000000000000000000000000000000000000000000000000000000000000000000000000000000000000000000000000000000
000000000000000000000000000000000000000000000000000000000000000000000000000000000000000000000000000000000000000000000000000000000000000000000000000000000000000000000000000000000000000000000000000000000000000000000000000000000000000000000000000000000000000000000000000000000000000000000000000000000000
000000000000000000000000000000000000000000000000000000000000000000000000000000000000000000000000000000000000000000000000000000000000000000000000000000000000000000000000000000000000000000000000000000000000000000000000000000000000000000000000000000000000000000000000000000000000000000000000000000000000
000000000000000000000000000000000000000000000000000000000000000000000000000000000000000000000000000000000000000000000000000000000000000000000000000000000000000000000000000000000000000000000000000000000000000000000000000000000000000000000000000000000000000000000000000000000000000000000000000000000000
000000000000000000000000000000000000000000000000000000000000000000000000000000000000000000000000000000000000000000000000000000000000000000000000000000000000000000000000000000000000000000000000000000000000000000000000000000000000000000000000000000000000000000000000000000000000000000000000000000000000
000000000000000000000000000000000000000000000000000000000000000000000000000000000000000000000000000000000000000000000000000000000000000000000000000000000000000000000000000000000000000000000000000000000000000000000000000000000000000000000000000000000000000000000000000000000000000000000000000000000000
000000000000000000000000000000000000000000000000000000000000000000000000000000000000000000000000000000000000000000000000000000000000000000000000000000000000000000000000000000000000000000000000000000000000000000000000000000000000000000000000000000000000000000000000000000000000000000000000000000000000
000000000000000000000000000000000000000000000000000000000000000000000000000000000000000000000000000000000000000000000000000000000000000000000000000000000000000000000000000000000000000000000000000000000000000000000000000000000000000000000000000000000000000000000000000000000000000000000000000000000000
000000000000000000000000000000000000000000000000000000000000000000000000000000000000000000000000000000000000000000000000000000000000000000000000000000000000000000000000000000000000000000000000000000000000000000000000000000000000000000000000000000000000000000000000000000000000000000000000000000000000
000000000000000000000000000000000000000000000000000000000000000000000000000000000000000000000000000000000000000000000000000000000000000000000000000000000000000000000000000000000000000000000000000000000000000000000000000000000000000000000000000000000000000000000000000000000000000000000000000000000000
000000000000000000000000000000000000000000000000000000000000000000000000000000000000000000000000000011111111111111111111111111111111111111111111111111111111111111111111111111111111111111111111111111111111111111111111111111111111111111111111111111111111111111111111111111111111111111111111111111111111
000000000000000000000000000000000000000000000000000000000000000000000000000000000000000000000000000000000000000000000000000000000000000000000000000000000000000000000000000000000000000000000000000000000000000000000000000000000000000000000000000000000000000000000000000000000000000000000000000000000000
000000000000000000000000000000000000000000000000000000000000000000000000000000000000000000000000000011111111111111111111111111111111111111111111111111111111111111111111111111111111111111111111111111111111111111111111111111111111111111111111111111111111111111111111111111111111111111111111111111111111
000000000000000000000000000000000000000000000000000000000000000000000000000000000000000000000000000000000000000000000000000000000000000000000000000000000000000000000000000000000000000000000000000000000000000000000000000000000000000000000000000000000000000000000000000000000000000000000000000000000000
000000000000000000000000000000000000000000000000000000000000000000000000000000000000000000000000000011111110000111111111111111110000011111111111111111110011111111111111111111111111111111111111100001111111111111111111111111111111111111111111111111111111111111111111111111111111111111111111111111111111
000000000000000000000000000000000000000000000000000000000000000000000000000000000000000000000000000000000001111000000000000000001111100000000000000000001100000000000000000000000000000000000000011110000000000000000000000000000000000000000000000000000000000000000000000000000000000000000000000000000000
000000000000000000000000000000000000000000000000000000000000000000000000000000000000000000000000000011111000000011111111111110000000001111111111111100000000111111111111110000000111111111111000000000111111111000011111111111111110000001111111111111111111111111111111111111111111111111111111111111000111
000000000000000000000000000000000000000000000000000000000000000000000000000000000000000000000000000000000111111100000000000001111111110000000000000011111111000000000000001111111000000000000111111111000000000111100000000000000001111110000000000000000000000000000000000000000000000000000000000000111000
000000000000000000000000000000000000000000000000000000000000000000000000000000000000000000000000000000000000000001111111110000000000000111111111100000000000011111111000000000000001111111100000000000010000000000000111111111000000000000011111111000000000000001111111000000000000001111111110000000000001
000000000000000000000000000000000000000000000000000000000000000000000000000000000000000000000000000011111111111110011110001111111111111001111000011111111111100010000111111111111110111110011111111111101111111111111000000000111111111111100000000111111111111110000000111111111111110000000001111111111110
000000000000000000000000000000000000000000000000000000000000000000000000000000000000000000000000000000000000000001100001110000000000000110000111100000000000011101111000000000000001000001100000000000010000000000000111111111000000000000011111111000000000000001111111000000000000001111111110000000000001
000000000000000000000000000000000000000000000000000000000000000000000000000000000000000000000000000011111110000110011110001111110000011001111000011111110011100010000111111111111110111110011111100001101111111111111000000000111111111111100000000111111111111110000000111111111111110000000001111111111110
000000000000000000000000000000000000000000000000000000000000000000000000000000000000000000000000000000000001111001100001110000001111100110000111100000001100011101111000000000000001000001100000011110010000000000000111111111000000000000011111111000000000000001111111000000000000001111111110000000000001
000000000000000000000000000000000000000000000000000000000000000000000000000000000000000000000000000011111110000110011110001111110000011001111000011111110011100010000111111111111110111110011111100001101111111111111000000000111111111111100000000111111111111110000000111111111111110000000001111111111110
000000000000000000000000000000000000000000000000000000000000000000000000000000000000000000000000000000000001111001100001110000001111100110000111100000001100011101111000000000000001000001100000011110010000000000000111111111000000000000011111111000000000000001111111000000000000001111111110000000000001
000000000000000000000000000000000000000000000000000000000000000000000000000000000000000000000000000011111000000010011110001110000000001001111000011100000000100010000111110000000110111110011000000000101111111000011000000000111110000001100000000111111111111110000000111111111111110000000001111111000110
000000000000000000000000000000000000000000000000000000000000000000000000000000000000000000000000000000000111111101100001110001111111110110000111100011111111011101111000001111111001000001100111111111010000000111100111111111000001111110011111111000000000000001111111000000000000001111111110000000111001
000000000000000000000000000000000000000000000000000000000000000000000000000000000000000000000000000011111000000010011110001110000000001001111000011100000000100010000111110000000110111110011000000000101111111000011000000000111110000001100000000111111111111110000000111111111111110000000001111111000110
000000000000000000000000000000000000000000000000000000000000000000000000000000000000000000000000000000000110000101100001110001110000010110000111100011110011011101111000001111111001000001100111100001010000000111100111111111000001111110011111111000000000000001111111000000000000001111111110000000111001
000000000000000000000000000000000000000000000000000000000000000000000000000000000000000000000000000011111001111010011110001110001111101001111000011100001100100010000111110000000110111110011000011110101111111000011000000000111110000001100000000111111111111110000000111111111111110000000001111111000110
000000000000000000000000000000000000000000000000000000000000000000000000000000000000000000000000000000000110000101100001110001110000010110000111100011110011011101111000001111111001000001100111100001010000000111100111111111000001111110011111111000000000000001111111000000000000001111111110000000111001
000000000000000000000000000000000000000000000000000000000000000000000000000000000000000000000000000011111001111010011110001110001111101001111000011100001100100010000111110000000110111110011000011110101111111000011000000000111110000001100000000111111111111110000000111111111111110000000001111111000110
000000000000000000000000000000000000000000000000000000000000000000000000000000000000000000000000000000000110000101100001110001110000010110000111100011110011011101111000001111111001000001100111100001010000000111100111111111000001111110011111111000000000000001111111000000000000001111111110000000111001
000000000000000000000000000000000000000000000000000000000000000000000000000000000000000000000000000011111001111010011110001110001111101001111000011100001100100010000111110000000110111110011000011110101111111000011000000000111110000001100000000111111111111110000000111111111111110000000001111111000110
000000000000000000000000000000000000000000000000000000000000000000000000000000000000000000000000000000000110000101111111110001110000010111111111100011110011011111111000001111111001111111100111100001010000000111100111111111000001111110011111111000000000000001111111000000000000001111111110000000111001
000000000000000000000000000000000000000000000000000000000000000000000000000000000000000000000000000000000000000000100001000000000000000010000110000000000000001101100000000000000001000001000000000000000000000000000001111000000000000000000111100000000000000000000000000000000000000001110000000000000000
000000000000000000000000000000000000000000000000000000000000000000000000000000000000000000000000000011111001111010011110001110001111101001111000011100001100100010000111110000000110111110011000011110101111111000011000000000111110000001100000000111111111111110000000111111111111110000000001111111000110
000000000000000000000000000000000000000000000000000000000000000000000000000000000000000000000000000000000110000101100001110001110000010110000111100011110011011101111000001111111001000001100111100001010000000111100111111111000001111110011111111000000000000001111111000000000000001111111110000000111001
000000000000000000000000000000000000000000000000000000000000000000000000000000000000000000000000000011111001111010011110001110001111101001111000011100001100100010000111110000000110111110011000011110101111111000011000000000111110000001100000000111111111111110000000111111111111110000000001111111000110
000000000000000000000000000000000000000000000000000000000000000000000000000000000000000000000000000000000110000101100001110001110000010110000111100011110011011101111000001111111001000001100111100001010000000111100111111111000001111110011111111000000000000001111111000000000000001111111110000000111001
000000000000000000000000000000000000000000000000000000000000000000000000000000000000000000000000000011111001111010011110001110001111101001111000011100001100100010000111110000000110111110011000011110101111111000011000000000111110000001100000000111111111111110000000111111111111110000000001111111000110
000000000000000000000000000000000000000000000000000000000000000000000000000000000000000000000000000000000110000101100001110001110000010110000111100011110011011101111000001111111001000001100111100001010000000111100111111111000001111110011111111000000000000001111111000000000000001111111110000000111001
000000000000000000000000000000000000000000000000000000000000000000000000000000000000000000000000000011111000000010011110001110000000001001111000011100000000100010000111110000000110111110011000000000101111111000011000000000111110000001100000000111111111111110000000111111111111110000000001111111000110
000000000000000000000000000000000000000000000000000000000000000000000000000000000000000000000000000000000111111101100001110001111111110110000111100011111111011101111000001111111001000001100111111111010000000111100111111111000001111110011111111000000000000001111111000000000000001111111110000000111001
000000000000000000000000000000000000000000000000000000000000000000000000000000000000000000000000000011111000000010011110001110000000001001111000011100000000100010000111110000000110111110011000000000101111111000011000000000111110000001100000000111111111111110000000111111111111110000000001111111000110
000000000000000000000000000000000000000000000000000000000000000000000000000000000000000000000000000000000001111001100001110000001111100110000111100000001100011101111000000000000001000001100000011110010000000000000111111111000000000000011111111000000000000001111111000000000000001111111110000000000001
000000000000000000000000000000000000000000000000000000000000000000000000000000000000000000000000000011111110000110011110001111110000011001111000011111110011100010000111111111111110111110011111100001101111111111111000000000111111111111100000000111111111111110000000111111111111110000000001111111111110
000000000000000000000000000000000000000000000000000000000000000000000000000000000000000000000000000000000001111001100001110000001111100110000111100000001100011101111000000000000001000001100000011110010000000000000111111111000000000000011111111000000000000001111111000000000000001111111110000000000001
000000000000000000000000000000000000000000000000000000000000000000000000000000000000000000000000000011111110000110011110001111110000011001111000011111110011100010000111111111111110111110011111100001101111111111111000000000111111111111100000000111111111111110000000111111111111110000000001111111111110
000000000000000000000000000000000000000000000000000000000000000000000000000000000000000000000000000000000000000001100001110000000000000110000111100000000000011101111000000000000001000001100000000000010000000000000111111111000000000000011111111000000000000001111111000000000000001111111110000000000001
000000000000000000000000000000000000000000000000000000000000000000000000000000000000000000000000000011111111111110011110001111111111111001111000011111111111100010000111111111111110111110011111111111101111111111111000000000111111111111100000000111111111111110000000111111111111110000000001111111111110
000000000000000000000000000000000000000000000000000000000000000000000000000000000000000000000000000000000000000001111111110000000000000111111111100000000000011111111000000000000001111111100000000000010000000000000111111111000000000000011111111000000000000001111111000000000000001111111110000000000001
000000000000000000000000000000000000000000000000000000000000000000000000000000000000000000000000000000000111111100000000000001111111110000000000000011111111000000000000001111111000000000000111111111000000000111100000000000000001111110000000000000000000000000000000000000000000000000000000000000111000
000000000000000000000000000000000000000000000000000000000000000000000000000000000000000000000000000011111000000011111111111110000000001111111111111100000000111111111111110000000111111111111000000000111111111000011111111111111110000001111111111111111111111111111111111111111111111111111111111111000111
000000000000000000000000000000000000000000000000000000000000000000000000000000000000000000000000000000000001111000000000000000001111100000000000000000001100000000000000000000000000000000000000011110000000000000000000000000000000000000000000000000000000000000000000000000000000000000000000000000000000
000000000000000000000000000000000000000000000000000000000000000000000000000000000000000000000000000011111110000111111111111111110000011111111111111111110011111111111111111111111111111111111111100001111111111111111111111111111111111111111111111111111111111111111111111111111111111111111111111111111111
000000000000000000000000000000000000000000000000000000000000000000000000000000000000000000000000000000000000000000000000000000000000000000000000000000000000000000000000000000000000000000000000000000000000000000000000000000000000000000000000000000000000000000000000000000000000000000000000000000000000
000000000000000000000000000000000000000000000000000000000000000000000000000000000000000000000000000011111111111111111111111111111111111111111111111111111111111111111111111111111111111111111111111111111111111111111111111111111111111111111111111111111111111111111111111111111111111111111111111111111111
000000000000000000000000000000000000000000000000000000000000000000000000000000000000000000000000000000000000000000000000000000000000000000000000000000000000000000000000000000000000000000000000000000000000000000000000000000000000000000000000000000000000000000000000000000000000000000000000000000000000
000000000000000000000000000000000000000000000000000000000000000000000000000000000000000000000000000011111111111111111111111111111111111111111111111111111111111111111111111111111111111111111111111111111111111111111111111111111111111111111111111111111111111111111111111111111111111111111111111111111111
000000000000000000000000000000000000000000000000000000000000000000000000000000000000000000000000000000000000000000000000000000000000000000000000000000000000000000000000000000000000000000000000000000000000000000000000000000000000000000000000000000000000000000000000000000000000000000000000000000000000
000000000000000000000000000000000000000000000000000000000000000000000000000000000000000000000000000000000000000000000000000000000000000000000000000000000000000000000000000000000000000000000000000000000000000000000000000000000000000000000000000000000000000000000000000000000000000000000000000000000000
000000000000000000000000000000000000000000000000000000000000000000000000000000000000000000000000000000000000000000000000000000000000000000000000000000000000000000000000000000000000000000000000000000000000000000000000000000000000000000000000000000000000000000000000000000000000000000000000000000000000
000000000000000000000000000000000000000000000000000000000000000000000000000000000000000000000000000000000000000000000000000000000000000000000000000000000000000000000000000000000000000000000000000000000000000000000000000000000000000000000000000000000000000000000000000000000000000000000000000000000000
000000000000000000000000000000000000000000000000000000000000000000000000000000000000000000000000000000000000000000000000000000000000000000000000000000000000000000000000000000000000000000000000000000000000000000000000000000000000000000000000000000000000000000000000000000000000000000000000000000000000
000000000000000000000000000000000000000000000000000000000000000000000000000000000000000000000000000000000000000000000000000000000000000000000000000000000000000000000000000000000000000000000000000000000000000000000000000000000000000000000000000000000000000000000000000000000000000000000000000000000000
000000000000000000000000000000000000000000000000000000000000000000000000000000000000000000000000000000000000000000000000000000000000000000000000000000000000000000000000000000000000000000000000000000000000000000000000000000000000000000000000000000000000000000000000000000000000000000000000000000000000
000000000000000000000000000000000000000000000000000000000000000000000000000000000000000000000000000000000000000000000000000000000000000000000000000000000000000000000000000000000000000000000000000000000000000000000000000000000000000000000000000000000000000000000000000000000000000000000000000000000000
000000000000000000000000000000000000000000000000000000000000000000000000000000000000000000000000000000000000000000000000000000000000000000000000000000000000000000000000000000000000000000000000000000000000000000000000000000000000000000000000000000000000000000000000000000000000000000000000000000000000
000000000000000000000000000000000000000000000000000000000000000000000000000000000000000000000000000000000000000000000000000000000000000000000000000000000000000000000000000000000000000000000000000000000000000000000000000000000000000000000000000000000000000000000000000000000000000000000000000000000000
000000000000000000000000000000000000000000000000000000000000000000000000000000000000000000000000000011111111111111111111111111111111111111111111111111111111111111111111111111111111111111111111111111111111111111111111111111111111111111111111111111111111111111111111111111111111111111111111111111111111
000000000000000000000000000000000000000000000000000000000000000000000000000000000000000000000000000000000000000000000000000000000000000000000000000000000000000000000000000000000000000000000000000000000000000000000000000000000000000000000000000000000000000000000000000000000000000000000000000000000000
000000000000000000000000000000000000000000000000000000000000000000000000000000000000000000000000000011111111111111111111111111111111111111111111111111111111111111111111111111111111111111111111111111111111111111111111111111111111111111111111111111111111111111111111111111111111111111111111111111111111
000000000000000000000000000000000000000000000000000000000000000000000000000000000000000000000000000000000000000000000000000000000000000000000000000000000000000000000000000000000000000000000000000000000000000000000000000000000000000000000000000000000000000000000000000000000000000000000000000000000000
000000000000000000000000000000000000000000000000000000000000000000000000000000000000000000000000000011111111111111111000011111111111111111000001111111111111111111001111111111111111111111111111111111111111111111111111111111111111111111111111111111111111111111111111111111111111111111111111111111111111
000000000000000000000000000000000000000000000000000000000000000000000000000000000000000000000000000000001100000000000111100000000000000000111110000000000000000000110000000000000000000000000000000000000000000000000000000000000000000000000000000000000000000000000000000000000000000000000000000000000000
000000000000000000000000000000000000000000000000000000000000000000000000000000000000000000000000000001110011111111100000001111111111111000000000111111111111110000000011111111111111000000011111111111101111111111111111100001111111111111111000000111111111111111111111111111111111111111111111111111111111
000000000000000000000000000000000000000000000000000000000000000000000000000000000000000000000000000010001100000000011111110000000000000111111111000000000000001111111100000000000000111111100000000000010000000000000000011110000000000000000111111000000000000000000000000000000000000000000000000000000000
000000000000000000000000000000000000000000000000000000000000000000000000000000000000000000000000000001110011110000000000000111111111000000000000011111111110000000000001111111100000000000000111111110000011111111000000000000011111111100000000000001111111100000000000000111111100000000000000111111111000
000000000000000000000000000000000000000000000000000000000000000000000000000000000000000000000000000010011110001111111111111001111000111111111111100111100001111111111110001000011111111111111011111001111100000000111111111111100000000011111111111110000000011111111111111000000011111111111111000000000111
000000000000000000000000000000000000000000000000000000000000000000000000000000000000000000000000000001100001110000000000000110000111000000000000011000011110000000000001110111100000000000000100000110000011111111000000000000011111111100000000000001111111100000000000000111111100000000000000111111111000
000000000000000000000000000000000000000000000000000000000000000000000000000000000000000000000000000010011110001111111000011001111000111111000001100111100001111111001110001000011111111111111011111001111100000000111111111111100000000011111111111110000000011111111111111000000011111111111111000000000111
000000000000000000000000000000000000000000000000000000000000000000000000000000000000000000000000000001100001110000000111100110000111000000111110011000011110000000110001110111100000000000000100000110000011111111000000000000011111111100000000000001111111100000000000000111111100000000000000111111111000
000000000000000000000000000000000000000000000000000000000000000000000000000000000000000000000000000010011110001111111000011001111000111111000001100111100001111111001110001000011111111111111011111001111100000000111111111111100000000011111111111110000000011111111111111000000011111111111111000000000111
000000000000000000000000000000000000000000000000000000000000000000000000000000000000000000000000000001100001110000000111100110000111000000111110011000011110000000110001110111100000000000000100000110000011111111000000000000011111111100000000000001111111100000000000000111111100000000000000111111111000
000000000000000000000000000000000000000000000000000000000000000000000000000000000000000000000000000000011110001111100000001001111000111000000000100111100001110000000010001000011111000000011011111001101100000000111111100001100000000011111000000110000000011111111111111000000011111111111111000000000111
000000000000000000000000000000000000000000000000000000000000000000000000000000000000000000000000000011101101110000011111110110000111000111111111011000011110001111111101110111100000111111100100000110010011111111000000011110011111111100000111111001111111100000000000000111111100000000000000111111111000
000000000000000000000000000000000000000000000000000000000000000000000000000000000000000000000000000000010010001111100000001001111000111000000000100111100001110000000010001000011111000000011011111001101100000000111111100001100000000011111000000110000000011111111111111000000011111111111111000000000111
000000000000000000000000000000000000000000000000000000000000000000000000000000000000000000000000000011101101110000011000010110000111000111000001011000011110001111001101110111100000111111100100000110010011111111000000011110011111111100000111111001111111100000000000000111111100000000000000111111111000
000000000000000000000000000000000000000000000000000000000000000000000000000000000000000000000000000000010010001111100111101001111000111000111110100111100001110000110010001000011111000000011011111001101100000000111111100001100000000011111000000110000000011111111111111000000011111111111111000000000111
000000000000000000000000000000000000000000000000000000000000000000000000000000000000000000000000000011101101110000011000010110000111000111000001011000011110001111001101110111100000111111100100000110010011111111000000011110011111111100000111111001111111100000000000000111111100000000000000111111111000
000000000000000000000000000000000000000000000000000000000000000000000000000000000000000000000000000000010010001111100111101001111000111000111110100111100001110000110010001000011111000000011011111001101100000000111111100001100000000011111000000110000000011111111111111000000011111111111111000000000111
000000000000000000000000000000000000000000000000000000000000000000000000000000000000000000000000000011101101110000011000010110000111000111000001011000011110001111001101110111100000111111100100000110010011111111000000011110011111111100000111111001111111100000000000000111111100000000000000111111111000
000000000000000000000000000000000000000000000000000000000000000000000000000000000000000000000000000000010010001111100111101001111000111000111110100111100001110000110010001000011111000000011011111001101100000000111111100001100000000011111000000110000000011111111111111000000011111111111111000000000111
000000000000000000000000000000000000000000000000000000000000000000000000000000000000000000000000000011111111110000011000010111111111000111000001011111111110001111001101111111100000111111100111111110010011111111000000011110011111111100000111111001111111100000000000000111111100000000000000111111111000
000000000000000000000000000000000000000000000000000000000000000000000000000000000000000000000000000000101101100000000000000010000100000000000000001000011000000000000000110110000000000000000100000100000001111000000000000000000111100000000000000000011110000000000000000000000000000000000000000111000000
000000000000000000000000000000000000000000000000000000000000000000000000000000000000000000000000000000010010001111100111101001111000111000111110100111100001110000110010001000011111000000011011111001101100000000111111100001100000000011111000000110000000011111111111111000000011111111111111000000000111
000000000000000000000000000000000000000000000000000000000000000000000000000000000000000000000000000011101101110000011000010110000111000111000001011000011110001111001101110111100000111111100100000110010011111111000000011110011111111100000111111001111111100000000000000111111100000000000000111111111000
000000000000000000000000000000000000000000000000000000000000000000000000000000000000000000000000000000010010001111100111101001111000111000111110100111100001110000110010001000011111000000011011111001101100000000111111100001100000000011111000000110000000011111111111111000000011111111111111000000000111
000000000000000000000000000000000000000000000000000000000000000000000000000000000000000000000000000011101101110000011000010110000111000111000001011000011110001111001101110111100000111111100100000110010011111111000000011110011111111100000111111001111111100000000000000111111100000000000000111111111000
000000000000000000000000000000000000000000000000000000000000000000000000000000000000000000000000000000010010001111100111101001111000111000111110100111100001110000110010001000011111000000011011111001101100000000111111100001100000000011111000000110000000011111111111111000000011111111111111000000000111
000000000000000000000000000000000000000000000000000000000000000000000000000000000000000000000000000011101101110000011000010110000111000111000001011000011110001111001101110111100000111111100100000110010011111111000000011110011111111100000111111001111111100000000000000111111100000000000000111111111000
000000000000000000000000000000000000000000000000000000000000000000000000000000000000000000000000000000010010001111100000001001111000111000000000100111100001110000000010001000011111000000011011111001101100000000111111100001100000000011111000000110000000011111111111111000000011111111111111000000000111
000000000000000000000000000000000000000000000000000000000000000000000000000000000000000000000000000011101101110000011111110110000111000111111111011000011110001111111101110111100000111111100100000110010011111111000000011110011111111100000111111001111111100000000000000111111100000000000000111111111000
000000000000000000000000000000000000000000000000000000000000000000000000000000000000000000000000000000011110001111100000001001111000111000000000100111100001110000000010001000011111000000011011111001101100000000111111100001100000000011111000000110000000011111111111111000000011111111111111000000000111
000000000000000000000000000000000000000000000000000000000000000000000000000000000000000000000000000001100001110000000111100110000111000000111110011000011110000000110001110111100000000000000100000110000011111111000000000000011111111100000000000001111111100000000000000111111100000000000000111111111000
000000000000000000000000000000000000000000000000000000000000000000000000000000000000000000000000000010011110001111111000011001111000111111000001100111100001111111001110001000011111111111111011111001111100000000111111111111100000000011111111111110000000011111111111111000000011111111111111000000000111
000000000000000000000000000000000000000000000000000000000000000000000000000000000000000000000000000001100001110000000111100110000111000000111110011000011110000000110001110111100000000000000100000110000011111111000000000000011111111100000000000001111111100000000000000111111100000000000000111111111000
000000000000000000000000000000000000000000000000000000000000000000000000000000000000000000000000000010011110001111111000011001111000111111000001100111100001111111001110001000011111111111111011111001111100000000111111111111100000000011111111111110000000011111111111111000000011111111111111000000000111
000000000000000000000000000000000000000000000000000000000000000000000000000000000000000000000000000001100001110000000000000110000111000000000000011000011110000000000001110111100000000000000100000110000011111111000000000000011111111100000000000001111111100000000000000111111100000000000000111111111000
000000000000000000000000000000000000000000000000000000000000000000000000000000000000000000000000000010011110001111111111111001111000111111111111100111100001111111111110001000011111111111111011111001111100000000111111111111100000000011111111111110000000011111111111111000000011111111111111000000000111
000000000000000000000000000000000000000000000000000000000000000000000000000000000000000000000000000001110011110000000000000111111111000000000000011111111110000000000001111111100000000000000111111110000011111111000000000000011111111100000000000001111111100000000000000111111100000000000000111111111000
000000000000000000000000000000000000000000000000000000000000000000000000000000000000000000000000000010001100000000011111110000000000000111111111000000000000001111111100000000000000111111100000000000010000000000000000011110000000000000000111111000000000000000000000000000000000000000000000000000000000
000000000000000000000000000000000000000000000000000000000000000000000000000000000000000000000000000001110011111111100000001111111111111000000000111111111111110000000011111111111111000000011111111111101111111111111111100001111111111111111000000111111111111111111111111111111111111111111111111111111111
000000000000000000000000000000000000000000000000000000000000000000000000000000000000000000000000000000001100000000000111100000000000000000111110000000000000000000110000000000000000000000000000000000000000000000000000000000000000000000000000000000000000000000000000000000000000000000000000000000000000
000000000000000000000000000000000000000000000000000000000000000000000000000000000000000000000000000011111111111111111000011111111111111111000001111111111111111111001111111111111111111111111111111111111111111111111111111111111111111111111111111111111111111111111111111111111111111111111111111111111111
000000000000000000000000000000000000000000000000000000000000000000000000000000000000000000000000000000000000000000000000000000000000000000000000000000000000000000000000000000000000000000000000000000000000000000000000000000000000000000000000000000000000000000000000000000000000000000000000000000000000
000000000000000000000000000000000000000000000000000000000000000000000000000000000000000000000000000011111111111111111111111111111111111111111111111111111111111111111111111111111111111111111111111111111111111111111111111111111111111111111111111111111111111111111111111111111111111111111111111111111111
000000000000000000000000000000000000000000000000000000000000000000000000000000000000000000000000000000000000000000000000000000000000000000000000000000000000000000000000000000000000000000000000000000000000000000000000000000000000000000000000000000000000000000000000000000000000000000000000000000000000
000000000000000000000000000000000000000000000000000000000000000000000000000000000000000000000000000011111111111111111111111111111111111111111111111111111111111111111111111111111111111111111111111111111111111111111111111111111111111111111111111111111111111111111111111111111111111111111111111111111111
000000000000000000000000000000000000000000000000000000000000000000000000000000000000000000000000000000000000000000000000000000000000000000000000000000000000000000000000000000000000000000000000000000000000000000000000000000000000000000000000000000000000000000000000000000000000000000000000000000000000
000000000000000000000000000000000000000000000000000000000000000000000000000000000000000000000000000000000000000000000000000000000000000000000000000000000000000000000000000000000000000000000000000000000000000000000000000000000000000000000000000000000000000000000000000000000000000000000000000000000000
000000000000000000000000000000000000000000000000000000000000000000000000000000000000000000000000000000000000000000000000000000000000000000000000000000000000000000000000000000000000000000000000000000000000000000000000000000000000000000000000000000000000000000000000000000000000000000000000000000000000
000000000000000000000000000000000000000000000000000000000000000000000000000000000000000000000000000000000000000000000000000000000000000000000000000000000000000000000000000000000000000000000000000000000000000000000000000000000000000000000000000000000000000000000000000000000000000000000000000000000000
000000000000000000000000000000000000000000000000000000000000000000000000000000000000000000000000000000000000000000000000000000000000000000000000000000000000000000000000000000000000000000000000000000000000000000000000000000000000000000000000000000000000000000000000000000000000000000000000000000000000
000000000000000000000000000000000000000000000000000000000000000000000000000000000000000000000000000000000000000000000000000000000000000000000000000000000000000000000000000000000000000000000000000000000000000000000000000000000000000000000000000000000000000000000000000000000000000000000000000000000000
000000000000000000000000000000000000000000000000000000000000000000000000000000000000000000000000000000000000000000000000000000000000000000000000000000000000000000000000000000000000000000000000000000000000000000000000000000000000000000000000000000000000000000000000000000000000000000000000000000000000
000000000000000000000000000000000000000000000000000000000000000000000000000000000000000000000000000000000000000000000000000000000000000000000000000000000000000000000000000000000000000000000000000000000000000000000000000000000000000000000000000000000000000000000000000000000000000000000000000000000000
000000000000000000000000000000000000000000000000000000000000000000000000000000000000000000000000000000000000000000000000000000000000000000000000000000000000000000000000000000000000000000000000000000000000000000000000000000000000000000000000000000000000000000000000000000000000000000000000000000000000
000000000000000000000000000000000000000000000000000000000000000000000000000000000000000000000000000000000000000000000000000000000000000000000000000000000000000000000000000000000000000000000000000000000000000000000000000000000000000000000000000000000000000000000000000000000000000000000000000000000000
000000000000000000000000000000000000000000000000000000000000000000000000000000000000000000000000000011111111111111111111111111111111111111111111111111111111111111111111111111111111111111111111111111111111111111111111111111111111111111111111111111111111111111111111111111111111111111111111111111111111
000000000000000000000000000000000000000000000000000000000000000000000000000000000000000000000000000000000000000000000000000000000000000000000000000000000000000000000000000000000000000000000000000000000000000000000000000000000000000000000000000000000000000000000000000000000000000000000000000000000000
000000000000000000000000000000000000000000000000000000000000000000000000000000000000000000000000000011111111111111111111111111111111111111111111111111111111111111111111111111111111111111111111111111111111111111111111111111111111111111111111111111111111111111111111111111111111111111111111111111111111
000000000000000000000000000000000000000000000000000000000000000000000000000000000000000000000000000000000000000000000000000000000000000000000000000000000000000000000000000000000000000000000000000000000000000000000000000000000000000000000000000000000000000000000000000000000000000000000000000000000000
000000000000000000000000000000000000000000000000000000000000000000000000000000000000000000000000000011110000001111111111111111100001111111111111111100000111111111111111111100111111111111111111111111111111111111111111111111111111111111111111111111111111111111111111111111111111111111111111111111111111
000000000000000000000000000000000000000000000000000000000000000000000000000000000000000000000000000000001111110000110000000000011110000000000000000011111000000000000000000011000000000000000000000000000000000000000000000000000000000000000000000000000000000000000000000000000000000000000000000000000000
000000000000000000000000000000000000000000000000000000000000000000000000000000000000000000000000000010000000000111001111111110000000111111111111100000000011111111111111000000001111111111111100000001111111000000111111111111111110000111111111111111100000011111111111111111111111111111111111111111111111
000000000000000000000000000000000000000000000000000000000000000000000000000000000000000000000000000001111111111000110000000001111111000000000000011111111100000000000000111111110000000000000011111110000000111111000000000000000001111000000000000000011111100000000000000000000000000000000000000000000000
000000000000000000000000000000000000000000000000000000000000000000000000000000000000000000000000000000000000000111001111000000000000011111111100000000000001111111111000000000000111111110000000000000010000000000001111111100000000000001111111110000000000000111111110000000000000011111110000000000000011
000000000000000000000000000000000000000000000000000000000000000000000000000000000000000000000000000011111100011001111000111111111111100111100011111111111110011110000111111111111000100001111111111111101111111111110000000011111111111110000000001111111111111000000001111111111111100000001111111111111100
000000000000000000000000000000000000000000000000000000000000000000000000000000000000000000000000000000000011100110000111000000000000011000011100000000000001100001111000000000000111011110000000000000010000000000001111111100000000000001111111110000000000000111111110000000000000011111110000000000000011
000000000000000000000000000000000000000000000000000000000000000000000000000000000000000000000000000011110000001001111000111111100001100111100011111100000110011110000111111100111000100001111111111111101111111111110000000011111111111110000000001111111111111000000001111111111111100000001111111111111100
000000000000000000000000000000000000000000000000000000000000000000000000000000000000000000000000000000001111110110000111000000011110011000011100000011111001100001111000000011000111011110000000000000010000000000001111111100000000000001111111110000000000000111111110000000000000011111110000000000000011
000000000000000000000000000000000000000000000000000000000000000000000000000000000000000000000000000011110000001001111000111111100001100111100011111100000110011110000111111100111000100001111111111111101111111111110000000011111111111110000000001111111111111000000001111111111111100000001111111111111100
000000000000000000000000000000000000000000000000000000000000000000000000000000000000000000000000000000001100010110000111000000011110011000011100000011111001100001111000000011000111011110000000000000010000000000001111111100000000000001111111110000000000000111111110000000000000011111110000000000000011
000000000000000000000000000000000000000000000000000000000000000000000000000000000000000000000000000010000011100001111000111110000000100111100011100000000010011110000111000000001000100001111100000001101111000000110000000011111110000110000000001111100000011000000001111111111111100000001111111111111100
000000000000000000000000000000000000000000000000000000000000000000000000000000000000000000000000000001111100011110110111000001111111011000011100011111111101100001111000111111110111011110000011111110010000111111001111111100000001111001111111110000011111100111111110000000000000011111110000000000000011
000000000000000000000000000000000000000000000000000000000000000000000000000000000000000000000000000010000011100001001000111110000000100111100011100000000010011110000111000000001000100001111100000001101111000000110000000011111110000110000000001111100000011000000001111111111111100000001111111111111100
000000000000000000000000000000000000000000000000000000000000000000000000000000000000000000000000000001110000001110110111000001100001011000011100011100000101100001111000111100110111011110000011111110010000111111001111111100000001111001111111110000011111100111111110000000000000011111110000000000000011
000000000000000000000000000000000000000000000000000000000000000000000000000000000000000000000000000010001100010001001000111110011110100111100011100011111010011110000111000011001000100001111100000001101111000000110000000011111110000110000000001111100000011000000001111111111111100000001111111111111100
000000000000000000000000000000000000000000000000000000000000000000000000000000000000000000000000000001110011101110110111000001100001011000011100011100000101100001111000111100110111011110000011111110010000111111001111111100000001111001111111110000011111100111111110000000000000011111110000000000000011
000000000000000000000000000000000000000000000000000000000000000000000000000000000000000000000000000010001100010001001000111110011110100111100011100011111010011110000111000011001000100001111100000001101111000000110000000011111110000110000000001111100000011000000001111111111111100000001111111111111100
000000000000000000000000000000000000000000000000000000000000000000000000000000000000000000000000000001110011101110110111000001100001011000011100011100000101100001111000111100110111011110000011111110010000111111001111111100000001111001111111110000011111100111111110000000000000011111110000000000000011
000000000000000000000000000000000000000000000000000000000000000000000000000000000000000000000000000010001100010001001000111110011110100111100011100011111010011110000111000011001000100001111100000001101111000000110000000011111110000110000000001111100000011000000001111111111111100000001111111111111100
000000000000000000000000000000000000000000000000000000000000000000000000000000000000000000000000000001110011101111111111000001100001011111111100011100000101111111111000111100110111111110000011111110010000111111001111111100000001111001111111110000011111100111111110000000000000011111110000000000000011
000000000000000000000000000000000000000000000000000000000000000000000000000000000000000000000000000000000000000010110110000000000000001000010000000000000000100001100000000000000011011000000000000000010000000000000111100000000000000000011110000000000000000001111000000000000000000000000000000000000000
000000000000000000000000000000000000000000000000000000000000000000000000000000000000000000000000000010001100010001001000111110011110100111100011100011111010011110000111000011001000100001111100000001101111000000110000000011111110000110000000001111100000011000000001111111111111100000001111111111111100
000000000000000000000000000000000000000000000000000000000000000000000000000000000000000000000000000001110011101110110111000001100001011000011100011100000101100001111000111100110111011110000011111110010000111111001111111100000001111001111111110000011111100111111110000000000000011111110000000000000011
000000000000000000000000000000000000000000000000000000000000000000000000000000000000000000000000000010001100010001001000111110011110100111100011100011111010011110000111000011001000100001111100000001101111000000110000000011111110000110000000001111100000011000000001111111111111100000001111111111111100
000000000000000000000000000000000000000000000000000000000000000000000000000000000000000000000000000001110011101110110111000001100001011000011100011100000101100001111000111100110111011110000011111110010000111111001111111100000001111001111111110000011111100111111110000000000000011111110000000000000011
000000000000000000000000000000000000000000000000000000000000000000000000000000000000000000000000000010001100010001001000111110011110100111100011100011111010011110000111000011001000100001111100000001101111000000110000000011111110000110000000001111100000011000000001111111111111100000001111111111111100
000000000000000000000000000000000000000000000000000000000000000000000000000000000000000000000000000001110000001110110111000001100001011000011100011100000101100001111000111100110111011110000011111110010000111111001111111100000001111001111111110000011111100111111110000000000000011111110000000000000011
000000000000000000000000000000000000000000000000000000000000000000000000000000000000000000000000000010000011100001001000111110000000100111100011100000000010011110000111000000001000100001111100000001101111000000110000000011111110000110000000001111100000011000000001111111111111100000001111111111111100
000000000000000000000000000000000000000000000000000000000000000000000000000000000000000000000000000001111100011110110111000001111111011000011100011111111101100001111000111111110111011110000011111110010000111111001111111100000001111001111111110000011111100111111110000000000000011111110000000000000011
000000000000000000000000000000000000000000000000000000000000000000000000000000000000000000000000000010000011100001111000111110000000100111100011100000000010011110000111000000001000100001111100000001101111000000110000000011111110000110000000001111100000011000000001111111111111100000001111111111111100
000000000000000000000000000000000000000000000000000000000000000000000000000000000000000000000000000000001100010110000111000000011110011000011100000011111001100001111000000011000111011110000000000000010000000000001111111100000000000001111111110000000000000111111110000000000000011111110000000000000011
000000000000000000000000000000000000000000000000000000000000000000000000000000000000000000000000000011110000001001111000111111100001100111100011111100000110011110000111111100111000100001111111111111101111111111110000000011111111111110000000001111111111111000000001111111111111100000001111111111111100
000000000000000000000000000000000000000000000000000000000000000000000000000000000000000000000000000000001111110110000111000000011110011000011100000011111001100001111000000011000111011110000000000000010000000000001111111100000000000001111111110000000000000111111110000000000000011111110000000000000011
000000000000000000000000000000000000000000000000000000000000000000000000000000000000000000000000000011110000001001111000111111100001100111100011111100000110011110000111111100111000100001111111111111101111111111110000000011111111111110000000001111111111111000000001111111111111100000001111111111111100
000000000000000000000000000000000000000000000000000000000000000000000000000000000000000000000000000000000011100110000111000000000000011000011100000000000001100001111000000000000111011110000000000000010000000000001111111100000000000001111111110000000000000111111110000000000000011111110000000000000011
000000000000000000000000000000000000000000000000000000000000000000000000000000000000000000000000000011111100011001111000111111111111100111100011111111111110011110000111111111111000100001111111111111101111111111110000000011111111111110000000001111111111111000000001111111111111100000001111111111111100
000000000000000000000000000000000000000000000000000000000000000000000000000000000000000000000000000000000000000111001111000000000000011111111100000000000001111111111000000000000111111110000000000000010000000000001111111100000000000001111111110000000000000111111110000000000000011111110000000000000011
000000000000000000000000000000000000000000000000000000000000000000000000000000000000000000000000000001111111111000110000000001111111000000000000011111111100000000000000111111110000000000000011111110000000111111000000000000000001111000000000000000011111100000000000000000000000000000000000000000000000
000000000000000000000000000000000000000000000000000000000000000000000000000000000000000000000000000010000000000111001111111110000000111111111111100000000011111111111111000000001111111111111100000001111111000000111111111111111110000111111111111111100000011111111111111111111111111111111111111111111111
000000000000000000000000000000000000000000000000000000000000000000000000000000000000000000000000000000001111110000110000000000011110000000000000000011111000000000000000000011000000000000000000000000000000000000000000000000000000000000000000000000000000000000000000000000000000000000000000000000000000
000000000000000000000000000000000000000000000000000000000000000000000000000000000000000000000000000011110000001111111111111111100001111111111111111100000111111111111111111100111111111111111111111111111111111111111111111111111111111111111111111111111111111111111111111111111111111111111111111111111111
000000000000000000000000000000000000000000000000000000000000000000000000000000000000000000000000000000000000000000000000000000000000000000000000000000000000000000000000000000000000000000000000000000000000000000000000000000000000000000000000000000000000000000000000000000000000000000000000000000000000
000000000000000000000000000000000000000000000000000000000000000000000000000000000000000000000000000011111111111111111111111111111111111111111111111111111111111111111111111111111111111111111111111111111111111111111111111111111111111111111111111111111111111111111111111111111111111111111111111111111111
000000000000000000000000000000000000000000000000000000000000000000000000000000000000000000000000000000000000000000000000000000000000000000000000000000000000000000000000000000000000000000000000000000000000000000000000000000000000000000000000000000000000000000000000000000000000000000000000000000000000
000000000000000000000000000000000000000000000000000000000000000000000000000000000000000000000000000011111111111111111111111111111111111111111111111111111111111111111111111111111111111111111111111111111111111111111111111111111111111111111111111111111111111111111111111111111111111111111111111111111111
000000000000000000000000000000000000000000000000000000000000000000000000000000000000000000000000000000000000000000000000000000000000000000000000000000000000000000000000000000000000000000000000000000000000000000000000000000000000000000000000000000000000000000000000000000000000000000000000000000000000
000000000000000000000000000000000000000000000000000000000000000000000000000000000000000000000000000000000000000000000000000000000000000000000000000000000000000000000000000000000000000000000000000000000000000000000000000000000000000000000000000000000000000000000000000000000000000000000000000000000000
000000000000000000000000000000000000000000000000000000000000000000000000000000000000000000000000000000000000000000000000000000000000000000000000000000000000000000000000000000000000000000000000000000000000000000000000000000000000000000000000000000000000000000000000000000000000000000000000000000000000
000000000000000000000000000000000000000000000000000000000000000000000000000000000000000000000000000000000000000000000000000000000000000000000000000000000000000000000000000000000000000000000000000000000000000000000000000000000000000000000000000000000000000000000000000000000000000000000000000000000000
000000000000000000000000000000000000000000000000000000000000000000000000000000000000000000000000000000000000000000000000000000000000000000000000000000000000000000000000000000000000000000000000000000000000000000000000000000000000000000000000000000000000000000000000000000000000000000000000000000000000
000000000000000000000000000000000000000000000000000000000000000000000000000000000000000000000000000000000000000000000000000000000000000000000000000000000000000000000000000000000000000000000000000000000000000000000000000000000000000000000000000000000000000000000000000000000000000000000000000000000000
000000000000000000000000000000000000000000000000000000000000000000000000000000000000000000000000000000000000000000000000000000000000000000000000000000000000000000000000000000000000000000000000000000000000000000000000000000000000000000000000000000000000000000000000000000000000000000000000000000000000
000000000000000000000000000000000000000000000000000000000000000000000000000000000000000000000000000000000000000000000000000000000000000000000000000000000000000000000000000000000000000000000000000000000000000000000000000000000000000000000000000000000000000000000000000000000000000000000000000000000000
000000000000000000000000000000000000000000000000000000000000000000000000000000000000000000000000000000000000000000000000000000000000000000000000000000000000000000000000000000000000000000000000000000000000000000000000000000000000000000000000000000000000000000000000000000000000000000000000000000000000
000000000000000000000000000000000000000000000000000000000000000000000000000000000000000000000000000000000000000000000000000000000000000000000000000000000000000000000000000000000000000000000000000000000000000000000000000000000000000000000000000000000000000000000000000000000000000000000000000000000000
000000000000000000000000000000000000000000000000000000000000000000000000000000000000000000000000000011111111111111111111111111111111111111111111111111111111111111111111111111111111111111111111111111111111111111111111111111111111111111111111111111111111111111111111111111111111111111111111111111111111
000000000000000000000000000000000000000000000000000000000000000000000000000000000000000000000000000000000000000000000000000000000000000000000000000000000000000000000000000000000000000000000000000000000000000000000000000000000000000000000000000000000000000000000000000000000000000000000000000000000000
000000000000000000000000000000000000000000000000000000000000000000000000000000000000000000000000000011111111111111111111111111111111111111111111111111111111111111111111111111111111111111111111111111111111111111111111111111111111111111111111111111111111111111111111111111111111111111111111111111111111
000000000000000000000000000000000000000000000000000000000000000000000000000000000000000000000000000000000000000000000000000000000000000000000000000000000000000000000000000000000000000000000000000000000000000000000000000000000000000000000000000000000000000000000000000000000000000000000000000000000000
000000000000000000000000000000000000000000000000000000000000000000000000000000000000000000000000000011111111111111000000111111111111111110000111111111111111110000011111111111111111110011111111111111111111111111111111111111111111111111111111111111111111111111111111111111111111111111111111111111111111
000000000000000000000000000000000000000000000000000000000000000000000000000000000000000000000000000000011000000000111111000011000000000001111000000000000000001111100000000000000000001100000000000000000000000000000000000000000000000000000000000000000000000000000000000000000000000000000000000000000000
000000000000000000000000000000000000000000000000000000000000000000000000000000000000000000000000000011100111111000000000011100111111111000000011111111111110000000001111111111111100000000111111111111111111111111111100000011111111111111111000011111111111111110000001111111111111111111111111111111111111
000000000000000000000000000000000000000000000000000000000000000000000000000000000000000000000000000000011000000111111111100011000000000111111100000000000001111111110000000000000011111111000000000000000000000000000011111100000000000000000111100000000000000001111110000000000000000000000000000000000000
000000000000000000000000000000000000000000000000000000000000000000000000000000000000000000000000000011100111100000000000011100111100000000000001111111110000000000000111111111100000000000011111111000001111111110000000000000111111110000000000000111111111000000000000011111111000000000000001111111000000
000000000000000000000000000000000000000000000000000000000000000000000000000000000000000000000000000001111110011111110001100111100011111111111110011110001111111111111001111000011111111111100010000111110000000001111111111111000000001111111111111000000000111111111111100000000111111111111110000000111111
000000000000000000000000000000000000000000000000000000000000000000000000000000000000000000000000000010000001100000001110011000011100000000000001100001110000000000000110000111100000000000011101111000001111111110000000000000111111110000000000000111111111000000000000011111111000000000000001111111000000
000000000000000000000000000000000000000000000000000000000000000000000000000000000000000000000000000001111110011111000000100111100011111110000110011110001111110000011001111000011111110011100010000111110000000001111111111111000000001111111111111000000000111111111111100000000111111111111110000000111111
000000000000000000000000000000000000000000000000000000000000000000000000000000000000000000000000000010000001100000111111011000011100000001111001100001110000001111100110000111100000001100011101111000001111111110000000000000111111110000000000000111111111000000000000011111111000000000000001111111000000
000000000000000000000000000000000000000000000000000000000000000000000000000000000000000000000000000001111110011111000000100111100011111110000110011110001111110000011001111000011111110011100010000111110000000001111111111111000000001111111111111000000000111111111111100000000111111111111110000000111111
000000000000000000000000000000000000000000000000000000000000000000000000000000000000000000000000000010000001100000110001011000011100000001111001100001110000001111100110000111100000001100011101111000001111111110000000000000111111110000000000000111111111000000000000011111111000000000000001111111000000
000000000000000000000000000000000000000000000000000000000000000000000000000000000000000000000000000001111110011000001110000111100011111000000010011110001110000000001001111000011100000000100010000111110000000001111100000011000000001111111000011000000000111110000001100000000111111111111110000000111111
000000000000000000000000000000000000000000000000000000000000000000000000000000000000000000000000000010011001100111110001111011011100000111111101100001110001111111110110000111100011111111011101111000001111111110000011111100111111110000000111100111111111000001111110011111111000000000000001111111000000
000000000000000000000000000000000000000000000000000000000000000000000000000000000000000000000000000001100110011000001110000100100011111000000010011110001110000000001001111000011100000000100010000111110000000001111100000011000000001111111000011000000000111110000001100000000111111111111110000000111111
000000000000000000000000000000000000000000000000000000000000000000000000000000000000000000000000000010011001100111000000111011011100000110000101100001110001110000010110000111100011110011011101111000001111111110000011111100111111110000000111100111111111000001111110011111111000000000000001111111000000
000000000000000000000000000000000000000000000000000000000000000000000000000000000000000000000000000001100110011000110001000100100011111001111010011110001110001111101001111000011100001100100010000111110000000001111100000011000000001111111000011000000000111110000001100000000111111111111110000000111111
000000000000000000000000000000000000000000000000000000000000000000000000000000000000000000000000000010011001100111001110111011011100000110000101100001110001110000010110000111100011110011011101111000001111111110000011111100111111110000000111100111111111000001111110011111111000000000000001111111000000
000000000000000000000000000000000000000000000000000000000000000000000000000000000000000000000000000001100110011000110001000100100011111001111010011110001110001111101001111000011100001100100010000111110000000001111100000011000000001111111000011000000000111110000001100000000111111111111110000000111111
000000000000000000000000000000000000000000000000000000000000000000000000000000000000000000000000000010011001100111001110111011011100000110000101100001110001110000010110000111100011110011011101111000001111111110000011111100111111110000000111100111111111000001111110011111111000000000000001111111000000
000000000000000000000000000000000000000000000000000000000000000000000000000000000000000000000000000001100110011000110001000100100011111001111010011110001110001111101001111000011100001100100010000111110000000001111100000011000000001111111000011000000000111110000001100000000111111111111110000000111111
000000000000000000000000000000000000000000000000000000000000000000000000000000000000000000000000000011111111100111001110111111111100000110000101111111110001110000010111111111100011110011011111111000001111111110000011111100111111110000000111100111111111000001111110011111111000000000000001111111000000
000000000000000000000000000000000000000000000000000000000000000000000000000000000000000000000000000000011001000000000000001011011000000000000000100001000000000000000010000110000000000000001101100000000111111000000000000000011110000000000000000001111000000000000000000111100000000000000000000000000000
000000000000000000000000000000000000000000000000000000000000000000000000000000000000000000000000000001100110011000110001000100100011111001111010011110001110001111101001111000011100001100100010000111110000000001111100000011000000001111111000011000000000111110000001100000000111111111111110000000111111
000000000000000000000000000000000000000000000000000000000000000000000000000000000000000000000000000010011001100111001110111011011100000110000101100001110001110000010110000111100011110011011101111000001111111110000011111100111111110000000111100111111111000001111110011111111000000000000001111111000000
000000000000000000000000000000000000000000000000000000000000000000000000000000000000000000000000000001100110011000110001000100100011111001111010011110001110001111101001111000011100001100100010000111110000000001111100000011000000001111111000011000000000111110000001100000000111111111111110000000111111
000000000000000000000000000000000000000000000000000000000000000000000000000000000000000000000000000010011001100111001110111011011100000110000101100001110001110000010110000111100011110011011101111000001111111110000011111100111111110000000111100111111111000001111110011111111000000000000001111111000000
000000000000000000000000000000000000000000000000000000000000000000000000000000000000000000000000000001100110011000110001000100100011111001111010011110001110001111101001111000011100001100100010000111110000000001111100000011000000001111111000011000000000111110000001100000000111111111111110000000111111
000000000000000000000000000000000000000000000000000000000000000000000000000000000000000000000000000010011001100111000000111011011100000110000101100001110001110000010110000111100011110011011101111000001111111110000011111100111111110000000111100111111111000001111110011111111000000000000001111111000000
000000000000000000000000000000000000000000000000000000000000000000000000000000000000000000000000000001100110011000001110000100100011111000000010011110001110000000001001111000011100000000100010000111110000000001111100000011000000001111111000011000000000111110000001100000000111111111111110000000111111
000000000000000000000000000000000000000000000000000000000000000000000000000000000000000000000000000010011001100111110001111011011100000111111101100001110001111111110110000111100011111111011101111000001111111110000011111100111111110000000111100111111111000001111110011111111000000000000001111111000000
000000000000000000000000000000000000000000000000000000000000000000000000000000000000000000000000000001111110011000001110000111100011111000000010011110001110000000001001111000011100000000100010000111110000000001111100000011000000001111111000011000000000111110000001100000000111111111111110000000111111
000000000000000000000000000000000000000000000000000000000000000000000000000000000000000000000000000010000001100000110001011000011100000001111001100001110000001111100110000111100000001100011101111000001111111110000000000000111111110000000000000111111111000000000000011111111000000000000001111111000000
000000000000000000000000000000000000000000000000000000000000000000000000000000000000000000000000000001111110011111000000100111100011111110000110011110001111110000011001111000011111110011100010000111110000000001111111111111000000001111111111111000000000111111111111100000000111111111111110000000111111
000000000000000000000000000000000000000000000000000000000000000000000000000000000000000000000000000010000001100000111111011000011100000001111001100001110000001111100110000111100000001100011101111000001111111110000000000000111111110000000000000111111111000000000000011111111000000000000001111111000000
000000000000000000000000000000000000000000000000000000000000000000000000000000000000000000000000000001111110011111000000100111100011111110000110011110001111110000011001111000011111110011100010000111110000000001111111111111000000001111111111111000000000111111111111100000000111111111111110000000111111
000000000000000000000000000000000000000000000000000000000000000000000000000000000000000000000000000010000001100000001110011000011100000000000001100001110000000000000110000111100000000000011101111000001111111110000000000000111111110000000000000111111111000000000000011111111000000000000001111111000000
000000000000000000000000000000000000000000000000000000000000000000000000000000000000000000000000000001111110011111110001100111100011111111111110011110001111111111111001111000011111111111100010000111110000000001111111111111000000001111111111111000000000111111111111100000000111111111111110000000111111
000000000000000000000000000000000000000000000000000000000000000000000000000000000000000000000000000011100111100000000000011100111100000000000001111111110000000000000111111111100000000000011111111000001111111110000000000000111111110000000000000111111111000000000000011111111000000000000001111111000000
000000000000000000000000000000000000000000000000000000000000000000000000000000000000000000000000000000011000000111111111100011000000000111111100000000000001111111110000000000000011111111000000000000000000000000000011111100000000000000000111100000000000000001111110000000000000000000000000000000000000
000000000000000000000000000000000000000000000000000000000000000000000000000000000000000000000000000011100111111000000000011100111111111000000011111111111110000000001111111111111100000000111111111111111111111111111100000011111111111111111000011111111111111110000001111111111111111111111111111111111111
000000000000000000000000000000000000000000000000000000000000000000000000000000000000000000000000000000011000000000111111000011000000000001111000000000000000001111100000000000000000001100000000000000000000000000000000000000000000000000000000000000000000000000000000000000000000000000000000000000000000
000000000000000000000000000000000000000000000000000000000000000000000000000000000000000000000000000011111111111111000000111111111111111110000111111111111111110000011111111111111111110011111111111111111111111111111111111111111111111111111111111111111111111111111111111111111111111111111111111111111111
000000000000000000000000000000000000000000000000000000000000000000000000000000000000000000000000000000000000000000000000000000000000000000000000000000000000000000000000000000000000000000000000000000000000000000000000000000000000000000000000000000000000000000000000000000000000000000000000000000000000
000000000000000000000000000000000000000000000000000000000000000000000000000000000000000000000000000011111111111111111111111111111111111111111111111111111111111111111111111111111111111111111111111111111111111111111111111111111111111111111111111111111111111111111111111111111111111111111111111111111111
000000000000000000000000000000000000000000000000000000000000000000000000000000000000000000000000000000000000000000000000000000000000000000000000000000000000000000000000000000000000000000000000000000000000000000000000000000000000000000000000000000000000000000000000000000000000000000000000000000000000
000000000000000000000000000000000000000000000000000000000000000000000000000000000000000000000000000011111111111111111111111111111111111111111111111111111111111111111111111111111111111111111111111111111111111111111111111111111111111111111111111111111111111111111111111111111111111111111111111111111111
000000000000000000000000000000000000000000000000000000000000000000000000000000000000000000000000000000000000000000000000000000000000000000000000000000000000000000000000000000000000000000000000000000000000000000000000000000000000000000000000000000000000000000000000000000000000000000000000000000000000
000000000000000000000000000000000000000000000000000000000000000000000000000000000000000000000000000000000000000000000000000000000000000000000000000000000000000000000000000000000000000000000000000000000000000000000000000000000000000000000000000000000000000000000000000000000000000000000000000000000000
000000000000000000000000000000000000000000000000000000000000000000000000000000000000000000000000000000000000000000000000000000000000000000000000000000000000000000000000000000000000000000000000000000000000000000000000000000000000000000000000000000000000000000000000000000000000000000000000000000000000
000000000000000000000000000000000000000000000000000000000000000000000000000000000000000000000000000000000000000000000000000000000000000000000000000000000000000000000000000000000000000000000000000000000000000000000000000000000000000000000000000000000000000000000000000000000000000000000000000000000000
000000000000000000000000000000000000000000000000000000000000000000000000000000000000000000000000000000000000000000000000000000000000000000000000000000000000000000000000000000000000000000000000000000000000000000000000000000000000000000000000000000000000000000000000000000000000000000000000000000000000
000000000000000000000000000000000000000000000000000000000000000000000000000000000000000000000000000000000000000000000000000000000000000000000000000000000000000000000000000000000000000000000000000000000000000000000000000000000000000000000000000000000000000000000000000000000000000000000000000000000000
000000000000000000000000000000000000000000000000000000000000000000000000000000000000000000000000000000000000000000000000000000000000000000000000000000000000000000000000000000000000000000000000000000000000000000000000000000000000000000000000000000000000000000000000000000000000000000000000000000000000
000000000000000000000000000000000000000000000000000000000000000000000000000000000000000000000000000000000000000000000000000000000000000000000000000000000000000000000000000000000000000000000000000000000000000000000000000000000000000000000000000000000000000000000000000000000000000000000000000000000000
000000000000000000000000000000000000000000000000000000000000000000000000000000000000000000000000000000000000000000000000000000000000000000000000000000000000000000000000000000000000000000000000000000000000000000000000000000000000000000000000000000000000000000000000000000000000000000000000000000000000
000000000000000000000000000000000000000000000000000000000000000000000000000000000000000000000000000000000000000000000000000000000000000000000000000000000000000000000000000000000000000000000000000000000000000000000000000000000000000000000000000000000000000000000000000000000000000000000000000000000000
000000000000000000000000000000000000000000000000000000000000000000000000000000000000000000000000000011111111111111111111111111111111111111111111111111111111111111111111111111111111111111111111111111111111111111111111111111111111111111111111111111111111111111111111111111111111111111111111111111111111
000000000000000000000000000000000000000000000000000000000000000000000000000000000000000000000000000000000000000000000000000000000000000000000000000000000000000000000000000000000000000000000000000000000000000000000000000000000000000000000000000000000000000000000000000000000000000000000000000000000000
000000000000000000000000000000000000000000000000000000000000000000000000000000000000000000000000000011111111111111111111111111111111111111111111111111111111111111111111111111111111111111111111111111111111111111111111111111111111111111111111111111111111111111111111111111111111111111111111111111111111
000000000000000000000000000000000000000000000000000000000000000000000000000000000000000000000000000000000000000000000000000000000000000000000000000000000000000000000000000000000000000000000000000000000000000000000000000000000000000000000000000000000000000000000000000000000000000000000000000000000000
000000000000000000000000000000000000000000000000000000000000000000000000000000000000000000000000000011110000111111111111111100000011111111111111111000011111111111111111000001111111111111111111001111111111111111111111111111111111111111111111111111111111111111111111111111111111111111111111111111111111
000000000000000000000000000000000000000000000000000000000000000000000000000000000000000000000000000000001111000001100000000011111100001100000000000111100000000000000000111110000000000000000000110000000000000000000000000000000000000000000000000000000000000000000000000000000000000000000000000000000000
000000000000000000000000000000000000000000000000000000000000000000000000000000000000000000000000000000000000011110011111100000000001110011111111100000001111111111111000000000111111111111110000000011111111100011111111111111110000001111111111111111100001111111111111111000000111111111111111111111111111
000000000000000000000000000000000000000000000000000000000000000000000000000000000000000000000000000011111111100001100000011111111110001100000000011111110000000000000111111111000000000000001111111100000000011100000000000000001111110000000000000000011110000000000000000111111000000000000000000000000000
000000000000000000000000000000000000000000000000000000000000000000000000000000000000000000000000000000000000001110011110000000000001110011110000000000000111111111000000000000011111111110000000000001110000000000111111111000000000000011111111000000000000011111111100000000000001111111100000000000000111
000000000000000000000000000000000000000000000000000000000000000000000000000000000000000000000000000011111111110111111001111111000110011110001111111111111001111000111111111111100111100001111111111110001111111111000000000111111111111100000000111111111111100000000011111111111110000000011111111111111000
000000000000000000000000000000000000000000000000000000000000000000000000000000000000000000000000000000000000001000000110000000111001100001110000000000000110000111000000000000011000011110000000000001110000000000111111111000000000000011111111000000000000011111111100000000000001111111100000000000000111
000000000000000000000000000000000000000000000000000000000000000000000000000000000000000000000000000011110000110111111001111100000010011110001111111000011001111000111111000001100111100001111111001110001111111111000000000111111111111100000000111111111111100000000011111111111110000000011111111111111000
000000000000000000000000000000000000000000000000000000000000000000000000000000000000000000000000000000001111001000000110000011111101100001110000000111100110000111000000111110011000011110000000110001110000000000111111111000000000000011111111000000000000011111111100000000000001111111100000000000000111
000000000000000000000000000000000000000000000000000000000000000000000000000000000000000000000000000011110000110111111001111100000010011110001111111000011001111000111111000001100111100001111111001110001111111111000000000111111111111100000000111111111111100000000011111111111110000000011111111111111000
000000000000000000000000000000000000000000000000000000000000000000000000000000000000000000000000000000001111001000000110000011000101100001110000000111100110000111000000111110011000011110000000110001110000000000111111111000000000000011111111000000000000011111111100000000000001111111100000000000000111
000000000000000000000000000000000000000000000000000000000000000000000000000000000000000000000000000000000000010111111001100000111000011110001111100000001001111000111000000000100111100001110000000010001111100011000000000111110000001100000000111111100001100000000011111000000110000000011111111111111000
000000000000000000000000000000000000000000000000000000000000000000000000000000000000000000000000000011111111101001100110011111000111101101110000011111110110000111000111111111011000011110001111111101110000011100111111111000001111110011111111000000011110011111111100000111111001111111100000000000000111
000000000000000000000000000000000000000000000000000000000000000000000000000000000000000000000000000000000000010110011001100000111000010010001111100000001001111000111000000000100111100001110000000010001111100011000000000111110000001100000000111111100001100000000011111000000110000000011111111111111000
000000000000000000000000000000000000000000000000000000000000000000000000000000000000000000000000000011110000101001100110011100000011101101110000011000010110000111000111000001011000011110001111001101110000011100111111111000001111110011111111000000011110011111111100000111111001111111100000000000000111
000000000000000000000000000000000000000000000000000000000000000000000000000000000000000000000000000000001111010110011001100011000100010010001111100111101001111000111000111110100111100001110000110010001111100011000000000111110000001100000000111111100001100000000011111000000110000000011111111111111000
000000000000000000000000000000000000000000000000000000000000000000000000000000000000000000000000000011110000101001100110011100111011101101110000011000010110000111000111000001011000011110001111001101110000011100111111111000001111110011111111000000011110011111111100000111111001111111100000000000000111
000000000000000000000000000000000000000000000000000000000000000000000000000000000000000000000000000000001111010110011001100011000100010010001111100111101001111000111000111110100111100001110000110010001111100011000000000111110000001100000000111111100001100000000011111000000110000000011111111111111000
000000000000000000000000000000000000000000000000000000000000000000000000000000000000000000000000000011110000101001100110011100111011101101110000011000010110000111000111000001011000011110001111001101110000011100111111111000001111110011111111000000011110011111111100000111111001111111100000000000000111
000000000000000000000000000000000000000000000000000000000000000000000000000000000000000000000000000000001111010110011001100011000100010010001111100111101001111000111000111110100111100001110000110010001111100011000000000111110000001100000000111111100001100000000011111000000110000000011111111111111000
000000000000000000000000000000000000000000000000000000000000000000000000000000000000000000000000000011110000101111111110011100111011111111110000011000010111111111000111000001011111111110001111001101110000011100111111111000001111110011111111000000011110011111111100000111111001111111100000000000000111
000000000000000000000000000000000000000000000000000000000000000000000000000000000000000000000000000000000000000001100100000000000000101101100000000000000010000100000000000000001000011000000000000000110000000000011111100000000000000001111000000000000000000111100000000000000000011110000000000000000000
000000000000000000000000000000000000000000000000000000000000000000000000000000000000000000000000000000001111010110011001100011000100010010001111100111101001111000111000111110100111100001110000110010001111100011000000000111110000001100000000111111100001100000000011111000000110000000011111111111111000
000000000000000000000000000000000000000000000000000000000000000000000000000000000000000000000000000011110000101001100110011100111011101101110000011000010110000111000111000001011000011110001111001101110000011100111111111000001111110011111111000000011110011111111100000111111001111111100000000000000111
000000000000000000000000000000000000000000000000000000000000000000000000000000000000000000000000000000001111010110011001100011000100010010001111100111101001111000111000111110100111100001110000110010001111100011000000000111110000001100000000111111100001100000000011111000000110000000011111111111111000
000000000000000000000000000000000000000000000000000000000000000000000000000000000000000000000000000011110000101001100110011100111011101101110000011000010110000111000111000001011000011110001111001101110000011100111111111000001111110011111111000000011110011111111100000111111001111111100000000000000111
000000000000000000000000000000000000000000000000000000000000000000000000000000000000000000000000000000001111010110011001100011000100010010001111100111101001111000111000111110100111100001110000110010001111100011000000000111110000001100000000111111100001100000000011111000000110000000011111111111111000
000000000000000000000000000000000000000000000000000000000000000000000000000000000000000000000000000011110000101001100110011100000011101101110000011000010110000111000111000001011000011110001111001101110000011100111111111000001111110011111111000000011110011111111100000111111001111111100000000000000111
000000000000000000000000000000000000000000000000000000000000000000000000000000000000000000000000000000000000010110011001100000111000010010001111100000001001111000111000000000100111100001110000000010001111100011000000000111110000001100000000111111100001100000000011111000000110000000011111111111111000
000000000000000000000000000000000000000000000000000000000000000000000000000000000000000000000000000011111111101001100110011111000111101101110000011111110110000111000111111111011000011110001111111101110000011100111111111000001111110011111111000000011110011111111100000111111001111111100000000000000111
000000000000000000000000000000000000000000000000000000000000000000000000000000000000000000000000000000000000010111111001100000111000011110001111100000001001111000111000000000100111100001110000000010001111100011000000000111110000001100000000111111100001100000000011111000000110000000011111111111111000
000000000000000000000000000000000000000000000000000000000000000000000000000000000000000000000000000000001111001000000110000011000101100001110000000111100110000111000000111110011000011110000000110001110000000000111111111000000000000011111111000000000000011111111100000000000001111111100000000000000111
000000000000000000000000000000000000000000000000000000000000000000000000000000000000000000000000000011110000110111111001111100000010011110001111111000011001111000111111000001100111100001111111001110001111111111000000000111111111111100000000111111111111100000000011111111111110000000011111111111111000
000000000000000000000000000000000000000000000000000000000000000000000000000000000000000000000000000000001111001000000110000011111101100001110000000111100110000111000000111110011000011110000000110001110000000000111111111000000000000011111111000000000000011111111100000000000001111111100000000000000111
000000000000000000000000000000000000000000000000000000000000000000000000000000000000000000000000000011110000110111111001111100000010011110001111111000011001111000111111000001100111100001111111001110001111111111000000000111111111111100000000111111111111100000000011111111111110000000011111111111111000
000000000000000000000000000000000000000000000000000000000000000000000000000000000000000000000000000000000000001000000110000000111001100001110000000000000110000111000000000000011000011110000000000001110000000000111111111000000000000011111111000000000000011111111100000000000001111111100000000000000111
000000000000000000000000000000000000000000000000000000000000000000000000000000000000000000000000000011111111110111111001111111000110011110001111111111111001111000111111111111100111100001111111111110001111111111000000000111111111111100000000111111111111100000000011111111111110000000011111111111111000
000000000000000000000000000000000000000000000000000000000000000000000000000000000000000000000000000000000000001110011110000000000001110011110000000000000111111111000000000000011111111110000000000001110000000000111111111000000000000011111111000000000000011111111100000000000001111111100000000000000111
000000000000000000000000000000000000000000000000000000000000000000000000000000000000000000000000000011111111100001100000011111111110001100000000011111110000000000000111111111000000000000001111111100000000011100000000000000001111110000000000000000011110000000000000000111111000000000000000000000000000
000000000000000000000000000000000000000000000000000000000000000000000000000000000000000000000000000000000000011110011111100000000001110011111111100000001111111111111000000000111111111111110000000011111111100011111111111111110000001111111111111111100001111111111111111000000111111111111111111111111111
000000000000000000000000000000000000000000000000000000000000000000000000000000000000000000000000000000001111000001100000000011111100001100000000000111100000000000000000111110000000000000000000110000000000000000000000000000000000000000000000000000000000000000000000000000000000000000000000000000000000
000000000000000000000000000000000000000000000000000000000000000000000000000000000000000000000000000011110000111111111111111100000011111111111111111000011111111111111111000001111111111111111111001111111111111111111111111111111111111111111111111111111111111111111111111111111111111111111111111111111111
000000000000000000000000000000000000000000000000000000000000000000000000000000000000000000000000000000000000000000000000000000000000000000000000000000000000000000000000000000000000000000000000000000000000000000000000000000000000000000000000000000000000000000000000000000000000000000000000000000000000
000000000000000000000000000000000000000000000000000000000000000000000000000000000000000000000000000011111111111111111111111111111111111111111111111111111111111111111111111111111111111111111111111111111111111111111111111111111111111111111111111111111111111111111111111111111111111111111111111111111111
000000000000000000000000000000000000000000000000000000000000000000000000000000000000000000000000000000000000000000000000000000000000000000000000000000000000000000000000000000000000000000000000000000000000000000000000000000000000000000000000000000000000000000000000000000000000000000000000000000000000
000000000000000000000000000000000000000000000000000000000000000000000000000000000000000000000000000011111111111111111111111111111111111111111111111111111111111111111111111111111111111111111111111111111111111111111111111111111111111111111111111111111111111111111111111111111111111111111111111111111111
000000000000000000000000000000000000000000000000000000000000000000000000000000000000000000000000000000000000000000000000000000000000000000000000000000000000000000000000000000000000000000000000000000000000000000000000000000000000000000000000000000000000000000000000000000000000000000000000000000000000
000000000000000000000000000000000000000000000000000000000000000000000000000000000000000000000000000000000000000000000000000000000000000000000000000000000000000000000000000000000000000000000000000000000000000000000000000000000000000000000000000000000000000000000000000000000000000000000000000000000000
000000000000000000000000000000000000000000000000000000000000000000000000000000000000000000000000000000000000000000000000000000000000000000000000000000000000000000000000000000000000000000000000000000000000000000000000000000000000000000000000000000000000000000000000000000000000000000000000000000000000
000000000000000000000000000000000000000000000000000000000000000000000000000000000000000000000000000000000000000000000000000000000000000000000000000000000000000000000000000000000000000000000000000000000000000000000000000000000000000000000000000000000000000000000000000000000000000000000000000000000000
000000000000000000000000000000000000000000000000000000000000000000000000000000000000000000000000000000000000000000000000000000000000000000000000000000000000000000000000000000000000000000000000000000000000000000000000000000000000000000000000000000000000000000000000000000000000000000000000000000000000
000000000000000000000000000000000000000000000000000000000000000000000000000000000000000000000000000000000000000000000000000000000000000000000000000000000000000000000000000000000000000000000000000000000000000000000000000000000000000000000000000000000000000000000000000000000000000000000000000000000000
000000000000000000000000000000000000000000000000000000000000000000000000000000000000000000000000000000000000000000000000000000000000000000000000000000000000000000000000000000000000000000000000000000000000000000000000000000000000000000000000000000000000000000000000000000000000000000000000000000000000
000000000000000000000000000000000000000000000000000000000000000000000000000000000000000000000000000000000000000000000000000000000000000000000000000000000000000000000000000000000000000000000000000000000000000000000000000000000000000000000000000000000000000000000000000000000000000000000000000000000000
000000000000000000000000000000000000000000000000000000000000000000000000000000000000000000000000000000000000000000000000000000000000000000000000000000000000000000000000000000000000000000000000000000000000000000000000000000000000000000000000000000000000000000000000000000000000000000000000000000000000
000000000000000000000000000000000000000000000000000000000000000000000000000000000000000000000000000000000000000000000000000000000000000000000000000000000000000000000000000000000000000000000000000000000000000000000000000000000000000000000000000000000000000000000000000000000000000000000000000000000000
000000000000000000000000000000000000000000000000000000000000000000000000000000000000000000000000000011111111111111111111111111111111111111111111111111111111111111111111111111111111111111111111111111111111111111111111111111111111111111111111111111111111111111111111111111111111111111111111111111111111
000000000000000000000000000000000000000000000000000000000000000000000000000000000000000000000000000000000000000000000000000000000000000000000000000000000000000000000000000000000000000000000000000000000000000000000000000000000000000000000000000000000000000000000000000000000000000000000000000000000000
000000000000000000000000000000000000000000000000000000000000000000000000000000000000000000000000000011111111111111111111111111111111111111111111111111111111111111111111111111111111111111111111111111111111111111111111111111111111111111111111111111111111111111111111111111111111111111111111111111111111
000000000000000000000000000000000000000000000000000000000000000000000000000000000000000000000000000000000000000000000000000000000000000000000000000000000000000000000000000000000000000000000000000000000000000000000000000000000000000000000000000000000000000000000000000000000000000000000000000000000000
000000000000000000000000000000000000000000000000000000000000000000000000000000000000000000000000000011111111111111000011111111111111110000001111111111111111100001111111111111111100000111111111111111111111111111111111111111111111111111111111111111111111111111111111111111111111111111111111111111111111
000000000000000000000000000000000000000000000000000000000000000000000000000000000000000000000000000000011000000000111100000110000000001111110000110000000000011110000000000000000011111000000000000000000000000000000000000000000000000000000000000000000000000000000000000000000000000000000000000000000000
000000000000000000000000000000000000000000000000000000000000000000000000000000000000000000000000000011100111100000000001111001111110000000000111001111111110000000111111111111100000000011111111111111001111111111111110001111111111111111000000111111111111111110000111111111111111100000011111111111111111
000000000000000000000000000000000000000000000000000000000000000000000000000000000000000000000000000000011000011111111110000110000001111111111000110000000001111111000000000000011111111100000000000000110000000000000001110000000000000000111111000000000000000001111000000000000000011111100000000000000000
000000000000000000000000000000000000000000000000000000000000000000000000000000000000000000000000000001100111000000000000111001111000000000000111001111000000000000011111111100000000000001111111111000000111111100000000000011111111100000000000001111111100000000000001111111110000000000000111111110000000
000000000000000000000000000000000000000000000000000000000000000000000000000000000000000000000000000010111100111111111111011111100111111100011001111000111111111111100111100011111111111110011110000111111000000011111111111100000000011111111111110000000011111111111110000000001111111111111000000001111111
000000000000000000000000000000000000000000000000000000000000000000000000000000000000000000000000000001000011000000000000100000011000000011100110000111000000000000011000011100000000000001100001111000000111111100000000000011111111100000000000001111111100000000000001111111110000000000000111111110000000
000000000000000000000000000000000000000000000000000000000000000000000000000000000000000000000000000010111100111111000011011111100111110000001001111000111111100001100111100011111100000110011110000111111000000011111111111100000000011111111111110000000011111111111110000000001111111111111000000001111111
000000000000000000000000000000000000000000000000000000000000000000000000000000000000000000000000000001000011000000111100100000011000001111110110000111000000011110011000011100000011111001100001111000000111111100000000000011111111100000000000001111111100000000000001111111110000000000000111111110000000
000000000000000000000000000000000000000000000000000000000000000000000000000000000000000000000000000010111100111111000011011111100111110000001001111000111111100001100111100011111100000110011110000111111000000011111111111100000000011111111111110000000011111111111110000000001111111111111000000001111111
000000000000000000000000000000000000000000000000000000000000000000000000000000000000000000000000000001000011000000111100100000011000001100010110000111000000011110011000011100000011111001100001111000000111111100000000000011111111100000000000001111111100000000000001111111110000000000000111111110000000
000000000000000000000000000000000000000000000000000000000000000000000000000000000000000000000000000010111100100000000001011111100110000011100001111000111110000000100111100011100000000010011110000111001000000011111110001100000000011111000000110000000011111110000110000000001111100000011000000001111111
000000000000000000000000000000000000000000000000000000000000000000000000000000000000000000000000000001011011011111111110100110011001111100011110110111000001111111011000011100011111111101100001111000110111111100000001110011111111100000111111001111111100000001111001111111110000011111100111111110000000
000000000000000000000000000000000000000000000000000000000000000000000000000000000000000000000000000010100100100000000001011001100110000011100001001000111110000000100111100011100000000010011110000111001000000011111110001100000000011111000000110000000011111110000110000000001111100000011000000001111111
000000000000000000000000000000000000000000000000000000000000000000000000000000000000000000000000000001011011011111000010100110011001110000001110110111000001100001011000011100011100000101100001111000110111111100000001110011111111100000111111001111111100000001111001111111110000011111100111111110000000
000000000000000000000000000000000000000000000000000000000000000000000000000000000000000000000000000010100100100000111101011001100110001100010001001000111110011110100111100011100011111010011110000111001000000011111110001100000000011111000000110000000011111110000110000000001111100000011000000001111111
000000000000000000000000000000000000000000000000000000000000000000000000000000000000000000000000000001011011011111000010100110011001110011101110110111000001100001011000011100011100000101100001111000110111111100000001110011111111100000111111001111111100000001111001111111110000011111100111111110000000
000000000000000000000000000000000000000000000000000000000000000000000000000000000000000000000000000010100100100000111101011001100110001100010001001000111110011110100111100011100011111010011110000111001000000011111110001100000000011111000000110000000011111110000110000000001111100000011000000001111111
000000000000000000000000000000000000000000000000000000000000000000000000000000000000000000000000000001011011011111000010100110011001110011101110110111000001100001011000011100011100000101100001111000110111111100000001110011111111100000111111001111111100000001111001111111110000011111100111111110000000
000000000000000000000000000000000000000000000000000000000000000000000000000000000000000000000000000010100100100000111101011001100110001100010001001000111110011110100111100011100011111010011110000111001000000011111110001100000000011111000000110000000011111110000110000000001111100000011000000001111111
000000000000000000000000000000000000000000000000000000000000000000000000000000000000000000000000000001111111011111000010111111111001110011101111111111000001100001011111111100011100000101111111111000110111111100000001110011111111100000111111001111111100000001111001111111110000011111100111111110000000
000000000000000000000000000000000000000000000000000000000000000000000000000000000000000000000000000001011010000000000000000110010000000000000010110110000000000000001000010000000000000000100001100000000001110000000000000001111110000000000000000111100000000000000000011110000000000000000001111000000000
000000000000000000000000000000000000000000000000000000000000000000000000000000000000000000000000000010100100100000111101011001100110001100010001001000111110011110100111100011100011111010011110000111001000000011111110001100000000011111000000110000000011111110000110000000001111100000011000000001111111
000000000000000000000000000000000000000000000000000000000000000000000000000000000000000000000000000001011011011111000010100110011001110011101110110111000001100001011000011100011100000101100001111000110111111100000001110011111111100000111111001111111100000001111001111111110000011111100111111110000000
000000000000000000000000000000000000000000000000000000000000000000000000000000000000000000000000000010100100100000111101011001100110001100010001001000111110011110100111100011100011111010011110000111001000000011111110001100000000011111000000110000000011111110000110000000001111100000011000000001111111
000000000000000000000000000000000000000000000000000000000000000000000000000000000000000000000000000001011011011111000010100110011001110011101110110111000001100001011000011100011100000101100001111000110111111100000001110011111111100000111111001111111100000001111001111111110000011111100111111110000000
000000000000000000000000000000000000000000000000000000000000000000000000000000000000000000000000000010100100100000111101011001100110001100010001001000111110011110100111100011100011111010011110000111001000000011111110001100000000011111000000110000000011111110000110000000001111100000011000000001111111
000000000000000000000000000000000000000000000000000000000000000000000000000000000000000000000000000001011011011111000010100110011001110000001110110111000001100001011000011100011100000101100001111000110111111100000001110011111111100000111111001111111100000001111001111111110000011111100111111110000000
000000000000000000000000000000000000000000000000000000000000000000000000000000000000000000000000000010100100100000000001011001100110000011100001001000111110000000100111100011100000000010011110000111001000000011111110001100000000011111000000110000000011111110000110000000001111100000011000000001111111
000000000000000000000000000000000000000000000000000000000000000000000000000000000000000000000000000001011011011111111110100110011001111100011110110111000001111111011000011100011111111101100001111000110111111100000001110011111111100000111111001111111100000001111001111111110000011111100111111110000000
000000000000000000000000000000000000000000000000000000000000000000000000000000000000000000000000000010111100100000000001011111100110000011100001111000111110000000100111100011100000000010011110000111001000000011111110001100000000011111000000110000000011111110000110000000001111100000011000000001111111
000000000000000000000000000000000000000000000000000000000000000000000000000000000000000000000000000001000011000000111100100000011000001100010110000111000000011110011000011100000011111001100001111000000111111100000000000011111111100000000000001111111100000000000001111111110000000000000111111110000000
000000000000000000000000000000000000000000000000000000000000000000000000000000000000000000000000000010111100111111000011011111100111110000001001111000111111100001100111100011111100000110011110000111111000000011111111111100000000011111111111110000000011111111111110000000001111111111111000000001111111
000000000000000000000000000000000000000000000000000000000000000000000000000000000000000000000000000001000011000000111100100000011000001111110110000111000000011110011000011100000011111001100001111000000111111100000000000011111111100000000000001111111100000000000001111111110000000000000111111110000000
000000000000000000000000000000000000000000000000000000000000000000000000000000000000000000000000000010111100111111000011011111100111110000001001111000111111100001100111100011111100000110011110000111111000000011111111111100000000011111111111110000000011111111111110000000001111111111111000000001111111
000000000000000000000000000000000000000000000000000000000000000000000000000000000000000000000000000001000011000000000000100000011000000011100110000111000000000000011000011100000000000001100001111000000111111100000000000011111111100000000000001111111100000000000001111111110000000000000111111110000000
000000000000000000000000000000000000000000000000000000000000000000000000000000000000000000000000000010111100111111111111011111100111111100011001111000111111111111100111100011111111111110011110000111111000000011111111111100000000011111111111110000000011111111111110000000001111111111111000000001111111
000000000000000000000000000000000000000000000000000000000000000000000000000000000000000000000000000001100111000000000000111001111000000000000111001111000000000000011111111100000000000001111111111000000111111100000000000011111111100000000000001111111100000000000001111111110000000000000111111110000000
000000000000000000000000000000000000000000000000000000000000000000000000000000000000000000000000000000011000011111111110000110000001111111111000110000000001111111000000000000011111111100000000000000110000000000000001110000000000000000111111000000000000000001111000000000000000011111100000000000000000
000000000000000000000000000000000000000000000000000000000000000000000000000000000000000000000000000011100111100000000001111001111110000000000111001111111110000000111111111111100000000011111111111111001111111111111110001111111111111111000000111111111111111110000111111111111111100000011111111111111111
000000000000000000000000000000000000000000000000000000000000000000000000000000000000000000000000000000011000000000111100000110000000001111110000110000000000011110000000000000000011111000000000000000000000000000000000000000000000000000000000000000000000000000000000000000000000000000000000000000000000
000000000000000000000000000000000000000000000000000000000000000000000000000000000000000000000000000011111111111111000011111111111111110000001111111111111111100001111111111111111100000111111111111111111111111111111111111111111111111111111111111111111111111111111111111111111111111111111111111111111111
000000000000000000000000000000000000000000000000000000000000000000000000000000000000000000000000000000000000000000000000000000000000000000000000000000000000000000000000000000000000000000000000000000000000000000000000000000000000000000000000000000000000000000000000000000000000000000000000000000000000
000000000000000000000000000000000000000000000000000000000000000000000000000000000000000000000000000011111111111111111111111111111111111111111111111111111111111111111111111111111111111111111111111111111111111111111111111111111111111111111111111111111111111111111111111111111111111111111111111111111111
000000000000000000000000000000000000000000000000000000000000000000000000000000000000000000000000000000000000000000000000000000000000000000000000000000000000000000000000000000000000000000000000000000000000000000000000000000000000000000000000000000000000000000000000000000000000000000000000000000000000
000000000000000000000000000000000000000000000000000000000000000000000000000000000000000000000000000011111111111111111111111111111111111111111111111111111111111111111111111111111111111111111111111111111111111111111111111111111111111111111111111111111111111111111111111111111111111111111111111111111111
000000000000000000000000000000000000000000000000000000000000000000000000000000000000000000000000000000000000000000000000000000000000000000000000000000000000000000000000000000000000000000000000000000000000000000000000000000000000000000000000000000000000000000000000000000000000000000000000000000000000
000000000000000000000000000000000000000000000000000000000000000000000000000000000000000000000000000000000000000000000000000000000000000000000000000000000000000000000000000000000000000000000000000000000000000000000000000000000000000000000000000000000000000000000000000000000000000000000000000000000000
000000000000000000000000000000000000000000000000000000000000000000000000000000000000000000000000000000000000000000000000000000000000000000000000000000000000000000000000000000000000000000000000000000000000000000000000000000000000000000000000000000000000000000000000000000000000000000000000000000000000
000000000000000000000000000000000000000000000000000000000000000000000000000000000000000000000000000000000000000000000000000000000000000000000000000000000000000000000000000000000000000000000000000000000000000000000000000000000000000000000000000000000000000000000000000000000000000000000000000000000000
000000000000000000000000000000000000000000000000000000000000000000000000000000000000000000000000000000000000000000000000000000000000000000000000000000000000000000000000000000000000000000000000000000000000000000000000000000000000000000000000000000000000000000000000000000000000000000000000000000000000
000000000000000000000000000000000000000000000000000000000000000000000000000000000000000000000000000000000000000000000000000000000000000000000000000000000000000000000000000000000000000000000000000000000000000000000000000000000000000000000000000000000000000000000000000000000000000000000000000000000000
000000000000000000000000000000000000000000000000000000000000000000000000000000000000000000000000000000000000000000000000000000000000000000000000000000000000000000000000000000000000000000000000000000000000000000000000000000000000000000000000000000000000000000000000000000000000000000000000000000000000
000000000000000000000000000000000000000000000000000000000000000000000000000000000000000000000000000000000000000000000000000000000000000000000000000000000000000000000000000000000000000000000000000000000000000000000000000000000000000000000000000000000000000000000000000000000000000000000000000000000000
000000000000000000000000000000000000000000000000000000000000000000000000000000000000000000000000000000000000000000000000000000000000000000000000000000000000000000000000000000000000000000000000000000000000000000000000000000000000000000000000000000000000000000000000000000000000000000000000000000000000
000000000000000000000000000000000000000000000000000000000000000000000000000000000000000000000000000000000000000000000000000000000000000000000000000000000000000000000000000000000000000000000000000000000000000000000000000000000000000000000000000000000000000000000000000000000000000000000000000000000000
000000000000000000000000000000000000000000000000000000000000000000000000000000000000000000000000000011111111111111111111111111111111111111111111111111111111111111111111111111111111111111111111111111111111111111111111111111111111111111111111111111111111111111111111111111111111111111111111111111111111
000000000000000000000000000000000000000000000000000000000000000000000000000000000000000000000000000000000000000000000000000000000000000000000000000000000000000000000000000000000000000000000000000000000000000000000000000000000000000000000000000000000000000000000000000000000000000000000000000000000000
000000000000000000000000000000000000000000000000000000000000000000000000000000000000000000000000000011111111111111111111111111111111111111111111111111111111111111111111111111111111111111111111111111111111111111111111111111111111111111111111111111111111111111111111111111111111111111111111111111111111
000000000000000000000000000000000000000000000000000000000000000000000000000000000000000000000000000000000000000000000000000000000000000000000000000000000000000000000000000000000000000000000000000000000000000000000000000000000000000000000000000000000000000000000000000000000000000000000000000000000000
000000000000000000000000000000000000000000000000000000000000000000000000000000000000000000000000000011110000011111111111111100001111111111111111000000111111111111111110000111111111111111110000011111111111111111111111111111111111111111111111111111111111111111111111111111111111111111111111111111111111
000000000000000000000000000000000000000000000000000000000000000000000000000000000000000000000000000000001111100001100000000011110000011000000000111111000011000000000001111000000000000000001111100000000000000000000000000000000000000000000000000000000000000000000000000000000000000000000000000000000000
000000000000000000000000000000000000000000000000000000000000000000000000000000000000000000000000000011000000001110011110000000000111100111111000000000011100111111111000000011111111111110000000001111111111000001111111111111111000111111111111111100000011111111111111111000011111111111111110000001111111
000000000000000000000000000000000000000000000000000000000000000000000000000000000000000000000000000000111111110001100001111111111000011000000111111111100011000000000111111100000000000001111111110000000000111110000000000000000111000000000000000011111100000000000000000111100000000000000001111110000000
000000000000000000000000000000000000000000000000000000000000000000000000000000000000000000000000000000000000000110011100000000000011100111100000000000011100111100000000000001111111110000000000000111110000000000011111110000000000001111111110000000000000111111110000000000000111111111000000000000011111
000000000000000000000000000000000000000000000000000000000000000000000000000000000000000000000000000011111111111011110011111111111101111110011111110001100111100011111111111110011110001111111111111001111111111111100000001111111111110000000001111111111111000000001111111111111000000000111111111111100000
000000000000000000000000000000000000000000000000000000000000000000000000000000000000000000000000000000000000000100001100000000000010000001100000001110011000011100000000000001100001110000000000000110000000000000011111110000000000001111111110000000000000111111110000000000000111111111000000000000011111
000000000000000000000000000000000000000000000000000000000000000000000000000000000000000000000000000011110000011011110011111100001101111110011111000000100111100011111110000110011110001111110000011001111111111111100000001111111111110000000001111111111111000000001111111111111000000000111111111111100000
000000000000000000000000000000000000000000000000000000000000000000000000000000000000000000000000000000001111100100001100000011110010000001100000111111011000011100000001111001100001110000001111100110000000000000011111110000000000001111111110000000000000111111110000000000000111111111000000000000011111
000000000000000000000000000000000000000000000000000000000000000000000000000000000000000000000000000011110000011011110011111100001101111110011111000000100111100011111110000110011110001111110000011001111111111111100000001111111111110000000001111111111111000000001111111111111000000000111111111111100000
000000000000000000000000000000000000000000000000000000000000000000000000000000000000000000000000000000001111100100001100000011110010000001100000110001011000011100000001111001100001110000001111100110000000000000011111110000000000001111111110000000000000111111110000000000000111111111000000000000011111
000000000000000000000000000000000000000000000000000000000000000000000000000000000000000000000000000011000000001011110010000000000101111110011000001110000111100011111000000010011110001110000000001001111111000001100000001111111000110000000001111100000011000000001111111000011000000000111110000001100000
000000000000000000000000000000000000000000000000000000000000000000000000000000000000000000000000000000111111110101101101111111111010011001100111110001111011011100000111111101100001110001111111110110000000111110011111110000000111001111111110000011111100111111110000000111100111111111000001111110011111
000000000000000000000000000000000000000000000000000000000000000000000000000000000000000000000000000011000000001010010010000000000101100110011000001110000100100011111000000010011110001110000000001001111111000001100000001111111000110000000001111100000011000000001111111000011000000000111110000001100000
000000000000000000000000000000000000000000000000000000000000000000000000000000000000000000000000000000110000010101101101111100001010011001100111000000111011011100000110000101100001110001110000010110000000111110011111110000000111001111111110000011111100111111110000000111100111111111000001111110011111
000000000000000000000000000000000000000000000000000000000000000000000000000000000000000000000000000011001111101010010010000011110101100110011000110001000100100011111001111010011110001110001111101001111111000001100000001111111000110000000001111100000011000000001111111000011000000000111110000001100000
000000000000000000000000000000000000000000000000000000000000000000000000000000000000000000000000000000110000010101101101111100001010011001100111001110111011011100000110000101100001110001110000010110000000111110011111110000000111001111111110000011111100111111110000000111100111111111000001111110011111
000000000000000000000000000000000000000000000000000000000000000000000000000000000000000000000000000011001111101010010010000011110101100110011000110001000100100011111001111010011110001110001111101001111111000001100000001111111000110000000001111100000011000000001111111000011000000000111110000001100000
000000000000000000000000000000000000000000000000000000000000000000000000000000000000000000000000000000110000010101101101111100001010011001100111001110111011011100000110000101100001110001110000010110000000111110011111110000000111001111111110000011111100111111110000000111100111111111000001111110011111
000000000000000000000000000000000000000000000000000000000000000000000000000000000000000000000000000011001111101010010010000011110101100110011000110001000100100011111001111010011110001110001111101001111111000001100000001111111000110000000001111100000011000000001111111000011000000000111110000001100000
000000000000000000000000000000000000000000000000000000000000000000000000000000000000000000000000000000110000010111111101111100001011111111100111001110111111111100000110000101111111110001110000010111110000111110011111110000000111001111111110000011111100111111110000000111100111111111000001111110011111
000000000000000000000000000000000000000000000000000000000000000000000000000000000000000000000000000000000000000101101000000000000000011001000000000000001011011000000000000000100001000000000000000010000000000000000111000000000000000111111000000000000000011110000000000000000001111000000000000000000111
000000000000000000000000000000000000000000000000000000000000000000000000000000000000000000000000000011001111101010010010000011110101100110011000110001000100100011111001111010011110001110001111101001111111000001100000001111111000110000000001111100000011000000001111111000011000000000111110000001100000
000000000000000000000000000000000000000000000000000000000000000000000000000000000000000000000000000000110000010101101101111100001010011001100111001110111011011100000110000101100001110001110000010110000000111110011111110000000111001111111110000011111100111111110000000111100111111111000001111110011111
000000000000000000000000000000000000000000000000000000000000000000000000000000000000000000000000000011001111101010010010000011110101100110011000110001000100100011111001111010011110001110001111101001111111000001100000001111111000110000000001111100000011000000001111111000011000000000111110000001100000
000000000000000000000000000000000000000000000000000000000000000000000000000000000000000000000000000000110000010101101101111100001010011001100111001110111011011100000110000101100001110001110000010110000000111110011111110000000111001111111110000011111100111111110000000111100111111111000001111110011111
000000000000000000000000000000000000000000000000000000000000000000000000000000000000000000000000000011001111101010010010000011110101100110011000110001000100100011111001111010011110001110001111101001111111000001100000001111111000110000000001111100000011000000001111111000011000000000111110000001100000
000000000000000000000000000000000000000000000000000000000000000000000000000000000000000000000000000000110000010101101101111100001010011001100111000000111011011100000110000101100001110001110000010110000000111110011111110000000111001111111110000011111100111111110000000111100111111111000001111110011111
000000000000000000000000000000000000000000000000000000000000000000000000000000000000000000000000000011000000001010010010000000000101100110011000001110000100100011111000000010011110001110000000001001111111000001100000001111111000110000000001111100000011000000001111111000011000000000111110000001100000
000000000000000000000000000000000000000000000000000000000000000000000000000000000000000000000000000000111111110101101101111111111010011001100111110001111011011100000111111101100001110001111111110110000000111110011111110000000111001111111110000011111100111111110000000111100111111111000001111110011111
000000000000000000000000000000000000000000000000000000000000000000000000000000000000000000000000000011000000001011110010000000000101111110011000001110000111100011111000000010011110001110000000001001111111000001100000001111111000110000000001111100000011000000001111111000011000000000111110000001100000
000000000000000000000000000000000000000000000000000000000000000000000000000000000000000000000000000000001111100100001100000011110010000001100000110001011000011100000001111001100001110000001111100110000000000000011111110000000000001111111110000000000000111111110000000000000111111111000000000000011111
000000000000000000000000000000000000000000000000000000000000000000000000000000000000000000000000000011110000011011110011111100001101111110011111000000100111100011111110000110011110001111110000011001111111111111100000001111111111110000000001111111111111000000001111111111111000000000111111111111100000
000000000000000000000000000000000000000000000000000000000000000000000000000000000000000000000000000000001111100100001100000011110010000001100000111111011000011100000001111001100001110000001111100110000000000000011111110000000000001111111110000000000000111111110000000000000111111111000000000000011111
000000000000000000000000000000000000000000000000000000000000000000000000000000000000000000000000000011110000011011110011111100001101111110011111000000100111100011111110000110011110001111110000011001111111111111100000001111111111110000000001111111111111000000001111111111111000000000111111111111100000
000000000000000000000000000000000000000000000000000000000000000000000000000000000000000000000000000000000000000100001100000000000010000001100000001110011000011100000000000001100001110000000000000110000000000000011111110000000000001111111110000000000000111111110000000000000111111111000000000000011111
000000000000000000000000000000000000000000000000000000000000000000000000000000000000000000000000000011111111111011110011111111111101111110011111110001100111100011111111111110011110001111111111111001111111111111100000001111111111110000000001111111111111000000001111111111111000000000111111111111100000
000000000000000000000000000000000000000000000000000000000000000000000000000000000000000000000000000000000000000110011100000000000011100111100000000000011100111100000000000001111111110000000000000111110000000000011111110000000000001111111110000000000000111111110000000000000111111111000000000000011111
000000000000000000000000000000000000000000000000000000000000000000000000000000000000000000000000000000111111110001100001111111111000011000000111111111100011000000000111111100000000000001111111110000000000111110000000000000000111000000000000000011111100000000000000000111100000000000000001111110000000
000000000000000000000000000000000000000000000000000000000000000000000000000000000000000000000000000011000000001110011110000000000111100111111000000000011100111111111000000011111111111110000000001111111111000001111111111111111000111111111111111100000011111111111111111000011111111111111110000001111111
000000000000000000000000000000000000000000000000000000000000000000000000000000000000000000000000000000001111100001100000000011110000011000000000111111000011000000000001111000000000000000001111100000000000000000000000000000000000000000000000000000000000000000000000000000000000000000000000000000000000
000000000000000000000000000000000000000000000000000000000000000000000000000000000000000000000000000011110000011111111111111100001111111111111111000000111111111111111110000111111111111111110000011111111111111111111111111111111111111111111111111111111111111111111111111111111111111111111111111111111111
000000000000000000000000000000000000000000000000000000000000000000000000000000000000000000000000000000000000000000000000000000000000000000000000000000000000000000000000000000000000000000000000000000000000000000000000000000000000000000000000000000000000000000000000000000000000000000000000000000000000
000000000000000000000000000000000000000000000000000000000000000000000000000000000000000000000000000011111111111111111111111111111111111111111111111111111111111111111111111111111111111111111111111111111111111111111111111111111111111111111111111111111111111111111111111111111111111111111111111111111111
000000000000000000000000000000000000000000000000000000000000000000000000000000000000000000000000000000000000000000000000000000000000000000000000000000000000000000000000000000000000000000000000000000000000000000000000000000000000000000000000000000000000000000000000000000000000000000000000000000000000
000000000000000000000000000000000000000000000000000000000000000000000000000000000000000000000000000011111111111111111111111111111111111111111111111111111111111111111111111111111111111111111111111111111111111111111111111111111111111111111111111111111111111111111111111111111111111111111111111111111111
000000000000000000000000000000000000000000000000000000000000000000000000000000000000000000000000000000000000000000000000000000000000000000000000000000000000000000000000000000000000000000000000000000000000000000000000000000000000000000000000000000000000000000000000000000000000000000000000000000000000
000000000000000000000000000000000000000000000000000000000000000000000000000000000000000000000000000000000000000000000000000000000000000000000000000000000000000000000000000000000000000000000000000000000000000000000000000000000000000000000000000000000000000000000000000000000000000000000000000000000000
000000000000000000000000000000000000000000000000000000000000000000000000000000000000000000000000000000000000000000000000000000000000000000000000000000000000000000000000000000000000000000000000000000000000000000000000000000000000000000000000000000000000000000000000000000000000000000000000000000000000
000000000000000000000000000000000000000000000000000000000000000000000000000000000000000000000000000000000000000000000000000000000000000000000000000000000000000000000000000000000000000000000000000000000000000000000000000000000000000000000000000000000000000000000000000000000000000000000000000000000000
000000000000000000000000000000000000000000000000000000000000000000000000000000000000000000000000000000000000000000000000000000000000000000000000000000000000000000000000000000000000000000000000000000000000000000000000000000000000000000000000000000000000000000000000000000000000000000000000000000000000
000000000000000000000000000000000000000000000000000000000000000000000000000000000000000000000000000000000000000000000000000000000000000000000000000000000000000000000000000000000000000000000000000000000000000000000000000000000000000000000000000000000000000000000000000000000000000000000000000000000000
000000000000000000000000000000000000000000000000000000000000000000000000000000000000000000000000000000000000000000000000000000000000000000000000000000000000000000000000000000000000000000000000000000000000000000000000000000000000000000000000000000000000000000000000000000000000000000000000000000000000
000000000000000000000000000000000000000000000000000000000000000000000000000000000000000000000000000000000000000000000000000000000000000000000000000000000000000000000000000000000000000000000000000000000000000000000000000000000000000000000000000000000000000000000000000000000000000000000000000000000000
000000000000000000000000000000000000000000000000000000000000000000000000000000000000000000000000000000000000000000000000000000000000000000000000000000000000000000000000000000000000000000000000000000000000000000000000000000000000000000000000000000000000000000000000000000000000000000000000000000000000
000000000000000000000000000000000000000000000000000000000000000000000000000000000000000000000000000000000000000000000000000000000000000000000000000000000000000000000000000000000000000000000000000000000000000000000000000000000000000000000000000000000000000000000000000000000000000000000000000000000000
000000000000000000000000000000000000000000000000000000000000000000000000000000000000000000000000000011111111111111111111111111111111111111111111111111111111111111111111111111111111111111111111111111111111111111111111111111111111111111111111111111111111111111111111111111111111111111111111111111111111
000000000000000000000000000000000000000000000000000000000000000000000000000000000000000000000000000000000000000000000000000000000000000000000000000000000000000000000000000000000000000000000000000000000000000000000000000000000000000000000000000000000000000000000000000000000000000000000000000000000000
000000000000000000000000000000000000000000000000000000000000000000000000000000000000000000000000000011111111111111111111111111111111111111111111111111111111111111111111111111111111111111111111111111111111111111111111111111111111111111111111111111111111111111111111111111111111111111111111111111111111
000000000000000000000000000000000000000000000000000000000000000000000000000000000000000000000000000000000000000000000000000000000000000000000000000000000000000000000000000000000000000000000000000000000000000000000000000000000000000000000000000000000000000000000000000000000000000000000000000000000000
000000000000000000000000000000000000000000000000000000000000000000000000000000000000000000000000000011111111111111000001111111111111110000111111111111111100000011111111111111111000011111111111111111001111111111111111111111111111111111111111111111111111111111111111111111111111111111111111111111111111
000000000000000000000000000000000000000000000000000000000000000000000000000000000000000000000000000000000000000000111110000110000000001111000001100000000011111100001100000000000111100000000000000000110000000000000000000000000000000000000000000000000000000000000000000000000000000000000000000000000000
000000000000000000000000000000000000000000000000000000000000000000000000000000000000000000000000000011111111111100000000111001111000000000011110011111100000000001110011111111100000001111111111111000001111111111111100000111111111111111100011111111111111110000001111111111111111100001111111111111111000
000000000000000000000000000000000000000000000000000000000000000000000000000000000000000000000000000000000000000011111111000110000111111111100001100000011111111110001100000000011111110000000000000111110000000000000011111000000000000000011100000000000000001111110000000000000000011110000000000000000111
000000000000000000000000000000000000000000000000000000000000000000000000000000000000000000000000000011111111000000000000011001110000000000001110011110000000000001110011110000000000000111111111000000001111111100000000000001111111000000000000111111111000000000000011111111000000000000011111111100000000
000000000000000000000000000000000000000000000000000000000000000000000000000000000000000000000000000011110000111111111111101111001111111111110111111001111111000110011110001111111111111001111000111111110000000011111111111110000000111111111111000000000111111111111100000000111111111111100000000011111111
000000000000000000000000000000000000000000000000000000000000000000000000000000000000000000000000000000001111000000000000010000110000000000001000000110000000111001100001110000000000000110000111000000001111111100000000000001111111000000000000111111111000000000000011111111000000000000011111111100000000
000000000000000000000000000000000000000000000000000000000000000000000000000000000000000000000000000011110000111111000001101111001111110000110111111001111100000010011110001111111000011001111000111111000000000011111111111110000000111111111111000000000111111111111100000000111111111111100000000011111111
000000000000000000000000000000000000000000000000000000000000000000000000000000000000000000000000000000001111000000111110010000110000001111001000000110000011111101100001110000000111100110000111000000111111111100000000000001111111000000000000111111111000000000000011111111000000000000011111111100000000
000000000000000000000000000000000000000000000000000000000000000000000000000000000000000000000000000011110000111111000001101111001111110000110111111001111100000010011110001111111000011001111000111111000000000011111111111110000000111111111111000000000111111111111100000000111111111111100000000011111111
000000000000000000000000000000000000000000000000000000000000000000000000000000000000000000000000000000001111000000111110010000110000001111001000000110000011000101100001110000000111100110000111000000111111111100000000000001111111000000000000111111111000000000000011111111000000000000011111111100000000
000000000000000000000000000000000000000000000000000000000000000000000000000000000000000000000000000011110000111100000000101111001000000000010111111001100000111000011110001111100000001001111000111000000000000011111100000110000000111111100011000000000111110000001100000000111111100001100000000011111000
000000000000000000000000000000000000000000000000000000000000000000000000000000000000000000000000000000001111000011111111010110110111111111101001100110011111000111101101110000011111110110000111000111111111111100000011111001111111000000011100111111111000001111110011111111000000011110011111111100000111
000000000000000000000000000000000000000000000000000000000000000000000000000000000000000000000000000011110000111100000000101001001000000000010110011001100000111000010010001111100000001001111000111000000000000011111100000110000000111111100011000000000111110000001100000000111111100001100000000011111000
000000000000000000000000000000000000000000000000000000000000000000000000000000000000000000000000000000001111000011000001010110110111110000101001100110011100000011101101110000011000010110000111000111001111111100000011111001111111000000011100111111111000001111110011111111000000011110011111111100000111
000000000000000000000000000000000000000000000000000000000000000000000000000000000000000000000000000011110000111100111110101001001000001111010110011001100011000100010010001111100111101001111000111000110000000011111100000110000000111111100011000000000111110000001100000000111111100001100000000011111000
000000000000000000000000000000000000000000000000000000000000000000000000000000000000000000000000000000001111000011000001010110110111110000101001100110011100111011101101110000011000010110000111000111001111111100000011111001111111000000011100111111111000001111110011111111000000011110011111111100000111
000000000000000000000000000000000000000000000000000000000000000000000000000000000000000000000000000011110000111100111110101001001000001111010110011001100011000100010010001111100111101001111000111000110000000011111100000110000000111111100011000000000111110000001100000000111111100001100000000011111000
000000000000000000000000000000000000000000000000000000000000000000000000000000000000000000000000000000001111000011000001010110110111110000101001100110011100111011101101110000011000010110000111000111001111111100000011111001111111000000011100111111111000001111110011111111000000011110011111111100000111
000000000000000000000000000000000000000000000000000000000000000000000000000000000000000000000000000011110000111100111110101001001000001111010110011001100011000100010010001111100111101001111000111000110000000011111100000110000000111111100011000000000111110000001100000000111111100001100000000011111000
000000000000000000000000000000000000000000000000000000000000000000000000000000000000000000000000000011111111000011000001011111110111110000101111111110011100111011111111110000011000010111111111000111001111111100000011111001111111000000011100111111111000001111110011111111000000011110011111111100000111
000000000000000000000000000000000000000000000000000000000000000000000000000000000000000000000000000000001100000000000000010110100000000000000001100100000000000000101101100000000000000010000100000000001111000000000000000000011100000000000000011111100000000000000001111000000000000000000111100000000000
000000000000000000000000000000000000000000000000000000000000000000000000000000000000000000000000000011110000111100111110101001001000001111010110011001100011000100010010001111100111101001111000111000110000000011111100000110000000111111100011000000000111110000001100000000111111100001100000000011111000
000000000000000000000000000000000000000000000000000000000000000000000000000000000000000000000000000000001111000011000001010110110111110000101001100110011100111011101101110000011000010110000111000111001111111100000011111001111111000000011100111111111000001111110011111111000000011110011111111100000111
000000000000000000000000000000000000000000000000000000000000000000000000000000000000000000000000000011110000111100111110101001001000001111010110011001100011000100010010001111100111101001111000111000110000000011111100000110000000111111100011000000000111110000001100000000111111100001100000000011111000
000000000000000000000000000000000000000000000000000000000000000000000000000000000000000000000000000000001111000011000001010110110111110000101001100110011100111011101101110000011000010110000111000111001111111100000011111001111111000000011100111111111000001111110011111111000000011110011111111100000111
000000000000000000000000000000000000000000000000000000000000000000000000000000000000000000000000000011110000111100111110101001001000001111010110011001100011000100010010001111100111101001111000111000110000000011111100000110000000111111100011000000000111110000001100000000111111100001100000000011111000
000000000000000000000000000000000000000000000000000000000000000000000000000000000000000000000000000000001111000011000001010110110111110000101001100110011100000011101101110000011000010110000111000111001111111100000011111001111111000000011100111111111000001111110011111111000000011110011111111100000111
000000000000000000000000000000000000000000000000000000000000000000000000000000000000000000000000000011110000111100000000101001001000000000010110011001100000111000010010001111100000001001111000111000000000000011111100000110000000111111100011000000000111110000001100000000111111100001100000000011111000
000000000000000000000000000000000000000000000000000000000000000000000000000000000000000000000000000000001111000011111111010110110111111111101001100110011111000111101101110000011111110110000111000111111111111100000011111001111111000000011100111111111000001111110011111111000000011110011111111100000111
000000000000000000000000000000000000000000000000000000000000000000000000000000000000000000000000000011110000111100000000101111001000000000010111111001100000111000011110001111100000001001111000111000000000000011111100000110000000111111100011000000000111110000001100000000111111100001100000000011111000
000000000000000000000000000000000000000000000000000000000000000000000000000000000000000000000000000000001111000000111110010000110000001111001000000110000011000101100001110000000111100110000111000000111111111100000000000001111111000000000000111111111000000000000011111111000000000000011111111100000000
000000000000000000000000000000000000000000000000000000000000000000000000000000000000000000000000000011110000111111000001101111001111110000110111111001111100000010011110001111111000011001111000111111000000000011111111111110000000111111111111000000000111111111111100000000111111111111100000000011111111
000000000000000000000000000000000000000000000000000000000000000000000000000000000000000000000000000000001111000000111110010000110000001111001000000110000011111101100001110000000111100110000111000000111111111100000000000001111111000000000000111111111000000000000011111111000000000000011111111100000000
000000000000000000000000000000000000000000000000000000000000000000000000000000000000000000000000000011110000111111000001101111001111110000110111111001111100000010011110001111111000011001111000111111000000000011111111111110000000111111111111000000000111111111111100000000111111111111100000000011111111
000000000000000000000000000000000000000000000000000000000000000000000000000000000000000000000000000000001111000000000000010000110000000000001000000110000000111001100001110000000000000110000111000000001111111100000000000001111111000000000000111111111000000000000011111111000000000000011111111100000000
000000000000000000000000000000000000000000000000000000000000000000000000000000000000000000000000000011110000111111111111101111001111111111110111111001111111000110011110001111111111111001111000111111110000000011111111111110000000111111111111000000000111111111111100000000111111111111100000000011111111
000000000000000000000000000000000000000000000000000000000000000000000000000000000000000000000000000011111111000000000000011001110000000000001110011110000000000001110011110000000000000111111111000000001111111100000000000001111111000000000000111111111000000000000011111111000000000000011111111100000000
000000000000000000000000000000000000000000000000000000000000000000000000000000000000000000000000000000000000000011111111000110000111111111100001100000011111111110001100000000011111110000000000000111110000000000000011111000000000000000011100000000000000001111110000000000000000011110000000000000000111
000000000000000000000000000000000000000000000000000000000000000000000000000000000000000000000000000011111111111100000000111001111000000000011110011111100000000001110011111111100000001111111111111000001111111111111100000111111111111111100011111111111111110000001111111111111111100001111111111111111000
000000000000000000000000000000000000000000000000000000000000000000000000000000000000000000000000000000000000000000111110000110000000001111000001100000000011111100001100000000000111100000000000000000110000000000000000000000000000000000000000000000000000000000000000000000000000000000000000000000000000
000000000000000000000000000000000000000000000000000000000000000000000000000000000000000000000000000011111111111111000001111111111111110000111111111111111100000011111111111111111000011111111111111111001111111111111111111111111111111111111111111111111111111111111111111111111111111111111111111111111111
000000000000000000000000000000000000000000000000000000000000000000000000000000000000000000000000000000000000000000000000000000000000000000000000000000000000000000000000000000000000000000000000000000000000000000000000000000000000000000000000000000000000000000000000000000000000000000000000000000000000
000000000000000000000000000000000000000000000000000000000000000000000000000000000000000000000000000011111111111111111111111111111111111111111111111111111111111111111111111111111111111111111111111111111111111111111111111111111111111111111111111111111111111111111111111111111111111111111111111111111111
000000000000000000000000000000000000000000000000000000000000000000000000000000000000000000000000000000000000000000000000000000000000000000000000000000000000000000000000000000000000000000000000000000000000000000000000000000000000000000000000000000000000000000000000000000000000000000000000000000000000
000000000000000000000000000000000000000000000000000000000000000000000000000000000000000000000000000011111111111111111111111111111111111111111111111111111111111111111111111111111111111111111111111111111111111111111111111111111111111111111111111111111111111111111111111111111111111111111111111111111111
000000000000000000000000000000000000000000000000000000000000000000000000000000000000000000000000000000000000000000000000000000000000000000000000000000000000000000000000000000000000000000000000000000000000000000000000000000000000000000000000000000000000000000000000000000000000000000000000000000000000
000000000000000000000000000000000000000000000000000000000000000000000000000000000000000000000000000000000000000000000000000000000000000000000000000000000000000000000000000000000000000000000000000000000000000000000000000000000000000000000000000000000000000000000000000000000000000000000000000000000000
000000000000000000000000000000000000000000000000000000000000000000000000000000000000000000000000000000000000000000000000000000000000000000000000000000000000000000000000000000000000000000000000000000000000000000000000000000000000000000000000000000000000000000000000000000000000000000000000000000000000
000000000000000000000000000000000000000000000000000000000000000000000000000000000000000000000000000000000000000000000000000000000000000000000000000000000000000000000000000000000000000000000000000000000000000000000000000000000000000000000000000000000000000000000000000000000000000000000000000000000000
000000000000000000000000000000000000000000000000000000000000000000000000000000000000000000000000000000000000000000000000000000000000000000000000000000000000000000000000000000000000000000000000000000000000000000000000000000000000000000000000000000000000000000000000000000000000000000000000000000000000
000000000000000000000000000000000000000000000000000000000000000000000000000000000000000000000000000000000000000000000000000000000000000000000000000000000000000000000000000000000000000000000000000000000000000000000000000000000000000000000000000000000000000000000000000000000000000000000000000000000000
000000000000000000000000000000000000000000000000000000000000000000000000000000000000000000000000000000000000000000000000000000000000000000000000000000000000000000000000000000000000000000000000000000000000000000000000000000000000000000000000000000000000000000000000000000000000000000000000000000000000
000000000000000000000000000000000000000000000000000000000000000000000000000000000000000000000000000000000000000000000000000000000000000000000000000000000000000000000000000000000000000000000000000000000000000000000000000000000000000000000000000000000000000000000000000000000000000000000000000000000000
000000000000000000000000000000000000000000000000000000000000000000000000000000000000000000000000000000000000000000000000000000000000000000000000000000000000000000000000000000000000000000000000000000000000000000000000000000000000000000000000000000000000000000000000000000000000000000000000000000000000
000000000000000000000000000000000000000000000000000000000000000000000000000000000000000000000000000000000000000000000000000000000000000000000000000000000000000000000000000000000000000000000000000000000000000000000000000000000000000000000000000000000000000000000000000000000000000000000000000000000000
000000000000000000000000000000000000000000000000000000000000000000000000000000000000000000000000000011111111111111111111111111111111111111111111111111111111111111111111111111111111111111111111111111111111111111111111111111111111111111111111111111111111111111111111111111111111111111111111111111111111
000000000000000000000000000000000000000000000000000000000000000000000000000000000000000000000000000000000000000000000000000000000000000000000000000000000000000000000000000000000000000000000000000000000000000000000000000000000000000000000000000000000000000000000000000000000000000000000000000000000000
000000000000000000000000000000000000000000000000000000000000000000000000000000000000000000000000000011111111111111111111111111111111111111111111111111111111111111111111111111111111111111111111111111111111111111111111111111111111111111111111111111111111111111111111111111111111111111111111111111111111
000000000000000000000000000000000000000000000000000000000000000000000000000000000000000000000000000000000000000000000000000000000000000000000000000000000000000000000000000000000000000000000000000000000000000000000000000000000000000000000000000000000000000000000000000000000000000000000000000000000000
000000000000000000000000000000000000000000000000000000000000000000000000000000000000000000000000000011000111111111111111111100000111111111111111000011111111111111110000001111111111111111100001111111111111111111111111111111111111111111111111111111111111111111111111111111111111111111111111111111111111
000000000000000000000000000000000000000000000000000000000000000000000000000000000000000000000000000000111000000000000000000011111000011000000000111100000110000000001111110000110000000000011110000000000000000000000000000000000000000000000000000000000000000000000000000000000000000000000000000000000000
000000000000000000000000000000000000000000000000000000000000000000000000000000000000000000000000000000000011111111111111110000000011100111100000000001111001111110000000000111001111111110000000111111111111111111111111111111110000011111111111111110001111111111111111000000111111111111111110000111111111
000000000000000000000000000000000000000000000000000000000000000000000000000000000000000000000000000011111100000000000000001111111100011000011111111110000110000001111111111000110000000001111111000000000000000000000000000000001111100000000000000001110000000000000000111111000000000000000001111000000000
000000000000000000000000000000000000000000000000000000000000000000000000000000000000000000000000000000000001111111111100000000000001100111000000000000111001111000000000000111001111000000000000011111110000000011111111110000000000000111111100000000000011111111100000000000001111111100000000000001111111
000000000000000000000000000000000000000000000000000000000000000000000000000000000000000000000000000011111110011111000011111111111110111100111111111111011111100111111100011001111000111111111111100111101111111100000000001111111111111000000011111111111100000000011111111111110000000011111111111110000000
000000000000000000000000000000000000000000000000000000000000000000000000000000000000000000000000000000000001100000111100000000000001000011000000000000100000011000000011100110000111000000000000011000010000000011111111110000000000000111111100000000000011111111100000000000001111111100000000000001111111
000000000000000000000000000000000000000000000000000000000000000000000000000000000000000000000000000011000110011111000011111100000110111100111111000011011111100111110000001001111000111111100001100111101111111100000000001111111111111000000011111111111100000000011111111111110000000011111111111110000000
000000000000000000000000000000000000000000000000000000000000000000000000000000000000000000000000000000111001100000111100000011111001000011000000111100100000011000001111110110000111000000011110011000010000000011111111110000000000000111111100000000000011111111100000000000001111111100000000000001111111
000000000000000000000000000000000000000000000000000000000000000000000000000000000000000000000000000011000110011111000011111100000110111100111111000011011111100111110000001001111000111111100001100111101111111100000000001111111111111000000011111111111100000000011111111111110000000011111111111110000000
000000000000000000000000000000000000000000000000000000000000000000000000000000000000000000000000000000111001100000111100000011111001000011000000111100100000011000001100010110000111000000011110011000010000000011111111110000000000000111111100000000000011111111100000000000001111111100000000000001111111
000000000000000000000000000000000000000000000000000000000000000000000000000000000000000000000000000000000010011111000011110000000010111100100000000001011111100110000011100001111000111110000000100111101111111100000000001111110000011000000011111110001100000000011111000000110000000011111110000110000000
000000000000000000000000000000000000000000000000000000000000000000000000000000000000000000000000000011111101100000111100001111111101011011011111111110100110011001111100011110110111000001111111011000010000000011111111110000001111100111111100000001110011111111100000111111001111111100000001111001111111
000000000000000000000000000000000000000000000000000000000000000000000000000000000000000000000000000000000010011111000011110000000010100100100000000001011001100110000011100001001000111110000000100111101111111100000000001111110000011000000011111110001100000000011111000000110000000011111110000110000000
000000000000000000000000000000000000000000000000000000000000000000000000000000000000000000000000000011000101100000111100001100000101011011011111000010100110011001110000001110110111000001100001011000010000000011111111110000001111100111111100000001110011111111100000111111001111111100000001111001111111
000000000000000000000000000000000000000000000000000000000000000000000000000000000000000000000000000000111010011111000011110011111010100100100000111101011001100110001100010001001000111110011110100111101111111100000000001111110000011000000011111110001100000000011111000000110000000011111110000110000000
000000000000000000000000000000000000000000000000000000000000000000000000000000000000000000000000000011000101100000111100001100000101011011011111000010100110011001110011101110110111000001100001011000010000000011111111110000001111100111111100000001110011111111100000111111001111111100000001111001111111
000000000000000000000000000000000000000000000000000000000000000000000000000000000000000000000000000000111010011111000011110011111010100100100000111101011001100110001100010001001000111110011110100111101111111100000000001111110000011000000011111110001100000000011111000000110000000011111110000110000000
000000000000000000000000000000000000000000000000000000000000000000000000000000000000000000000000000011000101100000111100001100000101011011011111000010100110011001110011101110110111000001100001011000010000000011111111110000001111100111111100000001110011111111100000111111001111111100000001111001111111
000000000000000000000000000000000000000000000000000000000000000000000000000000000000000000000000000000111010011111000011110011111010100100100000111101011001100110001100010001001000111110011110100111101111111100000000001111110000011000000011111110001100000000011111000000110000000011111110000110000000
000000000000000000000000000000000000000000000000000000000000000000000000000000000000000000000000000011000101111111111100001100000101111111011111000010111111111001110011101111111111000001100001011111110000000011111111110000001111100111111100000001110011111111100000111111001111111100000001111001111111
000000000000000000000000000000000000000000000000000000000000000000000000000000000000000000000000000000000000100000110000000000000001011010000000000000000110010000000000000010110110000000000000001000010000000000111100000000000000000001110000000000000001111110000000000000000111100000000000000000011110
000000000000000000000000000000000000000000000000000000000000000000000000000000000000000000000000000000111010011111000011110011111010100100100000111101011001100110001100010001001000111110011110100111101111111100000000001111110000011000000011111110001100000000011111000000110000000011111110000110000000
000000000000000000000000000000000000000000000000000000000000000000000000000000000000000000000000000011000101100000111100001100000101011011011111000010100110011001110011101110110111000001100001011000010000000011111111110000001111100111111100000001110011111111100000111111001111111100000001111001111111
000000000000000000000000000000000000000000000000000000000000000000000000000000000000000000000000000000111010011111000011110011111010100100100000111101011001100110001100010001001000111110011110100111101111111100000000001111110000011000000011111110001100000000011111000000110000000011111110000110000000
000000000000000000000000000000000000000000000000000000000000000000000000000000000000000000000000000011000101100000111100001100000101011011011111000010100110011001110011101110110111000001100001011000010000000011111111110000001111100111111100000001110011111111100000111111001111111100000001111001111111
000000000000000000000000000000000000000000000000000000000000000000000000000000000000000000000000000000111010011111000011110011111010100100100000111101011001100110001100010001001000111110011110100111101111111100000000001111110000011000000011111110001100000000011111000000110000000011111110000110000000
000000000000000000000000000000000000000000000000000000000000000000000000000000000000000000000000000011000101100000111100001100000101011011011111000010100110011001110000001110110111000001100001011000010000000011111111110000001111100111111100000001110011111111100000111111001111111100000001111001111111
000000000000000000000000000000000000000000000000000000000000000000000000000000000000000000000000000000000010011111000011110000000010100100100000000001011001100110000011100001001000111110000000100111101111111100000000001111110000011000000011111110001100000000011111000000110000000011111110000110000000
000000000000000000000000000000000000000000000000000000000000000000000000000000000000000000000000000011111101100000111100001111111101011011011111111110100110011001111100011110110111000001111111011000010000000011111111110000001111100111111100000001110011111111100000111111001111111100000001111001111111
000000000000000000000000000000000000000000000000000000000000000000000000000000000000000000000000000000000010011111000011110000000010111100100000000001011111100110000011100001111000111110000000100111101111111100000000001111110000011000000011111110001100000000011111000000110000000011111110000110000000
000000000000000000000000000000000000000000000000000000000000000000000000000000000000000000000000000000111001100000111100000011111001000011000000111100100000011000001100010110000111000000011110011000010000000011111111110000000000000111111100000000000011111111100000000000001111111100000000000001111111
000000000000000000000000000000000000000000000000000000000000000000000000000000000000000000000000000011000110011111000011111100000110111100111111000011011111100111110000001001111000111111100001100111101111111100000000001111111111111000000011111111111100000000011111111111110000000011111111111110000000
000000000000000000000000000000000000000000000000000000000000000000000000000000000000000000000000000000111001100000111100000011111001000011000000111100100000011000001111110110000111000000011110011000010000000011111111110000000000000111111100000000000011111111100000000000001111111100000000000001111111
000000000000000000000000000000000000000000000000000000000000000000000000000000000000000000000000000011000110011111000011111100000110111100111111000011011111100111110000001001111000111111100001100111101111111100000000001111111111111000000011111111111100000000011111111111110000000011111111111110000000
000000000000000000000000000000000000000000000000000000000000000000000000000000000000000000000000000000000001100000111100000000000001000011000000000000100000011000000011100110000111000000000000011000010000000011111111110000000000000111111100000000000011111111100000000000001111111100000000000001111111
000000000000000000000000000000000000000000000000000000000000000000000000000000000000000000000000000011111110011111000011111111111110111100111111111111011111100111111100011001111000111111111111100111101111111100000000001111111111111000000011111111111100000000011111111111110000000011111111111110000000
000000000000000000000000000000000000000000000000000000000000000000000000000000000000000000000000000000000001111111111100000000000001100111000000000000111001111000000000000111001111000000000000011111110000000011111111110000000000000111111100000000000011111111100000000000001111111100000000000001111111
000000000000000000000000000000000000000000000000000000000000000000000000000000000000000000000000000011111100000000000000001111111100011000011111111110000110000001111111111000110000000001111111000000000000000000000000000000001111100000000000000001110000000000000000111111000000000000000001111000000000
000000000000000000000000000000000000000000000000000000000000000000000000000000000000000000000000000000000011111111111111110000000011100111100000000001111001111110000000000111001111111110000000111111111111111111111111111111110000011111111111111110001111111111111111000000111111111111111110000111111111
000000000000000000000000000000000000000000000000000000000000000000000000000000000000000000000000000000111000000000000000000011111000011000000000111100000110000000001111110000110000000000011110000000000000000000000000000000000000000000000000000000000000000000000000000000000000000000000000000000000000
000000000000000000000000000000000000000000000000000000000000000000000000000000000000000000000000000011000111111111111111111100000111111111111111000011111111111111110000001111111111111111100001111111111111111111111111111111111111111111111111111111111111111111111111111111111111111111111111111111111111
000000000000000000000000000000000000000000000000000000000000000000000000000000000000000000000000000000000000000000000000000000000000000000000000000000000000000000000000000000000000000000000000000000000000000000000000000000000000000000000000000000000000000000000000000000000000000000000000000000000000
000000000000000000000000000000000000000000000000000000000000000000000000000000000000000000000000000011111111111111111111111111111111111111111111111111111111111111111111111111111111111111111111111111111111111111111111111111111111111111111111111111111111111111111111111111111111111111111111111111111111
000000000000000000000000000000000000000000000000000000000000000000000000000000000000000000000000000000000000000000000000000000000000000000000000000000000000000000000000000000000000000000000000000000000000000000000000000000000000000000000000000000000000000000000000000000000000000000000000000000000000
000000000000000000000000000000000000000000000000000000000000000000000000000000000000000000000000000011111111111111111111111111111111111111111111111111111111111111111111111111111111111111111111111111111111111111111111111111111111111111111111111111111111111111111111111111111111111111111111111111111111
000000000000000000000000000000000000000000000000000000000000000000000000000000000000000000000000000000000000000000000000000000000000000000000000000000000000000000000000000000000000000000000000000000000000000000000000000000000000000000000000000000000000000000000000000000000000000000000000000000000000
000000000000000000000000000000000000000000000000000000000000000000000000000000000000000000000000000000000000000000000000000000000000000000000000000000000000000000000000000000000000000000000000000000000000000000000000000000000000000000000000000000000000000000000000000000000000000000000000000000000000
000000000000000000000000000000000000000000000000000000000000000000000000000000000000000000000000000000000000000000000000000000000000000000000000000000000000000000000000000000000000000000000000000000000000000000000000000000000000000000000000000000000000000000000000000000000000000000000000000000000000
000000000000000000000000000000000000000000000000000000000000000000000000000000000000000000000000000000000000000000000000000000000000000000000000000000000000000000000000000000000000000000000000000000000000000000000000000000000000000000000000000000000000000000000000000000000000000000000000000000000000
000000000000000000000000000000000000000000000000000000000000000000000000000000000000000000000000000000000000000000000000000000000000000000000000000000000000000000000000000000000000000000000000000000000000000000000000000000000000000000000000000000000000000000000000000000000000000000000000000000000000
000000000000000000000000000000000000000000000000000000000000000000000000000000000000000000000000000000000000000000000000000000000000000000000000000000000000000000000000000000000000000000000000000000000000000000000000000000000000000000000000000000000000000000000000000000000000000000000000000000000000
000000000000000000000000000000000000000000000000000000000000000000000000000000000000000000000000000000000000000000000000000000000000000000000000000000000000000000000000000000000000000000000000000000000000000000000000000000000000000000000000000000000000000000000000000000000000000000000000000000000000
000000000000000000000000000000000000000000000000000000000000000000000000000000000000000000000000000000000000000000000000000000000000000000000000000000000000000000000000000000000000000000000000000000000000000000000000000000000000000000000000000000000000000000000000000000000000000000000000000000000000
000000000000000000000000000000000000000000000000000000000000000000000000000000000000000000000000000000000000000000000000000000000000000000000000000000000000000000000000000000000000000000000000000000000000000000000000000000000000000000000000000000000000000000000000000000000000000000000000000000000000
000000000000000000000000000000000000000000000000000000000000000000000000000000000000000000000000000000000000000000000000000000000000000000000000000000000000000000000000000000000000000000000000000000000000000000000000000000000000000000000000000000000000000000000000000000000000000000000000000000000000
000000000000000000000000000000000000000000000000000000000000000000000000000000000000000000000000000011111111111111111111111111111111111111111111111111111111111111111111111111111111111111111111111111111111111111111111111111111111111111111111111111111111111111111111111111111111111111111111111111111111
000000000000000000000000000000000000000000000000000000000000000000000000000000000000000000000000000000000000000000000000000000000000000000000000000000000000000000000000000000000000000000000000000000000000000000000000000000000000000000000000000000000000000000000000000000000000000000000000000000000000
000000000000000000000000000000000000000000000000000000000000000000000000000000000000000000000000000011111111111111111111111111111111111111111111111111111111111111111111111111111111111111111111111111111111111111111111111111111111111111111111111111111111111111111111111111111111111111111111111111111111
000000000000000000000000000000000000000000000000000000000000000000000000000000000000000000000000000000000000000000000000000000000000000000000000000000000000000000000000000000000000000000000000000000000000000000000000000000000000000000000000000000000000000000000000000000000000000000000000000000000000
000000000000000000000000000000000000000000000000000000000000000000000000000000000000000000000000000011111111111100011111111111111111110000011111111111111100001111111111111111000000111111111111111110001111111111111111111111111111111111111111111111111111111111111111111111111111111111111111111111111111
000000000000000000000000000000000000000000000000000000000000000000000000000000000000000000000000000000000000000011100000000000000000001111100001100000000011110000011000000000111111000011000000000001110000000000000000000000000000000000000000000000000000000000000000000000000000000000000000000000000000
000000000000000000000000000000000000000000000000000000000000000000000000000000000000000000000000000011111100000000001111111111111111000000001110011110000000000111100111111000000000011100111111111000001111111111111111111111111111111111000001111111111111111000111111111111111100000011111111111111111000
000000000000000000000000000000000000000000000000000000000000000000000000000000000000000000000000000000000011111111110000000000000000111111110001100001111111111000011000000111111111100011000000000111110000000000000000000000000000000000111110000000000000000111000000000000000011111100000000000000000111
000000000000000000000000000000000000000000000000000000000000000000000000000000000000000000000000000011100000000000000111111111110000000000000110011100000000000011100111100000000000011100111100000000001110000000000000001111111111000000000000011111110000000000001111111110000000000000111111110000000000
000000000000000000000000000000000000000000000000000000000000000000000000000000000000000000000000000000011111111111111001111100001111111111111011110011111111111101111110011111110001100111100011111111110001111111111111110000000000111111111111100000001111111111110000000001111111111111000000001111111111
000000000000000000000000000000000000000000000000000000000000000000000000000000000000000000000000000011100000000000000110000011110000000000000100001100000000000010000001100000001110011000011100000000001110000000000000001111111111000000000000011111110000000000001111111110000000000000111111110000000000
000000000000000000000000000000000000000000000000000000000000000000000000000000000000000000000000000000011111111100011001111100001111110000011011110011111100001101111110011111000000100111100011111110000001111111111111110000000000111111111111100000001111111111110000000001111111111111000000001111111111
000000000000000000000000000000000000000000000000000000000000000000000000000000000000000000000000000011100000000011100110000011110000001111100100001100000011110010000001100000111111011000011100000001111110000000000000001111111111000000000000011111110000000000001111111110000000000000111111110000000000
000000000000000000000000000000000000000000000000000000000000000000000000000000000000000000000000000000011111111100011001111100001111110000011011110011111100001101111110011111000000100111100011111110000001111111111111110000000000111111111111100000001111111111110000000001111111111111000000001111111111
000000000000000000000000000000000000000000000000000000000000000000000000000000000000000000000000000011100000000011100110000011110000001111100100001100000011110010000001100000110001011000011100000001111110000000000000001111111111000000000000011111110000000000001111111110000000000000111111110000000000
000000000000000000000000000000000000000000000000000000000000000000000000000000000000000000000000000000011100000000001001111100001111000000001011110010000000000101111110011000001110000111100011111000000001111111111111110000000000111111000001100000001111111000110000000001111100000011000000001111111000
000000000000000000000000000000000000000000000000000000000000000000000000000000000000000000000000000011100011111111110110000011110000111111110101101101111111111010011001100111110001111011011100000111111110000000000000001111111111000000111110011111110000000111001111111110000011111100111111110000000111
000000000000000000000000000000000000000000000000000000000000000000000000000000000000000000000000000000011100000000001001111100001111000000001010010010000000000101100110011000001110000100100011111000000001111111111111110000000000111111000001100000001111111000110000000001111100000011000000001111111000
000000000000000000000000000000000000000000000000000000000000000000000000000000000000000000000000000011100011111100010110000011110000110000010101101101111100001010011001100111000000111011011100000110001110000000000000001111111111000000111110011111110000000111001111111110000011111100111111110000000111
000000000000000000000000000000000000000000000000000000000000000000000000000000000000000000000000000000011100000011101001111100001111001111101010010010000011110101100110011000110001000100100011111001110001111111111111110000000000111111000001100000001111111000110000000001111100000011000000001111111000
000000000000000000000000000000000000000000000000000000000000000000000000000000000000000000000000000011100011111100010110000011110000110000010101101101111100001010011001100111001110111011011100000110001110000000000000001111111111000000111110011111110000000111001111111110000011111100111111110000000111
000000000000000000000000000000000000000000000000000000000000000000000000000000000000000000000000000000011100000011101001111100001111001111101010010010000011110101100110011000110001000100100011111001110001111111111111110000000000111111000001100000001111111000110000000001111100000011000000001111111000
000000000000000000000000000000000000000000000000000000000000000000000000000000000000000000000000000011100011111100010110000011110000110000010101101101111100001010011001100111001110111011011100000110001110000000000000001111111111000000111110011111110000000111001111111110000011111100111111110000000111
000000000000000000000000000000000000000000000000000000000000000000000000000000000000000000000000000000011100000011101001111100001111001111101010010010000011110101100110011000110001000100100011111001110001111111111111110000000000111111000001100000001111111000110000000001111100000011000000001111111000
000000000000000000000000000000000000000000000000000000000000000000000000000000000000000000000000000011100011111100010111111111110000110000010111111101111100001011111111100111001110111111111100000110001110000000000000001111111111000000111110011111110000000111001111111110000011111100111111110000000111
000000000000000000000000000000000000000000000000000000000000000000000000000000000000000000000000000011000000000000000010000011000000000000000101101000000000000000011001000000000000001011011000000000000000000000000000000011110000000000000000000111000000000000000111111000000000000000011110000000000000
000000000000000000000000000000000000000000000000000000000000000000000000000000000000000000000000000000011100000011101001111100001111001111101010010010000011110101100110011000110001000100100011111001110001111111111111110000000000111111000001100000001111111000110000000001111100000011000000001111111000
000000000000000000000000000000000000000000000000000000000000000000000000000000000000000000000000000011100011111100010110000011110000110000010101101101111100001010011001100111001110111011011100000110001110000000000000001111111111000000111110011111110000000111001111111110000011111100111111110000000111
000000000000000000000000000000000000000000000000000000000000000000000000000000000000000000000000000000011100000011101001111100001111001111101010010010000011110101100110011000110001000100100011111001110001111111111111110000000000111111000001100000001111111000110000000001111100000011000000001111111000
000000000000000000000000000000000000000000000000000000000000000000000000000000000000000000000000000011100011111100010110000011110000110000010101101101111100001010011001100111001110111011011100000110001110000000000000001111111111000000111110011111110000000111001111111110000011111100111111110000000111
000000000000000000000000000000000000000000000000000000000000000000000000000000000000000000000000000000011100000011101001111100001111001111101010010010000011110101100110011000110001000100100011111001110001111111111111110000000000111111000001100000001111111000110000000001111100000011000000001111111000
000000000000000000000000000000000000000000000000000000000000000000000000000000000000000000000000000011100011111100010110000011110000110000010101101101111100001010011001100111000000111011011100000110001110000000000000001111111111000000111110011111110000000111001111111110000011111100111111110000000111
000000000000000000000000000000000000000000000000000000000000000000000000000000000000000000000000000000011100000000001001111100001111000000001010010010000000000101100110011000001110000100100011111000000001111111111111110000000000111111000001100000001111111000110000000001111100000011000000001111111000
000000000000000000000000000000000000000000000000000000000000000000000000000000000000000000000000000011100011111111110110000011110000111111110101101101111111111010011001100111110001111011011100000111111110000000000000001111111111000000111110011111110000000111001111111110000011111100111111110000000111
000000000000000000000000000000000000000000000000000000000000000000000000000000000000000000000000000000011100000000001001111100001111000000001011110010000000000101111110011000001110000111100011111000000001111111111111110000000000111111000001100000001111111000110000000001111100000011000000001111111000
000000000000000000000000000000000000000000000000000000000000000000000000000000000000000000000000000011100000000011100110000011110000001111100100001100000011110010000001100000110001011000011100000001111110000000000000001111111111000000000000011111110000000000001111111110000000000000111111110000000000
000000000000000000000000000000000000000000000000000000000000000000000000000000000000000000000000000000011111111100011001111100001111110000011011110011111100001101111110011111000000100111100011111110000001111111111111110000000000111111111111100000001111111111110000000001111111111111000000001111111111
000000000000000000000000000000000000000000000000000000000000000000000000000000000000000000000000000011100000000011100110000011110000001111100100001100000011110010000001100000111111011000011100000001111110000000000000001111111111000000000000011111110000000000001111111110000000000000111111110000000000
000000000000000000000000000000000000000000000000000000000000000000000000000000000000000000000000000000011111111100011001111100001111110000011011110011111100001101111110011111000000100111100011111110000001111111111111110000000000111111111111100000001111111111110000000001111111111111000000001111111111
000000000000000000000000000000000000000000000000000000000000000000000000000000000000000000000000000011100000000000000110000011110000000000000100001100000000000010000001100000001110011000011100000000001110000000000000001111111111000000000000011111110000000000001111111110000000000000111111110000000000
000000000000000000000000000000000000000000000000000000000000000000000000000000000000000000000000000000011111111111111001111100001111111111111011110011111111111101111110011111110001100111100011111111110001111111111111110000000000111111111111100000001111111111110000000001111111111111000000001111111111
000000000000000000000000000000000000000000000000000000000000000000000000000000000000000000000000000011100000000000000111111111110000000000000110011100000000000011100111100000000000011100111100000000001110000000000000001111111111000000000000011111110000000000001111111110000000000000111111110000000000
000000000000000000000000000000000000000000000000000000000000000000000000000000000000000000000000000000000011111111110000000000000000111111110001100001111111111000011000000111111111100011000000000111110000000000000000000000000000000000111110000000000000000111000000000000000011111100000000000000000111
000000000000000000000000000000000000000000000000000000000000000000000000000000000000000000000000000011111100000000001111111111111111000000001110011110000000000111100111111000000000011100111111111000001111111111111111111111111111111111000001111111111111111000111111111111111100000011111111111111111000
000000000000000000000000000000000000000000000000000000000000000000000000000000000000000000000000000000000000000011100000000000000000001111100001100000000011110000011000000000111111000011000000000001110000000000000000000000000000000000000000000000000000000000000000000000000000000000000000000000000000
000000000000000000000000000000000000000000000000000000000000000000000000000000000000000000000000000011111111111100011111111111111111110000011111111111111100001111111111111111000000111111111111111110001111111111111111111111111111111111111111111111111111111111111111111111111111111111111111111111111111
000000000000000000000000000000000000000000000000000000000000000000000000000000000000000000000000000000000000000000000000000000000000000000000000000000000000000000000000000000000000000000000000000000000000000000000000000000000000000000000000000000000000000000000000000000000000000000000000000000000000
000000000000000000000000000000000000000000000000000000000000000000000000000000000000000000000000000011111111111111111111111111111111111111111111111111111111111111111111111111111111111111111111111111111111111111111111111111111111111111111111111111111111111111111111111111111111111111111111111111111111
000000000000000000000000000000000000000000000000000000000000000000000000000000000000000000000000000000000000000000000000000000000000000000000000000000000000000000000000000000000000000000000000000000000000000000000000000000000000000000000000000000000000000000000000000000000000000000000000000000000000
000000000000000000000000000000000000000000000000000000000000000000000000000000000000000000000000000011111111111111111111111111111111111111111111111111111111111111111111111111111111111111111111111111111111111111111111111111111111111111111111111111111111111111111111111111111111111111111111111111111111
000000000000000000000000000000000000000000000000000000000000000000000000000000000000000000000000000000000000000000000000000000000000000000000000000000000000000000000000000000000000000000000000000000000000000000000000000000000000000000000000000000000000000000000000000000000000000000000000000000000000
000000000000000000000000000000000000000000000000000000000000000000000000000000000000000000000000000000000000000000000000000000000000000000000000000000000000000000000000000000000000000000000000000000000000000000000000000000000000000000000000000000000000000000000000000000000000000000000000000000000000
000000000000000000000000000000000000000000000000000000000000000000000000000000000000000000000000000000000000000000000000000000000000000000000000000000000000000000000000000000000000000000000000000000000000000000000000000000000000000000000000000000000000000000000000000000000000000000000000000000000000
000000000000000000000000000000000000000000000000000000000000000000000000000000000000000000000000000000000000000000000000000000000000000000000000000000000000000000000000000000000000000000000000000000000000000000000000000000000000000000000000000000000000000000000000000000000000000000000000000000000000
000000000000000000000000000000000000000000000000000000000000000000000000000000000000000000000000000000000000000000000000000000000000000000000000000000000000000000000000000000000000000000000000000000000000000000000000000000000000000000000000000000000000000000000000000000000000000000000000000000000000
000000000000000000000000000000000000000000000000000000000000000000000000000000000000000000000000000000000000000000000000000000000000000000000000000000000000000000000000000000000000000000000000000000000000000000000000000000000000000000000000000000000000000000000000000000000000000000000000000000000000
000000000000000000000000000000000000000000000000000000000000000000000000000000000000000000000000000000000000000000000000000000000000000000000000000000000000000000000000000000000000000000000000000000000000000000000000000000000000000000000000000000000000000000000000000000000000000000000000000000000000
000000000000000000000000000000000000000000000000000000000000000000000000000000000000000000000000000000000000000000000000000000000000000000000000000000000000000000000000000000000000000000000000000000000000000000000000000000000000000000000000000000000000000000000000000000000000000000000000000000000000
000000000000000000000000000000000000000000000000000000000000000000000000000000000000000000000000000000000000000000000000000000000000000000000000000000000000000000000000000000000000000000000000000000000000000000000000000000000000000000000000000000000000000000000000000000000000000000000000000000000000
000000000000000000000000000000000000000000000000000000000000000000000000000000000000000000000000000000000000000000000000000000000000000000000000000000000000000000000000000000000000000000000000000000000000000000000000000000000000000000000000000000000000000000000000000000000000000000000000000000000000
000000000000000000000000000000000000000000000000000000000000000000000000000000000000000000000000000011111111111111111111111111111111111111111111111111111111111111111111111111111111111111111111111111111111111111111111111111111111111111111111111111111111111111111111111111111111111111111111111111111111
000000000000000000000000000000000000000000000000000000000000000000000000000000000000000000000000000000000000000000000000000000000000000000000000000000000000000000000000000000000000000000000000000000000000000000000000000000000000000000000000000000000000000000000000000000000000000000000000000000000000
000000000000000000000000000000000000000000000000000000000000000000000000000000000000000000000000000011111111111111111111111111111111111111111111111111111111111111111111111111111111111111111111111111111111111111111111111111111111111111111111111111111111111111111111111111111111111111111111111111111111
000000000000000000000000000000000000000000000000000000000000000000000000000000000000000000000000000000000000000000000000000000000000000000000000000000000000000000000000000000000000000000000000000000000000000000000000000000000000000000000000000000000000000000000000000000000000000000000000000000000000
000000000000000000000000000000000000000000000000000000000000000000000000000000000000000000000000000000011111111111111111110001111111111111111111000001111111111111110000111111111111111100000011111111111111111111111111111111111111111111111111111111111111111111111111111111111111111111111111111111111111
000000000000000000000000000000000000000000000000000000000000000000000000000000000000000000000000000011100000000000000000001110000000000000000000111110000110000000001111000001100000000011111100001100000000000000000000000000000000000000000000000000000000000000000000000000000000000000000000000000000000
000000000000000000000000000000000000000000000000000000000000000000000000000000000000000000000000000000001111111111110000000000111111111111111100000000111001111000000000011110011111100000000001110011110001111111111111111111111111111111111111111100000111111111111111100011111111111111110000001111111111
000000000000000000000000000000000000000000000000000000000000000000000000000000000000000000000000000011110000000000001111111111000000000000000011111111000110000111111111100001100000011111111110001100001110000000000000000000000000000000000000000011111000000000000000011100000000000000001111110000000000
000000000000000000000000000000000000000000000000000000000000000000000000000000000000000000000000000000000111111110000000000000011111111111000000000000011001110000000000001110011110000000000001110011110000011111111000000000000000111111111100000000000001111111000000000000111111111000000000000011111111
000000000000000000000000000000000000000000000000000000000000000000000000000000000000000000000000000011111001110001111111111111100111110000111111111111101111001111111111110111111001111111000110011110001111100000000111111111111111000000000011111111111110000000111111111111000000000111111111111100000000
000000000000000000000000000000000000000000000000000000000000000000000000000000000000000000000000000000000110001110000000000000011000001111000000000000010000110000000000001000000110000000111001100001110000011111111000000000000000111111111100000000000001111111000000000000111111111000000000000011111111
000000000000000000000000000000000000000000000000000000000000000000000000000000000000000000000000000000011001110001111111110001100111110000111111000001101111001111110000110111111001111100000010011110001111100000000111111111111111000000000011111111111110000000111111111111000000000111111111111100000000
000000000000000000000000000000000000000000000000000000000000000000000000000000000000000000000000000011100110001110000000001110011000001111000000111110010000110000001111001000000110000011111101100001110000011111111000000000000000111111111100000000000001111111000000000000111111111000000000000011111111
000000000000000000000000000000000000000000000000000000000000000000000000000000000000000000000000000000011001110001111111110001100111110000111111000001101111001111110000110111111001111100000010011110001111100000000111111111111111000000000011111111111110000000111111111111000000000111111111111100000000
000000000000000000000000000000000000000000000000000000000000000000000000000000000000000000000000000011100110001110000000001110011000001111000000111110010000110000001111001000000110000011000101100001110000011111111000000000000000111111111100000000000001111111000000000000111111111000000000000011111111
000000000000000000000000000000000000000000000000000000000000000000000000000000000000000000000000000000001001110001110000000000100111110000111100000000101111001000000000010111111001100000111000011110000001100000000111111111111111000000000011111100000110000000111111100011000000000111110000001100000000
000000000000000000000000000000000000000000000000000000000000000000000000000000000000000000000000000011110110001110001111111111011000001111000011111111010110110111111111101001100110011111000111101101111110011111111000000000000000111111111100000011111001111111000000011100111111111000001111110011111111
000000000000000000000000000000000000000000000000000000000000000000000000000000000000000000000000000000001001110001110000000000100111110000111100000000101001001000000000010110011001100000111000010010000001100000000111111111111111000000000011111100000110000000111111100011000000000111110000001100000000
000000000000000000000000000000000000000000000000000000000000000000000000000000000000000000000000000000010110001110001111110001011000001111000011000001010110110111110000101001100110011100000011101101111110011111111000000000000000111111111100000011111001111111000000011100111111111000001111110011111111
000000000000000000000000000000000000000000000000000000000000000000000000000000000000000000000000000011101001110001110000001110100111110000111100111110101001001000001111010110011001100011000100010010000001100000000111111111111111000000000011111100000110000000111111100011000000000111110000001100000000
000000000000000000000000000000000000000000000000000000000000000000000000000000000000000000000000000000010110001110001111110001011000001111000011000001010110110111110000101001100110011100111011101101111110011111111000000000000000111111111100000011111001111111000000011100111111111000001111110011111111
000000000000000000000000000000000000000000000000000000000000000000000000000000000000000000000000000011101001110001110000001110100111110000111100111110101001001000001111010110011001100011000100010010000001100000000111111111111111000000000011111100000110000000111111100011000000000111110000001100000000
000000000000000000000000000000000000000000000000000000000000000000000000000000000000000000000000000000010110001110001111110001011000001111000011000001010110110111110000101001100110011100111011101101111110011111111000000000000000111111111100000011111001111111000000011100111111111000001111110011111111
000000000000000000000000000000000000000000000000000000000000000000000000000000000000000000000000000011101001110001110000001110100111110000111100111110101001001000001111010110011001100011000100010010000001100000000111111111111111000000000011111100000110000000111111100011000000000111110000001100000000
000000000000000000000000000000000000000000000000000000000000000000000000000000000000000000000000000000010111111110001111110001011111111111000011000001011111110111110000101111111110011100111011111111111110011111111000000000000000111111111100000011111001111111000000011100111111111000001111110011111111
000000000000000000000000000000000000000000000000000000000000000000000000000000000000000000000000000000000010001100000000000000001000001100000000000000010110100000000000000001100100000000000000101101100000000000000000000000000000001111000000000000000000011100000000000000011111100000000000000001111000
000000000000000000000000000000000000000000000000000000000000000000000000000000000000000000000000000011101001110001110000001110100111110000111100111110101001001000001111010110011001100011000100010010000001100000000111111111111111000000000011111100000110000000111111100011000000000111110000001100000000
000000000000000000000000000000000000000000000000000000000000000000000000000000000000000000000000000000010110001110001111110001011000001111000011000001010110110111110000101001100110011100111011101101111110011111111000000000000000111111111100000011111001111111000000011100111111111000001111110011111111
000000000000000000000000000000000000000000000000000000000000000000000000000000000000000000000000000011101001110001110000001110100111110000111100111110101001001000001111010110011001100011000100010010000001100000000111111111111111000000000011111100000110000000111111100011000000000111110000001100000000
000000000000000000000000000000000000000000000000000000000000000000000000000000000000000000000000000000010110001110001111110001011000001111000011000001010110110111110000101001100110011100111011101101111110011111111000000000000000111111111100000011111001111111000000011100111111111000001111110011111111
000000000000000000000000000000000000000000000000000000000000000000000000000000000000000000000000000011101001110001110000001110100111110000111100111110101001001000001111010110011001100011000100010010000001100000000111111111111111000000000011111100000110000000111111100011000000000111110000001100000000
000000000000000000000000000000000000000000000000000000000000000000000000000000000000000000000000000000010110001110001111110001011000001111000011000001010110110111110000101001100110011100000011101101111110011111111000000000000000111111111100000011111001111111000000011100111111111000001111110011111111
000000000000000000000000000000000000000000000000000000000000000000000000000000000000000000000000000000001001110001110000000000100111110000111100000000101001001000000000010110011001100000111000010010000001100000000111111111111111000000000011111100000110000000111111100011000000000111110000001100000000
000000000000000000000000000000000000000000000000000000000000000000000000000000000000000000000000000011110110001110001111111111011000001111000011111111010110110111111111101001100110011111000111101101111110011111111000000000000000111111111100000011111001111111000000011100111111111000001111110011111111
000000000000000000000000000000000000000000000000000000000000000000000000000000000000000000000000000000001001110001110000000000100111110000111100000000101111001000000000010111111001100000111000011110000001100000000111111111111111000000000011111100000110000000111111100011000000000111110000001100000000
000000000000000000000000000000000000000000000000000000000000000000000000000000000000000000000000000011100110001110000000001110011000001111000000111110010000110000001111001000000110000011000101100001110000011111111000000000000000111111111100000000000001111111000000000000111111111000000000000011111111
000000000000000000000000000000000000000000000000000000000000000000000000000000000000000000000000000000011001110001111111110001100111110000111111000001101111001111110000110111111001111100000010011110001111100000000111111111111111000000000011111111111110000000111111111111000000000111111111111100000000
000000000000000000000000000000000000000000000000000000000000000000000000000000000000000000000000000011100110001110000000001110011000001111000000111110010000110000001111001000000110000011111101100001110000011111111000000000000000111111111100000000000001111111000000000000111111111000000000000011111111
000000000000000000000000000000000000000000000000000000000000000000000000000000000000000000000000000000011001110001111111110001100111110000111111000001101111001111110000110111111001111100000010011110001111100000000111111111111111000000000011111111111110000000111111111111000000000111111111111100000000
000000000000000000000000000000000000000000000000000000000000000000000000000000000000000000000000000000000110001110000000000000011000001111000000000000010000110000000000001000000110000000111001100001110000011111111000000000000000111111111100000000000001111111000000000000111111111000000000000011111111
000000000000000000000000000000000000000000000000000000000000000000000000000000000000000000000000000011111001110001111111111111100111110000111111111111101111001111111111110111111001111111000110011110001111100000000111111111111111000000000011111111111110000000111111111111000000000111111111111100000000
000000000000000000000000000000000000000000000000000000000000000000000000000000000000000000000000000000000111111110000000000000011111111111000000000000011001110000000000001110011110000000000001110011110000011111111000000000000000111111111100000000000001111111000000000000111111111000000000000011111111
000000000000000000000000000000000000000000000000000000000000000000000000000000000000000000000000000011110000000000001111111111000000000000000011111111000110000111111111100001100000011111111110001100001110000000000000000000000000000000000000000011111000000000000000011100000000000000001111110000000000
000000000000000000000000000000000000000000000000000000000000000000000000000000000000000000000000000000001111111111110000000000111111111111111100000000111001111000000000011110011111100000000001110011110001111111111111111111111111111111111111111100000111111111111111100011111111111111110000001111111111
000000000000000000000000000000000000000000000000000000000000000000000000000000000000000000000000000011100000000000000000001110000000000000000000111110000110000000001111000001100000000011111100001100000000000000000000000000000000000000000000000000000000000000000000000000000000000000000000000000000000
000000000000000000000000000000000000000000000000000000000000000000000000000000000000000000000000000000011111111111111111110001111111111111111111000001111111111111110000111111111111111100000011111111111111111111111111111111111111111111111111111111111111111111111111111111111111111111111111111111111111
000000000000000000000000000000000000000000000000000000000000000000000000000000000000000000000000000000000000000000000000000000000000000000000000000000000000000000000000000000000000000000000000000000000000000000000000000000000000000000000000000000000000000000000000000000000000000000000000000000000000
000000000000000000000000000000000000000000000000000000000000000000000000000000000000000000000000000011111111111111111111111111111111111111111111111111111111111111111111111111111111111111111111111111111111111111111111111111111111111111111111111111111111111111111111111111111111111111111111111111111111
000000000000000000000000000000000000000000000000000000000000000000000000000000000000000000000000000000000000000000000000000000000000000000000000000000000000000000000000000000000000000000000000000000000000000000000000000000000000000000000000000000000000000000000000000000000000000000000000000000000000
000000000000000000000000000000000000000000000000000000000000000000000000000000000000000000000000000011111111111111111111111111111111111111111111111111111111111111111111111111111111111111111111111111111111111111111111111111111111111111111111111111111111111111111111111111111111111111111111111111111111
000000000000000000000000000000000000000000000000000000000000000000000000000000000000000000000000000000000000000000000000000000000000000000000000000000000000000000000000000000000000000000000000000000000000000000000000000000000000000000000000000000000000000000000000000000000000000000000000000000000000
000000000000000000000000000000000000000000000000000000000000000000000000000000000000000000000000000000000000000000000000000000000000000000000000000000000000000000000000000000000000000000000000000000000000000000000000000000000000000000000000000000000000000000000000000000000000000000000000000000000000
000000000000000000000000000000000000000000000000000000000000000000000000000000000000000000000000000000000000000000000000000000000000000000000000000000000000000000000000000000000000000000000000000000000000000000000000000000000000000000000000000000000000000000000000000000000000000000000000000000000000
000000000000000000000000000000000000000000000000000000000000000000000000000000000000000000000000000000000000000000000000000000000000000000000000000000000000000000000000000000000000000000000000000000000000000000000000000000000000000000000000000000000000000000000000000000000000000000000000000000000000
000000000000000000000000000000000000000000000000000000000000000000000000000000000000000000000000000000000000000000000000000000000000000000000000000000000000000000000000000000000000000000000000000000000000000000000000000000000000000000000000000000000000000000000000000000000000000000000000000000000000
000000000000000000000000000000000000000000000000000000000000000000000000000000000000000000000000000000000000000000000000000000000000000000000000000000000000000000000000000000000000000000000000000000000000000000000000000000000000000000000000000000000000000000000000000000000000000000000000000000000000
000000000000000000000000000000000000000000000000000000000000000000000000000000000000000000000000000000000000000000000000000000000000000000000000000000000000000000000000000000000000000000000000000000000000000000000000000000000000000000000000000000000000000000000000000000000000000000000000000000000000
000000000000000000000000000000000000000000000000000000000000000000000000000000000000000000000000000000000000000000000000000000000000000000000000000000000000000000000000000000000000000000000000000000000000000000000000000000000000000000000000000000000000000000000000000000000000000000000000000000000000
000000000000000000000000000000000000000000000000000000000000000000000000000000000000000000000000000000000000000000000000000000000000000000000000000000000000000000000000000000000000000000000000000000000000000000000000000000000000000000000000000000000000000000000000000000000000000000000000000000000000
000000000000000000000000000000000000000000000000000000000000000000000000000000000000000000000000000000000000000000000000000000000000000000000000000000000000000000000000000000000000000000000000000000000000000000000000000000000000000000000000000000000000000000000000000000000000000000000000000000000000
111111111111111111111111111111111111111111111111111111111111111111111111111111111111111111111111111111111111111111111111111111111111111111111111111111111111111111111111111111111111111111111111111111111111111111111111111111111111111111111111111111111111111111111111111111111111111111111111111111111111
111111111111111111111111111111111111111111111111111111111111111111111111111111111111111111111111111100000000000000000000000000000000000000000000000000000000000000000000000000000000000000000000000000000000000000000000000000000000000000000000000000000000000000000000000000000000000000000000000000000000
111111111111111111111111111111111111111111111111111111111111111111111111111111111111111111111111111111111111111111111111111111111111111111111111111111111111111111111111111111111111111111111111111111111111111111111111111111111111111111111111111111111111111111111111111111111111111111111111111111111111
111111111111111111111111111111111111111111111111111111111111111111111111111111111111111111111111111100000000000000000000000000000000000000000000000000000000000000000000000000000000000000000000000000000000000000000000000000000000000000000000000000000000000000000000000000000000000000000000000000000000
111111111111111111111111111111111111111111111111111111111111111111111111111111111111111111111111111111111111111111111111111111111111111111111111111111111111111111111111111111111111111111111111111111111111111111111111111111111111111111111111111111111111111111111111111111111111111111111111111111111111
111111111111111111111111111111111111111111111111111111111111111111111111111111111111111111111111111100000000000000000000000000000000000000000000000000000000000000000000000000000000000000000000000000000000000000000000000000000000000000000000000000000000000000000000000000000000000000000000000000000000
111111111111111111111111111111111111111111111111111111111111111111111111111111111111111111111111111111111110000111111111111111111111111111111111111111111111100000000111111111111111111111111111111111111111111111111111111111111111111111111111111111111111111111111111111111111111111111111111111111111111
111111111111111111111111111111111111111111111111111111111111111111111111111111111111111111111111111100000001111000000000000000000000000000000000000000000000011111111000000000000000000000000000000000000000000000000000000000000000000000000000000000000000000000000000000000000000000000000000000000000000
111111111111111111111111111111111111111111111111111111111111111111111111111111111111111111111111111111100000000001111100000000000011111111100000000001111110000000000001111111110000000001111100000001111000000000000100000000000000011111111111111000000011110000000000011111111100000000000011100000001111
111111111111111111111111111111111111111111111111111111111111111111111111111111111111111111111111111100011111111110000011111111111100000000011111111110000001111111111110000000001111111110000011111110000111111111111011111111111111100000000000000111111100001111111111100000000011111111111100011111110000
111111111111111111111111111111111111111111111111111111111111111111111111111111111111111111111111111111100000000001111100000000000011111111100000000001111110000000000001111111110000000001111100000001111000000000000100000000000000011111111111111000000011110000000000011111111100000000000011100000001111
111111111111111111111111111111111111111111111111111111111111111111111111111111111111111111111111111100011111111110000011111111111100000000011111111110000001111111111110000000001111111110000011111110000111111111111011111111111111100000000000000111111100001111111111100000000011111111111100011111110000
111111111111111111111111111111111111111111111111111111111111111111111111111111111111111111111111111111100000000001111100000000000011111111100000000001111110000000000001111111110000000001111100000001111000000000000100000000000000011111111111111000000011110000000000011111111100000000000011100000001111
111111111111111111111111111111111111111111111111111111111111111111111111111111111111111111111111111100011111111110000011111111111100000000011111111110000001111111111110000000001111111110000011111110000111111111111011111111111111100000000000000111111100001111111111100000000011111111111100011111110000
111111111111111111111111111111111111111111111111111111111111111111111111111111111111111111111111111111100000000001111100000000000011111111100000000001111110000000000001111111110000000001111100000001111000000000000100000000000000011111111111111000000011110000000000011111111100000000000011100000001111
111111111111111111111111111111111111111111111111111111111111111111111111111111111111111111111111111100011110000110000011111111111100000000011111111110000001100000000110000000001111111110000011111110000111111111111011111111111111100000000000000111111100001111111111100000000011111111111100011111110000
111111111111111111111111111111111111111111111111111111111111111111111111111111111111111111111111111111100001111001111100000000000011111111100000000001111110011111111001111111110000000001111100000001111000000000000100000000000000011111111111111000000011110000000000011111111100000000000011100000001111
111111111111111111111111111111111111111111111111111111111111111111111111111111111111111111111111111100011110000110000011111111111100000000011111111110000001100000000110000000001111111110000011111110000111111111111011111111111111100000000000000111111100001111111111100000000011111111111100011111110000
111111111111111111111111111111111111111111111111111111111111111111111111111111111111111111111111111111100001111001111100000000000011111111100000000001111110011111111001111111110000000001111100000001111000000000000100000000000000011111111111111000000011110000000000011111111100000000000011100000001111
111111111111111111111111111111111111111111111111111111111111111111111111111111111111111111111111111100011110000110000011111111111100000000011111111110000001100000000110000000001111111110000011111110000111111111111011111111111111100000000000000111111100001111111111100000000011111111111100011111110000
111111111111111111111111111111111111111111111111111111111111111111111111111111111111111111111111111111100001111001111100000000000011111111100000000001111110011111111001111111110000000001111100000001111000000000000100000000000000011111111111111000000011110000000000011111111100000000000011100000001111
111111111111111111111111111111111111111111111111111111111111111111111111111111111111111111111111111100011110000110000011111111111100000000011111111110000001100000000110000000001111111110000011111110000111111111111011111111111111100000000000000111111100001111111111100000000011111111111100011111110000
111111111111111111111111111111111111111111111111111111111111111111111111111111111111111111111111111111100001111001111100000000000011111111100000000001111110011111111001111111110000000001111100000001111000000000000100000000000000011111111111111000000011110000000000011111111100000000000011100000001111
111111111111111111111111111111111111111111111111111111111111111111111111111111111111111111111111111100011110000110000011111111111100000000011111111110000001100000000110000000001111111110000011111110000111111111111011111111111111100000000000000111111100001111111111100000000011111111111100011111110000
111111111111111111111111111111111111111111111111111111111111111111111111111111111111111111111111111111100001111001111100000000000011111111100000000001111110011111111001111111110000000001111100000001111000000000000100000000000000011111111111111000000011110000000000011111111100000000000011100000001111
111111111111111111111111111111111111111111111111111111111111111111111111111111111111111111111111111100000000000000000000000000000000111100000000000000010000000000000000011110000000000000000000000000000000000000000000000000000000000000000000000000000000000000000000000000000000000000000000000000000000
111111111111111111111111111111111111111111111111111111111111111111111111111111111111111111111111111100011110000110000011111111111100000000011111111110000001100000000110000000001111111110000011111110000111111111111011111111111111100000000000000111111100001111111111100000000011111111111100011111110000
111111111111111111111111111111111111111111111111111111111111111111111111111111111111111111111111111111100001111001111100000000000011111111100000000001111110011111111001111111110000000001111100000001111000000000000100000000000000011111111111111000000011110000000000011111111100000000000011100000001111
111111111111111111111111111111111111111111111111111111111111111111111111111111111111111111111111111100011110000110000011111111111100000000011111111110000001100000000110000000001111111110000011111110000111111111111011111111111111100000000000000111111100001111111111100000000011111111111100011111110000
111111111111111111111111111111111111111111111111111111111111111111111111111111111111111111111111111111100001111001111100000000000011111111100000000001111110011111111001111111110000000001111100000001111000000000000100000000000000011111111111111000000011110000000000011111111100000000000011100000001111
111111111111111111111111111111111111111111111111111111111111111111111111111111111111111111111111111100011110000110000011111111111100000000011111111110000001100000000110000000001111111110000011111110000111111111111011111111111111100000000000000111111100001111111111100000000011111111111100011111110000
111111111111111111111111111111111111111111111111111111111111111111111111111111111111111111111111111111100001111001111100000000000011111111100000000001111110011111111001111111110000000001111100000001111000000000000100000000000000011111111111111000000011110000000000011111111100000000000011100000001111
111111111111111111111111111111111111111111111111111111111111111111111111111111111111111111111111111100011110000110000011111111111100000000011111111110000001100000000110000000001111111110000011111110000111111111111011111111111111100000000000000111111100001111111111100000000011111111111100011111110000
111111111111111111111111111111111111111111111111111111111111111111111111111111111111111111111111111111100001111001111100000000000011111111100000000001111110011111111001111111110000000001111100000001111000000000000100000000000000011111111111111000000011110000000000011111111100000000000011100000001111
111111111111111111111111111111111111111111111111111111111111111111111111111111111111111111111111111100011110000110000011111111111100000000011111111110000001100000000110000000001111111110000011111110000111111111111011111111111111100000000000000111111100001111111111100000000011111111111100011111110000
111111111111111111111111111111111111111111111111111111111111111111111111111111111111111111111111111111100000000001111100000000000011111111100000000001111110000000000001111111110000000001111100000001111000000000000100000000000000011111111111111000000011110000000000011111111100000000000011100000001111
111111111111111111111111111111111111111111111111111111111111111111111111111111111111111111111111111100011111111110000011111111111100000000011111111110000001111111111110000000001111111110000011111110000111111111111011111111111111100000000000000111111100001111111111100000000011111111111100011111110000
111111111111111111111111111111111111111111111111111111111111111111111111111111111111111111111111111111100000000001111100000000000011111111100000000001111110000000000001111111110000000001111100000001111000000000000100000000000000011111111111111000000011110000000000011111111100000000000011100000001111
111111111111111111111111111111111111111111111111111111111111111111111111111111111111111111111111111100011111111110000011111111111100000000011111111110000001111111111110000000001111111110000011111110000111111111111011111111111111100000000000000111111100001111111111100000000011111111111100011111110000
111111111111111111111111111111111111111111111111111111111111111111111111111111111111111111111111111111100000000001111100000000000011111111100000000001111110000000000001111111110000000001111100000001111000000000000100000000000000011111111111111000000011110000000000011111111100000000000011100000001111
111111111111111111111111111111111111111111111111111111111111111111111111111111111111111111111111111100011111111110000011111111111100000000011111111110000001111111111110000000001111111110000011111110000111111111111011111111111111100000000000000111111100001111111111100000000011111111111100011111110000
111111111111111111111111111111111111111111111111111111111111111111111111111111111111111111111111111111100000000001111100000000000011111111100000000001111110000000000001111111110000000001111100000001111000000000000100000000000000011111111111111000000011110000000000011111111100000000000011100000001111
111111111111111111111111111111111111111111111111111111111111111111111111111111111111111111111111111100000001111000000000000000000000000000000000000000000000011111111000000000000000000000000000000000000000000000000000000000000000000000000000000000000000000000000000000000000000000000000000000000000000
111111111111111111111111111111111111111111111111111111111111111111111111111111111111111111111111111111111110000111111111111111111111111111111111111111111111100000000111111111111111111111111111111111111111111111111111111111111111111111111111111111111111111111111111111111111111111111111111111111111111
111111111111111111111111111111111111111111111111111111111111111111111111111111111111111111111111111100000000000000000000000000000000000000000000000000000000000000000000000000000000000000000000000000000000000000000000000000000000000000000000000000000000000000000000000000000000000000000000000000000000
111111111111111111111111111111111111111111111111111111111111111111111111111111111111111111111111111111111111111111111111111111111111111111111111111111111111111111111111111111111111111111111111111111111111111111111111111111111111111111111111111111111111111111111111111111111111111111111111111111111111
111111111111111111111111111111111111111111111111111111111111111111111111111111111111111111111111111100000000000000000000000000000000000000000000000000000000000000000000000000000000000000000000000000000000000000000000000000000000000000000000000000000000000000000000000000000000000000000000000000000000
111111111111111111111111111111111111111111111111111111111111111111111111111111111111111111111111111111111111111111111111111111111111111111111111111111111111111111111111111111111111111111111111111111111111111111111111111111111111111111111111111111111111111111111111111111111111111111111111111111111111
111111111111111111111111111111111111111111111111111111111111111111111111111111111111111111111111111100000000000000000000000000000000000000000000000000000000000000000000000000000000000000000000000000000000000000000000000000000000000000000000000000000000000000000000000000000000000000000000000000000000
111111111111111111111111111111111111111111111111111111111111111111111111111111111111111111111111111111111111111111111111111111111111111111111111111111111111111111111111111111111111111111111111111111111111111111111111111111111111111111111111111111111111111111111111111111111111111111111111111111111111
000000000000000000000000000000000000000000000000000000000000000000000000000000000000000000000000000000000000000000000000000000000000000000000000000000000000000000000000000000000000000000000000000000000000000000000000000000000000000000000000000000000000000000000000000000000000000000000000000000000000
000000000000000000000000000000000000000000000000000000000000000000000000000000000000000000000000000000000000000000000000000000000000000000000000000000000000000000000000000000000000000000000000000000000000000000000000000000000000000000000000000000000000000000000000000000000000000000000000000000000000
000000000000000000000000000000000000000000000000000000000000000000000000000000000000000000000000000000000000000000000000000000000000000000000000000000000000000000000000000000000000000000000000000000000000000000000000000000000000000000000000000000000000000000000000000000000000000000000000000000000000
000000000000000000000000000000000000000000000000000000000000000000000000000000000000000000000000000000000000000000000000000000000000000000000000000000000000000000000000000000000000000000000000000000000000000000000000000000000000000000000000000000000000000000000000000000000000000000000000000000000000
000000000000000000000000000000000000000000000000000000000000000000000000000000000000000000000000000000000000000000000000000000000000000000000000000000000000000000000000000000000000000000000000000000000000000000000000000000000000000000000000000000000000000000000000000000000000000000000000000000000000
000000000000000000000000000000000000000000000000000000000000000000000000000000000000000000000000000000000000000000000000000000000000000000000000000000000000000000000000000000000000000000000000000000000000000000000000000000000000000000000000000000000000000000000000000000000000000000000000000000000000
000000000000000000000000000000000000000000000000000000000000000000000000000000000000000000000000000000000000000000000000000000000000000000000000000000000000000000000000000000000000000000000000000000000000000000000000000000000000000000000000000000000000000000000000000000000000000000000000000000000000
000000000000000000000000000000000000000000000000000000000000000000000000000000000000000000000000000000000000000000000000000000000000000000000000000000000000000000000000000000000000000000000000000000000000000000000000000000000000000000000000000000000000000000000000000000000000000000000000000000000000
000000000000000000000000000000000000000000000000000000000000000000000000000000000000000000000000000000000000000000000000000000000000000000000000000000000000000000000000000000000000000000000000000000000000000000000000000000000000000000000000000000000000000000000000000000000000000000000000000000000000
000000000000000000000000000000000000000000000000000000000000000000000000000000000000000000000000000000000000000000000000000000000000000000000000000000000000000000000000000000000000000000000000000000000000000000000000000000000000000000000000000000000000000000000000000000000000000000000000000000000000
111111111111111111111111111111111111111111111111111111111111111111111111111111111111111111111111111111111111111111111111111111111111111111111111111111111111111111111111111111111111111111111111111111111111111111111111111111111111111111111111111111111111111111111111111111111111111111111111111111111111
111111111111111111111111111111111111111111111111111111111111111111111111111111111111111111111111111100000000000000000000000000000000000000000000000000000000000000000000000000000000000000000000000000000000000000000000000000000000000000000000000000000000000000000000000000000000000000000000000000000000
111111111111111111111111111111111111111111111111111111111111111111111111111111111111111111111111111111111111111111111111111111111111111111111111111111111111111111111111111111111111111111111111111111111111111111111111111111111111111111111111111111111111111111111111111111111111111111111111111111111111
111111111111111111111111111111111111111111111111111111111111111111111111111111111111111111111111111100000000000000000000000000000000000000000000000000000000000000000000000000000000000000000000000000000000000000000000000000000000000000000000000000000000000000000000000000000000000000000000000000000000
111111111111111111111111111111111111111111111111111111111111111111111111111111111111111111111111111111111111111111111111111111111111111111111111111111111111111111111111111111111111111111111111111111111111111111111111111111111111111111111111111111111111111111111111111111111111111111111111111111111111
111111111111111111111111111111111111111111111111111111111111111111111111111111111111111111111111111100000000000000000000000000000000000000000000000000000000000000000000000000000000000000000000000000000000000000000000000000000000000000000000000000000000000000000000000000000000000000000000000000000000
111111111111111111111111111111111111111111111111111111111111111111111111111111111111111111111111111101111111111111111000011111111111111111111111111111111111111111111110000000011111111111111111111111111111111111111111111111111111111111111111111111111111111111111111111111111111111111111111111111111111
111111111111111111111111111111111111111111111111111111111111111111111111111111111111111111111111111110000000000000000111100000000000000000000000000000000000000000000001111111100000000000000000000000000000000000000000000000000000000000000000000000000000000000000000000000000000000000000000000000000000
111111111111111111111111111111111111111111111111111111111111111111111111111111111111111111111111111100011111111110000000000111110000000000001111111110000000000111111000000000000111111111000000000111110111111111100000000000010000000000000001111111111111100000001111000000000001111111110000000000001110
111111111111111111111111111111111111111111111111111111111111111111111111111111111111111111111111111111100000000001111111111000001111111111110000000001111111111000000111111111111000000000111111111000001000000000011111111111101111111111111110000000000000011111110000111111111110000000001111111111110001
111111111111111111111111111111111111111111111111111111111111111111111111111111111111111111111111111100011111111110000000000111110000000000001111111110000000000111111000000000000111111111000000000111110111111111100000000000010000000000000001111111111111100000001111000000000001111111110000000000001110
111111111111111111111111111111111111111111111111111111111111111111111111111111111111111111111111111111100000000001111111111000001111111111110000000001111111111000000111111111111000000000111111111000001000000000011111111111101111111111111110000000000000011111110000111111111110000000001111111111110001
111111111111111111111111111111111111111111111111111111111111111111111111111111111111111111111111111100011111111110000000000111110000000000001111111110000000000111111000000000000111111111000000000111110111111111100000000000010000000000000001111111111111100000001111000000000001111111110000000000001110
111111111111111111111111111111111111111111111111111111111111111111111111111111111111111111111111111111100000000001111111111000001111111111110000000001111111111000000111111111111000000000111111111000001000000000011111111111101111111111111110000000000000011111110000111111111110000000001111111111110001
111111111111111111111111111111111111111111111111111111111111111111111111111111111111111111111111111100011111111110000000000111110000000000001111111110000000000111111000000000000111111111000000000111110111111111100000000000010000000000000001111111111111100000001111000000000001111111110000000000001110
111111111111111111111111111111111111111111111111111111111111111111111111111111111111111111111111111101100000000001111000011000001111111111110000000001111111111000000110000000011000000000111111111000001000000000011111111111101111111111111110000000000000011111110000111111111110000000001111111111110001
111111111111111111111111111111111111111111111111111111111111111111111111111111111111111111111111111110011111111110000111100111110000000000001111111110000000000111111001111111100111111111000000000111110111111111100000000000010000000000000001111111111111100000001111000000000001111111110000000000001110
111111111111111111111111111111111111111111111111111111111111111111111111111111111111111111111111111101100000000001111000011000001111111111110000000001111111111000000110000000011000000000111111111000001000000000011111111111101111111111111110000000000000011111110000111111111110000000001111111111110001
111111111111111111111111111111111111111111111111111111111111111111111111111111111111111111111111111110011111111110000111100111110000000000001111111110000000000111111001111111100111111111000000000111110111111111100000000000010000000000000001111111111111100000001111000000000001111111110000000000001110
111111111111111111111111111111111111111111111111111111111111111111111111111111111111111111111111111101100000000001111000011000001111111111110000000001111111111000000110000000011000000000111111111000001000000000011111111111101111111111111110000000000000011111110000111111111110000000001111111111110001
111111111111111111111111111111111111111111111111111111111111111111111111111111111111111111111111111110011111111110000111100111110000000000001111111110000000000111111001111111100111111111000000000111110111111111100000000000010000000000000001111111111111100000001111000000000001111111110000000000001110
111111111111111111111111111111111111111111111111111111111111111111111111111111111111111111111111111101100000000001111000011000001111111111110000000001111111111000000110000000011000000000111111111000001000000000011111111111101111111111111110000000000000011111110000111111111110000000001111111111110001
111111111111111111111111111111111111111111111111111111111111111111111111111111111111111111111111111110011111111110000111100111110000000000001111111110000000000111111001111111100111111111000000000111110111111111100000000000010000000000000001111111111111100000001111000000000001111111110000000000001110
111111111111111111111111111111111111111111111111111111111111111111111111111111111111111111111111111101100000000001111000011000001111111111110000000001111111111000000110000000011000000000111111111000001000000000011111111111101111111111111110000000000000011111110000111111111110000000001111111111110001
111111111111111111111111111111111111111111111111111111111111111111111111111111111111111111111111111110011111111110000111100111110000000000001111111110000000000111111001111111100111111111000000000111110111111111100000000000010000000000000001111111111111100000001111000000000001111111110000000000001110
111111111111111111111111111111111111111111111111111111111111111111111111111111111111111111111111111100000111110000000000000000000000000000000011110000000000000001000000000000000001111000000000000000000000000000000000000000000000000000000000000000000000000000000000000000000000000000000000000000000000
111111111111111111111111111111111111111111111111111111111111111111111111111111111111111111111111111101100000000001111000011000001111111111110000000001111111111000000110000000011000000000111111111000001000000000011111111111101111111111111110000000000000011111110000111111111110000000001111111111110001
111111111111111111111111111111111111111111111111111111111111111111111111111111111111111111111111111110011111111110000111100111110000000000001111111110000000000111111001111111100111111111000000000111110111111111100000000000010000000000000001111111111111100000001111000000000001111111110000000000001110
111111111111111111111111111111111111111111111111111111111111111111111111111111111111111111111111111101100000000001111000011000001111111111110000000001111111111000000110000000011000000000111111111000001000000000011111111111101111111111111110000000000000011111110000111111111110000000001111111111110001
111111111111111111111111111111111111111111111111111111111111111111111111111111111111111111111111111110011111111110000111100111110000000000001111111110000000000111111001111111100111111111000000000111110111111111100000000000010000000000000001111111111111100000001111000000000001111111110000000000001110
111111111111111111111111111111111111111111111111111111111111111111111111111111111111111111111111111101100000000001111000011000001111111111110000000001111111111000000110000000011000000000111111111000001000000000011111111111101111111111111110000000000000011111110000111111111110000000001111111111110001
111111111111111111111111111111111111111111111111111111111111111111111111111111111111111111111111111110011111111110000111100111110000000000001111111110000000000111111001111111100111111111000000000111110111111111100000000000010000000000000001111111111111100000001111000000000001111111110000000000001110
111111111111111111111111111111111111111111111111111111111111111111111111111111111111111111111111111101100000000001111000011000001111111111110000000001111111111000000110000000011000000000111111111000001000000000011111111111101111111111111110000000000000011111110000111111111110000000001111111111110001
111111111111111111111111111111111111111111111111111111111111111111111111111111111111111111111111111110011111111110000111100111110000000000001111111110000000000111111001111111100111111111000000000111110111111111100000000000010000000000000001111111111111100000001111000000000001111111110000000000001110
111111111111111111111111111111111111111111111111111111111111111111111111111111111111111111111111111101100000000001111000011000001111111111110000000001111111111000000110000000011000000000111111111000001000000000011111111111101111111111111110000000000000011111110000111111111110000000001111111111110001
111111111111111111111111111111111111111111111111111111111111111111111111111111111111111111111111111100011111111110000000000111110000000000001111111110000000000111111000000000000111111111000000000111110111111111100000000000010000000000000001111111111111100000001111000000000001111111110000000000001110
111111111111111111111111111111111111111111111111111111111111111111111111111111111111111111111111111111100000000001111111111000001111111111110000000001111111111000000111111111111000000000111111111000001000000000011111111111101111111111111110000000000000011111110000111111111110000000001111111111110001
111111111111111111111111111111111111111111111111111111111111111111111111111111111111111111111111111100011111111110000000000111110000000000001111111110000000000111111000000000000111111111000000000111110111111111100000000000010000000000000001111111111111100000001111000000000001111111110000000000001110
111111111111111111111111111111111111111111111111111111111111111111111111111111111111111111111111111111100000000001111111111000001111111111110000000001111111111000000111111111111000000000111111111000001000000000011111111111101111111111111110000000000000011111110000111111111110000000001111111111110001
111111111111111111111111111111111111111111111111111111111111111111111111111111111111111111111111111100011111111110000000000111110000000000001111111110000000000111111000000000000111111111000000000111110111111111100000000000010000000000000001111111111111100000001111000000000001111111110000000000001110
111111111111111111111111111111111111111111111111111111111111111111111111111111111111111111111111111111100000000001111111111000001111111111110000000001111111111000000111111111111000000000111111111000001000000000011111111111101111111111111110000000000000011111110000111111111110000000001111111111110001
111111111111111111111111111111111111111111111111111111111111111111111111111111111111111111111111111100011111111110000000000111110000000000001111111110000000000111111000000000000111111111000000000111110111111111100000000000010000000000000001111111111111100000001111000000000001111111110000000000001110
111111111111111111111111111111111111111111111111111111111111111111111111111111111111111111111111111110000000000000000111100000000000000000000000000000000000000000000001111111100000000000000000000000000000000000000000000000000000000000000000000000000000000000000000000000000000000000000000000000000000
111111111111111111111111111111111111111111111111111111111111111111111111111111111111111111111111111101111111111111111000011111111111111111111111111111111111111111111110000000011111111111111111111111111111111111111111111111111111111111111111111111111111111111111111111111111111111111111111111111111111
111111111111111111111111111111111111111111111111111111111111111111111111111111111111111111111111111100000000000000000000000000000000000000000000000000000000000000000000000000000000000000000000000000000000000000000000000000000000000000000000000000000000000000000000000000000000000000000000000000000000
111111111111111111111111111111111111111111111111111111111111111111111111111111111111111111111111111111111111111111111111111111111111111111111111111111111111111111111111111111111111111111111111111111111111111111111111111111111111111111111111111111111111111111111111111111111111111111111111111111111111
111111111111111111111111111111111111111111111111111111111111111111111111111111111111111111111111111100000000000000000000000000000000000000000000000000000000000000000000000000000000000000000000000000000000000000000000000000000000000000000000000000000000000000000000000000000000000000000000000000000000
111111111111111111111111111111111111111111111111111111111111111111111111111111111111111111111111111111111111111111111111111111111111111111111111111111111111111111111111111111111111111111111111111111111111111111111111111111111111111111111111111111111111111111111111111111111111111111111111111111111111
111111111111111111111111111111111111111111111111111111111111111111111111111111111111111111111111111100000000000000000000000000000000000000000000000000000000000000000000000000000000000000000000000000000000000000000000000000000000000000000000000000000000000000000000000000000000000000000000000000000000
111111111111111111111111111111111111111111111111111111111111111111111111111111111111111111111111111111111111111111111111111111111111111111111111111111111111111111111111111111111111111111111111111111111111111111111111111111111111111111111111111111111111111111111111111111111111111111111111111111111111
000000000000000000000000000000000000000000000000000000000000000000000000000000000000000000000000000000000000000000000000000000000000000000000000000000000000000000000000000000000000000000000000000000000000000000000000000000000000000000000000000000000000000000000000000000000000000000000000000000000000
000000000000000000000000000000000000000000000000000000000000000000000000000000000000000000000000000000000000000000000000000000000000000000000000000000000000000000000000000000000000000000000000000000000000000000000000000000000000000000000000000000000000000000000000000000000000000000000000000000000000
000000000000000000000000000000000000000000000000000000000000000000000000000000000000000000000000000000000000000000000000000000000000000000000000000000000000000000000000000000000000000000000000000000000000000000000000000000000000000000000000000000000000000000000000000000000000000000000000000000000000
000000000000000000000000000000000000000000000000000000000000000000000000000000000000000000000000000000000000000000000000000000000000000000000000000000000000000000000000000000000000000000000000000000000000000000000000000000000000000000000000000000000000000000000000000000000000000000000000000000000000
000000000000000000000000000000000000000000000000000000000000000000000000000000000000000000000000000000000000000000000000000000000000000000000000000000000000000000000000000000000000000000000000000000000000000000000000000000000000000000000000000000000000000000000000000000000000000000000000000000000000
000000000000000000000000000000000000000000000000000000000000000000000000000000000000000000000000000000000000000000000000000000000000000000000000000000000000000000000000000000000000000000000000000000000000000000000000000000000000000000000000000000000000000000000000000000000000000000000000000000000000
000000000000000000000000000000000000000000000000000000000000000000000000000000000000000000000000000000000000000000000000000000000000000000000000000000000000000000000000000000000000000000000000000000000000000000000000000000000000000000000000000000000000000000000000000000000000000000000000000000000000
000000000000000000000000000000000000000000000000000000000000000000000000000000000000000000000000000000000000000000000000000000000000000000000000000000000000000000000000000000000000000000000000000000000000000000000000000000000000000000000000000000000000000000000000000000000000000000000000000000000000
000000000000000000000000000000000000000000000000000000000000000000000000000000000000000000000000000000000000000000000000000000000000000000000000000000000000000000000000000000000000000000000000000000000000000000000000000000000000000000000000000000000000000000000000000000000000000000000000000000000000
000000000000000000000000000000000000000000000000000000000000000000000000000000000000000000000000000000000000000000000000000000000000000000000000000000000000000000000000000000000000000000000000000000000000000000000000000000000000000000000000000000000000000000000000000000000000000000000000000000000000
111111111111111111111111111111111111111111111111111111111111111111111111111111111111111111111111111111111111111111111111111111111111111111111111111111111111111111111111111111111111111111111111111111111111111111111111111111111111111111111111111111111111111111111111111111111111111111111111111111111111
111111111111111111111111111111111111111111111111111111111111111111111111111111111111111111111111111100000000000000000000000000000000000000000000000000000000000000000000000000000000000000000000000000000000000000000000000000000000000000000000000000000000000000000000000000000000000000000000000000000000
111111111111111111111111111111111111111111111111111111111111111111111111111111111111111111111111111111111111111111111111111111111111111111111111111111111111111111111111111111111111111111111111111111111111111111111111111111111111111111111111111111111111111111111111111111111111111111111111111111111111
111111111111111111111111111111111111111111111111111111111111111111111111111111111111111111111111111100000000000000000000000000000000000000000000000000000000000000000000000000000000000000000000000000000000000000000000000000000000000000000000000000000000000000000000000000000000000000000000000000000000
111111111111111111111111111111111111111111111111111111111111111111111111111111111111111111111111111111111111111111111111111111111111111111111111111111111111111111111111111111111111111111111111111111111111111111111111111111111111111111111111111111111111111111111111111111111111111111111111111111111111
111111111111111111111111111111111111111111111111111111111111111111111111111111111111111111111111111100000000000000000000000000000000000000000000000000000000000000000000000000000000000000000000000000000000000000000000000000000000000000000000000000000000000000000000000000000000000000000000000000000000
111111111111111111111111111111111111111111111111111111111111111111111111111111111111111111111111111111100000000111111111111111100001111111111111111111111111111111111111111111111000000001111111111111111110000111111111111111111111111111111111111111111111111111111111111111111111111111111111111111111111
111111111111111111111111111111111111111111111111111111111111111111111111111111111111111111111111111100011111111000000000000000011110000000000000000000000000000000000000000000000111111110000000000000000001111000000000000000000000000000000000000000000000000000000000000000000000000000000000000000000000
111111111111111111111111111111111111111111111111111111111111111111111111111111111111111111111111111110000000000001111111111000000000011111000000000000111111111000000000011111100000000000011111111100000000000000011111111110000000000001000000000000000111111111111110000000111100000000000111111111000000
111111111111111111111111111111111111111111111111111111111111111111111111111111111111111111111111111101111111111110000000000111111111100000111111111111000000000111111111100000011111111111100000000011111111111111100000000001111111111110111111111111111000000000000001111111000011111111111000000000111111
111111111111111111111111111111111111111111111111111111111111111111111111111111111111111111111111111110000000000001111111111000000000011111000000000000111111111000000000011111100000000000011111111100000000000000011111111110000000000001000000000000000111111111111110000000111100000000000111111111000000
111111111111111111111111111111111111111111111111111111111111111111111111111111111111111111111111111101111111111110000000000111111111100000111111111111000000000111111111100000011111111111100000000011111111111111100000000001111111111110111111111111111000000000000001111111000011111111111000000000111111
111111111111111111111111111111111111111111111111111111111111111111111111111111111111111111111111111110000000000001111111111000000000011111000000000000111111111000000000011111100000000000011111111100000000000000011111111110000000000001000000000000000111111111111110000000111100000000000111111111000000
111111111111111111111111111111111111111111111111111111111111111111111111111111111111111111111111111101111111111110000000000111111111100000111111111111000000000111111111100000011111111111100000000011111111111111100000000001111111111110111111111111111000000000000001111111000011111111111000000000111111
111111111111111111111111111111111111111111111111111111111111111111111111111111111111111111111111111110000000000001111111111000000000011111000000000000111111111000000000011111100000000000011111111100000000000000011111111110000000000001000000000000000111111111111110000000111100000000000111111111000000
111111111111111111111111111111111111111111111111111111111111111111111111111111111111111111111111111101100000000110000000000111100001100000111111111111000000000111111111100000011000000001100000000011111110000111100000000001111111111110111111111111111000000000000001111111000011111111111000000000111111
111111111111111111111111111111111111111111111111111111111111111111111111111111111111111111111111111110011111111001111111111000011110011111000000000000111111111000000000011111100111111110011111111100000001111000011111111110000000000001000000000000000111111111111110000000111100000000000111111111000000
111111111111111111111111111111111111111111111111111111111111111111111111111111111111111111111111111101100000000110000000000111100001100000111111111111000000000111111111100000011000000001100000000011111110000111100000000001111111111110111111111111111000000000000001111111000011111111111000000000111111
111111111111111111111111111111111111111111111111111111111111111111111111111111111111111111111111111110011111111001111111111000011110011111000000000000111111111000000000011111100111111110011111111100000001111000011111111110000000000001000000000000000111111111111110000000111100000000000111111111000000
111111111111111111111111111111111111111111111111111111111111111111111111111111111111111111111111111101100000000110000000000111100001100000111111111111000000000111111111100000011000000001100000000011111110000111100000000001111111111110111111111111111000000000000001111111000011111111111000000000111111
111111111111111111111111111111111111111111111111111111111111111111111111111111111111111111111111111110011111111001111111111000011110011111000000000000111111111000000000011111100111111110011111111100000001111000011111111110000000000001000000000000000111111111111110000000111100000000000111111111000000
111111111111111111111111111111111111111111111111111111111111111111111111111111111111111111111111111101100000000110000000000111100001100000111111111111000000000111111111100000011000000001100000000011111110000111100000000001111111111110111111111111111000000000000001111111000011111111111000000000111111
111111111111111111111111111111111111111111111111111111111111111111111111111111111111111111111111111110011111111001111111111000011110011111000000000000111111111000000000011111100111111110011111111100000001111000011111111110000000000001000000000000000111111111111110000000111100000000000111111111000000
111111111111111111111111111111111111111111111111111111111111111111111111111111111111111111111111111101100000000110000000000111100001100000111111111111000000000111111111100000011000000001100000000011111110000111100000000001111111111110111111111111111000000000000001111111000011111111111000000000111111
111111111111111111111111111111111111111111111111111111111111111111111111111111111111111111111111111110011111111001111111111000011110011111000000000000111111111000000000011111100111111110011111111100000001111000011111111110000000000001000000000000000111111111111110000000111100000000000111111111000000
111111111111111111111111111111111111111111111111111111111111111111111111111111111111111111111111111100000000000000011111000000000000000000000000000000001111000000000000000100000000000000000111100000000000000000000000000000000000000000000000000000000000000000000000000000000000000000000000000000000000
111111111111111111111111111111111111111111111111111111111111111111111111111111111111111111111111111101100000000110000000000111100001100000111111111111000000000111111111100000011000000001100000000011111110000111100000000001111111111110111111111111111000000000000001111111000011111111111000000000111111
111111111111111111111111111111111111111111111111111111111111111111111111111111111111111111111111111110011111111001111111111000011110011111000000000000111111111000000000011111100111111110011111111100000001111000011111111110000000000001000000000000000111111111111110000000111100000000000111111111000000
111111111111111111111111111111111111111111111111111111111111111111111111111111111111111111111111111101100000000110000000000111100001100000111111111111000000000111111111100000011000000001100000000011111110000111100000000001111111111110111111111111111000000000000001111111000011111111111000000000111111
111111111111111111111111111111111111111111111111111111111111111111111111111111111111111111111111111110011111111001111111111000011110011111000000000000111111111000000000011111100111111110011111111100000001111000011111111110000000000001000000000000000111111111111110000000111100000000000111111111000000
111111111111111111111111111111111111111111111111111111111111111111111111111111111111111111111111111101100000000110000000000111100001100000111111111111000000000111111111100000011000000001100000000011111110000111100000000001111111111110111111111111111000000000000001111111000011111111111000000000111111
111111111111111111111111111111111111111111111111111111111111111111111111111111111111111111111111111110011111111001111111111000011110011111000000000000111111111000000000011111100111111110011111111100000001111000011111111110000000000001000000000000000111111111111110000000111100000000000111111111000000
111111111111111111111111111111111111111111111111111111111111111111111111111111111111111111111111111101100000000110000000000111100001100000111111111111000000000111111111100000011000000001100000000011111110000111100000000001111111111110111111111111111000000000000001111111000011111111111000000000111111
111111111111111111111111111111111111111111111111111111111111111111111111111111111111111111111111111110011111111001111111111000011110011111000000000000111111111000000000011111100111111110011111111100000001111000011111111110000000000001000000000000000111111111111110000000111100000000000111111111000000
111111111111111111111111111111111111111111111111111111111111111111111111111111111111111111111111111101100000000110000000000111100001100000111111111111000000000111111111100000011000000001100000000011111110000111100000000001111111111110111111111111111000000000000001111111000011111111111000000000111111
111111111111111111111111111111111111111111111111111111111111111111111111111111111111111111111111111110000000000001111111111000000000011111000000000000111111111000000000011111100000000000011111111100000000000000011111111110000000000001000000000000000111111111111110000000111100000000000111111111000000
111111111111111111111111111111111111111111111111111111111111111111111111111111111111111111111111111101111111111110000000000111111111100000111111111111000000000111111111100000011111111111100000000011111111111111100000000001111111111110111111111111111000000000000001111111000011111111111000000000111111
111111111111111111111111111111111111111111111111111111111111111111111111111111111111111111111111111110000000000001111111111000000000011111000000000000111111111000000000011111100000000000011111111100000000000000011111111110000000000001000000000000000111111111111110000000111100000000000111111111000000
111111111111111111111111111111111111111111111111111111111111111111111111111111111111111111111111111101111111111110000000000111111111100000111111111111000000000111111111100000011111111111100000000011111111111111100000000001111111111110111111111111111000000000000001111111000011111111111000000000111111
111111111111111111111111111111111111111111111111111111111111111111111111111111111111111111111111111110000000000001111111111000000000011111000000000000111111111000000000011111100000000000011111111100000000000000011111111110000000000001000000000000000111111111111110000000111100000000000111111111000000
111111111111111111111111111111111111111111111111111111111111111111111111111111111111111111111111111101111111111110000000000111111111100000111111111111000000000111111111100000011111111111100000000011111111111111100000000001111111111110111111111111111000000000000001111111000011111111111000000000111111
111111111111111111111111111111111111111111111111111111111111111111111111111111111111111111111111111110000000000001111111111000000000011111000000000000111111111000000000011111100000000000011111111100000000000000011111111110000000000001000000000000000111111111111110000000111100000000000111111111000000
111111111111111111111111111111111111111111111111111111111111111111111111111111111111111111111111111100011111111000000000000000011110000000000000000000000000000000000000000000000111111110000000000000000001111000000000000000000000000000000000000000000000000000000000000000000000000000000000000000000000
111111111111111111111111111111111111111111111111111111111111111111111111111111111111111111111111111111100000000111111111111111100001111111111111111111111111111111111111111111111000000001111111111111111110000111111111111111111111111111111111111111111111111111111111111111111111111111111111111111111111
111111111111111111111111111111111111111111111111111111111111111111111111111111111111111111111111111100000000000000000000000000000000000000000000000000000000000000000000000000000000000000000000000000000000000000000000000000000000000000000000000000000000000000000000000000000000000000000000000000000000
111111111111111111111111111111111111111111111111111111111111111111111111111111111111111111111111111111111111111111111111111111111111111111111111111111111111111111111111111111111111111111111111111111111111111111111111111111111111111111111111111111111111111111111111111111111111111111111111111111111111
111111111111111111111111111111111111111111111111111111111111111111111111111111111111111111111111111100000000000000000000000000000000000000000000000000000000000000000000000000000000000000000000000000000000000000000000000000000000000000000000000000000000000000000000000000000000000000000000000000000000
111111111111111111111111111111111111111111111111111111111111111111111111111111111111111111111111111111111111111111111111111111111111111111111111111111111111111111111111111111111111111111111111111111111111111111111111111111111111111111111111111111111111111111111111111111111111111111111111111111111111
111111111111111111111111111111111111111111111111111111111111111111111111111111111111111111111111111100000000000000000000000000000000000000000000000000000000000000000000000000000000000000000000000000000000000000000000000000000000000000000000000000000000000000000000000000000000000000000000000000000000
111111111111111111111111111111111111111111111111111111111111111111111111111111111111111111111111111111111111111111111111111111111111111111111111111111111111111111111111111111111111111111111111111111111111111111111111111111111111111111111111111111111111111111111111111111111111111111111111111111111111
000000000000000000000000000000000000000000000000000000000000000000000000000000000000000000000000000000000000000000000000000000000000000000000000000000000000000000000000000000000000000000000000000000000000000000000000000000000000000000000000000000000000000000000000000000000000000000000000000000000000
000000000000000000000000000000000000000000000000000000000000000000000000000000000000000000000000000000000000000000000000000000000000000000000000000000000000000000000000000000000000000000000000000000000000000000000000000000000000000000000000000000000000000000000000000000000000000000000000000000000000
000000000000000000000000000000000000000000000000000000000000000000000000000000000000000000000000000000000000000000000000000000000000000000000000000000000000000000000000000000000000000000000000000000000000000000000000000000000000000000000000000000000000000000000000000000000000000000000000000000000000
000000000000000000000000000000000000000000000000000000000000000000000000000000000000000000000000000000000000000000000000000000000000000000000000000000000000000000000000000000000000000000000000000000000000000000000000000000000000000000000000000000000000000000000000000000000000000000000000000000000000
000000000000000000000000000000000000000000000000000000000000000000000000000000000000000000000000000000000000000000000000000000000000000000000000000000000000000000000000000000000000000000000000000000000000000000000000000000000000000000000000000000000000000000000000000000000000000000000000000000000000
000000000000000000000000000000000000000000000000000000000000000000000000000000000000000000000000000000000000000000000000000000000000000000000000000000000000000000000000000000000000000000000000000000000000000000000000000000000000000000000000000000000000000000000000000000000000000000000000000000000000
000000000000000000000000000000000000000000000000000000000000000000000000000000000000000000000000000000000000000000000000000000000000000000000000000000000000000000000000000000000000000000000000000000000000000000000000000000000000000000000000000000000000000000000000000000000000000000000000000000000000
000000000000000000000000000000000000000000000000000000000000000000000000000000000000000000000000000000000000000000000000000000000000000000000000000000000000000000000000000000000000000000000000000000000000000000000000000000000000000000000000000000000000000000000000000000000000000000000000000000000000
000000000000000000000000000000000000000000000000000000000000000000000000000000000000000000000000000000000000000000000000000000000000000000000000000000000000000000000000000000000000000000000000000000000000000000000000000000000000000000000000000000000000000000000000000000000000000000000000000000000000
000000000000000000000000000000000000000000000000000000000000000000000000000000000000000000000000000000000000000000000000000000000000000000000000000000000000000000000000000000000000000000000000000000000000000000000000000000000000000000000000000000000000000000000000000000000000000000000000000000000000
111111111111111111111111111111111111111111111111111111111111111111111111111111111111111111111111111111111111111111111111111111111111111111111111111111111111111111111111111111111111111111111111111111111111111111111111111111111111111111111111111111111111111111111111111111111111111111111111111111111111
111111111111111111111111111111111111111111111111111111111111111111111111111111111111111111111111111100000000000000000000000000000000000000000000000000000000000000000000000000000000000000000000000000000000000000000000000000000000000000000000000000000000000000000000000000000000000000000000000000000000
111111111111111111111111111111111111111111111111111111111111111111111111111111111111111111111111111111111111111111111111111111111111111111111111111111111111111111111111111111111111111111111111111111111111111111111111111111111111111111111111111111111111111111111111111111111111111111111111111111111111
111111111111111111111111111111111111111111111111111111111111111111111111111111111111111111111111111100000000000000000000000000000000000000000000000000000000000000000000000000000000000000000000000000000000000000000000000000000000000000000000000000000000000000000000000000000000000000000000000000000000
111111111111111111111111111111111111111111111111111111111111111111111111111111111111111111111111111111111111111111111111111111111111111111111111111111111111111111111111111111111111111111111111111111111111111111111111111111111111111111111111111111111111111111111111111111111111111111111111111111111111
111111111111111111111111111111111111111111111111111111111111111111111111111111111111111111111111111100000000000000000000000000000000000000000000000000000000000000000000000000000000000000000000000000000000000000000000000000000000000000000000000000000000000000000000000000000000000000000000000000000000
111111111111111111111111111111111111111111111111111111111111111111111111111111111111111111111111111111111111111110000000011111111111111110000111111111111111111111111111111111111111111111100000000111111111111111111000011111111111111111111111111111111111111111111111111111111111111111111111111111111111
111111111111111111111111111111111111111111111111111111111111111111111111111111111111111111111111111100000000000001111111100000000000000001111000000000000000000000000000000000000000000000011111111000000000000000000111100000000000000000000000000000000000000000000000000000000000000000000000000000000000
111111111111111111111111111111111111111111111111111111111111111111111111111111111111111111111111111100001111111000000000000111111111100000000001111100000000000011111111100000000001111110000000000001111111111110000000000001111111111000000000000100000000000000011111111111111000000011110000000000011111
111111111111111111111111111111111111111111111111111111111111111111111111111111111111111111111111111111110000000111111111111000000000011111111110000011111111111100000000011111111110000001111111111110000000000001111111111110000000000111111111111011111111111111100000000000000111111100001111111111100000
111111111111111111111111111111111111111111111111111111111111111111111111111111111111111111111111111100001111111000000000000111111111100000000001111100000000000011111111100000000001111110000000000001111111111110000000000001111111111000000000000100000000000000011111111111111000000011110000000000011111
111111111111111111111111111111111111111111111111111111111111111111111111111111111111111111111111111111110000000111111111111000000000011111111110000011111111111100000000011111111110000001111111111110000000000001111111111110000000000111111111111011111111111111100000000000000111111100001111111111100000
111111111111111111111111111111111111111111111111111111111111111111111111111111111111111111111111111100001111111000000000000111111111100000000001111100000000000011111111100000000001111110000000000001111111111110000000000001111111111000000000000100000000000000011111111111111000000011110000000000011111
111111111111111111111111111111111111111111111111111111111111111111111111111111111111111111111111111111110000000111111111111000000000011111111110000011111111111100000000011111111110000001111111111110000000000001111111111110000000000111111111111011111111111111100000000000000111111100001111111111100000
111111111111111111111111111111111111111111111111111111111111111111111111111111111111111111111111111100001111111000000000000111111111100000000001111100000000000011111111100000000001111110000000000001111111111110000000000001111111111000000000000100000000000000011111111111111000000011110000000000011111
111111111111111111111111111111111111111111111111111111111111111111111111111111111111111111111111111111110000000110000000011000000000011110000110000011111111111100000000011111111110000001100000000110000000000001111000011110000000000111111111111011111111111111100000000000000111111100001111111111100000
111111111111111111111111111111111111111111111111111111111111111111111111111111111111111111111111111100001111111001111111100111111111100001111001111100000000000011111111100000000001111110011111111001111111111110000111100001111111111000000000000100000000000000011111111111111000000011110000000000011111
111111111111111111111111111111111111111111111111111111111111111111111111111111111111111111111111111111110000000110000000011000000000011110000110000011111111111100000000011111111110000001100000000110000000000001111000011110000000000111111111111011111111111111100000000000000111111100001111111111100000
111111111111111111111111111111111111111111111111111111111111111111111111111111111111111111111111111100001111111001111111100111111111100001111001111100000000000011111111100000000001111110011111111001111111111110000111100001111111111000000000000100000000000000011111111111111000000011110000000000011111
111111111111111111111111111111111111111111111111111111111111111111111111111111111111111111111111111111110000000110000000011000000000011110000110000011111111111100000000011111111110000001100000000110000000000001111000011110000000000111111111111011111111111111100000000000000111111100001111111111100000
111111111111111111111111111111111111111111111111111111111111111111111111111111111111111111111111111100001111111001111111100111111111100001111001111100000000000011111111100000000001111110011111111001111111111110000111100001111111111000000000000100000000000000011111111111111000000011110000000000011111
111111111111111111111111111111111111111111111111111111111111111111111111111111111111111111111111111111110000000110000000011000000000011110000110000011111111111100000000011111111110000001100000000110000000000001111000011110000000000111111111111011111111111111100000000000000111111100001111111111100000
111111111111111111111111111111111111111111111111111111111111111111111111111111111111111111111111111100001111111001111111100111111111100001111001111100000000000011111111100000000001111110011111111001111111111110000111100001111111111000000000000100000000000000011111111111111000000011110000000000011111
111111111111111111111111111111111111111111111111111111111111111111111111111111111111111111111111111111110000000110000000011000000000011110000110000011111111111100000000011111111110000001100000000110000000000001111000011110000000000111111111111011111111111111100000000000000111111100001111111111100000
111111111111111111111111111111111111111111111111111111111111111111111111111111111111111111111111111100001111111001111111100111111111100001111001111100000000000011111111100000000001111110011111111001111111111110000111100001111111111000000000000100000000000000011111111111111000000011110000000000011111
111111111111111111111111111111111111111111111111111111111111111111111111111111111111111111111111111100000011100000000000000001111100000000000000000000000000000000111100000000000000010000000000000000010000000000000000000000000000000000000000000000000000000000000000000000000000000000000000000000000000
111111111111111111111111111111111111111111111111111111111111111111111111111111111111111111111111111111110000000110000000011000000000011110000110000011111111111100000000011111111110000001100000000110000000000001111000011110000000000111111111111011111111111111100000000000000111111100001111111111100000
111111111111111111111111111111111111111111111111111111111111111111111111111111111111111111111111111100001111111001111111100111111111100001111001111100000000000011111111100000000001111110011111111001111111111110000111100001111111111000000000000100000000000000011111111111111000000011110000000000011111
111111111111111111111111111111111111111111111111111111111111111111111111111111111111111111111111111111110000000110000000011000000000011110000110000011111111111100000000011111111110000001100000000110000000000001111000011110000000000111111111111011111111111111100000000000000111111100001111111111100000
111111111111111111111111111111111111111111111111111111111111111111111111111111111111111111111111111100001111111001111111100111111111100001111001111100000000000011111111100000000001111110011111111001111111111110000111100001111111111000000000000100000000000000011111111111111000000011110000000000011111
111111111111111111111111111111111111111111111111111111111111111111111111111111111111111111111111111111110000000110000000011000000000011110000110000011111111111100000000011111111110000001100000000110000000000001111000011110000000000111111111111011111111111111100000000000000111111100001111111111100000
111111111111111111111111111111111111111111111111111111111111111111111111111111111111111111111111111100001111111001111111100111111111100001111001111100000000000011111111100000000001111110011111111001111111111110000111100001111111111000000000000100000000000000011111111111111000000011110000000000011111
111111111111111111111111111111111111111111111111111111111111111111111111111111111111111111111111111111110000000110000000011000000000011110000110000011111111111100000000011111111110000001100000000110000000000001111000011110000000000111111111111011111111111111100000000000000111111100001111111111100000
111111111111111111111111111111111111111111111111111111111111111111111111111111111111111111111111111100001111111001111111100111111111100001111001111100000000000011111111100000000001111110011111111001111111111110000111100001111111111000000000000100000000000000011111111111111000000011110000000000011111
111111111111111111111111111111111111111111111111111111111111111111111111111111111111111111111111111111110000000110000000011000000000011110000110000011111111111100000000011111111110000001100000000110000000000001111000011110000000000111111111111011111111111111100000000000000111111100001111111111100000
111111111111111111111111111111111111111111111111111111111111111111111111111111111111111111111111111100001111111000000000000111111111100000000001111100000000000011111111100000000001111110000000000001111111111110000000000001111111111000000000000100000000000000011111111111111000000011110000000000011111
111111111111111111111111111111111111111111111111111111111111111111111111111111111111111111111111111111110000000111111111111000000000011111111110000011111111111100000000011111111110000001111111111110000000000001111111111110000000000111111111111011111111111111100000000000000111111100001111111111100000
111111111111111111111111111111111111111111111111111111111111111111111111111111111111111111111111111100001111111000000000000111111111100000000001111100000000000011111111100000000001111110000000000001111111111110000000000001111111111000000000000100000000000000011111111111111000000011110000000000011111
111111111111111111111111111111111111111111111111111111111111111111111111111111111111111111111111111111110000000111111111111000000000011111111110000011111111111100000000011111111110000001111111111110000000000001111111111110000000000111111111111011111111111111100000000000000111111100001111111111100000
111111111111111111111111111111111111111111111111111111111111111111111111111111111111111111111111111100001111111000000000000111111111100000000001111100000000000011111111100000000001111110000000000001111111111110000000000001111111111000000000000100000000000000011111111111111000000011110000000000011111
111111111111111111111111111111111111111111111111111111111111111111111111111111111111111111111111111111110000000111111111111000000000011111111110000011111111111100000000011111111110000001111111111110000000000001111111111110000000000111111111111011111111111111100000000000000111111100001111111111100000
111111111111111111111111111111111111111111111111111111111111111111111111111111111111111111111111111100001111111000000000000111111111100000000001111100000000000011111111100000000001111110000000000001111111111110000000000001111111111000000000000100000000000000011111111111111000000011110000000000011111
111111111111111111111111111111111111111111111111111111111111111111111111111111111111111111111111111100000000000001111111100000000000000001111000000000000000000000000000000000000000000000011111111000000000000000000111100000000000000000000000000000000000000000000000000000000000000000000000000000000000
111111111111111111111111111111111111111111111111111111111111111111111111111111111111111111111111111111111111111110000000011111111111111110000111111111111111111111111111111111111111111111100000000111111111111111111000011111111111111111111111111111111111111111111111111111111111111111111111111111111111
111111111111111111111111111111111111111111111111111111111111111111111111111111111111111111111111111100000000000000000000000000000000000000000000000000000000000000000000000000000000000000000000000000000000000000000000000000000000000000000000000000000000000000000000000000000000000000000000000000000000
111111111111111111111111111111111111111111111111111111111111111111111111111111111111111111111111111111111111111111111111111111111111111111111111111111111111111111111111111111111111111111111111111111111111111111111111111111111111111111111111111111111111111111111111111111111111111111111111111111111111
111111111111111111111111111111111111111111111111111111111111111111111111111111111111111111111111111100000000000000000000000000000000000000000000000000000000000000000000000000000000000000000000000000000000000000000000000000000000000000000000000000000000000000000000000000000000000000000000000000000000
111111111111111111111111111111111111111111111111111111111111111111111111111111111111111111111111111111111111111111111111111111111111111111111111111111111111111111111111111111111111111111111111111111111111111111111111111111111111111111111111111111111111111111111111111111111111111111111111111111111111
111111111111111111111111111111111111111111111111111111111111111111111111111111111111111111111111111100000000000000000000000000000000000000000000000000000000000000000000000000000000000000000000000000000000000000000000000000000000000000000000000000000000000000000000000000000000000000000000000000000000
111111111111111111111111111111111111111111111111111111111111111111111111111111111111111111111111111111111111111111111111111111111111111111111111111111111111111111111111111111111111111111111111111111111111111111111111111111111111111111111111111111111111111111111111111111111111111111111111111111111111
000000000000000000000000000000000000000000000000000000000000000000000000000000000000000000000000000000000000000000000000000000000000000000000000000000000000000000000000000000000000000000000000000000000000000000000000000000000000000000000000000000000000000000000000000000000000000000000000000000000000
000000000000000000000000000000000000000000000000000000000000000000000000000000000000000000000000000000000000000000000000000000000000000000000000000000000000000000000000000000000000000000000000000000000000000000000000000000000000000000000000000000000000000000000000000000000000000000000000000000000000
000000000000000000000000000000000000000000000000000000000000000000000000000000000000000000000000000000000000000000000000000000000000000000000000000000000000000000000000000000000000000000000000000000000000000000000000000000000000000000000000000000000000000000000000000000000000000000000000000000000000
000000000000000000000000000000000000000000000000000000000000000000000000000000000000000000000000000000000000000000000000000000000000000000000000000000000000000000000000000000000000000000000000000000000000000000000000000000000000000000000000000000000000000000000000000000000000000000000000000000000000
000000000000000000000000000000000000000000000000000000000000000000000000000000000000000000000000000000000000000000000000000000000000000000000000000000000000000000000000000000000000000000000000000000000000000000000000000000000000000000000000000000000000000000000000000000000000000000000000000000000000
000000000000000000000000000000000000000000000000000000000000000000000000000000000000000000000000000000000000000000000000000000000000000000000000000000000000000000000000000000000000000000000000000000000000000000000000000000000000000000000000000000000000000000000000000000000000000000000000000000000000
000000000000000000000000000000000000000000000000000000000000000000000000000000000000000000000000000000000000000000000000000000000000000000000000000000000000000000000000000000000000000000000000000000000000000000000000000000000000000000000000000000000000000000000000000000000000000000000000000000000000
000000000000000000000000000000000000000000000000000000000000000000000000000000000000000000000000000000000000000000000000000000000000000000000000000000000000000000000000000000000000000000000000000000000000000000000000000000000000000000000000000000000000000000000000000000000000000000000000000000000000
000000000000000000000000000000000000000000000000000000000000000000000000000000000000000000000000000000000000000000000000000000000000000000000000000000000000000000000000000000000000000000000000000000000000000000000000000000000000000000000000000000000000000000000000000000000000000000000000000000000000
000000000000000000000000000000000000000000000000000000000000000000000000000000000000000000000000000000000000000000000000000000000000000000000000000000000000000000000000000000000000000000000000000000000000000000000000000000000000000000000000000000000000000000000000000000000000000000000000000000000000
111111111111111111111111111111111111111111111111111111111111111111111111111111111111111111111111111111111111111111111111111111111111111111111111111111111111111111111111111111111111111111111111111111111111111111111111111111111111111111111111111111111111111111111111111111111111111111111111111111111111
111111111111111111111111111111111111111111111111111111111111111111111111111111111111111111111111111100000000000000000000000000000000000000000000000000000000000000000000000000000000000000000000000000000000000000000000000000000000000000000000000000000000000000000000000000000000000000000000000000000000
111111111111111111111111111111111111111111111111111111111111111111111111111111111111111111111111111111111111111111111111111111111111111111111111111111111111111111111111111111111111111111111111111111111111111111111111111111111111111111111111111111111111111111111111111111111111111111111111111111111111
111111111111111111111111111111111111111111111111111111111111111111111111111111111111111111111111111100000000000000000000000000000000000000000000000000000000000000000000000000000000000000000000000000000000000000000000000000000000000000000000000000000000000000000000000000000000000000000000000000000000
111111111111111111111111111111111111111111111111111111111111111111111111111111111111111111111111111111111111111111111111111111111111111111111111111111111111111111111111111111111111111111111111111111111111111111111111111111111111111111111111111111111111111111111111111111111111111111111111111111111111
111111111111111111111111111111111111111111111111111111111111111111111111111111111111111111111111111100000000000000000000000000000000000000000000000000000000000000000000000000000000000000000000000000000000000000000000000000000000000000000000000000000000000000000000000000000000000000000000000000000000
111111111111111111111111111111111111111111111111111111111111111111111111111111111111111111111111111111111111111111111111111000000001111111111111111000011111111111111111111111111111111111111111111110001111111111111111111111100001111111111111111111111111111111111111111111111111111111111111111111111111
111111111111111111111111111111111111111111111111111111111111111111111111111111111111111111111111111100000000000000000000000111111110000000000000000111100000000000000000000000000000000000000000000001110000000000000000000000011110000000000000000000000000000000000000000000000000000000000000000000000000
111111111111111111111111111111111111111111111111111111111111111111111111111111111111111111111111111111111100000000111111100000000000011111111110000000000111110000000000001111111110000000000111111000001111011111111111111000000000000111111111100000000000010000000000000001111111111111100000001111000000
111111111111111111111111111111111111111111111111111111111111111111111111111111111111111111111111111100000011111111000000011111111111100000000001111111111000001111111111110000000001111111111000000111110000100000000000000111111111111000000000011111111111101111111111111110000000000000011111110000111111
111111111111111111111111111111111111111111111111111111111111111111111111111111111111111111111111111111111100000000111111100000000000011111111110000000000111110000000000001111111110000000000111111000001111011111111111111000000000000111111111100000000000010000000000000001111111111111100000001111000000
111111111111111111111111111111111111111111111111111111111111111111111111111111111111111111111111111100000011111111000000011111111111100000000001111111111000001111111111110000000001111111111000000111110000100000000000000111111111111000000000011111111111101111111111111110000000000000011111110000111111
111111111111111111111111111111111111111111111111111111111111111111111111111111111111111111111111111111111100000000111111100000000000011111111110000000000111110000000000001111111110000000000111111000001111011111111111111000000000000111111111100000000000010000000000000001111111111111100000001111000000
111111111111111111111111111111111111111111111111111111111111111111111111111111111111111111111111111100000011111111000000011111111111100000000001111111111000001111111111110000000001111111111000000111110000100000000000000111111111111000000000011111111111101111111111111110000000000000011111110000111111
111111111111111111111111111111111111111111111111111111111111111111111111111111111111111111111111111111111100000000111111100000000000011111111110000000000111110000000000001111111110000000000111111000001111011111111111111000000000000111111111100000000000010000000000000001111111111111100000001111000000
111111111111111111111111111111111111111111111111111111111111111111111111111111111111111111111111111100000011111111000000011000000001100000000001111000011000001111111111110000000001111111111000000110000000100000000000000111100001111000000000011111111111101111111111111110000000000000011111110000111111
111111111111111111111111111111111111111111111111111111111111111111111111111111111111111111111111111111111100000000111111100111111110011111111110000111100111110000000000001111111110000000000111111001111111011111111111111000011110000111111111100000000000010000000000000001111111111111100000001111000000
111111111111111111111111111111111111111111111111111111111111111111111111111111111111111111111111111100000011111111000000011000000001100000000001111000011000001111111111110000000001111111111000000110000000100000000000000111100001111000000000011111111111101111111111111110000000000000011111110000111111
111111111111111111111111111111111111111111111111111111111111111111111111111111111111111111111111111111111100000000111111100111111110011111111110000111100111110000000000001111111110000000000111111001111111011111111111111000011110000111111111100000000000010000000000000001111111111111100000001111000000
111111111111111111111111111111111111111111111111111111111111111111111111111111111111111111111111111100000011111111000000011000000001100000000001111000011000001111111111110000000001111111111000000110000000100000000000000111100001111000000000011111111111101111111111111110000000000000011111110000111111
111111111111111111111111111111111111111111111111111111111111111111111111111111111111111111111111111111111100000000111111100111111110011111111110000111100111110000000000001111111110000000000111111001111111011111111111111000011110000111111111100000000000010000000000000001111111111111100000001111000000
111111111111111111111111111111111111111111111111111111111111111111111111111111111111111111111111111100000011111111000000011000000001100000000001111000011000001111111111110000000001111111111000000110000000100000000000000111100001111000000000011111111111101111111111111110000000000000011111110000111111
111111111111111111111111111111111111111111111111111111111111111111111111111111111111111111111111111111111100000000111111100111111110011111111110000111100111110000000000001111111110000000000111111001111111011111111111111000011110000111111111100000000000010000000000000001111111111111100000001111000000
111111111111111111111111111111111111111111111111111111111111111111111111111111111111111111111111111100000011111111000000011000000001100000000001111000011000001111111111110000000001111111111000000110000000100000000000000111100001111000000000011111111111101111111111111110000000000000011111110000111111
111111111111111111111111111111111111111111111111111111111111111111111111111111111111111111111111111111111100000000111111100111111110011111111110000111100111110000000000001111111110000000000111111001111111011111111111111000011110000111111111100000000000010000000000000001111111111111100000001111000000
111111111111111111111111111111111111111111111111111111111111111111111111111111111111111111111111111111110000000000001110000000000000000111110000000000000000000000000000000011110000000000000001000000000000000000000000000000000000000000000000000000000000000000000000000000000000000000000000000000000000
111111111111111111111111111111111111111111111111111111111111111111111111111111111111111111111111111100000011111111000000011000000001100000000001111000011000001111111111110000000001111111111000000110000000100000000000000111100001111000000000011111111111101111111111111110000000000000011111110000111111
111111111111111111111111111111111111111111111111111111111111111111111111111111111111111111111111111111111100000000111111100111111110011111111110000111100111110000000000001111111110000000000111111001111111011111111111111000011110000111111111100000000000010000000000000001111111111111100000001111000000
111111111111111111111111111111111111111111111111111111111111111111111111111111111111111111111111111100000011111111000000011000000001100000000001111000011000001111111111110000000001111111111000000110000000100000000000000111100001111000000000011111111111101111111111111110000000000000011111110000111111
111111111111111111111111111111111111111111111111111111111111111111111111111111111111111111111111111111111100000000111111100111111110011111111110000111100111110000000000001111111110000000000111111001111111011111111111111000011110000111111111100000000000010000000000000001111111111111100000001111000000
111111111111111111111111111111111111111111111111111111111111111111111111111111111111111111111111111100000011111111000000011000000001100000000001111000011000001111111111110000000001111111111000000110000000100000000000000111100001111000000000011111111111101111111111111110000000000000011111110000111111
111111111111111111111111111111111111111111111111111111111111111111111111111111111111111111111111111111111100000000111111100111111110011111111110000111100111110000000000001111111110000000000111111001111111011111111111111000011110000111111111100000000000010000000000000001111111111111100000001111000000
111111111111111111111111111111111111111111111111111111111111111111111111111111111111111111111111111100000011111111000000011000000001100000000001111000011000001111111111110000000001111111111000000110000000100000000000000111100001111000000000011111111111101111111111111110000000000000011111110000111111
111111111111111111111111111111111111111111111111111111111111111111111111111111111111111111111111111111111100000000111111100111111110011111111110000111100111110000000000001111111110000000000111111001111111011111111111111000011110000111111111100000000000010000000000000001111111111111100000001111000000
111111111111111111111111111111111111111111111111111111111111111111111111111111111111111111111111111100000011111111000000011000000001100000000001111000011000001111111111110000000001111111111000000110000000100000000000000111100001111000000000011111111111101111111111111110000000000000011111110000111111
111111111111111111111111111111111111111111111111111111111111111111111111111111111111111111111111111111111100000000111111100000000000011111111110000000000111110000000000001111111110000000000111111000001111011111111111111000000000000111111111100000000000010000000000000001111111111111100000001111000000
111111111111111111111111111111111111111111111111111111111111111111111111111111111111111111111111111100000011111111000000011111111111100000000001111111111000001111111111110000000001111111111000000111110000100000000000000111111111111000000000011111111111101111111111111110000000000000011111110000111111
111111111111111111111111111111111111111111111111111111111111111111111111111111111111111111111111111111111100000000111111100000000000011111111110000000000111110000000000001111111110000000000111111000001111011111111111111000000000000111111111100000000000010000000000000001111111111111100000001111000000
111111111111111111111111111111111111111111111111111111111111111111111111111111111111111111111111111100000011111111000000011111111111100000000001111111111000001111111111110000000001111111111000000111110000100000000000000111111111111000000000011111111111101111111111111110000000000000011111110000111111
111111111111111111111111111111111111111111111111111111111111111111111111111111111111111111111111111111111100000000111111100000000000011111111110000000000111110000000000001111111110000000000111111000001111011111111111111000000000000111111111100000000000010000000000000001111111111111100000001111000000
111111111111111111111111111111111111111111111111111111111111111111111111111111111111111111111111111100000011111111000000011111111111100000000001111111111000001111111111110000000001111111111000000111110000100000000000000111111111111000000000011111111111101111111111111110000000000000011111110000111111
111111111111111111111111111111111111111111111111111111111111111111111111111111111111111111111111111111111100000000111111100000000000011111111110000000000111110000000000001111111110000000000111111000001111011111111111111000000000000111111111100000000000010000000000000001111111111111100000001111000000
111111111111111111111111111111111111111111111111111111111111111111111111111111111111111111111111111100000000000000000000000111111110000000000000000111100000000000000000000000000000000000000000000001110000000000000000000000011110000000000000000000000000000000000000000000000000000000000000000000000000
111111111111111111111111111111111111111111111111111111111111111111111111111111111111111111111111111111111111111111111111111000000001111111111111111000011111111111111111111111111111111111111111111110001111111111111111111111100001111111111111111111111111111111111111111111111111111111111111111111111111
111111111111111111111111111111111111111111111111111111111111111111111111111111111111111111111111111100000000000000000000000000000000000000000000000000000000000000000000000000000000000000000000000000000000000000000000000000000000000000000000000000000000000000000000000000000000000000000000000000000000
111111111111111111111111111111111111111111111111111111111111111111111111111111111111111111111111111111111111111111111111111111111111111111111111111111111111111111111111111111111111111111111111111111111111111111111111111111111111111111111111111111111111111111111111111111111111111111111111111111111111
111111111111111111111111111111111111111111111111111111111111111111111111111111111111111111111111111100000000000000000000000000000000000000000000000000000000000000000000000000000000000000000000000000000000000000000000000000000000000000000000000000000000000000000000000000000000000000000000000000000000
111111111111111111111111111111111111111111111111111111111111111111111111111111111111111111111111111111111111111111111111111111111111111111111111111111111111111111111111111111111111111111111111111111111111111111111111111111111111111111111111111111111111111111111111111111111111111111111111111111111111
111111111111111111111111111111111111111111111111111111111111111111111111111111111111111111111111111100000000000000000000000000000000000000000000000000000000000000000000000000000000000000000000000000000000000000000000000000000000000000000000000000000000000000000000000000000000000000000000000000000000
111111111111111111111111111111111111111111111111111111111111111111111111111111111111111111111111111111111111111111111111111111111111111111111111111111111111111111111111111111111111111111111111111111111111111111111111111111111111111111111111111111111111111111111111111111111111111111111111111111111111
000000000000000000000000000000000000000000000000000000000000000000000000000000000000000000000000000000000000000000000000000000000000000000000000000000000000000000000000000000000000000000000000000000000000000000000000000000000000000000000000000000000000000000000000000000000000000000000000000000000000
000000000000000000000000000000000000000000000000000000000000000000000000000000000000000000000000000000000000000000000000000000000000000000000000000000000000000000000000000000000000000000000000000000000000000000000000000000000000000000000000000000000000000000000000000000000000000000000000000000000000
000000000000000000000000000000000000000000000000000000000000000000000000000000000000000000000000000000000000000000000000000000000000000000000000000000000000000000000000000000000000000000000000000000000000000000000000000000000000000000000000000000000000000000000000000000000000000000000000000000000000
000000000000000000000000000000000000000000000000000000000000000000000000000000000000000000000000000000000000000000000000000000000000000000000000000000000000000000000000000000000000000000000000000000000000000000000000000000000000000000000000000000000000000000000000000000000000000000000000000000000000
000000000000000000000000000000000000000000000000000000000000000000000000000000000000000000000000000000000000000000000000000000000000000000000000000000000000000000000000000000000000000000000000000000000000000000000000000000000000000000000000000000000000000000000000000000000000000000000000000000000000
000000000000000000000000000000000000000000000000000000000000000000000000000000000000000000000000000000000000000000000000000000000000000000000000000000000000000000000000000000000000000000000000000000000000000000000000000000000000000000000000000000000000000000000000000000000000000000000000000000000000
000000000000000000000000000000000000000000000000000000000000000000000000000000000000000000000000000000000000000000000000000000000000000000000000000000000000000000000000000000000000000000000000000000000000000000000000000000000000000000000000000000000000000000000000000000000000000000000000000000000000
000000000000000000000000000000000000000000000000000000000000000000000000000000000000000000000000000000000000000000000000000000000000000000000000000000000000000000000000000000000000000000000000000000000000000000000000000000000000000000000000000000000000000000000000000000000000000000000000000000000000
000000000000000000000000000000000000000000000000000000000000000000000000000000000000000000000000000000000000000000000000000000000000000000000000000000000000000000000000000000000000000000000000000000000000000000000000000000000000000000000000000000000000000000000000000000000000000000000000000000000000
000000000000000000000000000000000000000000000000000000000000000000000000000000000000000000000000000000000000000000000000000000000000000000000000000000000000000000000000000000000000000000000000000000000000000000000000000000000000000000000000000000000000000000000000000000000000000000000000000000000000
111111111111111111111111111111111111111111111111111111111111111111111111111111111111111111111111111111111111111111111111111111111111111111111111111111111111111111111111111111111111111111111111111111111111111111111111111111111111111111111111111111111111111111111111111111111111111111111111111111111111
111111111111111111111111111111111111111111111111111111111111111111111111111111111111111111111111111100000000000000000000000000000000000000000000000000000000000000000000000000000000000000000000000000000000000000000000000000000000000000000000000000000000000000000000000000000000000000000000000000000000
111111111111111111111111111111111111111111111111111111111111111111111111111111111111111111111111111111111111111111111111111111111111111111111111111111111111111111111111111111111111111111111111111111111111111111111111111111111111111111111111111111111111111111111111111111111111111111111111111111111111
111111111111111111111111111111111111111111111111111111111111111111111111111111111111111111111111111100000000000000000000000000000000000000000000000000000000000000000000000000000000000000000000000000000000000000000000000000000000000000000000000000000000000000000000000000000000000000000000000000000000
111111111111111111111111111111111111111111111111111111111111111111111111111111111111111111111111111111100011111111111111111111111111111111111111111111111111111111111111111111111111111111111111111111111111111111111111111111111111111111111111111111111111111111111111111111111111111111111111111111111111
111111111111111111111111111111111111111111111111111111111111111111111111111111111111111111111111111100011100000000000000000000000000000000000000000000000000000000000000000000000000000000000000000000000000000000000000000000000000000000000000000000000000000000000000000000000000000000000000000000000000
111111111111111111111111111111111111111111111111111111111111111111111111111111111111111111111111111100000001111111111111111111111111100000000111111111111111100001111111111111111111111111111111111111110001111111111111111111111111111110000111111111111111111111111111111111111111111111111111111111111111
111111111111111111111111111111111111111111111111111111111111111111111111111111111111111111111111111111111110000000000000000000000000011111111000000000000000011110000000000000000000000000000000000000001110000000000000000000000000000001111000000000000000000000000000000000000000000000000000000000000000
111111111111111111111111111111111111111111111111111111111111111111111111111111111111111111111111111100000000011111110000000011111110000000000001111111111000000000011111000000000000111111111000000000010000000001111101111111111111100000000000011111111110000000000001000000000000000111111111111110000000
111111111111111111111111111111111111111111111111111111111111111111111111111111111111111111111111111111111111100000001111111100000001111111111110000000000111111111100000111111111111000000000111111111101111111110000010000000000000011111111111100000000001111111111110111111111111111000000000000001111111
111111111111111111111111111111111111111111111111111111111111111111111111111111111111111111111111111100000000011111110000000011111110000000000001111111111000000000011111000000000000111111111000000000010000000001111101111111111111100000000000011111111110000000000001000000000000000111111111111110000000
111111111111111111111111111111111111111111111111111111111111111111111111111111111111111111111111111111100011100000001111111100000001111111111110000000000111111111100000111111111111000000000111111111101111111110000010000000000000011111111111100000000001111111111110111111111111111000000000000001111111
111111111111111111111111111111111111111111111111111111111111111111111111111111111111111111111111111100011100011111110000000011111110000000000001111111111000000000011111000000000000111111111000000000010000000001111101111111111111100000000000011111111110000000000001000000000000000111111111111110000000
111111111111111111111111111111111111111111111111111111111111111111111111111111111111111111111111111111100011100000001111111100000001111111111110000000000111111111100000111111111111000000000111111111101111111110000010000000000000011111111111100000000001111111111110111111111111111000000000000001111111
111111111111111111111111111111111111111111111111111111111111111111111111111111111111111111111111111100011100011111110000000011111110000000000001111111111000000000011111000000000000111111111000000000010000000001111101111111111111100000000000011111111110000000000001000000000000000111111111111110000000
111111111111111111111111111111111111111111111111111111111111111111111111111111111111111111111111111100000001100000001111111100000001100000000110000000000111100001100000111111111111000000000111111111100001111110000010000000000000011110000111100000000001111111111110111111111111111000000000000001111111
111111111111111111111111111111111111111111111111111111111111111111111111111111111111111111111111111111111110011111110000000011111110011111111001111111111000011110011111000000000000111111111000000000011110000001111101111111111111100001111000011111111110000000000001000000000000000111111111111110000000
111111111111111111111111111111111111111111111111111111111111111111111111111111111111111111111111111100000001100000001111111100000001100000000110000000000111100001100000111111111111000000000111111111100001111110000010000000000000011110000111100000000001111111111110111111111111111000000000000001111111
111111111111111111111111111111111111111111111111111111111111111111111111111111111111111111111111111111100010011111110000000011111110011111111001111111111000011110011111000000000000111111111000000000011110000001111101111111111111100001111000011111111110000000000001000000000000000111111111111110000000
111111111111111111111111111111111111111111111111111111111111111111111111111111111111111111111111111100011101100000001111111100000001100000000110000000000111100001100000111111111111000000000111111111100001111110000010000000000000011110000111100000000001111111111110111111111111111000000000000001111111
111111111111111111111111111111111111111111111111111111111111111111111111111111111111111111111111111111100010011111110000000011111110011111111001111111111000011110011111000000000000111111111000000000011110000001111101111111111111100001111000011111111110000000000001000000000000000111111111111110000000
111111111111111111111111111111111111111111111111111111111111111111111111111111111111111111111111111100011101100000001111111100000001100000000110000000000111100001100000111111111111000000000111111111100001111110000010000000000000011110000111100000000001111111111110111111111111111000000000000001111111
111111111111111111111111111111111111111111111111111111111111111111111111111111111111111111111111111111100010011111110000000011111110011111111001111111111000011110011111000000000000111111111000000000011110000001111101111111111111100001111000011111111110000000000001000000000000000111111111111110000000
111111111111111111111111111111111111111111111111111111111111111111111111111111111111111111111111111100011101100000001111111100000001100000000110000000000111100001100000111111111111000000000111111111100001111110000010000000000000011110000111100000000001111111111110111111111111111000000000000001111111
111111111111111111111111111111111111111111111111111111111111111111111111111111111111111111111111111111100010011111110000000011111110011111111001111111111000011110011111000000000000111111111000000000011110000001111101111111111111100001111000011111111110000000000001000000000000000111111111111110000000
111111111111111111111111111111111111111111111111111111111111111111111111111111111111111111111111111100000000001111000000000000111000000000000000011111000000000000000000000000000000001111000000000000000000000000000000000000000000000000000000000000000000000000000000000000000000000000000000000000000000
111111111111111111111111111111111111111111111111111111111111111111111111111111111111111111111111111100011101100000001111111100000001100000000110000000000111100001100000111111111111000000000111111111100001111110000010000000000000011110000111100000000001111111111110111111111111111000000000000001111111
111111111111111111111111111111111111111111111111111111111111111111111111111111111111111111111111111111100010011111110000000011111110011111111001111111111000011110011111000000000000111111111000000000011110000001111101111111111111100001111000011111111110000000000001000000000000000111111111111110000000
111111111111111111111111111111111111111111111111111111111111111111111111111111111111111111111111111100011101100000001111111100000001100000000110000000000111100001100000111111111111000000000111111111100001111110000010000000000000011110000111100000000001111111111110111111111111111000000000000001111111
111111111111111111111111111111111111111111111111111111111111111111111111111111111111111111111111111111100010011111110000000011111110011111111001111111111000011110011111000000000000111111111000000000011110000001111101111111111111100001111000011111111110000000000001000000000000000111111111111110000000
111111111111111111111111111111111111111111111111111111111111111111111111111111111111111111111111111100011101100000001111111100000001100000000110000000000111100001100000111111111111000000000111111111100001111110000010000000000000011110000111100000000001111111111110111111111111111000000000000001111111
111111111111111111111111111111111111111111111111111111111111111111111111111111111111111111111111111111100010011111110000000011111110011111111001111111111000011110011111000000000000111111111000000000011110000001111101111111111111100001111000011111111110000000000001000000000000000111111111111110000000
111111111111111111111111111111111111111111111111111111111111111111111111111111111111111111111111111100000001100000001111111100000001100000000110000000000111100001100000111111111111000000000111111111100001111110000010000000000000011110000111100000000001111111111110111111111111111000000000000001111111
111111111111111111111111111111111111111111111111111111111111111111111111111111111111111111111111111111111110011111110000000011111110011111111001111111111000011110011111000000000000111111111000000000011110000001111101111111111111100001111000011111111110000000000001000000000000000111111111111110000000
111111111111111111111111111111111111111111111111111111111111111111111111111111111111111111111111111100000001100000001111111100000001100000000110000000000111100001100000111111111111000000000111111111100001111110000010000000000000011110000111100000000001111111111110111111111111111000000000000001111111
111111111111111111111111111111111111111111111111111111111111111111111111111111111111111111111111111100011100011111110000000011111110000000000001111111111000000000011111000000000000111111111000000000010000000001111101111111111111100000000000011111111110000000000001000000000000000111111111111110000000
111111111111111111111111111111111111111111111111111111111111111111111111111111111111111111111111111111100011100000001111111100000001111111111110000000000111111111100000111111111111000000000111111111101111111110000010000000000000011111111111100000000001111111111110111111111111111000000000000001111111
111111111111111111111111111111111111111111111111111111111111111111111111111111111111111111111111111100011100011111110000000011111110000000000001111111111000000000011111000000000000111111111000000000010000000001111101111111111111100000000000011111111110000000000001000000000000000111111111111110000000
111111111111111111111111111111111111111111111111111111111111111111111111111111111111111111111111111111100011100000001111111100000001111111111110000000000111111111100000111111111111000000000111111111101111111110000010000000000000011111111111100000000001111111111110111111111111111000000000000001111111
111111111111111111111111111111111111111111111111111111111111111111111111111111111111111111111111111100000000011111110000000011111110000000000001111111111000000000011111000000000000111111111000000000010000000001111101111111111111100000000000011111111110000000000001000000000000000111111111111110000000
111111111111111111111111111111111111111111111111111111111111111111111111111111111111111111111111111111111111100000001111111100000001111111111110000000000111111111100000111111111111000000000111111111101111111110000010000000000000011111111111100000000001111111111110111111111111111000000000000001111111
111111111111111111111111111111111111111111111111111111111111111111111111111111111111111111111111111100000000011111110000000011111110000000000001111111111000000000011111000000000000111111111000000000010000000001111101111111111111100000000000011111111110000000000001000000000000000111111111111110000000
111111111111111111111111111111111111111111111111111111111111111111111111111111111111111111111111111111111110000000000000000000000000011111111000000000000000011110000000000000000000000000000000000000001110000000000000000000000000000001111000000000000000000000000000000000000000000000000000000000000000
111111111111111111111111111111111111111111111111111111111111111111111111111111111111111111111111111100000001111111111111111111111111100000000111111111111111100001111111111111111111111111111111111111110001111111111111111111111111111110000111111111111111111111111111111111111111111111111111111111111111
111111111111111111111111111111111111111111111111111111111111111111111111111111111111111111111111111100011100000000000000000000000000000000000000000000000000000000000000000000000000000000000000000000000000000000000000000000000000000000000000000000000000000000000000000000000000000000000000000000000000
111111111111111111111111111111111111111111111111111111111111111111111111111111111111111111111111111111100011111111111111111111111111111111111111111111111111111111111111111111111111111111111111111111111111111111111111111111111111111111111111111111111111111111111111111111111111111111111111111111111111
111111111111111111111111111111111111111111111111111111111111111111111111111111111111111111111111111100000000000000000000000000000000000000000000000000000000000000000000000000000000000000000000000000000000000000000000000000000000000000000000000000000000000000000000000000000000000000000000000000000000
111111111111111111111111111111111111111111111111111111111111111111111111111111111111111111111111111111111111111111111111111111111111111111111111111111111111111111111111111111111111111111111111111111111111111111111111111111111111111111111111111111111111111111111111111111111111111111111111111111111111
111111111111111111111111111111111111111111111111111111111111111111111111111111111111111111111111111100000000000000000000000000000000000000000000000000000000000000000000000000000000000000000000000000000000000000000000000000000000000000000000000000000000000000000000000000000000000000000000000000000000
111111111111111111111111111111111111111111111111111111111111111111111111111111111111111111111111111111111111111111111111111111111111111111111111111111111111111111111111111111111111111111111111111111111111111111111111111111111111111111111111111111111111111111111111111111111111111111111111111111111111
000000000000000000000000000000000000000000000000000000000000000000000000000000000000000000000000000000000000000000000000000000000000000000000000000000000000000000000000000000000000000000000000000000000000000000000000000000000000000000000000000000000000000000000000000000000000000000000000000000000000
000000000000000000000000000000000000000000000000000000000000000000000000000000000000000000000000000000000000000000000000000000000000000000000000000000000000000000000000000000000000000000000000000000000000000000000000000000000000000000000000000000000000000000000000000000000000000000000000000000000000
000000000000000000000000000000000000000000000000000000000000000000000000000000000000000000000000000000000000000000000000000000000000000000000000000000000000000000000000000000000000000000000000000000000000000000000000000000000000000000000000000000000000000000000000000000000000000000000000000000000000
000000000000000000000000000000000000000000000000000000000000000000000000000000000000000000000000000000000000000000000000000000000000000000000000000000000000000000000000000000000000000000000000000000000000000000000000000000000000000000000000000000000000000000000000000000000000000000000000000000000000
000000000000000000000000000000000000000000000000000000000000000000000000000000000000000000000000000000000000000000000000000000000000000000000000000000000000000000000000000000000000000000000000000000000000000000000000000000000000000000000000000000000000000000000000000000000000000000000000000000000000
000000000000000000000000000000000000000000000000000000000000000000000000000000000000000000000000000000000000000000000000000000000000000000000000000000000000000000000000000000000000000000000000000000000000000000000000000000000000000000000000000000000000000000000000000000000000000000000000000000000000
000000000000000000000000000000000000000000000000000000000000000000000000000000000000000000000000000000000000000000000000000000000000000000000000000000000000000000000000000000000000000000000000000000000000000000000000000000000000000000000000000000000000000000000000000000000000000000000000000000000000
000000000000000000000000000000000000000000000000000000000000000000000000000000000000000000000000000000000000000000000000000000000000000000000000000000000000000000000000000000000000000000000000000000000000000000000000000000000000000000000000000000000000000000000000000000000000000000000000000000000000
000000000000000000000000000000000000000000000000000000000000000000000000000000000000000000000000000000000000000000000000000000000000000000000000000000000000000000000000000000000000000000000000000000000000000000000000000000000000000000000000000000000000000000000000000000000000000000000000000000000000
000000000000000000000000000000000000000000000000000000000000000000000000000000000000000000000000000000000000000000000000000000000000000000000000000000000000000000000000000000000000000000000000000000000000000000000000000000000000000000000000000000000000000000000000000000000000000000000000000000000000
111111111111111111111111111111111111111111111111111111111111111111111111111111111111111111111111111111111111111111111111111111111111111111111111111111111111111111111111111111111111111111111111111111111111111111111111111111111111111111111111111111111111111111111111111111111111111111111111111111111111
111111111111111111111111111111111111111111111111111111111111111111111111111111111111111111111111111100000000000000000000000000000000000000000000000000000000000000000000000000000000000000000000000000000000000000000000000000000000000000000000000000000000000000000000000000000000000000000000000000000000
111111111111111111111111111111111111111111111111111111111111111111111111111111111111111111111111111111111111111111111111111111111111111111111111111111111111111111111111111111111111111111111111111111111111111111111111111111111111111111111111111111111111111111111111111111111111111111111111111111111111
111111111111111111111111111111111111111111111111111111111111111111111111111111111111111111111111111100000000000000000000000000000000000000000000000000000000000000000000000000000000000000000000000000000000000000000000000000000000000000000000000000000000000000000000000000000000000000000000000000000000
111111111111111111111111111111111111111111111111111111111111111111111111111111111111111111111111111111111111111110001111111111111111111111111111111111111111111111111111111111111111111111111111111111111111111111111111111111111111111111111111111111111111111111111111111111111111111111111111111111111111
111111111111111111111111111111111111111111111111111111111111111111111111111111111111111111111111111100000000000001110000000000000000000000000000000000000000000000000000000000000000000000000000000000000000000000000000000000000000000000000000000000000000000000000000000000000000000000000000000000000000
111111111111111111111111111111111111111111111111111111111111111111111111111111111111111111111111111111111111110000000111111111111111111111111110000000011111111111111110000111111111111111111111111111111111111111000111111111111111111111111111111000011111111111111111111111111111111111111111111111111111
111111111111111111111111111111111111111111111111111111111111111111111111111111111111111111111111111100000000001111111000000000000000000000000001111111100000000000000001111000000000000000000000000000000000000000111000000000000000000000000000000111100000000000000000000000000000000000000000000000000000
111111111111111111111111111111111111111111111111111111111111111111111111111111111111111111111111111111111111000000000001111111000000001111111000000000000111111111100000000001111100000000000011111111101111110000000000000111110111111111111110000000000001111111111000000000000100000000000000011111111111
111111111111111111111111111111111111111111111111111111111111111111111111111111111111111111111111111100000000111111111110000000111111110000000111111111111000000000011111111110000011111111111100000000010000001111111111111000001000000000000001111111111110000000000111111111111011111111111111100000000000
111111111111111111111111111111111111111111111111111111111111111111111111111111111111111111111111111111111111000000000001111111000000001111111000000000000111111111100000000001111100000000000011111111101111110000000000000111110111111111111110000000000001111111111000000000000100000000000000011111111111
111111111111111111111111111111111111111111111111111111111111111111111111111111111111111111111111111100000000111110001110000000111111110000000111111111111000000000011111111110000011111111111100000000010000001111111111111000001000000000000001111111111110000000000111111111111011111111111111100000000000
111111111111111111111111111111111111111111111111111111111111111111111111111111111111111111111111111111111111000001110001111111000000001111111000000000000111111111100000000001111100000000000011111111101111110000000000000111110111111111111110000000000001111111111000000000000100000000000000011111111111
111111111111111111111111111111111111111111111111111111111111111111111111111111111111111111111111111100000000111110001110000000111111110000000111111111111000000000011111111110000011111111111100000000010000001111111111111000001000000000000001111111111110000000000111111111111011111111111111100000000000
111111111111111111111111111111111111111111111111111111111111111111111111111111111111111111111111111111111111000001110001111111000000001111111000000000000111111111100000000001111100000000000011111111101111110000000000000111110111111111111110000000000001111111111000000000000100000000000000011111111111
111111111111111111111111111111111111111111111111111111111111111111111111111111111111111111111111111100000000110000000110000000111111110000000110000000011000000000011110000110000011111111111100000000010000001111000111111000001000000000000001111000011110000000000111111111111011111111111111100000000000
111111111111111111111111111111111111111111111111111111111111111111111111111111111111111111111111111111111111001111111001111111000000001111111001111111100111111111100001111001111100000000000011111111101111110000111000000111110111111111111110000111100001111111111000000000000100000000000000011111111111
111111111111111111111111111111111111111111111111111111111111111111111111111111111111111111111111111100000000110000000110000000111111110000000110000000011000000000011110000110000011111111111100000000010000001111000111111000001000000000000001111000011110000000000111111111111011111111111111100000000000
111111111111111111111111111111111111111111111111111111111111111111111111111111111111111111111111111111111111001110001001111111000000001111111001111111100111111111100001111001111100000000000011111111101111110000111000000111110111111111111110000111100001111111111000000000000100000000000000011111111111
111111111111111111111111111111111111111111111111111111111111111111111111111111111111111111111111111100000000110001110110000000111111110000000110000000011000000000011110000110000011111111111100000000010000001111000111111000001000000000000001111000011110000000000111111111111011111111111111100000000000
111111111111111111111111111111111111111111111111111111111111111111111111111111111111111111111111111111111111001110001001111111000000001111111001111111100111111111100001111001111100000000000011111111101111110000111000000111110111111111111110000111100001111111111000000000000100000000000000011111111111
111111111111111111111111111111111111111111111111111111111111111111111111111111111111111111111111111100000000110001110110000000111111110000000110000000011000000000011110000110000011111111111100000000010000001111000111111000001000000000000001111000011110000000000111111111111011111111111111100000000000
111111111111111111111111111111111111111111111111111111111111111111111111111111111111111111111111111111111111001110001001111111000000001111111001111111100111111111100001111001111100000000000011111111101111110000111000000111110111111111111110000111100001111111111000000000000100000000000000011111111111
111111111111111111111111111111111111111111111111111111111111111111111111111111111111111111111111111100000000110001110110000000111111110000000110000000011000000000011110000110000011111111111100000000010000001111000111111000001000000000000001111000011110000000000111111111111011111111111111100000000000
111111111111111111111111111111111111111111111111111111111111111111111111111111111111111111111111111111111111001110001001111111000000001111111001111111100111111111100001111001111100000000000011111111101111110000111000000111110111111111111110000111100001111111111000000000000100000000000000011111111111
111111111111111111111111111111111111111111111111111111111111111111111111111111111111111111111111111100111100000000000000111100000000000011100000000000000001111100000000000000000000000000000000111100000000000000000000000000000000000000000000000000000000000000000000000000000000000000000000000000000000
111111111111111111111111111111111111111111111111111111111111111111111111111111111111111111111111111100000000110001110110000000111111110000000110000000011000000000011110000110000011111111111100000000010000001111000111111000001000000000000001111000011110000000000111111111111011111111111111100000000000
111111111111111111111111111111111111111111111111111111111111111111111111111111111111111111111111111111111111001110001001111111000000001111111001111111100111111111100001111001111100000000000011111111101111110000111000000111110111111111111110000111100001111111111000000000000100000000000000011111111111
111111111111111111111111111111111111111111111111111111111111111111111111111111111111111111111111111100000000110001110110000000111111110000000110000000011000000000011110000110000011111111111100000000010000001111000111111000001000000000000001111000011110000000000111111111111011111111111111100000000000
111111111111111111111111111111111111111111111111111111111111111111111111111111111111111111111111111111111111001110001001111111000000001111111001111111100111111111100001111001111100000000000011111111101111110000111000000111110111111111111110000111100001111111111000000000000100000000000000011111111111
111111111111111111111111111111111111111111111111111111111111111111111111111111111111111111111111111100000000110001110110000000111111110000000110000000011000000000011110000110000011111111111100000000010000001111000111111000001000000000000001111000011110000000000111111111111011111111111111100000000000
111111111111111111111111111111111111111111111111111111111111111111111111111111111111111111111111111111111111001110001001111111000000001111111001111111100111111111100001111001111100000000000011111111101111110000111000000111110111111111111110000111100001111111111000000000000100000000000000011111111111
111111111111111111111111111111111111111111111111111111111111111111111111111111111111111111111111111100000000110000000110000000111111110000000110000000011000000000011110000110000011111111111100000000010000001111000111111000001000000000000001111000011110000000000111111111111011111111111111100000000000
111111111111111111111111111111111111111111111111111111111111111111111111111111111111111111111111111111111111001111111001111111000000001111111001111111100111111111100001111001111100000000000011111111101111110000111000000111110111111111111110000111100001111111111000000000000100000000000000011111111111
111111111111111111111111111111111111111111111111111111111111111111111111111111111111111111111111111100000000110000000110000000111111110000000110000000011000000000011110000110000011111111111100000000010000001111000111111000001000000000000001111000011110000000000111111111111011111111111111100000000000
111111111111111111111111111111111111111111111111111111111111111111111111111111111111111111111111111111111111000001110001111111000000001111111000000000000111111111100000000001111100000000000011111111101111110000000000000111110111111111111110000000000001111111111000000000000100000000000000011111111111
111111111111111111111111111111111111111111111111111111111111111111111111111111111111111111111111111100000000111110001110000000111111110000000111111111111000000000011111111110000011111111111100000000010000001111111111111000001000000000000001111111111110000000000111111111111011111111111111100000000000
111111111111111111111111111111111111111111111111111111111111111111111111111111111111111111111111111111111111000001110001111111000000001111111000000000000111111111100000000001111100000000000011111111101111110000000000000111110111111111111110000000000001111111111000000000000100000000000000011111111111
111111111111111111111111111111111111111111111111111111111111111111111111111111111111111111111111111100000000111110001110000000111111110000000111111111111000000000011111111110000011111111111100000000010000001111111111111000001000000000000001111111111110000000000111111111111011111111111111100000000000
111111111111111111111111111111111111111111111111111111111111111111111111111111111111111111111111111111111111000000000001111111000000001111111000000000000111111111100000000001111100000000000011111111101111110000000000000111110111111111111110000000000001111111111000000000000100000000000000011111111111
111111111111111111111111111111111111111111111111111111111111111111111111111111111111111111111111111100000000111111111110000000111111110000000111111111111000000000011111111110000011111111111100000000010000001111111111111000001000000000000001111111111110000000000111111111111011111111111111100000000000
111111111111111111111111111111111111111111111111111111111111111111111111111111111111111111111111111111111111000000000001111111000000001111111000000000000111111111100000000001111100000000000011111111101111110000000000000111110111111111111110000000000001111111111000000000000100000000000000011111111111
111111111111111111111111111111111111111111111111111111111111111111111111111111111111111111111111111100000000001111111000000000000000000000000001111111100000000000000001111000000000000000000000000000000000000000111000000000000000000000000000000111100000000000000000000000000000000000000000000000000000
111111111111111111111111111111111111111111111111111111111111111111111111111111111111111111111111111111111111110000000111111111111111111111111110000000011111111111111110000111111111111111111111111111111111111111000111111111111111111111111111111000011111111111111111111111111111111111111111111111111111
111111111111111111111111111111111111111111111111111111111111111111111111111111111111111111111111111100000000000001110000000000000000000000000000000000000000000000000000000000000000000000000000000000000000000000000000000000000000000000000000000000000000000000000000000000000000000000000000000000000000
111111111111111111111111111111111111111111111111111111111111111111111111111111111111111111111111111111111111111110001111111111111111111111111111111111111111111111111111111111111111111111111111111111111111111111111111111111111111111111111111111111111111111111111111111111111111111111111111111111111111
111111111111111111111111111111111111111111111111111111111111111111111111111111111111111111111111111100000000000000000000000000000000000000000000000000000000000000000000000000000000000000000000000000000000000000000000000000000000000000000000000000000000000000000000000000000000000000000000000000000000
111111111111111111111111111111111111111111111111111111111111111111111111111111111111111111111111111111111111111111111111111111111111111111111111111111111111111111111111111111111111111111111111111111111111111111111111111111111111111111111111111111111111111111111111111111111111111111111111111111111111
111111111111111111111111111111111111111111111111111111111111111111111111111111111111111111111111111100000000000000000000000000000000000000000000000000000000000000000000000000000000000000000000000000000000000000000000000000000000000000000000000000000000000000000000000000000000000000000000000000000000
111111111111111111111111111111111111111111111111111111111111111111111111111111111111111111111111111111111111111111111111111111111111111111111111111111111111111111111111111111111111111111111111111111111111111111111111111111111111111111111111111111111111111111111111111111111111111111111111111111111111
000000000000000000000000000000000000000000000000000000000000000000000000000000000000000000000000000000000000000000000000000000000000000000000000000000000000000000000000000000000000000000000000000000000000000000000000000000000000000000000000000000000000000000000000000000000000000000000000000000000000
000000000000000000000000000000000000000000000000000000000000000000000000000000000000000000000000000000000000000000000000000000000000000000000000000000000000000000000000000000000000000000000000000000000000000000000000000000000000000000000000000000000000000000000000000000000000000000000000000000000000
000000000000000000000000000000000000000000000000000000000000000000000000000000000000000000000000000000000000000000000000000000000000000000000000000000000000000000000000000000000000000000000000000000000000000000000000000000000000000000000000000000000000000000000000000000000000000000000000000000000000
000000000000000000000000000000000000000000000000000000000000000000000000000000000000000000000000000000000000000000000000000000000000000000000000000000000000000000000000000000000000000000000000000000000000000000000000000000000000000000000000000000000000000000000000000000000000000000000000000000000000
000000000000000000000000000000000000000000000000000000000000000000000000000000000000000000000000000000000000000000000000000000000000000000000000000000000000000000000000000000000000000000000000000000000000000000000000000000000000000000000000000000000000000000000000000000000000000000000000000000000000
000000000000000000000000000000000000000000000000000000000000000000000000000000000000000000000000000000000000000000000000000000000000000000000000000000000000000000000000000000000000000000000000000000000000000000000000000000000000000000000000000000000000000000000000000000000000000000000000000000000000
000000000000000000000000000000000000000000000000000000000000000000000000000000000000000000000000000000000000000000000000000000000000000000000000000000000000000000000000000000000000000000000000000000000000000000000000000000000000000000000000000000000000000000000000000000000000000000000000000000000000
000000000000000000000000000000000000000000000000000000000000000000000000000000000000000000000000000000000000000000000000000000000000000000000000000000000000000000000000000000000000000000000000000000000000000000000000000000000000000000000000000000000000000000000000000000000000000000000000000000000000
000000000000000000000000000000000000000000000000000000000000000000000000000000000000000000000000000000000000000000000000000000000000000000000000000000000000000000000000000000000000000000000000000000000000000000000000000000000000000000000000000000000000000000000000000000000000000000000000000000000000
000000000000000000000000000000000000000000000000000000000000000000000000000000000000000000000000000000000000000000000000000000000000000000000000000000000000000000000000000000000000000000000000000000000000000000000000000000000000000000000000000000000000000000000000000000000000000000000000000000000000
111111111111111111111111111111111111111111111111111111111111111111111111111111111111111111111111111111111111111111111111111111111111111111111111111111111111111111111111111111111111111111111111111111111111111111111111111111111111111111111111111111111111111111111111111111111111111111111111111111111111
111111111111111111111111111111111111111111111111111111111111111111111111111111111111111111111111111100000000000000000000000000000000000000000000000000000000000000000000000000000000000000000000000000000000000000000000000000000000000000000000000000000000000000000000000000000000000000000000000000000000
111111111111111111111111111111111111111111111111111111111111111111111111111111111111111111111111111111111111111111111111111111111111111111111111111111111111111111111111111111111111111111111111111111111111111111111111111111111111111111111111111111111111111111111111111111111111111111111111111111111111
111111111111111111111111111111111111111111111111111111111111111111111111111111111111111111111111111100000000000000000000000000000000000000000000000000000000000000000000000000000000000000000000000000000000000000000000000000000000000000000000000000000000000000000000000000000000000000000000000000000000
111111111111111111111111111111111111111111111111111111111111111111111111111111111111111111111111111111111111111111111111111000111111111111111111111111111111111111111111111111111111111111111111111111111111111111111111111111111111111111111111111111111111111111111111111111111111111111111111111111111111
111111111111111111111111111111111111111111111111111111111111111111111111111111111111111111111111111100000000000000000000000111000000000000000000000000000000000000000000000000000000000000000000000000000000000000000000000000000000000000000000000000000000000000000000000000000000000000000000000000000000
111111111111111111111111111111111111111111111111111111111111111111111111111111111111111111111111111111111111111111111111000000011111111111111111111111111000000001111111111111111000011111111111111111111111111111111111111100011111111111111111111111111111100001111111111111111111111111111111111111111111
111111111111111111111111111111111111111111111111111111111111111111111111111111111111111111111111111100000000000000000000111111100000000000000000000000000111111110000000000000000111100000000000000000000000000000000000000011100000000000000000000000000000011110000000000000000000000000000000000000000000
111111111111111111111111111111111111111111111111111111111111111111111111111111111111111111111111111100000000001111111100000000000111111100000000111111100000000000011111111110000000000111110000000000000000011111111111000000000000011111011111111111111000000000000111111111100000000000010000000000000001
111111111111111111111111111111111111111111111111111111111111111111111111111111111111111111111111111111111111110000000011111111111000000011111111000000011111111111100000000001111111111000001111111111111111100000000000111111111111100000100000000000000111111111111000000000011111111111101111111111111110
111111111111111111111111111111111111111111111111111111111111111111111111111111111111111111111111111100000000001111111100000000000111111100000000111111100000000000011111111110000000000111110000000000000000011111111111000000000000011111011111111111111000000000000111111111100000000000010000000000000001
111111111111111111111111111111111111111111111111111111111111111111111111111111111111111111111111111111111111110000000011111000111000000011111111000000011111111111100000000001111111111000001111111111111111100000000000111111111111100000100000000000000111111111111000000000011111111111101111111111111110
111111111111111111111111111111111111111111111111111111111111111111111111111111111111111111111111111100000000001111111100000111000111111100000000111111100000000000011111111110000000000111110000000000000000011111111111000000000000011111011111111111111000000000000111111111100000000000010000000000000001
111111111111111111111111111111111111111111111111111111111111111111111111111111111111111111111111111111111111110000000011111000111000000011111111000000011111111111100000000001111111111000001111111111111111100000000000111111111111100000100000000000000111111111111000000000011111111111101111111111111110
111111111111111111111111111111111111111111111111111111111111111111111111111111111111111111111111111100000000001111111100000111000111111100000000111111100000000000011111111110000000000111110000000000000000011111111111000000000000011111011111111111111000000000000111111111100000000000010000000000000001
111111111111111111111111111111111111111111111111111111111111111111111111111111111111111111111111111111111111110000000011000000011000000011111111000000011000000001100000000001111000011000001111111111111111100000000000111100011111100000100000000000000111100001111000000000011111111111101111111111111110
111111111111111111111111111111111111111111111111111111111111111111111111111111111111111111111111111100000000001111111100111111100111111100000000111111100111111110011111111110000111100111110000000000000000011111111111000011100000011111011111111111111000011110000111111111100000000000010000000000000001
111111111111111111111111111111111111111111111111111111111111111111111111111111111111111111111111111111111111110000000011000000011000000011111111000000011000000001100000000001111000011000001111111111111111100000000000111100011111100000100000000000000111100001111000000000011111111111101111111111111110
111111111111111111111111111111111111111111111111111111111111111111111111111111111111111111111111111100000000001111111100111000100111111100000000111111100111111110011111111110000111100111110000000000000000011111111111000011100000011111011111111111111000011110000111111111100000000000010000000000000001
111111111111111111111111111111111111111111111111111111111111111111111111111111111111111111111111111111111111110000000011000111011000000011111111000000011000000001100000000001111000011000001111111111111111100000000000111100011111100000100000000000000111100001111000000000011111111111101111111111111110
111111111111111111111111111111111111111111111111111111111111111111111111111111111111111111111111111100000000001111111100111000100111111100000000111111100111111110011111111110000111100111110000000000000000011111111111000011100000011111011111111111111000011110000111111111100000000000010000000000000001
111111111111111111111111111111111111111111111111111111111111111111111111111111111111111111111111111111111111110000000011000111011000000011111111000000011000000001100000000001111000011000001111111111111111100000000000111100011111100000100000000000000111100001111000000000011111111111101111111111111110
111111111111111111111111111111111111111111111111111111111111111111111111111111111111111111111111111100000000001111111100111000100111111100000000111111100111111110011111111110000111100111110000000000000000011111111111000011100000011111011111111111111000011110000111111111100000000000010000000000000001
111111111111111111111111111111111111111111111111111111111111111111111111111111111111111111111111111111111111110000000011000111011000000011111111000000011000000001100000000001111000011000001111111111111111100000000000111100011111100000100000000000000111100001111000000000011111111111101111111111111110
111111111111111111111111111111111111111111111111111111111111111111111111111111111111111111111111111100000000001111111100111000100111111100000000111111100111111110011111111110000111100111110000000000000000011111111111000011100000011111011111111111111000011110000111111111100000000000010000000000000001
111111111111111111111111111111111111111111111111111111111111111111111111111111111111111111111111111100000000000011110000000000000011110000000000001110000000000000000111110000000000000000000000000000000000000000000000000000000000000000000000000000000000000000000000000000000000000000000000000000000000
111111111111111111111111111111111111111111111111111111111111111111111111111111111111111111111111111111111111110000000011000111011000000011111111000000011000000001100000000001111000011000001111111111111111100000000000111100011111100000100000000000000111100001111000000000011111111111101111111111111110
111111111111111111111111111111111111111111111111111111111111111111111111111111111111111111111111111100000000001111111100111000100111111100000000111111100111111110011111111110000111100111110000000000000000011111111111000011100000011111011111111111111000011110000111111111100000000000010000000000000001
111111111111111111111111111111111111111111111111111111111111111111111111111111111111111111111111111111111111110000000011000111011000000011111111000000011000000001100000000001111000011000001111111111111111100000000000111100011111100000100000000000000111100001111000000000011111111111101111111111111110
111111111111111111111111111111111111111111111111111111111111111111111111111111111111111111111111111100000000001111111100111000100111111100000000111111100111111110011111111110000111100111110000000000000000011111111111000011100000011111011111111111111000011110000111111111100000000000010000000000000001
111111111111111111111111111111111111111111111111111111111111111111111111111111111111111111111111111111111111110000000011000111011000000011111111000000011000000001100000000001111000011000001111111111111111100000000000111100011111100000100000000000000111100001111000000000011111111111101111111111111110
111111111111111111111111111111111111111111111111111111111111111111111111111111111111111111111111111100000000001111111100111000100111111100000000111111100111111110011111111110000111100111110000000000000000011111111111000011100000011111011111111111111000011110000111111111100000000000010000000000000001
111111111111111111111111111111111111111111111111111111111111111111111111111111111111111111111111111111111111110000000011000000011000000011111111000000011000000001100000000001111000011000001111111111111111100000000000111100011111100000100000000000000111100001111000000000011111111111101111111111111110
111111111111111111111111111111111111111111111111111111111111111111111111111111111111111111111111111100000000001111111100111111100111111100000000111111100111111110011111111110000111100111110000000000000000011111111111000011100000011111011111111111111000011110000111111111100000000000010000000000000001
111111111111111111111111111111111111111111111111111111111111111111111111111111111111111111111111111111111111110000000011000000011000000011111111000000011000000001100000000001111000011000001111111111111111100000000000111100011111100000100000000000000111100001111000000000011111111111101111111111111110
111111111111111111111111111111111111111111111111111111111111111111111111111111111111111111111111111100000000001111111100000111000111111100000000111111100000000000011111111110000000000111110000000000000000011111111111000000000000011111011111111111111000000000000111111111100000000000010000000000000001
111111111111111111111111111111111111111111111111111111111111111111111111111111111111111111111111111111111111110000000011111000111000000011111111000000011111111111100000000001111111111000001111111111111111100000000000111111111111100000100000000000000111111111111000000000011111111111101111111111111110
111111111111111111111111111111111111111111111111111111111111111111111111111111111111111111111111111100000000001111111100000111000111111100000000111111100000000000011111111110000000000111110000000000000000011111111111000000000000011111011111111111111000000000000111111111100000000000010000000000000001
111111111111111111111111111111111111111111111111111111111111111111111111111111111111111111111111111111111111110000000011111000111000000011111111000000011111111111100000000001111111111000001111111111111111100000000000111111111111100000100000000000000111111111111000000000011111111111101111111111111110
111111111111111111111111111111111111111111111111111111111111111111111111111111111111111111111111111100000000001111111100000000000111111100000000111111100000000000011111111110000000000111110000000000000000011111111111000000000000011111011111111111111000000000000111111111100000000000010000000000000001
111111111111111111111111111111111111111111111111111111111111111111111111111111111111111111111111111111111111110000000011111111111000000011111111000000011111111111100000000001111111111000001111111111111111100000000000111111111111100000100000000000000111111111111000000000011111111111101111111111111110
111111111111111111111111111111111111111111111111111111111111111111111111111111111111111111111111111100000000001111111100000000000111111100000000111111100000000000011111111110000000000111110000000000000000011111111111000000000000011111011111111111111000000000000111111111100000000000010000000000000001
111111111111111111111111111111111111111111111111111111111111111111111111111111111111111111111111111100000000000000000000111111100000000000000000000000000111111110000000000000000111100000000000000000000000000000000000000011100000000000000000000000000000011110000000000000000000000000000000000000000000
111111111111111111111111111111111111111111111111111111111111111111111111111111111111111111111111111111111111111111111111000000011111111111111111111111111000000001111111111111111000011111111111111111111111111111111111111100011111111111111111111111111111100001111111111111111111111111111111111111111111
111111111111111111111111111111111111111111111111111111111111111111111111111111111111111111111111111100000000000000000000000111000000000000000000000000000000000000000000000000000000000000000000000000000000000000000000000000000000000000000000000000000000000000000000000000000000000000000000000000000000
111111111111111111111111111111111111111111111111111111111111111111111111111111111111111111111111111111111111111111111111111000111111111111111111111111111111111111111111111111111111111111111111111111111111111111111111111111111111111111111111111111111111111111111111111111111111111111111111111111111111
111111111111111111111111111111111111111111111111111111111111111111111111111111111111111111111111111100000000000000000000000000000000000000000000000000000000000000000000000000000000000000000000000000000000000000000000000000000000000000000000000000000000000000000000000000000000000000000000000000000000
111111111111111111111111111111111111111111111111111111111111111111111111111111111111111111111111111111111111111111111111111111111111111111111111111111111111111111111111111111111111111111111111111111111111111111111111111111111111111111111111111111111111111111111111111111111111111111111111111111111111
111111111111111111111111111111111111111111111111111111111111111111111111111111111111111111111111111100000000000000000000000000000000000000000000000000000000000000000000000000000000000000000000000000000000000000000000000000000000000000000000000000000000000000000000000000000000000000000000000000000000
111111111111111111111111111111111111111111111111111111111111111111111111111111111111111111111111111111111111111111111111111111111111111111111111111111111111111111111111111111111111111111111111111111111111111111111111111111111111111111111111111111111111111111111111111111111111111111111111111111111111
000000000000000000000000000000000000000000000000000000000000000000000000000000000000000000000000000000000000000000000000000000000000000000000000000000000000000000000000000000000000000000000000000000000000000000000000000000000000000000000000000000000000000000000000000000000000000000000000000000000000
000000000000000000000000000000000000000000000000000000000000000000000000000000000000000000000000000000000000000000000000000000000000000000000000000000000000000000000000000000000000000000000000000000000000000000000000000000000000000000000000000000000000000000000000000000000000000000000000000000000000
000000000000000000000000000000000000000000000000000000000000000000000000000000000000000000000000000000000000000000000000000000000000000000000000000000000000000000000000000000000000000000000000000000000000000000000000000000000000000000000000000000000000000000000000000000000000000000000000000000000000
000000000000000000000000000000000000000000000000000000000000000000000000000000000000000000000000000000000000000000000000000000000000000000000000000000000000000000000000000000000000000000000000000000000000000000000000000000000000000000000000000000000000000000000000000000000000000000000000000000000000
000000000000000000000000000000000000000000000000000000000000000000000000000000000000000000000000000000000000000000000000000000000000000000000000000000000000000000000000000000000000000000000000000000000000000000000000000000000000000000000000000000000000000000000000000000000000000000000000000000000000
000000000000000000000000000000000000000000000000000000000000000000000000000000000000000000000000000000000000000000000000000000000000000000000000000000000000000000000000000000000000000000000000000000000000000000000000000000000000000000000000000000000000000000000000000000000000000000000000000000000000
000000000000000000000000000000000000000000000000000000000000000000000000000000000000000000000000000000000000000000000000000000000000000000000000000000000000000000000000000000000000000000000000000000000000000000000000000000000000000000000000000000000000000000000000000000000000000000000000000000000000
000000000000000000000000000000000000000000000000000000000000000000000000000000000000000000000000000000000000000000000000000000000000000000000000000000000000000000000000000000000000000000000000000000000000000000000000000000000000000000000000000000000000000000000000000000000000000000000000000000000000
000000000000000000000000000000000000000000000000000000000000000000000000000000000000000000000000000000000000000000000000000000000000000000000000000000000000000000000000000000000000000000000000000000000000000000000000000000000000000000000000000000000000000000000000000000000000000000000000000000000000
000000000000000000000000000000000000000000000000000000000000000000000000000000000000000000000000000000000000000000000000000000000000000000000000000000000000000000000000000000000000000000000000000000000000000000000000000000000000000000000000000000000000000000000000000000000000000000000000000000000000
111111111111111111111111111111111111111111111111111111111111111111111111111111111111111111111111111111111111111111111111111111111111111111111111111111111111111111111111111111111111111111111111111111111111111111111111111111111111111111111111111111111111111111111111111111111111111111111111111111111111
111111111111111111111111111111111111111111111111111111111111111111111111111111111111111111111111111100000000000000000000000000000000000000000000000000000000000000000000000000000000000000000000000000000000000000000000000000000000000000000000000000000000000000000000000000000000000000000000000000000000
111111111111111111111111111111111111111111111111111111111111111111111111111111111111111111111111111111111111111111111111111111111111111111111111111111111111111111111111111111111111111111111111111111111111111111111111111111111111111111111111111111111111111111111111111111111111111111111111111111111111
111111111111111111111111111111111111111111111111111111111111111111111111111111111111111111111111111100000000000000000000000000000000000000000000000000000000000000000000000000000000000000000000000000000000000000000000000000000000000000000000000000000000000000000000000000000000000000000000000000000000
111111111111111111111111111111111111111111111111111111111111111111111111111111111111111111111111111111111111111111111111111111111111100011111111111111111111111111111111111111111111111111111111111111111111111111111111111111111111111111111111111111111111111111111111111111111111111111111111111111111111
111111111111111111111111111111111111111111111111111111111111111111111111111111111111111111111111111100000000000000000000000000000000011100000000000000000000000000000000000000000000000000000000000000000000000000000000000000000000000000000000000000000000000000000000000000000000000000000000000000000000
111111111111111111111111111111111111111111111111111111111111111111111111111111111111111111111111111111111111111111111111111111111100000001111111111111111111111111100000000111111111111111100001111111111111111111111111111111111111110001111111111111111111111111111110000111111111111111111111111111111111
111111111111111111111111111111111111111111111111111111111111111111111111111111111111111111111111111100000000000000000000000000000011111110000000000000000000000000011111111000000000000000011110000000000000000000000000000000000000001110000000000000000000000000000001111000000000000000000000000000000000
111111111111111111111111111111111111111111111111111111111111111111111111111111111111111111111111111100111111100000000000111111110000000000011111110000000011111110000000000001111111111000000000011111001111111000000001111111111100000000000001111101111111111111100000000000011111111110000000000001000000
111111111111111111111111111111111111111111111111111111111111111111111111111111111111111111111111111111000000011111111111000000001111111111100000001111111100000001111111111110000000000111111111100000110000000111111110000000000011111111111110000010000000000000011111111111100000000001111111111110111111
111111111111111111111111111111111111111111111111111111111111111111111111111111111111111111111111111100111111100000000000111111110000000000011111110000000011111110000000000001111111111000000000011111001111111000000001111111111100000000000001111101111111111111100000000000011111111110000000000001000000
111111111111111111111111111111111111111111111111111111111111111111111111111111111111111111111111111111000000011111111111000000001111100011100000001111111100000001111111111110000000000111111111100000110000000111111110000000000011111111111110000010000000000000011111111111100000000001111111111110111111
111111111111111111111111111111111111111111111111111111111111111111111111111111111111111111111111111100111111100000000000111111110000011100011111110000000011111110000000000001111111111000000000011111001111111000000001111111111100000000000001111101111111111111100000000000011111111110000000000001000000
111111111111111111111111111111111111111111111111111111111111111111111111111111111111111111111111111111000000011111111111000000001111100011100000001111111100000001111111111110000000000111111111100000110000000111111110000000000011111111111110000010000000000000011111111111100000000001111111111110111111
111111111111111111111111111111111111111111111111111111111111111111111111111111111111111111111111111100111111100000000000111111110000011100011111110000000011111110000000000001111111111000000000011111001111111000000001111111111100000000000001111101111111111111100000000000011111111110000000000001000000
111111111111111111111111111111111111111111111111111111111111111111111111111111111111111111111111111111000000011111111111000000001100000001100000001111111100000001100000000110000000000111100001100000110000000111111110000000000011110001111110000010000000000000011110000111100000000001111111111110111111
111111111111111111111111111111111111111111111111111111111111111111111111111111111111111111111111111100111111100000000000111111110011111110011111110000000011111110011111111001111111111000011110011111001111111000000001111111111100001110000001111101111111111111100001111000011111111110000000000001000000
111111111111111111111111111111111111111111111111111111111111111111111111111111111111111111111111111111000000011111111111000000001100000001100000001111111100000001100000000110000000000111100001100000110000000111111110000000000011110001111110000010000000000000011110000111100000000001111111111110111111
111111111111111111111111111111111111111111111111111111111111111111111111111111111111111111111111111100111111100000000000111111110011100010011111110000000011111110011111111001111111111000011110011111001111111000000001111111111100001110000001111101111111111111100001111000011111111110000000000001000000
111111111111111111111111111111111111111111111111111111111111111111111111111111111111111111111111111111000000011111111111000000001100011101100000001111111100000001100000000110000000000111100001100000110000000111111110000000000011110001111110000010000000000000011110000111100000000001111111111110111111
111111111111111111111111111111111111111111111111111111111111111111111111111111111111111111111111111100111111100000000000111111110011100010011111110000000011111110011111111001111111111000011110011111001111111000000001111111111100001110000001111101111111111111100001111000011111111110000000000001000000
111111111111111111111111111111111111111111111111111111111111111111111111111111111111111111111111111111000000011111111111000000001100011101100000001111111100000001100000000110000000000111100001100000110000000111111110000000000011110001111110000010000000000000011110000111100000000001111111111110111111
111111111111111111111111111111111111111111111111111111111111111111111111111111111111111111111111111100111111100000000000111111110011100010011111110000000011111110011111111001111111111000011110011111001111111000000001111111111100001110000001111101111111111111100001111000011111111110000000000001000000
111111111111111111111111111111111111111111111111111111111111111111111111111111111111111111111111111111000000011111111111000000001100011101100000001111111100000001100000000110000000000111100001100000110000000111111110000000000011110001111110000010000000000000011110000111100000000001111111111110111111
111111111111111111111111111111111111111111111111111111111111111111111111111111111111111111111111111100111111100000000000111111110011100010011111110000000011111110011111111001111111111000011110011111001111111000000001111111111100001110000001111101111111111111100001111000011111111110000000000001000000
111111111111111111111111111111111111111111111111111111111111111111111111111111111111111111111111111100011110000000000000001111000000000000001111000000000000111000000000000000011111000000000000000000000000000000000000000000000000000000000000000000000000000000000000000000000000000000000000000000000000
111111111111111111111111111111111111111111111111111111111111111111111111111111111111111111111111111111000000011111111111000000001100011101100000001111111100000001100000000110000000000111100001100000110000000111111110000000000011110001111110000010000000000000011110000111100000000001111111111110111111
111111111111111111111111111111111111111111111111111111111111111111111111111111111111111111111111111100111111100000000000111111110011100010011111110000000011111110011111111001111111111000011110011111001111111000000001111111111100001110000001111101111111111111100001111000011111111110000000000001000000
111111111111111111111111111111111111111111111111111111111111111111111111111111111111111111111111111111000000011111111111000000001100011101100000001111111100000001100000000110000000000111100001100000110000000111111110000000000011110001111110000010000000000000011110000111100000000001111111111110111111
111111111111111111111111111111111111111111111111111111111111111111111111111111111111111111111111111100111111100000000000111111110011100010011111110000000011111110011111111001111111111000011110011111001111111000000001111111111100001110000001111101111111111111100001111000011111111110000000000001000000
111111111111111111111111111111111111111111111111111111111111111111111111111111111111111111111111111111000000011111111111000000001100011101100000001111111100000001100000000110000000000111100001100000110000000111111110000000000011110001111110000010000000000000011110000111100000000001111111111110111111
111111111111111111111111111111111111111111111111111111111111111111111111111111111111111111111111111100111111100000000000111111110011100010011111110000000011111110011111111001111111111000011110011111001111111000000001111111111100001110000001111101111111111111100001111000011111111110000000000001000000
111111111111111111111111111111111111111111111111111111111111111111111111111111111111111111111111111111000000011111111111000000001100000001100000001111111100000001100000000110000000000111100001100000110000000111111110000000000011110001111110000010000000000000011110000111100000000001111111111110111111
111111111111111111111111111111111111111111111111111111111111111111111111111111111111111111111111111100111111100000000000111111110011111110011111110000000011111110011111111001111111111000011110011111001111111000000001111111111100001110000001111101111111111111100001111000011111111110000000000001000000
111111111111111111111111111111111111111111111111111111111111111111111111111111111111111111111111111111000000011111111111000000001100000001100000001111111100000001100000000110000000000111100001100000110000000111111110000000000011110001111110000010000000000000011110000111100000000001111111111110111111
111111111111111111111111111111111111111111111111111111111111111111111111111111111111111111111111111100111111100000000000111111110000011100011111110000000011111110000000000001111111111000000000011111001111111000000001111111111100000000000001111101111111111111100000000000011111111110000000000001000000
111111111111111111111111111111111111111111111111111111111111111111111111111111111111111111111111111111000000011111111111000000001111100011100000001111111100000001111111111110000000000111111111100000110000000111111110000000000011111111111110000010000000000000011111111111100000000001111111111110111111
111111111111111111111111111111111111111111111111111111111111111111111111111111111111111111111111111100111111100000000000111111110000011100011111110000000011111110000000000001111111111000000000011111001111111000000001111111111100000000000001111101111111111111100000000000011111111110000000000001000000
111111111111111111111111111111111111111111111111111111111111111111111111111111111111111111111111111111000000011111111111000000001111100011100000001111111100000001111111111110000000000111111111100000110000000111111110000000000011111111111110000010000000000000011111111111100000000001111111111110111111
111111111111111111111111111111111111111111111111111111111111111111111111111111111111111111111111111100111111100000000000111111110000000000011111110000000011111110000000000001111111111000000000011111001111111000000001111111111100000000000001111101111111111111100000000000011111111110000000000001000000
111111111111111111111111111111111111111111111111111111111111111111111111111111111111111111111111111111000000011111111111000000001111111111100000001111111100000001111111111110000000000111111111100000110000000111111110000000000011111111111110000010000000000000011111111111100000000001111111111110111111
111111111111111111111111111111111111111111111111111111111111111111111111111111111111111111111111111100111111100000000000111111110000000000011111110000000011111110000000000001111111111000000000011111001111111000000001111111111100000000000001111101111111111111100000000000011111111110000000000001000000
111111111111111111111111111111111111111111111111111111111111111111111111111111111111111111111111111100000000000000000000000000000011111110000000000000000000000000011111111000000000000000011110000000000000000000000000000000000000001110000000000000000000000000000001111000000000000000000000000000000000
111111111111111111111111111111111111111111111111111111111111111111111111111111111111111111111111111111111111111111111111111111111100000001111111111111111111111111100000000111111111111111100001111111111111111111111111111111111111110001111111111111111111111111111110000111111111111111111111111111111111
111111111111111111111111111111111111111111111111111111111111111111111111111111111111111111111111111100000000000000000000000000000000011100000000000000000000000000000000000000000000000000000000000000000000000000000000000000000000000000000000000000000000000000000000000000000000000000000000000000000000
111111111111111111111111111111111111111111111111111111111111111111111111111111111111111111111111111111111111111111111111111111111111100011111111111111111111111111111111111111111111111111111111111111111111111111111111111111111111111111111111111111111111111111111111111111111111111111111111111111111111
111111111111111111111111111111111111111111111111111111111111111111111111111111111111111111111111111100000000000000000000000000000000000000000000000000000000000000000000000000000000000000000000000000000000000000000000000000000000000000000000000000000000000000000000000000000000000000000000000000000000
111111111111111111111111111111111111111111111111111111111111111111111111111111111111111111111111111111111111111111111111111111111111111111111111111111111111111111111111111111111111111111111111111111111111111111111111111111111111111111111111111111111111111111111111111111111111111111111111111111111111
111111111111111111111111111111111111111111111111111111111111111111111111111111111111111111111111111100000000000000000000000000000000000000000000000000000000000000000000000000000000000000000000000000000000000000000000000000000000000000000000000000000000000000000000000000000000000000000000000000000000
111111111111111111111111111111111111111111111111111111111111111111111111111111111111111111111111111111111111111111111111111111111111111111111111111111111111111111111111111111111111111111111111111111111111111111111111111111111111111111111111111111111111111111111111111111111111111111111111111111111111
000000000000000000000000000000000000000000000000000000000000000000000000000000000000000000000000000000000000000000000000000000000000000000000000000000000000000000000000000000000000000000000000000000000000000000000000000000000000000000000000000000000000000000000000000000000000000000000000000000000000
000000000000000000000000000000000000000000000000000000000000000000000000000000000000000000000000000000000000000000000000000000000000000000000000000000000000000000000000000000000000000000000000000000000000000000000000000000000000000000000000000000000000000000000000000000000000000000000000000000000000
000000000000000000000000000000000000000000000000000000000000000000000000000000000000000000000000000000000000000000000000000000000000000000000000000000000000000000000000000000000000000000000000000000000000000000000000000000000000000000000000000000000000000000000000000000000000000000000000000000000000
000000000000000000000000000000000000000000000000000000000000000000000000000000000000000000000000000000000000000000000000000000000000000000000000000000000000000000000000000000000000000000000000000000000000000000000000000000000000000000000000000000000000000000000000000000000000000000000000000000000000
000000000000000000000000000000000000000000000000000000000000000000000000000000000000000000000000000000000000000000000000000000000000000000000000000000000000000000000000000000000000000000000000000000000000000000000000000000000000000000000000000000000000000000000000000000000000000000000000000000000000
000000000000000000000000000000000000000000000000000000000000000000000000000000000000000000000000000000000000000000000000000000000000000000000000000000000000000000000000000000000000000000000000000000000000000000000000000000000000000000000000000000000000000000000000000000000000000000000000000000000000
000000000000000000000000000000000000000000000000000000000000000000000000000000000000000000000000000000000000000000000000000000000000000000000000000000000000000000000000000000000000000000000000000000000000000000000000000000000000000000000000000000000000000000000000000000000000000000000000000000000000
000000000000000000000000000000000000000000000000000000000000000000000000000000000000000000000000000000000000000000000000000000000000000000000000000000000000000000000000000000000000000000000000000000000000000000000000000000000000000000000000000000000000000000000000000000000000000000000000000000000000
000000000000000000000000000000000000000000000000000000000000000000000000000000000000000000000000000000000000000000000000000000000000000000000000000000000000000000000000000000000000000000000000000000000000000000000000000000000000000000000000000000000000000000000000000000000000000000000000000000000000
000000000000000000000000000000000000000000000000000000000000000000000000000000000000000000000000000000000000000000000000000000000000000000000000000000000000000000000000000000000000000000000000000000000000000000000000000000000000000000000000000000000000000000000000000000000000000000000000000000000000
111111111111111111111111111111111111111111111111111111111111111111111111111111111111111111111111111111111111111111111111111111111111111111111111111111111111111111111111111111111111111111111111111111111111111111111111111111111111111111111111111111111111111111111111111111111111111111111111111111111111
111111111111111111111111111111111111111111111111111111111111111111111111111111111111111111111111111100000000000000000000000000000000000000000000000000000000000000000000000000000000000000000000000000000000000000000000000000000000000000000000000000000000000000000000000000000000000000000000000000000000
111111111111111111111111111111111111111111111111111111111111111111111111111111111111111111111111111111111111111111111111111111111111111111111111111111111111111111111111111111111111111111111111111111111111111111111111111111111111111111111111111111111111111111111111111111111111111111111111111111111111
111111111111111111111111111111111111111111111111111111111111111111111111111111111111111111111111111100000000000000000000000000000000000000000000000000000000000000000000000000000000000000000000000000000000000000000000000000000000000000000000000000000000000000000000000000000000000000000000000000000000
111111111111111111111111111111111111111111111111111111111111111111111111111111111111111111111111111111111111111111111111111111111111111111111110001111111111111111111111111111111111111111111111111111111111111111111111111111111111111111111111111111111111111111111111111111111111111111111111111111111111
111111111111111111111111111111111111111111111111111111111111111111111111111111111111111111111111111100000000000000000000000000000000000000000001110000000000000000000000000000000000000000000000000000000000000000000000000000000000000000000000000000000000000000000000000000000000000000000000000000000000
111111111111111111111111111111111111111111111111111111111111111111111111111111111111111111111111111111000000001111111111111111111111111111110000000111111111111111111111111110000000011111111111111110001111111111111111111111111111111111111111000111111111111111111111111111111000011111111111111111111111
111111111111111111111111111111111111111111111111111111111111111111111111111111111111111111111111111100111111110000000000000000000000000000001111111000000000000000000000000001111111100000000000000001110000000000000000000000000000000000000000111000000000000000000000000000000111100000000000000000000000
111111111111111111111111111111111111111111111111111111111111111111111111111111111111111111111111111100000000000011111110000000000011111111000000000001111111000000001111111000000000000111111111100000000000000001111111100000000111111111110000000000000111110111111111111110000000000001111111111000000000
111111111111111111111111111111111111111111111111111111111111111111111111111111111111111111111111111111111111111100000001111111111100000000111111111110000000111111110000000111111111111000000000011111111111111110000000011111111000000000001111111111111000001000000000000001111111111110000000000111111111
111111111111111111111111111111111111111111111111111111111111111111111111111111111111111111111111111100000000000011111110000000000011111111000000000001111111000000001111111000000000000111111111100000000000000001111111100000000111111111110000000000000111110111111111111110000000000001111111111000000000
111111111111111111111111111111111111111111111111111111111111111111111111111111111111111111111111111111111111111100000001111111111100000000111110001110000000111111110000000111111111111000000000011111111111111110000000011111111000000000001111111111111000001000000000000001111111111110000000000111111111
111111111111111111111111111111111111111111111111111111111111111111111111111111111111111111111111111100000000000011111110000000000011111111000001110001111111000000001111111000000000000111111111100000000000000001111111100000000111111111110000000000000111110111111111111110000000000001111111111000000000
111111111111111111111111111111111111111111111111111111111111111111111111111111111111111111111111111111111111111100000001111111111100000000111110001110000000111111110000000111111111111000000000011111111111111110000000011111111000000000001111111111111000001000000000000001111111111110000000000111111111
111111111111111111111111111111111111111111111111111111111111111111111111111111111111111111111111111100000000000011111110000000000011111111000001110001111111000000001111111000000000000111111111100000000000000001111111100000000111111111110000000000000111110111111111111110000000000001111111111000000000
111111111111111111111111111111111111111111111111111111111111111111111111111111111111111111111111111111000000001100000001111111111100000000110000000110000000111111110000000110000000011000000000011110001111111110000000011111111000000000001111000111111000001000000000000001111000011110000000000111111111
111111111111111111111111111111111111111111111111111111111111111111111111111111111111111111111111111100111111110011111110000000000011111111001111111001111111000000001111111001111111100111111111100001110000000001111111100000000111111111110000111000000111110111111111111110000111100001111111111000000000
111111111111111111111111111111111111111111111111111111111111111111111111111111111111111111111111111111000000001100000001111111111100000000110000000110000000111111110000000110000000011000000000011110001111111110000000011111111000000000001111000111111000001000000000000001111000011110000000000111111111
111111111111111111111111111111111111111111111111111111111111111111111111111111111111111111111111111100111111110011111110000000000011111111001110001001111111000000001111111001111111100111111111100001110000000001111111100000000111111111110000111000000111110111111111111110000111100001111111111000000000
111111111111111111111111111111111111111111111111111111111111111111111111111111111111111111111111111111000000001100000001111111111100000000110001110110000000111111110000000110000000011000000000011110001111111110000000011111111000000000001111000111111000001000000000000001111000011110000000000111111111
111111111111111111111111111111111111111111111111111111111111111111111111111111111111111111111111111100111111110011111110000000000011111111001110001001111111000000001111111001111111100111111111100001110000000001111111100000000111111111110000111000000111110111111111111110000111100001111111111000000000
111111111111111111111111111111111111111111111111111111111111111111111111111111111111111111111111111111000000001100000001111111111100000000110001110110000000111111110000000110000000011000000000011110001111111110000000011111111000000000001111000111111000001000000000000001111000011110000000000111111111
111111111111111111111111111111111111111111111111111111111111111111111111111111111111111111111111111100111111110011111110000000000011111111001110001001111111000000001111111001111111100111111111100001110000000001111111100000000111111111110000111000000111110111111111111110000111100001111111111000000000
111111111111111111111111111111111111111111111111111111111111111111111111111111111111111111111111111111000000001100000001111111111100000000110001110110000000111111110000000110000000011000000000011110001111111110000000011111111000000000001111000111111000001000000000000001111000011110000000000111111111
111111111111111111111111111111111111111111111111111111111111111111111111111111111111111111111111111100111111110011111110000000000011111111001110001001111111000000001111111001111111100111111111100001110000000001111111100000000111111111110000111000000111110111111111111110000111100001111111111000000000
111111111111111111111111111111111111111111111111111111111111111111111111111111111111111111111111111100000000000001111000000000000000111100000000000000111100000000000011100000000000000001111100000000000000000000000000000000000000000000000000000000000000000000000000000000000000000000000000000000000000
111111111111111111111111111111111111111111111111111111111111111111111111111111111111111111111111111111000000001100000001111111111100000000110001110110000000111111110000000110000000011000000000011110001111111110000000011111111000000000001111000111111000001000000000000001111000011110000000000111111111
111111111111111111111111111111111111111111111111111111111111111111111111111111111111111111111111111100111111110011111110000000000011111111001110001001111111000000001111111001111111100111111111100001110000000001111111100000000111111111110000111000000111110111111111111110000111100001111111111000000000
111111111111111111111111111111111111111111111111111111111111111111111111111111111111111111111111111111000000001100000001111111111100000000110001110110000000111111110000000110000000011000000000011110001111111110000000011111111000000000001111000111111000001000000000000001111000011110000000000111111111
111111111111111111111111111111111111111111111111111111111111111111111111111111111111111111111111111100111111110011111110000000000011111111001110001001111111000000001111111001111111100111111111100001110000000001111111100000000111111111110000111000000111110111111111111110000111100001111111111000000000
111111111111111111111111111111111111111111111111111111111111111111111111111111111111111111111111111111000000001100000001111111111100000000110001110110000000111111110000000110000000011000000000011110001111111110000000011111111000000000001111000111111000001000000000000001111000011110000000000111111111
111111111111111111111111111111111111111111111111111111111111111111111111111111111111111111111111111100111111110011111110000000000011111111001110001001111111000000001111111001111111100111111111100001110000000001111111100000000111111111110000111000000111110111111111111110000111100001111111111000000000
111111111111111111111111111111111111111111111111111111111111111111111111111111111111111111111111111111000000001100000001111111111100000000110000000110000000111111110000000110000000011000000000011110001111111110000000011111111000000000001111000111111000001000000000000001111000011110000000000111111111
111111111111111111111111111111111111111111111111111111111111111111111111111111111111111111111111111100111111110011111110000000000011111111001111111001111111000000001111111001111111100111111111100001110000000001111111100000000111111111110000111000000111110111111111111110000111100001111111111000000000
111111111111111111111111111111111111111111111111111111111111111111111111111111111111111111111111111111000000001100000001111111111100000000110000000110000000111111110000000110000000011000000000011110001111111110000000011111111000000000001111000111111000001000000000000001111000011110000000000111111111
111111111111111111111111111111111111111111111111111111111111111111111111111111111111111111111111111100000000000011111110000000000011111111000001110001111111000000001111111000000000000111111111100000000000000001111111100000000111111111110000000000000111110111111111111110000000000001111111111000000000
111111111111111111111111111111111111111111111111111111111111111111111111111111111111111111111111111111111111111100000001111111111100000000111110001110000000111111110000000111111111111000000000011111111111111110000000011111111000000000001111111111111000001000000000000001111111111110000000000111111111
111111111111111111111111111111111111111111111111111111111111111111111111111111111111111111111111111100000000000011111110000000000011111111000001110001111111000000001111111000000000000111111111100000000000000001111111100000000111111111110000000000000111110111111111111110000000000001111111111000000000
111111111111111111111111111111111111111111111111111111111111111111111111111111111111111111111111111111111111111100000001111111111100000000111110001110000000111111110000000111111111111000000000011111111111111110000000011111111000000000001111111111111000001000000000000001111111111110000000000111111111
111111111111111111111111111111111111111111111111111111111111111111111111111111111111111111111111111100000000000011111110000000000011111111000000000001111111000000001111111000000000000111111111100000000000000001111111100000000111111111110000000000000111110111111111111110000000000001111111111000000000
111111111111111111111111111111111111111111111111111111111111111111111111111111111111111111111111111111111111111100000001111111111100000000111111111110000000111111110000000111111111111000000000011111111111111110000000011111111000000000001111111111111000001000000000000001111111111110000000000111111111
111111111111111111111111111111111111111111111111111111111111111111111111111111111111111111111111111100000000000011111110000000000011111111000000000001111111000000001111111000000000000111111111100000000000000001111111100000000111111111110000000000000111110111111111111110000000000001111111111000000000
111111111111111111111111111111111111111111111111111111111111111111111111111111111111111111111111111100111111110000000000000000000000000000001111111000000000000000000000000001111111100000000000000001110000000000000000000000000000000000000000111000000000000000000000000000000111100000000000000000000000
111111111111111111111111111111111111111111111111111111111111111111111111111111111111111111111111111111000000001111111111111111111111111111110000000111111111111111111111111110000000011111111111111110001111111111111111111111111111111111111111000111111111111111111111111111111000011111111111111111111111
111111111111111111111111111111111111111111111111111111111111111111111111111111111111111111111111111100000000000000000000000000000000000000000001110000000000000000000000000000000000000000000000000000000000000000000000000000000000000000000000000000000000000000000000000000000000000000000000000000000000
111111111111111111111111111111111111111111111111111111111111111111111111111111111111111111111111111111111111111111111111111111111111111111111110001111111111111111111111111111111111111111111111111111111111111111111111111111111111111111111111111111111111111111111111111111111111111111111111111111111111
111111111111111111111111111111111111111111111111111111111111111111111111111111111111111111111111111100000000000000000000000000000000000000000000000000000000000000000000000000000000000000000000000000000000000000000000000000000000000000000000000000000000000000000000000000000000000000000000000000000000
111111111111111111111111111111111111111111111111111111111111111111111111111111111111111111111111111111111111111111111111111111111111111111111111111111111111111111111111111111111111111111111111111111111111111111111111111111111111111111111111111111111111111111111111111111111111111111111111111111111111
111111111111111111111111111111111111111111111111111111111111111111111111111111111111111111111111111100000000000000000000000000000000000000000000000000000000000000000000000000000000000000000000000000000000000000000000000000000000000000000000000000000000000000000000000000000000000000000000000000000000
111111111111111111111111111111111111111111111111111111111111111111111111111111111111111111111111111111111111111111111111111111111111111111111111111111111111111111111111111111111111111111111111111111111111111111111111111111111111111111111111111111111111111111111111111111111111111111111111111111111111
000000000000000000000000000000000000000000000000000000000000000000000000000000000000000000000000000000000000000000000000000000000000000000000000000000000000000000000000000000000000000000000000000000000000000000000000000000000000000000000000000000000000000000000000000000000000000000000000000000000000
000000000000000000000000000000000000000000000000000000000000000000000000000000000000000000000000000000000000000000000000000000000000000000000000000000000000000000000000000000000000000000000000000000000000000000000000000000000000000000000000000000000000000000000000000000000000000000000000000000000000
000000000000000000000000000000000000000000000000000000000000000000000000000000000000000000000000000000000000000000000000000000000000000000000000000000000000000000000000000000000000000000000000000000000000000000000000000000000000000000000000000000000000000000000000000000000000000000000000000000000000
000000000000000000000000000000000000000000000000000000000000000000000000000000000000000000000000000000000000000000000000000000000000000000000000000000000000000000000000000000000000000000000000000000000000000000000000000000000000000000000000000000000000000000000000000000000000000000000000000000000000
000000000000000000000000000000000000000000000000000000000000000000000000000000000000000000000000000000000000000000000000000000000000000000000000000000000000000000000000000000000000000000000000000000000000000000000000000000000000000000000000000000000000000000000000000000000000000000000000000000000000
000000000000000000000000000000000000000000000000000000000000000000000000000000000000000000000000000000000000000000000000000000000000000000000000000000000000000000000000000000000000000000000000000000000000000000000000000000000000000000000000000000000000000000000000000000000000000000000000000000000000
000000000000000000000000000000000000000000000000000000000000000000000000000000000000000000000000000000000000000000000000000000000000000000000000000000000000000000000000000000000000000000000000000000000000000000000000000000000000000000000000000000000000000000000000000000000000000000000000000000000000
000000000000000000000000000000000000000000000000000000000000000000000000000000000000000000000000000000000000000000000000000000000000000000000000000000000000000000000000000000000000000000000000000000000000000000000000000000000000000000000000000000000000000000000000000000000000000000000000000000000000
000000000000000000000000000000000000000000000000000000000000000000000000000000000000000000000000000000000000000000000000000000000000000000000000000000000000000000000000000000000000000000000000000000000000000000000000000000000000000000000000000000000000000000000000000000000000000000000000000000000000
000000000000000000000000000000000000000000000000000000000000000000000000000000000000000000000000000000000000000000000000000000000000000000000000000000000000000000000000000000000000000000000000000000000000000000000000000000000000000000000000000000000000000000000000000000000000000000000000000000000000
111111111111111111111111111111111111111111111111111111111111111111111111111111111111111111111111111111111111111111111111111111111111111111111111111111111111111111111111111111111111111111111111111111111111111111111111111111111111111111111111111111111111111111111111111111111111111111111111111111111111
111111111111111111111111111111111111111111111111111111111111111111111111111111111111111111111111111100000000000000000000000000000000000000000000000000000000000000000000000000000000000000000000000000000000000000000000000000000000000000000000000000000000000000000000000000000000000000000000000000000000
111111111111111111111111111111111111111111111111111111111111111111111111111111111111111111111111111111111111111111111111111111111111111111111111111111111111111111111111111111111111111111111111111111111111111111111111111111111111111111111111111111111111111111111111111111111111111111111111111111111111
111111111111111111111111111111111111111111111111111111111111111111111111111111111111111111111111111100000000000000000000000000000000000000000000000000000000000000000000000000000000000000000000000000000000000000000000000000000000000000000000000000000000000000000000000000000000000000000000000000000000
111111111111111111111111111111111111111111111111111111111111111111111111111111111111111111111111111111111111111111111111111111111111111111111111111111111000111111111111111111111111111111111111111111111111111111111111111111111111111111111111111111111111111111111111111111111111111111111111111111111111
111111111111111111111111111111111111111111111111111111111111111111111111111111111111111111111111111100000000000000000000000000000000000000000000000000000111000000000000000000000000000000000000000000000000000000000000000000000000000000000000000000000000000000000000000000000000000000000000000000000000
111111111111111111111111111111111111111111111111111111111111111111111111111111111111111111111111111111111111111100000000111111111111111111111111111111000000011111111111111111111111111000000001111111111111111111111111111111111111111111111111111111111100011111111111111111111111111111100001111111111111
111111111111111111111111111111111111111111111111111111111111111111111111111111111111111111111111111100000000000011111111000000000000000000000000000000111111100000000000000000000000000111111110000000000000000000000000000000000000000000000000000000000011100000000000000000000000000000011110000000000000
111111111111111111111111111111111111111111111111111111111111111111111111111111111111111111111111111100111111110000000000001111111000000000001111111100000000000111111100000000111111100000000000011111110111111000000000000111111110000000011111111111000000000000011111011111111111111000000000000111111111
111111111111111111111111111111111111111111111111111111111111111111111111111111111111111111111111111111000000001111111111110000000111111111110000000011111111111000000011111111000000011111111111100000001000000111111111111000000001111111100000000000111111111111100000100000000000000111111111111000000000
111111111111111111111111111111111111111111111111111111111111111111111111111111111111111111111111111100111111110000000000001111111000000000001111111100000000000111111100000000111111100000000000011111110111111000000000000111111110000000011111111111000000000000011111011111111111111000000000000111111111
111111111111111111111111111111111111111111111111111111111111111111111111111111111111111111111111111111000000001111111111110000000111111111110000000011111000111000000011111111000000011111111111100000001000000111111111111000000001111111100000000000111111111111100000100000000000000111111111111000000000
111111111111111111111111111111111111111111111111111111111111111111111111111111111111111111111111111100111111110000000000001111111000000000001111111100000111000111111100000000111111100000000000011111110111111000000000000111111110000000011111111111000000000000011111011111111111111000000000000111111111
111111111111111111111111111111111111111111111111111111111111111111111111111111111111111111111111111111000000001111111111110000000111111111110000000011111000111000000011111111000000011111111111100000001000000111111111111000000001111111100000000000111111111111100000100000000000000111111111111000000000
111111111111111111111111111111111111111111111111111111111111111111111111111111111111111111111111111100111111110000000000001111111000000000001111111100000111000111111100000000111111100000000000011111110111111000000000000111111110000000011111111111000000000000011111011111111111111000000000000111111111
111111111111111111111111111111111111111111111111111111111111111111111111111111111111111111111111111111000000001100000000110000000111111111110000000011000000011000000011111111000000011000000001100000001000000111111111111000000001111111100000000000111100011111100000100000000000000111100001111000000000
111111111111111111111111111111111111111111111111111111111111111111111111111111111111111111111111111100111111110011111111001111111000000000001111111100111111100111111100000000111111100111111110011111110111111000000000000111111110000000011111111111000011100000011111011111111111111000011110000111111111
111111111111111111111111111111111111111111111111111111111111111111111111111111111111111111111111111111000000001100000000110000000111111111110000000011000000011000000011111111000000011000000001100000001000000111111111111000000001111111100000000000111100011111100000100000000000000111100001111000000000
111111111111111111111111111111111111111111111111111111111111111111111111111111111111111111111111111100111111110011111111001111111000000000001111111100111000100111111100000000111111100111111110011111110111111000000000000111111110000000011111111111000011100000011111011111111111111000011110000111111111
111111111111111111111111111111111111111111111111111111111111111111111111111111111111111111111111111111000000001100000000110000000111111111110000000011000111011000000011111111000000011000000001100000001000000111111111111000000001111111100000000000111100011111100000100000000000000111100001111000000000
111111111111111111111111111111111111111111111111111111111111111111111111111111111111111111111111111100111111110011111111001111111000000000001111111100111000100111111100000000111111100111111110011111110111111000000000000111111110000000011111111111000011100000011111011111111111111000011110000111111111
111111111111111111111111111111111111111111111111111111111111111111111111111111111111111111111111111111000000001100000000110000000111111111110000000011000111011000000011111111000000011000000001100000001000000111111111111000000001111111100000000000111100011111100000100000000000000111100001111000000000
111111111111111111111111111111111111111111111111111111111111111111111111111111111111111111111111111100111111110011111111001111111000000000001111111100111000100111111100000000111111100111111110011111110111111000000000000111111110000000011111111111000011100000011111011111111111111000011110000111111111
111111111111111111111111111111111111111111111111111111111111111111111111111111111111111111111111111111000000001100000000110000000111111111110000000011000111011000000011111111000000011000000001100000001000000111111111111000000001111111100000000000111100011111100000100000000000000111100001111000000000
111111111111111111111111111111111111111111111111111111111111111111111111111111111111111111111111111100111111110011111111001111111000000000001111111100111000100111111100000000111111100111111110011111110111111000000000000111111110000000011111111111000011100000011111011111111111111000011110000111111111
111111111111111111111111111111111111111111111111111111111111111111111111111111111111111111111111111100001111000000000000000111100000000000000011110000000000000011110000000000001110000000000000000111110000000000000000000000000000000000000000000000000000000000000000000000000000000000000000000000000000
111111111111111111111111111111111111111111111111111111111111111111111111111111111111111111111111111111000000001100000000110000000111111111110000000011000111011000000011111111000000011000000001100000001000000111111111111000000001111111100000000000111100011111100000100000000000000111100001111000000000
111111111111111111111111111111111111111111111111111111111111111111111111111111111111111111111111111100111111110011111111001111111000000000001111111100111000100111111100000000111111100111111110011111110111111000000000000111111110000000011111111111000011100000011111011111111111111000011110000111111111
111111111111111111111111111111111111111111111111111111111111111111111111111111111111111111111111111111000000001100000000110000000111111111110000000011000111011000000011111111000000011000000001100000001000000111111111111000000001111111100000000000111100011111100000100000000000000111100001111000000000
111111111111111111111111111111111111111111111111111111111111111111111111111111111111111111111111111100111111110011111111001111111000000000001111111100111000100111111100000000111111100111111110011111110111111000000000000111111110000000011111111111000011100000011111011111111111111000011110000111111111
111111111111111111111111111111111111111111111111111111111111111111111111111111111111111111111111111111000000001100000000110000000111111111110000000011000111011000000011111111000000011000000001100000001000000111111111111000000001111111100000000000111100011111100000100000000000000111100001111000000000
111111111111111111111111111111111111111111111111111111111111111111111111111111111111111111111111111100111111110011111111001111111000000000001111111100111000100111111100000000111111100111111110011111110111111000000000000111111110000000011111111111000011100000011111011111111111111000011110000111111111
111111111111111111111111111111111111111111111111111111111111111111111111111111111111111111111111111111000000001100000000110000000111111111110000000011000000011000000011111111000000011000000001100000001000000111111111111000000001111111100000000000111100011111100000100000000000000111100001111000000000
111111111111111111111111111111111111111111111111111111111111111111111111111111111111111111111111111100111111110011111111001111111000000000001111111100111111100111111100000000111111100111111110011111110111111000000000000111111110000000011111111111000011100000011111011111111111111000011110000111111111
111111111111111111111111111111111111111111111111111111111111111111111111111111111111111111111111111111000000001100000000110000000111111111110000000011000000011000000011111111000000011000000001100000001000000111111111111000000001111111100000000000111100011111100000100000000000000111100001111000000000
111111111111111111111111111111111111111111111111111111111111111111111111111111111111111111111111111100111111110000000000001111111000000000001111111100000111000111111100000000111111100000000000011111110111111000000000000111111110000000011111111111000000000000011111011111111111111000000000000111111111
111111111111111111111111111111111111111111111111111111111111111111111111111111111111111111111111111111000000001111111111110000000111111111110000000011111000111000000011111111000000011111111111100000001000000111111111111000000001111111100000000000111111111111100000100000000000000111111111111000000000
111111111111111111111111111111111111111111111111111111111111111111111111111111111111111111111111111100111111110000000000001111111000000000001111111100000111000111111100000000111111100000000000011111110111111000000000000111111110000000011111111111000000000000011111011111111111111000000000000111111111
111111111111111111111111111111111111111111111111111111111111111111111111111111111111111111111111111111000000001111111111110000000111111111110000000011111000111000000011111111000000011111111111100000001000000111111111111000000001111111100000000000111111111111100000100000000000000111111111111000000000
111111111111111111111111111111111111111111111111111111111111111111111111111111111111111111111111111100111111110000000000001111111000000000001111111100000000000111111100000000111111100000000000011111110111111000000000000111111110000000011111111111000000000000011111011111111111111000000000000111111111
111111111111111111111111111111111111111111111111111111111111111111111111111111111111111111111111111111000000001111111111110000000111111111110000000011111111111000000011111111000000011111111111100000001000000111111111111000000001111111100000000000111111111111100000100000000000000111111111111000000000
111111111111111111111111111111111111111111111111111111111111111111111111111111111111111111111111111100111111110000000000001111111000000000001111111100000000000111111100000000111111100000000000011111110111111000000000000111111110000000011111111111000000000000011111011111111111111000000000000111111111
111111111111111111111111111111111111111111111111111111111111111111111111111111111111111111111111111100000000000011111111000000000000000000000000000000111111100000000000000000000000000111111110000000000000000000000000000000000000000000000000000000000011100000000000000000000000000000011110000000000000
111111111111111111111111111111111111111111111111111111111111111111111111111111111111111111111111111111111111111100000000111111111111111111111111111111000000011111111111111111111111111000000001111111111111111111111111111111111111111111111111111111111100011111111111111111111111111111100001111111111111
111111111111111111111111111111111111111111111111111111111111111111111111111111111111111111111111111100000000000000000000000000000000000000000000000000000111000000000000000000000000000000000000000000000000000000000000000000000000000000000000000000000000000000000000000000000000000000000000000000000000
111111111111111111111111111111111111111111111111111111111111111111111111111111111111111111111111111111111111111111111111111111111111111111111111111111111000111111111111111111111111111111111111111111111111111111111111111111111111111111111111111111111111111111111111111111111111111111111111111111111111
111111111111111111111111111111111111111111111111111111111111111111111111111111111111111111111111111100000000000000000000000000000000000000000000000000000000000000000000000000000000000000000000000000000000000000000000000000000000000000000000000000000000000000000000000000000000000000000000000000000000
111111111111111111111111111111111111111111111111111111111111111111111111111111111111111111111111111111111111111111111111111111111111111111111111111111111111111111111111111111111111111111111111111111111111111111111111111111111111111111111111111111111111111111111111111111111111111111111111111111111111
111111111111111111111111111111111111111111111111111111111111111111111111111111111111111111111111111100000000000000000000000000000000000000000000000000000000000000000000000000000000000000000000000000000000000000000000000000000000000000000000000000000000000000000000000000000000000000000000000000000000
111111111111111111111111111111111111111111111111111111111111111111111111111111111111111111111111111111111111111111111111111111111111111111111111111111111111111111111111111111111111111111111111111111111111111111111111111111111111111111111111111111111111111111111111111111111111111111111111111111111111
000000000000000000000000000000000000000000000000000000000000000000000000000000000000000000000000000000000000000000000000000000000000000000000000000000000000000000000000000000000000000000000000000000000000000000000000000000000000000000000000000000000000000000000000000000000000000000000000000000000000
000000000000000000000000000000000000000000000000000000000000000000000000000000000000000000000000000000000000000000000000000000000000000000000000000000000000000000000000000000000000000000000000000000000000000000000000000000000000000000000000000000000000000000000000000000000000000000000000000000000000
000000000000000000000000000000000000000000000000000000000000000000000000000000000000000000000000000000000000000000000000000000000000000000000000000000000000000000000000000000000000000000000000000000000000000000000000000000000000000000000000000000000000000000000000000000000000000000000000000000000000
000000000000000000000000000000000000000000000000000000000000000000000000000000000000000000000000000000000000000000000000000000000000000000000000000000000000000000000000000000000000000000000000000000000000000000000000000000000000000000000000000000000000000000000000000000000000000000000000000000000000
000000000000000000000000000000000000000000000000000000000000000000000000000000000000000000000000000000000000000000000000000000000000000000000000000000000000000000000000000000000000000000000000000000000000000000000000000000000000000000000000000000000000000000000000000000000000000000000000000000000000
000000000000000000000000000000000000000000000000000000000000000000000000000000000000000000000000000000000000000000000000000000000000000000000000000000000000000000000000000000000000000000000000000000000000000000000000000000000000000000000000000000000000000000000000000000000000000000000000000000000000
000000000000000000000000000000000000000000000000000000000000000000000000000000000000000000000000000000000000000000000000000000000000000000000000000000000000000000000000000000000000000000000000000000000000000000000000000000000000000000000000000000000000000000000000000000000000000000000000000000000000
000000000000000000000000000000000000000000000000000000000000000000000000000000000000000000000000000000000000000000000000000000000000000000000000000000000000000000000000000000000000000000000000000000000000000000000000000000000000000000000000000000000000000000000000000000000000000000000000000000000000
000000000000000000000000000000000000000000000000000000000000000000000000000000000000000000000000000000000000000000000000000000000000000000000000000000000000000000000000000000000000000000000000000000000000000000000000000000000000000000000000000000000000000000000000000000000000000000000000000000000000
000000000000000000000000000000000000000000000000000000000000000000000000000000000000000000000000000000000000000000000000000000000000000000000000000000000000000000000000000000000000000000000000000000000000000000000000000000000000000000000000000000000000000000000000000000000000000000000000000000000000
111111111111111111111111111111111111111111111111111111111111111111111111111111111111111111111111111111111111111111111111111111111111111111111111111111111111111111111111111111111111111111111111111111111111111111111111111111111111111111111111111111111111111111111111111111111111111111111111111111111111
111111111111111111111111111111111111111111111111111111111111111111111111111111111111111111111111111100000000000000000000000000000000000000000000000000000000000000000000000000000000000000000000000000000000000000000000000000000000000000000000000000000000000000000000000000000000000000000000000000000000
111111111111111111111111111111111111111111111111111111111111111111111111111111111111111111111111111111111111111111111111111111111111111111111111111111111111111111111111111111111111111111111111111111111111111111111111111111111111111111111111111111111111111111111111111111111111111111111111111111111111
111111111111111111111111111111111111111111111111111111111111111111111111111111111111111111111111111100000000000000000000000000000000000000000000000000000000000000000000000000000000000000000000000000000000000000000000000000000000000000000000000000000000000000000000000000000000000000000000000000000000
111111111111111111111111111111111111111111111111111111111111111111111111111111111111111111111111111111111111111111111111111111111111111111111111111111111111111111100011111111111111111111111111111111111111111111111111111111111111111111111111111111111111111111111111111111111111111111111111111111111111
111111111111111111111111111111111111111111111111111111111111111111111111111111111111111111111111111100000000000000000000000000000000000000000000000000000000000000011100000000000000000000000000000000000000000000000000000000000000000000000000000000000000000000000000000000000000000000000000000000000000
111111111111111111111111111111111111111111111111111111111111111111111111111111111111111111111111111111111111111111111111110000000011111111111111111111111111111100000001111111111111111111111111100000001111111111111111111111111111111111111111111111111111111111110001111111111111111111111111111110000111
111111111111111111111111111111111111111111111111111111111111111111111111111111111111111111111111111100000000000000000000001111111100000000000000000000000000000011111110000000000000000000000000011111110000000000000000000000000000000000000000000000000000000000001110000000000000000000000000000001111000
111111111111111111111111111111111111111111111111111111111111111111111111111111111111111111111111111111000000000011111111000000000000111111100000000000111111110000000000011111110000000011111110000000001000000000011111100000000000011111111000000001111111111100000000000001111101111111111111100000000000
111111111111111111111111111111111111111111111111111111111111111111111111111111111111111111111111111100111111111100000000111111111111000000011111111111000000001111111111100000001111111100000001111111110111111111100000011111111111100000000111111110000000000011111111111110000010000000000000011111111111
111111111111111111111111111111111111111111111111111111111111111111111111111111111111111111111111111111000000000011111111000000000000111111100000000000111111110000000000011111110000000011111110000000001000000000011111100000000000011111111000000001111111111100000000000001111101111111111111100000000000
111111111111111111111111111111111111111111111111111111111111111111111111111111111111111111111111111100111111111100000000111111111111000000011111111111000000001111100011100000001111111100000001111111110111111111100000011111111111100000000111111110000000000011111111111110000010000000000000011111111111
111111111111111111111111111111111111111111111111111111111111111111111111111111111111111111111111111111000000000011111111000000000000111111100000000000111111110000011100011111110000000011111110000000001000000000011111100000000000011111111000000001111111111100000000000001111101111111111111100000000000
111111111111111111111111111111111111111111111111111111111111111111111111111111111111111111111111111100111111111100000000111111111111000000011111111111000000001111100011100000001111111100000001111111110111111111100000011111111111100000000111111110000000000011111111111110000010000000000000011111111111
111111111111111111111111111111111111111111111111111111111111111111111111111111111111111111111111111111000000000011111111000000000000111111100000000000111111110000011100011111110000000011111110000000001000000000011111100000000000011111111000000001111111111100000000000001111101111111111111100000000000
111111111111111111111111111111111111111111111111111111111111111111111111111111111111111111111111111100111111111100000000110000000011000000011111111111000000001100000001100000001111111100000001100000000111111111100000011111111111100000000111111110000000000011110001111110000010000000000000011110000111
111111111111111111111111111111111111111111111111111111111111111111111111111111111111111111111111111111000000000011111111001111111100111111100000000000111111110011111110011111110000000011111110011111111000000000011111100000000000011111111000000001111111111100001110000001111101111111111111100001111000
111111111111111111111111111111111111111111111111111111111111111111111111111111111111111111111111111100111111111100000000110000000011000000011111111111000000001100000001100000001111111100000001100000000111111111100000011111111111100000000111111110000000000011110001111110000010000000000000011110000111
111111111111111111111111111111111111111111111111111111111111111111111111111111111111111111111111111111000000000011111111001111111100111111100000000000111111110011100010011111110000000011111110011111111000000000011111100000000000011111111000000001111111111100001110000001111101111111111111100001111000
111111111111111111111111111111111111111111111111111111111111111111111111111111111111111111111111111100111111111100000000110000000011000000011111111111000000001100011101100000001111111100000001100000000111111111100000011111111111100000000111111110000000000011110001111110000010000000000000011110000111
111111111111111111111111111111111111111111111111111111111111111111111111111111111111111111111111111111000000000011111111001111111100111111100000000000111111110011100010011111110000000011111110011111111000000000011111100000000000011111111000000001111111111100001110000001111101111111111111100001111000
111111111111111111111111111111111111111111111111111111111111111111111111111111111111111111111111111100111111111100000000110000000011000000011111111111000000001100011101100000001111111100000001100000000111111111100000011111111111100000000111111110000000000011110001111110000010000000000000011110000111
111111111111111111111111111111111111111111111111111111111111111111111111111111111111111111111111111111000000000011111111001111111100111111100000000000111111110011100010011111110000000011111110011111111000000000011111100000000000011111111000000001111111111100001110000001111101111111111111100001111000
111111111111111111111111111111111111111111111111111111111111111111111111111111111111111111111111111100111111111100000000110000000011000000011111111111000000001100011101100000001111111100000001100000000111111111100000011111111111100000000111111110000000000011110001111110000010000000000000011110000111
111111111111111111111111111111111111111111111111111111111111111111111111111111111111111111111111111111000000000011111111001111111100111111100000000000111111110011100010011111110000000011111110011111111000000000011111100000000000011111111000000001111111111100001110000001111101111111111111100001111000
111111111111111111111111111111111111111111111111111111111111111111111111111111111111111111111111111100000000000000111100000000000000011110000000000000001111000000000000001111000000000000111000000000000000000000000000000000000000000000000000000000000000000000000000000000000000000000000000000000000000
111111111111111111111111111111111111111111111111111111111111111111111111111111111111111111111111111100111111111100000000110000000011000000011111111111000000001100011101100000001111111100000001100000000111111111100000011111111111100000000111111110000000000011110001111110000010000000000000011110000111
111111111111111111111111111111111111111111111111111111111111111111111111111111111111111111111111111111000000000011111111001111111100111111100000000000111111110011100010011111110000000011111110011111111000000000011111100000000000011111111000000001111111111100001110000001111101111111111111100001111000
111111111111111111111111111111111111111111111111111111111111111111111111111111111111111111111111111100111111111100000000110000000011000000011111111111000000001100011101100000001111111100000001100000000111111111100000011111111111100000000111111110000000000011110001111110000010000000000000011110000111
111111111111111111111111111111111111111111111111111111111111111111111111111111111111111111111111111111000000000011111111001111111100111111100000000000111111110011100010011111110000000011111110011111111000000000011111100000000000011111111000000001111111111100001110000001111101111111111111100001111000
111111111111111111111111111111111111111111111111111111111111111111111111111111111111111111111111111100111111111100000000110000000011000000011111111111000000001100011101100000001111111100000001100000000111111111100000011111111111100000000111111110000000000011110001111110000010000000000000011110000111
111111111111111111111111111111111111111111111111111111111111111111111111111111111111111111111111111111000000000011111111001111111100111111100000000000111111110011100010011111110000000011111110011111111000000000011111100000000000011111111000000001111111111100001110000001111101111111111111100001111000
111111111111111111111111111111111111111111111111111111111111111111111111111111111111111111111111111100111111111100000000110000000011000000011111111111000000001100000001100000001111111100000001100000000111111111100000011111111111100000000111111110000000000011110001111110000010000000000000011110000111
111111111111111111111111111111111111111111111111111111111111111111111111111111111111111111111111111111000000000011111111001111111100111111100000000000111111110011111110011111110000000011111110011111111000000000011111100000000000011111111000000001111111111100001110000001111101111111111111100001111000
111111111111111111111111111111111111111111111111111111111111111111111111111111111111111111111111111100111111111100000000110000000011000000011111111111000000001100000001100000001111111100000001100000000111111111100000011111111111100000000111111110000000000011110001111110000010000000000000011110000111
111111111111111111111111111111111111111111111111111111111111111111111111111111111111111111111111111111000000000011111111000000000000111111100000000000111111110000011100011111110000000011111110000000001000000000011111100000000000011111111000000001111111111100000000000001111101111111111111100000000000
111111111111111111111111111111111111111111111111111111111111111111111111111111111111111111111111111100111111111100000000111111111111000000011111111111000000001111100011100000001111111100000001111111110111111111100000011111111111100000000111111110000000000011111111111110000010000000000000011111111111
111111111111111111111111111111111111111111111111111111111111111111111111111111111111111111111111111111000000000011111111000000000000111111100000000000111111110000011100011111110000000011111110000000001000000000011111100000000000011111111000000001111111111100000000000001111101111111111111100000000000
111111111111111111111111111111111111111111111111111111111111111111111111111111111111111111111111111100111111111100000000111111111111000000011111111111000000001111100011100000001111111100000001111111110111111111100000011111111111100000000111111110000000000011111111111110000010000000000000011111111111
111111111111111111111111111111111111111111111111111111111111111111111111111111111111111111111111111111000000000011111111000000000000111111100000000000111111110000000000011111110000000011111110000000001000000000011111100000000000011111111000000001111111111100000000000001111101111111111111100000000000
111111111111111111111111111111111111111111111111111111111111111111111111111111111111111111111111111100111111111100000000111111111111000000011111111111000000001111111111100000001111111100000001111111110111111111100000011111111111100000000111111110000000000011111111111110000010000000000000011111111111
111111111111111111111111111111111111111111111111111111111111111111111111111111111111111111111111111111000000000011111111000000000000111111100000000000111111110000000000011111110000000011111110000000001000000000011111100000000000011111111000000001111111111100000000000001111101111111111111100000000000
111111111111111111111111111111111111111111111111111111111111111111111111111111111111111111111111111100000000000000000000001111111100000000000000000000000000000011111110000000000000000000000000011111110000000000000000000000000000000000000000000000000000000000001110000000000000000000000000000001111000
111111111111111111111111111111111111111111111111111111111111111111111111111111111111111111111111111111111111111111111111110000000011111111111111111111111111111100000001111111111111111111111111100000001111111111111111111111111111111111111111111111111111111111110001111111111111111111111111111110000111
111111111111111111111111111111111111111111111111111111111111111111111111111111111111111111111111111100000000000000000000000000000000000000000000000000000000000000011100000000000000000000000000000000000000000000000000000000000000000000000000000000000000000000000000000000000000000000000000000000000000
111111111111111111111111111111111111111111111111111111111111111111111111111111111111111111111111111111111111111111111111111111111111111111111111111111111111111111100011111111111111111111111111111111111111111111111111111111111111111111111111111111111111111111111111111111111111111111111111111111111111
111111111111111111111111111111111111111111111111111111111111111111111111111111111111111111111111111100000000000000000000000000000000000000000000000000000000000000000000000000000000000000000000000000000000000000000000000000000000000000000000000000000000000000000000000000000000000000000000000000000000
111111111111111111111111111111111111111111111111111111111111111111111111111111111111111111111111111111111111111111111111111111111111111111111111111111111111111111111111111111111111111111111111111111111111111111111111111111111111111111111111111111111111111111111111111111111111111111111111111111111111
111111111111111111111111111111111111111111111111111111111111111111111111111111111111111111111111111100000000000000000000000000000000000000000000000000000000000000000000000000000000000000000000000000000000000000000000000000000000000000000000000000000000000000000000000000000000000000000000000000000000
111111111111111111111111111111111111111111111111111111111111111111111111111111111111111111111111111111111111111111111111111111111111111111111111111111111111111111111111111111111111111111111111111111111111111111111111111111111111111111111111111111111111111111111111111111111111111111111111111111111111
000000000000000000000000000000000000000000000000000000000000000000000000000000000000000000000000000000000000000000000000000000000000000000000000000000000000000000000000000000000000000000000000000000000000000000000000000000000000000000000000000000000000000000000000000000000000000000000000000000000000
000000000000000000000000000000000000000000000000000000000000000000000000000000000000000000000000000000000000000000000000000000000000000000000000000000000000000000000000000000000000000000000000000000000000000000000000000000000000000000000000000000000000000000000000000000000000000000000000000000000000
000000000000000000000000000000000000000000000000000000000000000000000000000000000000000000000000000000000000000000000000000000000000000000000000000000000000000000000000000000000000000000000000000000000000000000000000000000000000000000000000000000000000000000000000000000000000000000000000000000000000
000000000000000000000000000000000000000000000000000000000000000000000000000000000000000000000000000000000000000000000000000000000000000000000000000000000000000000000000000000000000000000000000000000000000000000000000000000000000000000000000000000000000000000000000000000000000000000000000000000000000
000000000000000000000000000000000000000000000000000000000000000000000000000000000000000000000000000000000000000000000000000000000000000000000000000000000000000000000000000000000000000000000000000000000000000000000000000000000000000000000000000000000000000000000000000000000000000000000000000000000000
000000000000000000000000000000000000000000000000000000000000000000000000000000000000000000000000000000000000000000000000000000000000000000000000000000000000000000000000000000000000000000000000000000000000000000000000000000000000000000000000000000000000000000000000000000000000000000000000000000000000
000000000000000000000000000000000000000000000000000000000000000000000000000000000000000000000000000000000000000000000000000000000000000000000000000000000000000000000000000000000000000000000000000000000000000000000000000000000000000000000000000000000000000000000000000000000000000000000000000000000000
000000000000000000000000000000000000000000000000000000000000000000000000000000000000000000000000000000000000000000000000000000000000000000000000000000000000000000000000000000000000000000000000000000000000000000000000000000000000000000000000000000000000000000000000000000000000000000000000000000000000
000000000000000000000000000000000000000000000000000000000000000000000000000000000000000000000000000000000000000000000000000000000000000000000000000000000000000000000000000000000000000000000000000000000000000000000000000000000000000000000000000000000000000000000000000000000000000000000000000000000000
000000000000000000000000000000000000000000000000000000000000000000000000000000000000000000000000000000000000000000000000000000000000000000000000000000000000000000000000000000000000000000000000000000000000000000000000000000000000000000000000000000000000000000000000000000000000000000000000000000000000
111111111111111111111111111111111111111111111111111111111111111111111111111111111111111111111111111111111111111111111111111111111111111111111111111111111111111111111111111111111111111111111111111111111111111111111111111111111111111111111111111111111111111111111111111111111111111111111111111111111111
111111111111111111111111111111111111111111111111111111111111111111111111111111111111111111111111111100000000000000000000000000000000000000000000000000000000000000000000000000000000000000000000000000000000000000000000000000000000000000000000000000000000000000000000000000000000000000000000000000000000
111111111111111111111111111111111111111111111111111111111111111111111111111111111111111111111111111111111111111111111111111111111111111111111111111111111111111111111111111111111111111111111111111111111111111111111111111111111111111111111111111111111111111111111111111111111111111111111111111111111111
111111111111111111111111111111111111111111111111111111111111111111111111111111111111111111111111111100000000000000000000000000000000000000000000000000000000000000000000000000000000000000000000000000000000000000000000000000000000000000000000000000000000000000000000000000000000000000000000000000000000
111111111111111111111111111111111111111111111111111111111111111111111111111111111111111111111111111111111111111111111111111111111111111111111111111111111111111111111111111110001111111111111111111111111111111111111111111111111111111111111111111111111111111111111111111111111111111111111111111111111111
111111111111111111111111111111111111111111111111111111111111111111111111111111111111111111111111111100000000000000000000000000000000000000000000000000000000000000000000000001110000000000000000000000000000000000000000000000000000000000000000000000000000000000000000000000000000000000000000000000000000
111111111111111111111111111111111111111111111111111111111111111111111111111111111111111111111111111100011111111111111111111111111111000000001111111111111111111111111111110000000111111111111111111111111111111111111111111111111111111111111111111111111111111111111111111111000111111111111111111111111111
111111111111111111111111111111111111111111111111111111111111111111111111111111111111111111111111111111100000000000000000000000000000111111110000000000000000000000000000001111111000000000000000000000000000000000000000000000000000000000000000000000000000000000000000000000111000000000000000000000000000
111111111111111111111111111111111111111111111111111111111111111111111111111111111111111111111111111100000111111100000000001111111100000000000011111110000000000011111111000000000001111111000000001111110000111111100000000001111110000000000001111111100000000111111111110000000000000111110111111111111110
111111111111111111111111111111111111111111111111111111111111111111111111111111111111111111111111111111111000000011111111110000000011111111111100000001111111111100000000111111111110000000111111110000001111000000011111111110000001111111111110000000011111111000000000001111111111111000001000000000000001
111111111111111111111111111111111111111111111111111111111111111111111111111111111111111111111111111100000111111100000000001111111100000000000011111110000000000011111111000000000001111111000000001111110000111111100000000001111110000000000001111111100000000111111111110000000000000111110111111111111110
111111111111111111111111111111111111111111111111111111111111111111111111111111111111111111111111111111111000000011111111110000000011111111111100000001111111111100000000111110001110000000111111110000001111000000011111111110000001111111111110000000011111111000000000001111111111111000001000000000000001
111111111111111111111111111111111111111111111111111111111111111111111111111111111111111111111111111100000111111100000000001111111100000000000011111110000000000011111111000001110001111111000000001111110000111111100000000001111110000000000001111111100000000111111111110000000000000111110111111111111110
111111111111111111111111111111111111111111111111111111111111111111111111111111111111111111111111111111111000000011111111110000000011111111111100000001111111111100000000111110001110000000111111110000001111000000011111111110000001111111111110000000011111111000000000001111111111111000001000000000000001
111111111111111111111111111111111111111111111111111111111111111111111111111111111111111111111111111100000111111100000000001111111100000000000011111110000000000011111111000001110001111111000000001111110000111111100000000001111110000000000001111111100000000111111111110000000000000111110111111111111110
111111111111111111111111111111111111111111111111111111111111111111111111111111111111111111111111111100011000000011111111110000000011000000001100000001111111111100000000110000000110000000111111110000001111000000011111111110000001111111111110000000011111111000000000001111000111111000001000000000000001
111111111111111111111111111111111111111111111111111111111111111111111111111111111111111111111111111111100111111100000000001111111100111111110011111110000000000011111111001111111001111111000000001111110000111111100000000001111110000000000001111111100000000111111111110000111000000111110111111111111110
111111111111111111111111111111111111111111111111111111111111111111111111111111111111111111111111111100011000000011111111110000000011000000001100000001111111111100000000110000000110000000111111110000001111000000011111111110000001111111111110000000011111111000000000001111000111111000001000000000000001
111111111111111111111111111111111111111111111111111111111111111111111111111111111111111111111111111111100111111100000000001111111100111111110011111110000000000011111111001110001001111111000000001111110000111111100000000001111110000000000001111111100000000111111111110000111000000111110111111111111110
111111111111111111111111111111111111111111111111111111111111111111111111111111111111111111111111111100011000000011111111110000000011000000001100000001111111111100000000110001110110000000111111110000001111000000011111111110000001111111111110000000011111111000000000001111000111111000001000000000000001
111111111111111111111111111111111111111111111111111111111111111111111111111111111111111111111111111111100111111100000000001111111100111111110011111110000000000011111111001110001001111111000000001111110000111111100000000001111110000000000001111111100000000111111111110000111000000111110111111111111110
111111111111111111111111111111111111111111111111111111111111111111111111111111111111111111111111111100011000000011111111110000000011000000001100000001111111111100000000110001110110000000111111110000001111000000011111111110000001111111111110000000011111111000000000001111000111111000001000000000000001
111111111111111111111111111111111111111111111111111111111111111111111111111111111111111111111111111111100111111100000000001111111100111111110011111110000000000011111111001110001001111111000000001111110000111111100000000001111110000000000001111111100000000111111111110000111000000111110111111111111110
111111111111111111111111111111111111111111111111111111111111111111111111111111111111111111111111111100011000000011111111110000000011000000001100000001111111111100000000110001110110000000111111110000001111000000011111111110000001111111111110000000011111111000000000001111000111111000001000000000000001
111111111111111111111111111111111111111111111111111111111111111111111111111111111111111111111111111111100111111100000000001111111100111111110011111110000000000011111111001110001001111111000000001111110000111111100000000001111110000000000001111111100000000111111111110000111000000111110111111111111110
111111111111111111111111111111111111111111111111111111111111111111111111111111111111111111111111111100000001110000000000000011110000000000000001111000000000000000111100000000000000111100000000000011100000000000000000000000000000000000000000000000000000000000000000000000000000000000000000000000000000
111111111111111111111111111111111111111111111111111111111111111111111111111111111111111111111111111100011000000011111111110000000011000000001100000001111111111100000000110001110110000000111111110000001111000000011111111110000001111111111110000000011111111000000000001111000111111000001000000000000001
111111111111111111111111111111111111111111111111111111111111111111111111111111111111111111111111111111100111111100000000001111111100111111110011111110000000000011111111001110001001111111000000001111110000111111100000000001111110000000000001111111100000000111111111110000111000000111110111111111111110
111111111111111111111111111111111111111111111111111111111111111111111111111111111111111111111111111100011000000011111111110000000011000000001100000001111111111100000000110001110110000000111111110000001111000000011111111110000001111111111110000000011111111000000000001111000111111000001000000000000001
111111111111111111111111111111111111111111111111111111111111111111111111111111111111111111111111111111100111111100000000001111111100111111110011111110000000000011111111001110001001111111000000001111110000111111100000000001111110000000000001111111100000000111111111110000111000000111110111111111111110
111111111111111111111111111111111111111111111111111111111111111111111111111111111111111111111111111100011000000011111111110000000011000000001100000001111111111100000000110001110110000000111111110000001111000000011111111110000001111111111110000000011111111000000000001111000111111000001000000000000001
111111111111111111111111111111111111111111111111111111111111111111111111111111111111111111111111111111100111111100000000001111111100111111110011111110000000000011111111001110001001111111000000001111110000111111100000000001111110000000000001111111100000000111111111110000111000000111110111111111111110
111111111111111111111111111111111111111111111111111111111111111111111111111111111111111111111111111100011000000011111111110000000011000000001100000001111111111100000000110000000110000000111111110000001111000000011111111110000001111111111110000000011111111000000000001111000111111000001000000000000001
111111111111111111111111111111111111111111111111111111111111111111111111111111111111111111111111111111100111111100000000001111111100111111110011111110000000000011111111001111111001111111000000001111110000111111100000000001111110000000000001111111100000000111111111110000111000000111110111111111111110
111111111111111111111111111111111111111111111111111111111111111111111111111111111111111111111111111100011000000011111111110000000011000000001100000001111111111100000000110000000110000000111111110000001111000000011111111110000001111111111110000000011111111000000000001111000111111000001000000000000001
111111111111111111111111111111111111111111111111111111111111111111111111111111111111111111111111111100000111111100000000001111111100000000000011111110000000000011111111000001110001111111000000001111110000111111100000000001111110000000000001111111100000000111111111110000000000000111110111111111111110
111111111111111111111111111111111111111111111111111111111111111111111111111111111111111111111111111111111000000011111111110000000011111111111100000001111111111100000000111110001110000000111111110000001111000000011111111110000001111111111110000000011111111000000000001111111111111000001000000000000001
111111111111111111111111111111111111111111111111111111111111111111111111111111111111111111111111111100000111111100000000001111111100000000000011111110000000000011111111000001110001111111000000001111110000111111100000000001111110000000000001111111100000000111111111110000000000000111110111111111111110
111111111111111111111111111111111111111111111111111111111111111111111111111111111111111111111111111111111000000011111111110000000011111111111100000001111111111100000000111110001110000000111111110000001111000000011111111110000001111111111110000000011111111000000000001111111111111000001000000000000001
111111111111111111111111111111111111111111111111111111111111111111111111111111111111111111111111111100000111111100000000001111111100000000000011111110000000000011111111000000000001111111000000001111110000111111100000000001111110000000000001111111100000000111111111110000000000000111110111111111111110
111111111111111111111111111111111111111111111111111111111111111111111111111111111111111111111111111111111000000011111111110000000011111111111100000001111111111100000000111111111110000000111111110000001111000000011111111110000001111111111110000000011111111000000000001111111111111000001000000000000001
111111111111111111111111111111111111111111111111111111111111111111111111111111111111111111111111111100000111111100000000001111111100000000000011111110000000000011111111000000000001111111000000001111110000111111100000000001111110000000000001111111100000000111111111110000000000000111110111111111111110
111111111111111111111111111111111111111111111111111111111111111111111111111111111111111111111111111111100000000000000000000000000000111111110000000000000000000000000000001111111000000000000000000000000000000000000000000000000000000000000000000000000000000000000000000000111000000000000000000000000000
111111111111111111111111111111111111111111111111111111111111111111111111111111111111111111111111111100011111111111111111111111111111000000001111111111111111111111111111110000000111111111111111111111111111111111111111111111111111111111111111111111111111111111111111111111000111111111111111111111111111
111111111111111111111111111111111111111111111111111111111111111111111111111111111111111111111111111100000000000000000000000000000000000000000000000000000000000000000000000001110000000000000000000000000000000000000000000000000000000000000000000000000000000000000000000000000000000000000000000000000000
111111111111111111111111111111111111111111111111111111111111111111111111111111111111111111111111111111111111111111111111111111111111111111111111111111111111111111111111111110001111111111111111111111111111111111111111111111111111111111111111111111111111111111111111111111111111111111111111111111111111
111111111111111111111111111111111111111111111111111111111111111111111111111111111111111111111111111100000000000000000000000000000000000000000000000000000000000000000000000000000000000000000000000000000000000000000000000000000000000000000000000000000000000000000000000000000000000000000000000000000000
111111111111111111111111111111111111111111111111111111111111111111111111111111111111111111111111111111111111111111111111111111111111111111111111111111111111111111111111111111111111111111111111111111111111111111111111111111111111111111111111111111111111111111111111111111111111111111111111111111111111
111111111111111111111111111111111111111111111111111111111111111111111111111111111111111111111111111100000000000000000000000000000000000000000000000000000000000000000000000000000000000000000000000000000000000000000000000000000000000000000000000000000000000000000000000000000000000000000000000000000000
111111111111111111111111111111111111111111111111111111111111111111111111111111111111111111111111111111111111111111111111111111111111111111111111111111111111111111111111111111111111111111111111111111111111111111111111111111111111111111111111111111111111111111111111111111111111111111111111111111111111
000000000000000000000000000000000000000000000000000000000000000000000000000000000000000000000000000000000000000000000000000000000000000000000000000000000000000000000000000000000000000000000000000000000000000000000000000000000000000000000000000000000000000000000000000000000000000000000000000000000000
000000000000000000000000000000000000000000000000000000000000000000000000000000000000000000000000000000000000000000000000000000000000000000000000000000000000000000000000000000000000000000000000000000000000000000000000000000000000000000000000000000000000000000000000000000000000000000000000000000000000
000000000000000000000000000000000000000000000000000000000000000000000000000000000000000000000000000000000000000000000000000000000000000000000000000000000000000000000000000000000000000000000000000000000000000000000000000000000000000000000000000000000000000000000000000000000000000000000000000000000000
000000000000000000000000000000000000000000000000000000000000000000000000000000000000000000000000000000000000000000000000000000000000000000000000000000000000000000000000000000000000000000000000000000000000000000000000000000000000000000000000000000000000000000000000000000000000000000000000000000000000
000000000000000000000000000000000000000000000000000000000000000000000000000000000000000000000000000000000000000000000000000000000000000000000000000000000000000000000000000000000000000000000000000000000000000000000000000000000000000000000000000000000000000000000000000000000000000000000000000000000000
000000000000000000000000000000000000000000000000000000000000000000000000000000000000000000000000000000000000000000000000000000000000000000000000000000000000000000000000000000000000000000000000000000000000000000000000000000000000000000000000000000000000000000000000000000000000000000000000000000000000
000000000000000000000000000000000000000000000000000000000000000000000000000000000000000000000000000000000000000000000000000000000000000000000000000000000000000000000000000000000000000000000000000000000000000000000000000000000000000000000000000000000000000000000000000000000000000000000000000000000000
000000000000000000000000000000000000000000000000000000000000000000000000000000000000000000000000000000000000000000000000000000000000000000000000000000000000000000000000000000000000000000000000000000000000000000000000000000000000000000000000000000000000000000000000000000000000000000000000000000000000
000000000000000000000000000000000000000000000000000000000000000000000000000000000000000000000000000000000000000000000000000000000000000000000000000000000000000000000000000000000000000000000000000000000000000000000000000000000000000000000000000000000000000000000000000000000000000000000000000000000000
000000000000000000000000000000000000000000000000000000000000000000000000000000000000000000000000000000000000000000000000000000000000000000000000000000000000000000000000000000000000000000000000000000000000000000000000000000000000000000000000000000000000000000000000000000000000000000000000000000000000
111111111111111111111111111111111111111111111111111111111111111111111111111111111111111111111111111111111111111111111111111111111111111111111111111111111111111111111111111111111111111111111111111111111111111111111111111111111111111111111111111111111111111111111111111111111111111111111111111111111111
111111111111111111111111111111111111111111111111111111111111111111111111111111111111111111111111111100000000000000000000000000000000000000000000000000000000000000000000000000000000000000000000000000000000000000000000000000000000000000000000000000000000000000000000000000000000000000000000000000000000
111111111111111111111111111111111111111111111111111111111111111111111111111111111111111111111111111111111111111111111111111111111111111111111111111111111111111111111111111111111111111111111111111111111111111111111111111111111111111111111111111111111111111111111111111111111111111111111111111111111111
111111111111111111111111111111111111111111111111111111111111111111111111111111111111111111111111111100000000000000000000000000000000000000000000000000000000000000000000000000000000000000000000000000000000000000000000000000000000000000000000000000000000000000000000000000000000000000000000000000000000
111111111111111111111111111111111111111111111111111111111111111111111111111111111111111111111111111111111111111111111111111111111111111111111111111111111111111111111111111111111111111000111111111111111111111111111111111111111111111111111111111111111111111111111111111111111111111111111111111111111111
111111111111111111111111111111111111111111111111111111111111111111111111111111111111111111111111111100000000000000000000000000000000000000000000000000000000000000000000000000000000000111000000000000000000000000000000000000000000000000000000000000000000000000000000000000000000000000000000000000000000
111111111111111111111111111111111111111111111111111111111111111111111111111111111111111111111111111111111111100001111111111111111111111111111100000000111111111111111111111111111111000000011111111111111111111111111111111111111111111111111111111111111111111111111111111111111111111100011111111111111111
111111111111111111111111111111111111111111111111111111111111111111111111111111111111111111111111111100000000011110000000000000000000000000000011111111000000000000000000000000000000111111100000000000000000000000000000000000000000000000000000000000000000000000000000000000000000000011100000000000000000
111111111111111111111111111111111111111111111111111111111111111111111111111111111111111111111111111111110000000000011111110000000000111111110000000000001111111000000000001111111100000000000111111100001100000000000011111110000000000111111000000000000111111110000000011111111111000000000000011111011111
111111111111111111111111111111111111111111111111111111111111111111111111111111111111111111111111111100001111111111100000001111111111000000001111111111110000000111111111110000000011111111111000000011110011111111111100000001111111111000000111111111111000000001111111100000000000111111111111100000100000
111111111111111111111111111111111111111111111111111111111111111111111111111111111111111111111111111111110000000000011111110000000000111111110000000000001111111000000000001111111100000000000111111100001100000000000011111110000000000111111000000000000111111110000000011111111111000000000000011111011111
111111111111111111111111111111111111111111111111111111111111111111111111111111111111111111111111111100001111111111100000001111111111000000001111111111110000000111111111110000000011111000111000000011110011111111111100000001111111111000000111111111111000000001111111100000000000111111111111100000100000
111111111111111111111111111111111111111111111111111111111111111111111111111111111111111111111111111111110000000000011111110000000000111111110000000000001111111000000000001111111100000111000111111100001100000000000011111110000000000111111000000000000111111110000000011111111111000000000000011111011111
111111111111111111111111111111111111111111111111111111111111111111111111111111111111111111111111111100001111111111100000001111111111000000001111111111110000000111111111110000000011111000111000000011110011111111111100000001111111111000000111111111111000000001111111100000000000111111111111100000100000
111111111111111111111111111111111111111111111111111111111111111111111111111111111111111111111111111111110000000000011111110000000000111111110000000000001111111000000000001111111100000111000111111100001100000000000011111110000000000111111000000000000111111110000000011111111111000000000000011111011111
111111111111111111111111111111111111111111111111111111111111111111111111111111111111111111111111111100001111100001100000001111111111000000001100000000110000000111111111110000000011000000011000000011110011111111111100000001111111111000000111111111111000000001111111100000000000111100011111100000100000
111111111111111111111111111111111111111111111111111111111111111111111111111111111111111111111111111111110000011110011111110000000000111111110011111111001111111000000000001111111100111111100111111100001100000000000011111110000000000111111000000000000111111110000000011111111111000011100000011111011111
111111111111111111111111111111111111111111111111111111111111111111111111111111111111111111111111111100001111100001100000001111111111000000001100000000110000000111111111110000000011000000011000000011110011111111111100000001111111111000000111111111111000000001111111100000000000111100011111100000100000
111111111111111111111111111111111111111111111111111111111111111111111111111111111111111111111111111111110000011110011111110000000000111111110011111111001111111000000000001111111100111000100111111100001100000000000011111110000000000111111000000000000111111110000000011111111111000011100000011111011111
111111111111111111111111111111111111111111111111111111111111111111111111111111111111111111111111111100001111100001100000001111111111000000001100000000110000000111111111110000000011000111011000000011110011111111111100000001111111111000000111111111111000000001111111100000000000111100011111100000100000
111111111111111111111111111111111111111111111111111111111111111111111111111111111111111111111111111111110000011110011111110000000000111111110011111111001111111000000000001111111100111000100111111100001100000000000011111110000000000111111000000000000111111110000000011111111111000011100000011111011111
111111111111111111111111111111111111111111111111111111111111111111111111111111111111111111111111111100001111100001100000001111111111000000001100000000110000000111111111110000000011000111011000000011110011111111111100000001111111111000000111111111111000000001111111100000000000111100011111100000100000
111111111111111111111111111111111111111111111111111111111111111111111111111111111111111111111111111111110000011110011111110000000000111111110011111111001111111000000000001111111100111000100111111100001100000000000011111110000000000111111000000000000111111110000000011111111111000011100000011111011111
111111111111111111111111111111111111111111111111111111111111111111111111111111111111111111111111111100001111100001100000001111111111000000001100000000110000000111111111110000000011000111011000000011110011111111111100000001111111111000000111111111111000000001111111100000000000111100011111100000100000
111111111111111111111111111111111111111111111111111111111111111111111111111111111111111111111111111111110000011110011111110000000000111111110011111111001111111000000000001111111100111000100111111100001100000000000011111110000000000111111000000000000111111110000000011111111111000011100000011111011111
111111111111111111111111111111111111111111111111111111111111111111111111111111111111111111111111111111000000000000000111000000000000001111000000000000000111100000000000000011110000000000000011110000000000000000000000000000000000000000000000000000000000000000000000000000000000000000000000000000000000
111111111111111111111111111111111111111111111111111111111111111111111111111111111111111111111111111100001111100001100000001111111111000000001100000000110000000111111111110000000011000111011000000011110011111111111100000001111111111000000111111111111000000001111111100000000000111100011111100000100000
111111111111111111111111111111111111111111111111111111111111111111111111111111111111111111111111111111110000011110011111110000000000111111110011111111001111111000000000001111111100111000100111111100001100000000000011111110000000000111111000000000000111111110000000011111111111000011100000011111011111
111111111111111111111111111111111111111111111111111111111111111111111111111111111111111111111111111100001111100001100000001111111111000000001100000000110000000111111111110000000011000111011000000011110011111111111100000001111111111000000111111111111000000001111111100000000000111100011111100000100000
111111111111111111111111111111111111111111111111111111111111111111111111111111111111111111111111111111110000011110011111110000000000111111110011111111001111111000000000001111111100111000100111111100001100000000000011111110000000000111111000000000000111111110000000011111111111000011100000011111011111
111111111111111111111111111111111111111111111111111111111111111111111111111111111111111111111111111100001111100001100000001111111111000000001100000000110000000111111111110000000011000111011000000011110011111111111100000001111111111000000111111111111000000001111111100000000000111100011111100000100000
111111111111111111111111111111111111111111111111111111111111111111111111111111111111111111111111111111110000011110011111110000000000111111110011111111001111111000000000001111111100111000100111111100001100000000000011111110000000000111111000000000000111111110000000011111111111000011100000011111011111
111111111111111111111111111111111111111111111111111111111111111111111111111111111111111111111111111100001111100001100000001111111111000000001100000000110000000111111111110000000011000000011000000011110011111111111100000001111111111000000111111111111000000001111111100000000000111100011111100000100000
111111111111111111111111111111111111111111111111111111111111111111111111111111111111111111111111111111110000011110011111110000000000111111110011111111001111111000000000001111111100111111100111111100001100000000000011111110000000000111111000000000000111111110000000011111111111000011100000011111011111
111111111111111111111111111111111111111111111111111111111111111111111111111111111111111111111111111100001111100001100000001111111111000000001100000000110000000111111111110000000011000000011000000011110011111111111100000001111111111000000111111111111000000001111111100000000000111100011111100000100000
111111111111111111111111111111111111111111111111111111111111111111111111111111111111111111111111111111110000000000011111110000000000111111110000000000001111111000000000001111111100000111000111111100001100000000000011111110000000000111111000000000000111111110000000011111111111000000000000011111011111
111111111111111111111111111111111111111111111111111111111111111111111111111111111111111111111111111100001111111111100000001111111111000000001111111111110000000111111111110000000011111000111000000011110011111111111100000001111111111000000111111111111000000001111111100000000000111111111111100000100000
111111111111111111111111111111111111111111111111111111111111111111111111111111111111111111111111111111110000000000011111110000000000111111110000000000001111111000000000001111111100000111000111111100001100000000000011111110000000000111111000000000000111111110000000011111111111000000000000011111011111
111111111111111111111111111111111111111111111111111111111111111111111111111111111111111111111111111100001111111111100000001111111111000000001111111111110000000111111111110000000011111000111000000011110011111111111100000001111111111000000111111111111000000001111111100000000000111111111111100000100000
111111111111111111111111111111111111111111111111111111111111111111111111111111111111111111111111111111110000000000011111110000000000111111110000000000001111111000000000001111111100000000000111111100001100000000000011111110000000000111111000000000000111111110000000011111111111000000000000011111011111
111111111111111111111111111111111111111111111111111111111111111111111111111111111111111111111111111100001111111111100000001111111111000000001111111111110000000111111111110000000011111111111000000011110011111111111100000001111111111000000111111111111000000001111111100000000000111111111111100000100000
111111111111111111111111111111111111111111111111111111111111111111111111111111111111111111111111111111110000000000011111110000000000111111110000000000001111111000000000001111111100000000000111111100001100000000000011111110000000000111111000000000000111111110000000011111111111000000000000011111011111
111111111111111111111111111111111111111111111111111111111111111111111111111111111111111111111111111100000000011110000000000000000000000000000011111111000000000000000000000000000000111111100000000000000000000000000000000000000000000000000000000000000000000000000000000000000000000011100000000000000000
111111111111111111111111111111111111111111111111111111111111111111111111111111111111111111111111111111111111100001111111111111111111111111111100000000111111111111111111111111111111000000011111111111111111111111111111111111111111111111111111111111111111111111111111111111111111111100011111111111111111
111111111111111111111111111111111111111111111111111111111111111111111111111111111111111111111111111100000000000000000000000000000000000000000000000000000000000000000000000000000000000111000000000000000000000000000000000000000000000000000000000000000000000000000000000000000000000000000000000000000000
111111111111111111111111111111111111111111111111111111111111111111111111111111111111111111111111111111111111111111111111111111111111111111111111111111111111111111111111111111111111111000111111111111111111111111111111111111111111111111111111111111111111111111111111111111111111111111111111111111111111
111111111111111111111111111111111111111111111111111111111111111111111111111111111111111111111111111100000000000000000000000000000000000000000000000000000000000000000000000000000000000000000000000000000000000000000000000000000000000000000000000000000000000000000000000000000000000000000000000000000000
111111111111111111111111111111111111111111111111111111111111111111111111111111111111111111111111111111111111111111111111111111111111111111111111111111111111111111111111111111111111111111111111111111111111111111111111111111111111111111111111111111111111111111111111111111111111111111111111111111111111
111111111111111111111111111111111111111111111111111111111111111111111111111111111111111111111111111100000000000000000000000000000000000000000000000000000000000000000000000000000000000000000000000000000000000000000000000000000000000000000000000000000000000000000000000000000000000000000000000000000000
111111111111111111111111111111111111111111111111111111111111111111111111111111111111111111111111111111111111111111111111111111111111111111111111111111111111111111111111111111111111111111111111111111111111111111111111111111111111111111111111111111111111111111111111111111111111111111111111111111111111
000000000000000000000000000000000000000000000000000000000000000000000000000000000000000000000000000000000000000000000000000000000000000000000000000000000000000000000000000000000000000000000000000000000000000000000000000000000000000000000000000000000000000000000000000000000000000000000000000000000000
000000000000000000000000000000000000000000000000000000000000000000000000000000000000000000000000000000000000000000000000000000000000000000000000000000000000000000000000000000000000000000000000000000000000000000000000000000000000000000000000000000000000000000000000000000000000000000000000000000000000
000000000000000000000000000000000000000000000000000000000000000000000000000000000000000000000000000000000000000000000000000000000000000000000000000000000000000000000000000000000000000000000000000000000000000000000000000000000000000000000000000000000000000000000000000000000000000000000000000000000000
000000000000000000000000000000000000000000000000000000000000000000000000000000000000000000000000000000000000000000000000000000000000000000000000000000000000000000000000000000000000000000000000000000000000000000000000000000000000000000000000000000000000000000000000000000000000000000000000000000000000
000000000000000000000000000000000000000000000000000000000000000000000000000000000000000000000000000000000000000000000000000000000000000000000000000000000000000000000000000000000000000000000000000000000000000000000000000000000000000000000000000000000000000000000000000000000000000000000000000000000000
000000000000000000000000000000000000000000000000000000000000000000000000000000000000000000000000000000000000000000000000000000000000000000000000000000000000000000000000000000000000000000000000000000000000000000000000000000000000000000000000000000000000000000000000000000000000000000000000000000000000
000000000000000000000000000000000000000000000000000000000000000000000000000000000000000000000000000000000000000000000000000000000000000000000000000000000000000000000000000000000000000000000000000000000000000000000000000000000000000000000000000000000000000000000000000000000000000000000000000000000000
000000000000000000000000000000000000000000000000000000000000000000000000000000000000000000000000000000000000000000000000000000000000000000000000000000000000000000000000000000000000000000000000000000000000000000000000000000000000000000000000000000000000000000000000000000000000000000000000000000000000
000000000000000000000000000000000000000000000000000000000000000000000000000000000000000000000000000000000000000000000000000000000000000000000000000000000000000000000000000000000000000000000000000000000000000000000000000000000000000000000000000000000000000000000000000000000000000000000000000000000000
000000000000000000000000000000000000000000000000000000000000000000000000000000000000000000000000000000000000000000000000000000000000000000000000000000000000000000000000000000000000000000000000000000000000000000000000000000000000000000000000000000000000000000000000000000000000000000000000000000000000
111111111111111111111111111111111111111111111111111111111111111111111111111111111111111111111111111111111111111111111111111111111111111111111111111111111111111111111111111111111111111111111111111111111111111111111111111111111111111111111111111111111111111111111111111111111111111111111111111111111111
111111111111111111111111111111111111111111111111111111111111111111111111111111111111111111111111111100000000000000000000000000000000000000000000000000000000000000000000000000000000000000000000000000000000000000000000000000000000000000000000000000000000000000000000000000000000000000000000000000000000
111111111111111111111111111111111111111111111111111111111111111111111111111111111111111111111111111111111111111111111111111111111111111111111111111111111111111111111111111111111111111111111111111111111111111111111111111111111111111111111111111111111111111111111111111111111111111111111111111111111111
111111111111111111111111111111111111111111111111111111111111111111111111111111111111111111111111111100000000000000000000000000000000000000000000000000000000000000000000000000000000000000000000000000000000000000000000000000000000000000000000000000000000000000000000000000000000000000000000000000000000
111111111111111111111111111111111111111111111111111111111111111111111111111111111111111111111111111111111111111111111111111111111111111111111111111111111111111111111111111111111111111111111111100011111111111111111111111111111111111111111111111111111111111111111111111111111111111111111111111111111111
111111111111111111111111111111111111111111111111111111111111111111111111111111111111111111111111111100000000000000000000000000000000000000000000000000000000000000000000000000000000000000000000011100000000000000000000000000000000000000000000000000000000000000000000000000000000000000000000000000000000
111111111111111111111111111111111111111111111111111111111111111111111111111111111111111111111111111100001111111111111110000111111111111111111111111111110000000011111111111111111111111111111100000001111111111111111111111111111111111111111111111111111111111111111111111111111111111111111111110001111111
111111111111111111111111111111111111111111111111111111111111111111111111111111111111111111111111111111110000000000000001111000000000000000000000000000001111111100000000000000000000000000000011111110000000000000000000000000000000000000000000000000000000000000000000000000000000000000000000001110000000
111111111111111111111111111111111111111111111111111111111111111111111111111111111111111111111111111100000011111111000000000001111111000000000011111111000000000000111111100000000000111111110000000000010000011111110000000000001111111000000000011111100000000000011111111000000001111111111100000000000001
111111111111111111111111111111111111111111111111111111111111111111111111111111111111111111111111111111111100000000111111111110000000111111111100000000111111111111000000011111111111000000001111111111101111100000001111111111110000000111111111100000011111111111100000000111111110000000000011111111111110
111111111111111111111111111111111111111111111111111111111111111111111111111111111111111111111111111100000011111111000000000001111111000000000011111111000000000000111111100000000000111111110000000000010000011111110000000000001111111000000000011111100000000000011111111000000001111111111100000000000001
111111111111111111111111111111111111111111111111111111111111111111111111111111111111111111111111111111111100000000111111111110000000111111111100000000111111111111000000011111111111000000001111100011101111100000001111111111110000000111111111100000011111111111100000000111111110000000000011111111111110
111111111111111111111111111111111111111111111111111111111111111111111111111111111111111111111111111100000011111111000000000001111111000000000011111111000000000000111111100000000000111111110000011100010000011111110000000000001111111000000000011111100000000000011111111000000001111111111100000000000001
111111111111111111111111111111111111111111111111111111111111111111111111111111111111111111111111111111111100000000111111111110000000111111111100000000111111111111000000011111111111000000001111100011101111100000001111111111110000000111111111100000011111111111100000000111111110000000000011111111111110
111111111111111111111111111111111111111111111111111111111111111111111111111111111111111111111111111100000011111111000000000001111111000000000011111111000000000000111111100000000000111111110000011100010000011111110000000000001111111000000000011111100000000000011111111000000001111111111100000000000001
111111111111111111111111111111111111111111111111111111111111111111111111111111111111111111111111111100001100000000111110000110000000111111111100000000110000000011000000011111111111000000001100000001101111100000001111111111110000000111111111100000011111111111100000000111111110000000000011110001111110
111111111111111111111111111111111111111111111111111111111111111111111111111111111111111111111111111111110011111111000001111001111111000000000011111111001111111100111111100000000000111111110011111110010000011111110000000000001111111000000000011111100000000000011111111000000001111111111100001110000001
111111111111111111111111111111111111111111111111111111111111111111111111111111111111111111111111111100001100000000111110000110000000111111111100000000110000000011000000011111111111000000001100000001101111100000001111111111110000000111111111100000011111111111100000000111111110000000000011110001111110
111111111111111111111111111111111111111111111111111111111111111111111111111111111111111111111111111111110011111111000001111001111111000000000011111111001111111100111111100000000000111111110011100010010000011111110000000000001111111000000000011111100000000000011111111000000001111111111100001110000001
111111111111111111111111111111111111111111111111111111111111111111111111111111111111111111111111111100001100000000111110000110000000111111111100000000110000000011000000011111111111000000001100011101101111100000001111111111110000000111111111100000011111111111100000000111111110000000000011110001111110
111111111111111111111111111111111111111111111111111111111111111111111111111111111111111111111111111111110011111111000001111001111111000000000011111111001111111100111111100000000000111111110011100010010000011111110000000000001111111000000000011111100000000000011111111000000001111111111100001110000001
111111111111111111111111111111111111111111111111111111111111111111111111111111111111111111111111111100001100000000111110000110000000111111111100000000110000000011000000011111111111000000001100011101101111100000001111111111110000000111111111100000011111111111100000000111111110000000000011110001111110
111111111111111111111111111111111111111111111111111111111111111111111111111111111111111111111111111111110011111111000001111001111111000000000011111111001111111100111111100000000000111111110011100010010000011111110000000000001111111000000000011111100000000000011111111000000001111111111100001110000001
111111111111111111111111111111111111111111111111111111111111111111111111111111111111111111111111111100001100000000111110000110000000111111111100000000110000000011000000011111111111000000001100011101101111100000001111111111110000000111111111100000011111111111100000000111111110000000000011110001111110
111111111111111111111111111111111111111111111111111111111111111111111111111111111111111111111111111111110011111111000001111001111111000000000011111111001111111100111111100000000000111111110011100010010000011111110000000000001111111000000000011111100000000000011111111000000001111111111100001110000001
111111111111111111111111111111111111111111111111111111111111111111111111111111111111111111111111111100000001111100000000000000011100000000000000111100000000000000011110000000000000001111000000000000000000000000000000000000000000000000000000000000000000000000000000000000000000000000000000000000000000
111111111111111111111111111111111111111111111111111111111111111111111111111111111111111111111111111100001100000000111110000110000000111111111100000000110000000011000000011111111111000000001100011101101111100000001111111111110000000111111111100000011111111111100000000111111110000000000011110001111110
111111111111111111111111111111111111111111111111111111111111111111111111111111111111111111111111111111110011111111000001111001111111000000000011111111001111111100111111100000000000111111110011100010010000011111110000000000001111111000000000011111100000000000011111111000000001111111111100001110000001
111111111111111111111111111111111111111111111111111111111111111111111111111111111111111111111111111100001100000000111110000110000000111111111100000000110000000011000000011111111111000000001100011101101111100000001111111111110000000111111111100000011111111111100000000111111110000000000011110001111110
111111111111111111111111111111111111111111111111111111111111111111111111111111111111111111111111111111110011111111000001111001111111000000000011111111001111111100111111100000000000111111110011100010010000011111110000000000001111111000000000011111100000000000011111111000000001111111111100001110000001
111111111111111111111111111111111111111111111111111111111111111111111111111111111111111111111111111100001100000000111110000110000000111111111100000000110000000011000000011111111111000000001100011101101111100000001111111111110000000111111111100000011111111111100000000111111110000000000011110001111110
111111111111111111111111111111111111111111111111111111111111111111111111111111111111111111111111111111110011111111000001111001111111000000000011111111001111111100111111100000000000111111110011100010010000011111110000000000001111111000000000011111100000000000011111111000000001111111111100001110000001
111111111111111111111111111111111111111111111111111111111111111111111111111111111111111111111111111100001100000000111110000110000000111111111100000000110000000011000000011111111111000000001100000001101111100000001111111111110000000111111111100000011111111111100000000111111110000000000011110001111110
111111111111111111111111111111111111111111111111111111111111111111111111111111111111111111111111111111110011111111000001111001111111000000000011111111001111111100111111100000000000111111110011111110010000011111110000000000001111111000000000011111100000000000011111111000000001111111111100001110000001
111111111111111111111111111111111111111111111111111111111111111111111111111111111111111111111111111100001100000000111110000110000000111111111100000000110000000011000000011111111111000000001100000001101111100000001111111111110000000111111111100000011111111111100000000111111110000000000011110001111110
111111111111111111111111111111111111111111111111111111111111111111111111111111111111111111111111111100000011111111000000000001111111000000000011111111000000000000111111100000000000111111110000011100010000011111110000000000001111111000000000011111100000000000011111111000000001111111111100000000000001
111111111111111111111111111111111111111111111111111111111111111111111111111111111111111111111111111111111100000000111111111110000000111111111100000000111111111111000000011111111111000000001111100011101111100000001111111111110000000111111111100000011111111111100000000111111110000000000011111111111110
111111111111111111111111111111111111111111111111111111111111111111111111111111111111111111111111111100000011111111000000000001111111000000000011111111000000000000111111100000000000111111110000011100010000011111110000000000001111111000000000011111100000000000011111111000000001111111111100000000000001
111111111111111111111111111111111111111111111111111111111111111111111111111111111111111111111111111111111100000000111111111110000000111111111100000000111111111111000000011111111111000000001111100011101111100000001111111111110000000111111111100000011111111111100000000111111110000000000011111111111110
111111111111111111111111111111111111111111111111111111111111111111111111111111111111111111111111111100000011111111000000000001111111000000000011111111000000000000111111100000000000111111110000000000010000011111110000000000001111111000000000011111100000000000011111111000000001111111111100000000000001
111111111111111111111111111111111111111111111111111111111111111111111111111111111111111111111111111111111100000000111111111110000000111111111100000000111111111111000000011111111111000000001111111111101111100000001111111111110000000111111111100000011111111111100000000111111110000000000011111111111110
111111111111111111111111111111111111111111111111111111111111111111111111111111111111111111111111111100000011111111000000000001111111000000000011111111000000000000111111100000000000111111110000000000010000011111110000000000001111111000000000011111100000000000011111111000000001111111111100000000000001
111111111111111111111111111111111111111111111111111111111111111111111111111111111111111111111111111111110000000000000001111000000000000000000000000000001111111100000000000000000000000000000011111110000000000000000000000000000000000000000000000000000000000000000000000000000000000000000000001110000000
111111111111111111111111111111111111111111111111111111111111111111111111111111111111111111111111111100001111111111111110000111111111111111111111111111110000000011111111111111111111111111111100000001111111111111111111111111111111111111111111111111111111111111111111111111111111111111111111110001111111
111111111111111111111111111111111111111111111111111111111111111111111111111111111111111111111111111100000000000000000000000000000000000000000000000000000000000000000000000000000000000000000000011100000000000000000000000000000000000000000000000000000000000000000000000000000000000000000000000000000000
111111111111111111111111111111111111111111111111111111111111111111111111111111111111111111111111111111111111111111111111111111111111111111111111111111111111111111111111111111111111111111111111100011111111111111111111111111111111111111111111111111111111111111111111111111111111111111111111111111111111
111111111111111111111111111111111111111111111111111111111111111111111111111111111111111111111111111100000000000000000000000000000000000000000000000000000000000000000000000000000000000000000000000000000000000000000000000000000000000000000000000000000000000000000000000000000000000000000000000000000000
111111111111111111111111111111111111111111111111111111111111111111111111111111111111111111111111111111111111111111111111111111111111111111111111111111111111111111111111111111111111111111111111111111111111111111111111111111111111111111111111111111111111111111111111111111111111111111111111111111111111
111111111111111111111111111111111111111111111111111111111111111111111111111111111111111111111111111100000000000000000000000000000000000000000000000000000000000000000000000000000000000000000000000000000000000000000000000000000000000000000000000000000000000000000000000000000000000000000000000000000000
111111111111111111111111111111111111111111111111111111111111111111111111111111111111111111111111111111111111111111111111111111111111111111111111111111111111111111111111111111111111111111111111111111111111111111111111111111111111111111111111111111111111111111111111111111111111111111111111111111111111
000000000000000000000000000000000000000000000000000000000000000000000000000000000000000000000000000000000000000000000000000000000000000000000000000000000000000000000000000000000000000000000000000000000000000000000000000000000000000000000000000000000000000000000000000000000000000000000000000000000000
000000000000000000000000000000000000000000000000000000000000000000000000000000000000000000000000000000000000000000000000000000000000000000000000000000000000000000000000000000000000000000000000000000000000000000000000000000000000000000000000000000000000000000000000000000000000000000000000000000000000
000000000000000000000000000000000000000000000000000000000000000000000000000000000000000000000000000000000000000000000000000000000000000000000000000000000000000000000000000000000000000000000000000000000000000000000000000000000000000000000000000000000000000000000000000000000000000000000000000000000000
000000000000000000000000000000000000000000000000000000000000000000000000000000000000000000000000000000000000000000000000000000000000000000000000000000000000000000000000000000000000000000000000000000000000000000000000000000000000000000000000000000000000000000000000000000000000000000000000000000000000
000000000000000000000000000000000000000000000000000000000000000000000000000000000000000000000000000000000000000000000000000000000000000000000000000000000000000000000000000000000000000000000000000000000000000000000000000000000000000000000000000000000000000000000000000000000000000000000000000000000000
000000000000000000000000000000000000000000000000000000000000000000000000000000000000000000000000000000000000000000000000000000000000000000000000000000000000000000000000000000000000000000000000000000000000000000000000000000000000000000000000000000000000000000000000000000000000000000000000000000000000
000000000000000000000000000000000000000000000000000000000000000000000000000000000000000000000000000000000000000000000000000000000000000000000000000000000000000000000000000000000000000000000000000000000000000000000000000000000000000000000000000000000000000000000000000000000000000000000000000000000000
000000000000000000000000000000000000000000000000000000000000000000000000000000000000000000000000000000000000000000000000000000000000000000000000000000000000000000000000000000000000000000000000000000000000000000000000000000000000000000000000000000000000000000000000000000000000000000000000000000000000
000000000000000000000000000000000000000000000000000000000000000000000000000000000000000000000000000000000000000000000000000000000000000000000000000000000000000000000000000000000000000000000000000000000000000000000000000000000000000000000000000000000000000000000000000000000000000000000000000000000000
000000000000000000000000000000000000000000000000000000000000000000000000000000000000000000000000000000000000000000000000000000000000000000000000000000000000000000000000000000000000000000000000000000000000000000000000000000000000000000000000000000000000000000000000000000000000000000000000000000000000
111111111111111111111111111111111111111111111111111111111111111111111111111111111111111111111111111111111111111111111111111111111111111111111111111111111111111111111111111111111111111111111111111111111111111111111111111111111111111111111111111111111111111111111111111111111111111111111111111111111111
111111111111111111111111111111111111111111111111111111111111111111111111111111111111111111111111111100000000000000000000000000000000000000000000000000000000000000000000000000000000000000000000000000000000000000000000000000000000000000000000000000000000000000000000000000000000000000000000000000000000
111111111111111111111111111111111111111111111111111111111111111111111111111111111111111111111111111111111111111111111111111111111111111111111111111111111111111111111111111111111111111111111111111111111111111111111111111111111111111111111111111111111111111111111111111111111111111111111111111111111111
111111111111111111111111111111111111111111111111111111111111111111111111111111111111111111111111111100000000000000000000000000000000000000000000000000000000000000000000000000000000000000000000000000000000000000000000000000000000000000000000000000000000000000000000000000000000000000000000000000000000
111111111111111111111111111111111111111111111111111111111111111111111111111111111111111111111111111111111111111111111111111111111111111111111111111111111111111111111111111111111111111111111111111111111111111111111111111111111111111111111111111111111111111111111111111111111111111111111111111111111111
111111111111111111111111111111111111111111111111111111111111111111111111111111111111111111111111111100000000000000000000000000000000000000000000000000000000000000000000000000000000000000000000000000000000000000000000000000000000000000000000000000000000000000000000000000000000000000000000000000000000
111111111111111111111111111111111111111111111111111111111111111111111111111111111111111111111111111111111111110000111111111111111000011111111111111111111111111111000000001111111111111111111111111111111111111111111111111111111111111111111111111111111111111111111111111111111111111111111111111111111111
111111111111111111111111111111111111111111111111111111111111111111111111111111111111111111111111111100000000001111000000000000000111100000000000000000000000000000111111110000000000000000000000000000000000000000000000000000000000000000000000000000000000000000000000000000000000000000000000000000000000
111111111111111111111111111111111111111111111111111111111111111111111111111111111111111111111111111111110000000000001111111100000000000111111100000000001111111100000000000011111110000000000011111111001100000000000001111111000000000000111111100000000001111110000000000001111111100000000111111111110000
111111111111111111111111111111111111111111111111111111111111111111111111111111111111111111111111111100001111111111110000000011111111111000000011111111110000000011111111111100000001111111111100000000110011111111111110000000111111111111000000011111111110000001111111111110000000011111111000000000001111
111111111111111111111111111111111111111111111111111111111111111111111111111111111111111111111111111111110000000000001111111100000000000111111100000000001111111100000000000011111110000000000011111111001100000000000001111111000000000000111111100000000001111110000000000001111111100000000111111111110000
111111111111111111111111111111111111111111111111111111111111111111111111111111111111111111111111111100001111111111110000000011111111111000000011111111110000000011111111111100000001111111111100000000110011111111111110000000111111111111000000011111111110000001111111111110000000011111111000000000001111
111111111111111111111111111111111111111111111111111111111111111111111111111111111111111111111111111111110000000000001111111100000000000111111100000000001111111100000000000011111110000000000011111111001100000000000001111111000000000000111111100000000001111110000000000001111111100000000111111111110000
111111111111111111111111111111111111111111111111111111111111111111111111111111111111111111111111111100001111111111110000000011111111111000000011111111110000000011111111111100000001111111111100000000110011111111111110000000111111111111000000011111111110000001111111111110000000011111111000000000001111
111111111111111111111111111111111111111111111111111111111111111111111111111111111111111111111111111111110000000000001111111100000000000111111100000000001111111100000000000011111110000000000011111111001100000000000001111111000000000000111111100000000001111110000000000001111111100000000111111111110000
111111111111111111111111111111111111111111111111111111111111111111111111111111111111111111111111111100001111110000110000000011111000011000000011111111110000000011000000001100000001111111111100000000110011111111111110000000111111111111000000011111111110000001111111111110000000011111111000000000001111
111111111111111111111111111111111111111111111111111111111111111111111111111111111111111111111111111111110000001111001111111100000111100111111100000000001111111100111111110011111110000000000011111111001100000000000001111111000000000000111111100000000001111110000000000001111111100000000111111111110000
111111111111111111111111111111111111111111111111111111111111111111111111111111111111111111111111111100001111110000110000000011111000011000000011111111110000000011000000001100000001111111111100000000110011111111111110000000111111111111000000011111111110000001111111111110000000011111111000000000001111
111111111111111111111111111111111111111111111111111111111111111111111111111111111111111111111111111111110000001111001111111100000111100111111100000000001111111100111111110011111110000000000011111111001100000000000001111111000000000000111111100000000001111110000000000001111111100000000111111111110000
111111111111111111111111111111111111111111111111111111111111111111111111111111111111111111111111111100001111110000110000000011111000011000000011111111110000000011000000001100000001111111111100000000110011111111111110000000111111111111000000011111111110000001111111111110000000011111111000000000001111
111111111111111111111111111111111111111111111111111111111111111111111111111111111111111111111111111111110000001111001111111100000111100111111100000000001111111100111111110011111110000000000011111111001100000000000001111111000000000000111111100000000001111110000000000001111111100000000111111111110000
111111111111111111111111111111111111111111111111111111111111111111111111111111111111111111111111111100001111110000110000000011111000011000000011111111110000000011000000001100000001111111111100000000110011111111111110000000111111111111000000011111111110000001111111111110000000011111111000000000001111
111111111111111111111111111111111111111111111111111111111111111111111111111111111111111111111111111111110000001111001111111100000111100111111100000000001111111100111111110011111110000000000011111111001100000000000001111111000000000000111111100000000001111110000000000001111111100000000111111111110000
111111111111111111111111111111111111111111111111111111111111111111111111111111111111111111111111111100001111110000110000000011111000011000000011111111110000000011000000001100000001111111111100000000110011111111111110000000111111111111000000011111111110000001111111111110000000011111111000000000001111
111111111111111111111111111111111111111111111111111111111111111111111111111111111111111111111111111111110000001111001111111100000111100111111100000000001111111100111111110011111110000000000011111111001100000000000001111111000000000000111111100000000001111110000000000001111111100000000111111111110000
111111111111111111111111111111111111111111111111111111111111111111111111111111111111111111111111111111000000000000000111110000000000000001110000000000000011110000000000000001111000000000000000111100000000000000000000000000000000000000000000000000000000000000000000000000000000000000000000000000000000
111111111111111111111111111111111111111111111111111111111111111111111111111111111111111111111111111100001111110000110000000011111000011000000011111111110000000011000000001100000001111111111100000000110011111111111110000000111111111111000000011111111110000001111111111110000000011111111000000000001111
111111111111111111111111111111111111111111111111111111111111111111111111111111111111111111111111111111110000001111001111111100000111100111111100000000001111111100111111110011111110000000000011111111001100000000000001111111000000000000111111100000000001111110000000000001111111100000000111111111110000
111111111111111111111111111111111111111111111111111111111111111111111111111111111111111111111111111100001111110000110000000011111000011000000011111111110000000011000000001100000001111111111100000000110011111111111110000000111111111111000000011111111110000001111111111110000000011111111000000000001111
111111111111111111111111111111111111111111111111111111111111111111111111111111111111111111111111111111110000001111001111111100000111100111111100000000001111111100111111110011111110000000000011111111001100000000000001111111000000000000111111100000000001111110000000000001111111100000000111111111110000
111111111111111111111111111111111111111111111111111111111111111111111111111111111111111111111111111100001111110000110000000011111000011000000011111111110000000011000000001100000001111111111100000000110011111111111110000000111111111111000000011111111110000001111111111110000000011111111000000000001111
111111111111111111111111111111111111111111111111111111111111111111111111111111111111111111111111111111110000001111001111111100000111100111111100000000001111111100111111110011111110000000000011111111001100000000000001111111000000000000111111100000000001111110000000000001111111100000000111111111110000
111111111111111111111111111111111111111111111111111111111111111111111111111111111111111111111111111100001111110000110000000011111000011000000011111111110000000011000000001100000001111111111100000000110011111111111110000000111111111111000000011111111110000001111111111110000000011111111000000000001111
111111111111111111111111111111111111111111111111111111111111111111111111111111111111111111111111111111110000001111001111111100000111100111111100000000001111111100111111110011111110000000000011111111001100000000000001111111000000000000111111100000000001111110000000000001111111100000000111111111110000
111111111111111111111111111111111111111111111111111111111111111111111111111111111111111111111111111100001111110000110000000011111000011000000011111111110000000011000000001100000001111111111100000000110011111111111110000000111111111111000000011111111110000001111111111110000000011111111000000000001111
111111111111111111111111111111111111111111111111111111111111111111111111111111111111111111111111111111110000000000001111111100000000000111111100000000001111111100000000000011111110000000000011111111001100000000000001111111000000000000111111100000000001111110000000000001111111100000000111111111110000
111111111111111111111111111111111111111111111111111111111111111111111111111111111111111111111111111100001111111111110000000011111111111000000011111111110000000011111111111100000001111111111100000000110011111111111110000000111111111111000000011111111110000001111111111110000000011111111000000000001111
111111111111111111111111111111111111111111111111111111111111111111111111111111111111111111111111111111110000000000001111111100000000000111111100000000001111111100000000000011111110000000000011111111001100000000000001111111000000000000111111100000000001111110000000000001111111100000000111111111110000
111111111111111111111111111111111111111111111111111111111111111111111111111111111111111111111111111100001111111111110000000011111111111000000011111111110000000011111111111100000001111111111100000000110011111111111110000000111111111111000000011111111110000001111111111110000000011111111000000000001111
111111111111111111111111111111111111111111111111111111111111111111111111111111111111111111111111111111110000000000001111111100000000000111111100000000001111111100000000000011111110000000000011111111001100000000000001111111000000000000111111100000000001111110000000000001111111100000000111111111110000
111111111111111111111111111111111111111111111111111111111111111111111111111111111111111111111111111100001111111111110000000011111111111000000011111111110000000011111111111100000001111111111100000000110011111111111110000000111111111111000000011111111110000001111111111110000000011111111000000000001111
111111111111111111111111111111111111111111111111111111111111111111111111111111111111111111111111111111110000000000001111111100000000000111111100000000001111111100000000000011111110000000000011111111001100000000000001111111000000000000111111100000000001111110000000000001111111100000000111111111110000
111111111111111111111111111111111111111111111111111111111111111111111111111111111111111111111111111100000000001111000000000000000111100000000000000000000000000000111111110000000000000000000000000000000000000000000000000000000000000000000000000000000000000000000000000000000000000000000000000000000000
111111111111111111111111111111111111111111111111111111111111111111111111111111111111111111111111111111111111110000111111111111111000011111111111111111111111111111000000001111111111111111111111111111111111111111111111111111111111111111111111111111111111111111111111111111111111111111111111111111111111
111111111111111111111111111111111111111111111111111111111111111111111111111111111111111111111111111100000000000000000000000000000000000000000000000000000000000000000000000000000000000000000000000000000000000000000000000000000000000000000000000000000000000000000000000000000000000000000000000000000000
111111111111111111111111111111111111111111111111111111111111111111111111111111111111111111111111111111111111111111111111111111111111111111111111111111111111111111111111111111111111111111111111111111111111111111111111111111111111111111111111111111111111111111111111111111111111111111111111111111111111
111111111111111111111111111111111111111111111111111111111111111111111111111111111111111111111111111100000000000000000000000000000000000000000000000000000000000000000000000000000000000000000000000000000000000000000000000000000000000000000000000000000000000000000000000000000000000000000000000000000000
111111111111111111111111111111111111111111111111111111111111111111111111111111111111111111111111111111111111111111111111111111111111111111111111111111111111111111111111111111111111111111111111111111111111111111111111111111111111111111111111111111111111111111111111111111111111111111111111111111111111
111111111111111111111111111111111111111111111111111111111111111111111111111111111111111111111111111100000000000000000000000000000000000000000000000000000000000000000000000000000000000000000000000000000000000000000000000000000000000000000000000000000000000000000000000000000000000000000000000000000000
111111111111111111111111111111111111111111111111111111111111111111111111111111111111111111111111111111111111111111111111111111111111111111111111111111111111111111111111111111111111111111111111111111111111111111111111111111111111111111111111111111111111111111111111111111111111111111111111111111111111
000000000000000000000000000000000000000000000000000000000000000000000000000000000000000000000000000000000000000000000000000000000000000000000000000000000000000000000000000000000000000000000000000000000000000000000000000000000000000000000000000000000000000000000000000000000000000000000000000000000000
000000000000000000000000000000000000000000000000000000000000000000000000000000000000000000000000000000000000000000000000000000000000000000000000000000000000000000000000000000000000000000000000000000000000000000000000000000000000000000000000000000000000000000000000000000000000000000000000000000000000
000000000000000000000000000000000000000000000000000000000000000000000000000000000000000000000000000000000000000000000000000000000000000000000000000000000000000000000000000000000000000000000000000000000000000000000000000000000000000000000000000000000000000000000000000000000000000000000000000000000000
000000000000000000000000000000000000000000000000000000000000000000000000000000000000000000000000000000000000000000000000000000000000000000000000000000000000000000000000000000000000000000000000000000000000000000000000000000000000000000000000000000000000000000000000000000000000000000000000000000000000
000000000000000000000000000000000000000000000000000000000000000000000000000000000000000000000000000000000000000000000000000000000000000000000000000000000000000000000000000000000000000000000000000000000000000000000000000000000000000000000000000000000000000000000000000000000000000000000000000000000000
000000000000000000000000000000000000000000000000000000000000000000000000000000000000000000000000000000000000000000000000000000000000000000000000000000000000000000000000000000000000000000000000000000000000000000000000000000000000000000000000000000000000000000000000000000000000000000000000000000000000
000000000000000000000000000000000000000000000000000000000000000000000000000000000000000000000000000000000000000000000000000000000000000000000000000000000000000000000000000000000000000000000000000000000000000000000000000000000000000000000000000000000000000000000000000000000000000000000000000000000000
000000000000000000000000000000000000000000000000000000000000000000000000000000000000000000000000000000000000000000000000000000000000000000000000000000000000000000000000000000000000000000000000000000000000000000000000000000000000000000000000000000000000000000000000000000000000000000000000000000000000
000000000000000000000000000000000000000000000000000000000000000000000000000000000000000000000000000000000000000000000000000000000000000000000000000000000000000000000000000000000000000000000000000000000000000000000000000000000000000000000000000000000000000000000000000000000000000000000000000000000000
000000000000000000000000000000000000000000000000000000000000000000000000000000000000000000000000000000000000000000000000000000000000000000000000000000000000000000000000000000000000000000000000000000000000000000000000000000000000000000000000000000000000000000000000000000000000000000000000000000000000
111111111111111111111111111111111111111111111111111111111111111111111111111111111111111111111111111111111111111111111111111111111111111111111111111111111111111111111111111111111111111111111111111111111111111111111111111111111111111111111111111111111111111111111111111111111111111111111111111111111111
111111111111111111111111111111111111111111111111111111111111111111111111111111111111111111111111111100000000000000000000000000000000000000000000000000000000000000000000000000000000000000000000000000000000000000000000000000000000000000000000000000000000000000000000000000000000000000000000000000000000
111111111111111111111111111111111111111111111111111111111111111111111111111111111111111111111111111111111111111111111111111111111111111111111111111111111111111111111111111111111111111111111111111111111111111111111111111111111111111111111111111111111111111111111111111111111111111111111111111111111111
111111111111111111111111111111111111111111111111111111111111111111111111111111111111111111111111111100000000000000000000000000000000000000000000000000000000000000000000000000000000000000000000000000000000000000000000000000000000000000000000000000000000000000000000000000000000000000000000000000000000
111111111111111111111111111111111111111111111111111111111111111111111111111111111111111111111111111111111111111111111111111111111111111111111111111111111111111111111111111111111111111111111111111111111111111111111111111111111111111111111111111111111111111111111111111111111111111111111111111111111111
111111111111111111111111111111111111111111111111111111111111111111111111111111111111111111111111111100000000000000000000000000000000000000000000000000000000000000000000000000000000000000000000000000000000000000000000000000000000000000000000000000000000000000000000000000000000000000000000000000000000
111111111111111111111111111111111111111111111111111111111111111111111111111111111111111111111111111100000111111111111111000011111111111111100001111111111111111111111111111100000000111111111111111111111111111111111111111111111111111111111111111111111111111111111111111111111111111111111111111111111111
111111111111111111111111111111111111111111111111111111111111111111111111111111111111111111111111111111111000000000000000111100000000000000011110000000000000000000000000000011111111000000000000000000000000000000000000000000000000000000000000000000000000000000000000000000000000000000000000000000000000
111111111111111111111111111111111111111111111111111111111111111111111111111111111111111111111111111100000001111111000000000000111111110000000000011111110000000000111111110000000000001111111000000000000000000011110000000000000111111100000000000011111110000000000111111000000000000111111110000000011111
111111111111111111111111111111111111111111111111111111111111111111111111111111111111111111111111111111111110000000111111111111000000001111111111100000001111111111000000001111111111110000000111111111111111111100001111111111111000000011111111111100000001111111111000000111111111111000000001111111100000
111111111111111111111111111111111111111111111111111111111111111111111111111111111111111111111111111100000001111111000000000000111111110000000000011111110000000000111111110000000000001111111000000000000000000011110000000000000111111100000000000011111110000000000111111000000000000111111110000000011111
111111111111111111111111111111111111111111111111111111111111111111111111111111111111111111111111111111111110000000111111111111000000001111111111100000001111111111000000001111111111110000000111111111111111111100001111111111111000000011111111111100000001111111111000000111111111111000000001111111100000
111111111111111111111111111111111111111111111111111111111111111111111111111111111111111111111111111100000001111111000000000000111111110000000000011111110000000000111111110000000000001111111000000000000000000011110000000000000111111100000000000011111110000000000111111000000000000111111110000000011111
111111111111111111111111111111111111111111111111111111111111111111111111111111111111111111111111111111111110000000111111111111000000001111111111100000001111111111000000001111111111110000000111111111111111111100001111111111111000000011111111111100000001111111111000000111111111111000000001111111100000
111111111111111111111111111111111111111111111111111111111111111111111111111111111111111111111111111100000001111111000000000000111111110000000000011111110000000000111111110000000000001111111000000000000000000011110000000000000111111100000000000011111110000000000111111000000000000111111110000000011111
111111111111111111111111111111111111111111111111111111111111111111111111111111111111111111111111111100000110000000111111000011000000001111100001100000001111111111000000001100000000110000000111111111111111111100001111111111111000000011111111111100000001111111111000000111111111111000000001111111100000
111111111111111111111111111111111111111111111111111111111111111111111111111111111111111111111111111111111001111111000000111100111111110000011110011111110000000000111111110011111111001111111000000000000000000011110000000000000111111100000000000011111110000000000111111000000000000111111110000000011111
111111111111111111111111111111111111111111111111111111111111111111111111111111111111111111111111111100000110000000111111000011000000001111100001100000001111111111000000001100000000110000000111111111111111111100001111111111111000000011111111111100000001111111111000000111111111111000000001111111100000
111111111111111111111111111111111111111111111111111111111111111111111111111111111111111111111111111111111001111111000000111100111111110000011110011111110000000000111111110011111111001111111000000000000000000011110000000000000111111100000000000011111110000000000111111000000000000111111110000000011111
111111111111111111111111111111111111111111111111111111111111111111111111111111111111111111111111111100000110000000111111000011000000001111100001100000001111111111000000001100000000110000000111111111111111111100001111111111111000000011111111111100000001111111111000000111111111111000000001111111100000
111111111111111111111111111111111111111111111111111111111111111111111111111111111111111111111111111111111001111111000000111100111111110000011110011111110000000000111111110011111111001111111000000000000000000011110000000000000111111100000000000011111110000000000111111000000000000111111110000000011111
111111111111111111111111111111111111111111111111111111111111111111111111111111111111111111111111111100000110000000111111000011000000001111100001100000001111111111000000001100000000110000000111111111111111111100001111111111111000000011111111111100000001111111111000000111111111111000000001111111100000
111111111111111111111111111111111111111111111111111111111111111111111111111111111111111111111111111111111001111111000000111100111111110000011110011111110000000000111111110011111111001111111000000000000000000011110000000000000111111100000000000011111110000000000111111000000000000111111110000000011111
111111111111111111111111111111111111111111111111111111111111111111111111111111111111111111111111111100000110000000111111000011000000001111100001100000001111111111000000001100000000110000000111111111111111111100001111111111111000000011111111111100000001111111111000000111111111111000000001111111100000
111111111111111111111111111111111111111111111111111111111111111111111111111111111111111111111111111111111001111111000000111100111111110000011110011111110000000000111111110011111111001111111000000000000000000011110000000000000111111100000000000011111110000000000111111000000000000111111110000000011111
111111111111111111111111111111111111111111111111111111111111111111111111111111111111111111111111111100000000011100000000000000011111000000000000000111000000000000001111000000000000000111100000000000000000000000000000000000000000000000000000000000000000000000000000000000000000000000000000000000000000
111111111111111111111111111111111111111111111111111111111111111111111111111111111111111111111111111100000110000000111111000011000000001111100001100000001111111111000000001100000000110000000111111111111111111100001111111111111000000011111111111100000001111111111000000111111111111000000001111111100000
111111111111111111111111111111111111111111111111111111111111111111111111111111111111111111111111111111111001111111000000111100111111110000011110011111110000000000111111110011111111001111111000000000000000000011110000000000000111111100000000000011111110000000000111111000000000000111111110000000011111
111111111111111111111111111111111111111111111111111111111111111111111111111111111111111111111111111100000110000000111111000011000000001111100001100000001111111111000000001100000000110000000111111111111111111100001111111111111000000011111111111100000001111111111000000111111111111000000001111111100000
111111111111111111111111111111111111111111111111111111111111111111111111111111111111111111111111111111111001111111000000111100111111110000011110011111110000000000111111110011111111001111111000000000000000000011110000000000000111111100000000000011111110000000000111111000000000000111111110000000011111
111111111111111111111111111111111111111111111111111111111111111111111111111111111111111111111111111100000110000000111111000011000000001111100001100000001111111111000000001100000000110000000111111111111111111100001111111111111000000011111111111100000001111111111000000111111111111000000001111111100000
111111111111111111111111111111111111111111111111111111111111111111111111111111111111111111111111111111111001111111000000111100111111110000011110011111110000000000111111110011111111001111111000000000000000000011110000000000000111111100000000000011111110000000000111111000000000000111111110000000011111
111111111111111111111111111111111111111111111111111111111111111111111111111111111111111111111111111100000110000000111111000011000000001111100001100000001111111111000000001100000000110000000111111111111111111100001111111111111000000011111111111100000001111111111000000111111111111000000001111111100000
111111111111111111111111111111111111111111111111111111111111111111111111111111111111111111111111111111111001111111000000111100111111110000011110011111110000000000111111110011111111001111111000000000000000000011110000000000000111111100000000000011111110000000000111111000000000000111111110000000011111
111111111111111111111111111111111111111111111111111111111111111111111111111111111111111111111111111100000110000000111111000011000000001111100001100000001111111111000000001100000000110000000111111111111111111100001111111111111000000011111111111100000001111111111000000111111111111000000001111111100000
111111111111111111111111111111111111111111111111111111111111111111111111111111111111111111111111111100000001111111000000000000111111110000000000011111110000000000111111110000000000001111111000000000000000000011110000000000000111111100000000000011111110000000000111111000000000000111111110000000011111
111111111111111111111111111111111111111111111111111111111111111111111111111111111111111111111111111111111110000000111111111111000000001111111111100000001111111111000000001111111111110000000111111111111111111100001111111111111000000011111111111100000001111111111000000111111111111000000001111111100000
111111111111111111111111111111111111111111111111111111111111111111111111111111111111111111111111111100000001111111000000000000111111110000000000011111110000000000111111110000000000001111111000000000000000000011110000000000000111111100000000000011111110000000000111111000000000000111111110000000011111
111111111111111111111111111111111111111111111111111111111111111111111111111111111111111111111111111111111110000000111111111111000000001111111111100000001111111111000000001111111111110000000111111111111111111100001111111111111000000011111111111100000001111111111000000111111111111000000001111111100000
111111111111111111111111111111111111111111111111111111111111111111111111111111111111111111111111111100000001111111000000000000111111110000000000011111110000000000111111110000000000001111111000000000000000000011110000000000000111111100000000000011111110000000000111111000000000000111111110000000011111
111111111111111111111111111111111111111111111111111111111111111111111111111111111111111111111111111111111110000000111111111111000000001111111111100000001111111111000000001111111111110000000111111111111111111100001111111111111000000011111111111100000001111111111000000111111111111000000001111111100000
111111111111111111111111111111111111111111111111111111111111111111111111111111111111111111111111111100000001111111000000000000111111110000000000011111110000000000111111110000000000001111111000000000000000000011110000000000000111111100000000000011111110000000000111111000000000000111111110000000011111
111111111111111111111111111111111111111111111111111111111111111111111111111111111111111111111111111111111000000000000000111100000000000000011110000000000000000000000000000011111111000000000000000000000000000000000000000000000000000000000000000000000000000000000000000000000000000000000000000000000000
111111111111111111111111111111111111111111111111111111111111111111111111111111111111111111111111111100000111111111111111000011111111111111100001111111111111111111111111111100000000111111111111111111111111111111111111111111111111111111111111111111111111111111111111111111111111111111111111111111111111
111111111111111111111111111111111111111111111111111111111111111111111111111111111111111111111111111100000000000000000000000000000000000000000000000000000000000000000000000000000000000000000000000000000000000000000000000000000000000000000000000000000000000000000000000000000000000000000000000000000000
111111111111111111111111111111111111111111111111111111111111111111111111111111111111111111111111111111111111111111111111111111111111111111111111111111111111111111111111111111111111111111111111111111111111111111111111111111111111111111111111111111111111111111111111111111111111111111111111111111111111
111111111111111111111111111111111111111111111111111111111111111111111111111111111111111111111111111100000000000000000000000000000000000000000000000000000000000000000000000000000000000000000000000000000000000000000000000000000000000000000000000000000000000000000000000000000000000000000000000000000000
111111111111111111111111111111111111111111111111111111111111111111111111111111111111111111111111111111111111111111111111111111111111111111111111111111111111111111111111111111111111111111111111111111111111111111111111111111111111111111111111111111111111111111111111111111111111111111111111111111111111
111111111111111111111111111111111111111111111111111111111111111111111111111111111111111111111111111100000000000000000000000000000000000000000000000000000000000000000000000000000000000000000000000000000000000000000000000000000000000000000000000000000000000000000000000000000000000000000000000000000000
111111111111111111111111111111111111111111111111111111111111111111111111111111111111111111111111111111111111111111111111111111111111111111111111111111111111111111111111111111111111111111111111111111111111111111111111111111111111111111111111111111111111111111111111111111111111111111111111111111111111
000000000000000000000000000000000000000000000000000000000000000000000000000000000000000000000000000000000000000000000000000000000000000000000000000000000000000000000000000000000000000000000000000000000000000000000000000000000000000000000000000000000000000000000000000000000000000000000000000000000000
000000000000000000000000000000000000000000000000000000000000000000000000000000000000000000000000000000000000000000000000000000000000000000000000000000000000000000000000000000000000000000000000000000000000000000000000000000000000000000000000000000000000000000000000000000000000000000000000000000000000
000000000000000000000000000000000000000000000000000000000000000000000000000000000000000000000000000000000000000000000000000000000000000000000000000000000000000000000000000000000000000000000000000000000000000000000000000000000000000000000000000000000000000000000000000000000000000000000000000000000000
000000000000000000000000000000000000000000000000000000000000000000000000000000000000000000000000000000000000000000000000000000000000000000000000000000000000000000000000000000000000000000000000000000000000000000000000000000000000000000000000000000000000000000000000000000000000000000000000000000000000
000000000000000000000000000000000000000000000000000000000000000000000000000000000000000000000000000000000000000000000000000000000000000000000000000000000000000000000000000000000000000000000000000000000000000000000000000000000000000000000000000000000000000000000000000000000000000000000000000000000000
000000000000000000000000000000000000000000000000000000000000000000000000000000000000000000000000000000000000000000000000000000000000000000000000000000000000000000000000000000000000000000000000000000000000000000000000000000000000000000000000000000000000000000000000000000000000000000000000000000000000
000000000000000000000000000000000000000000000000000000000000000000000000000000000000000000000000000000000000000000000000000000000000000000000000000000000000000000000000000000000000000000000000000000000000000000000000000000000000000000000000000000000000000000000000000000000000000000000000000000000000
000000000000000000000000000000000000000000000000000000000000000000000000000000000000000000000000000000000000000000000000000000000000000000000000000000000000000000000000000000000000000000000000000000000000000000000000000000000000000000000000000000000000000000000000000000000000000000000000000000000000
000000000000000000000000000000000000000000000000000000000000000000000000000000000000000000000000000000000000000000000000000000000000000000000000000000000000000000000000000000000000000000000000000000000000000000000000000000000000000000000000000000000000000000000000000000000000000000000000000000000000
000000000000000000000000000000000000000000000000000000000000000000000000000000000000000000000000000000000000000000000000000000000000000000000000000000000000000000000000000000000000000000000000000000000000000000000000000000000000000000000000000000000000000000000000000000000000000000000000000000000000
111111111111111111111111111111111111111111111111111111111111111111111111111111111111111111111111111111111111111111111111111111111111111111111111111111111111111111111111111111111111111111111111111111111111111111111111111111111111111111111111111111111111111111111111111111111111111111111111111111111111
111111111111111111111111111111111111111111111111111111111111111111111111111111111111111111111111111100000000000000000000000000000000000000000000000000000000000000000000000000000000000000000000000000000000000000000000000000000000000000000000000000000000000000000000000000000000000000000000000000000000
111111111111111111111111111111111111111111111111111111111111111111111111111111111111111111111111111111111111111111111111111111111111111111111111111111111111111111111111111111111111111111111111111111111111111111111111111111111111111111111111111111111111111111111111111111111111111111111111111111111111
111111111111111111111111111111111111111111111111111111111111111111111111111111111111111111111111111100000000000000000000000000000000000000000000000000000000000000000000000000000000000000000000000000000000000000000000000000000000000000000000000000000000000000000000000000000000000000000000000000000000
111111111111111111111111111111111111111111111111111111111111111111111111111111111111111111111111111111111111111111111111111111111111111111111111111111111111111111111111111111111111111111111111111111111111111111111111111111111111111111111111111111111111111111111111111111111111111111111111111111111111
111111111111111111111111111111111111111111111111111111111111111111111111111111111111111111111111111100000000000000000000000000000000000000000000000000000000000000000000000000000000000000000000000000000000000000000000000000000000000000000000000000000000000000000000000000000000000000000000000000000000
111111111111111111111111111111111111111111111111111111111111111111111111111111111111111111111111111111111111110000011111111111111100001111111111111110000111111111111111111111111111110000000011111111111111111111111111111111111111111111111111111111111111111111111111111111111111111111111111111111111111
111111111111111111111111111111111111111111111111111111111111111111111111111111111111111111111111111100000000001111100000000000000011110000000000000001111000000000000000000000000000001111111100000000000000000000000000000000000000000000000000000000000000000000000000000000000000000000000000000000000000
111111111111111111111111111111111111111111111111111111111111111111111111111111111111111111111111111101111110000000000111111100000000000011111111000000000001111111000000000011111111000000000000111111101111110000000000001111000000000000011111110000000000001111111000000000011111100000000000011111111000
111111111111111111111111111111111111111111111111111111111111111111111111111111111111111111111111111110000001111111111000000011111111111100000000111111111110000000111111111100000000111111111111000000010000001111111111110000111111111111100000001111111111110000000111111111100000011111111111100000000111
111111111111111111111111111111111111111111111111111111111111111111111111111111111111111111111111111101111110000000000111111100000000000011111111000000000001111111000000000011111111000000000000111111101111110000000000001111000000000000011111110000000000001111111000000000011111100000000000011111111000
111111111111111111111111111111111111111111111111111111111111111111111111111111111111111111111111111110000001111111111000000011111111111100000000111111111110000000111111111100000000111111111111000000010000001111111111110000111111111111100000001111111111110000000111111111100000011111111111100000000111
111111111111111111111111111111111111111111111111111111111111111111111111111111111111111111111111111101111110000000000111111100000000000011111111000000000001111111000000000011111111000000000000111111101111110000000000001111000000000000011111110000000000001111111000000000011111100000000000011111111000
111111111111111111111111111111111111111111111111111111111111111111111111111111111111111111111111111110000001111111111000000011111111111100000000111111111110000000111111111100000000111111111111000000010000001111111111110000111111111111100000001111111111110000000111111111100000011111111111100000000111
111111111111111111111111111111111111111111111111111111111111111111111111111111111111111111111111111101111110000000000111111100000000000011111111000000000001111111000000000011111111000000000000111111101111110000000000001111000000000000011111110000000000001111111000000000011111100000000000011111111000
111111111111111111111111111111111111111111111111111111111111111111111111111111111111111111111111111110000001110000011000000011111100001100000000111110000110000000111111111100000000110000000011000000010000001111111111110000111111111111100000001111111111110000000111111111100000011111111111100000000111
111111111111111111111111111111111111111111111111111111111111111111111111111111111111111111111111111101111110001111100111111100000011110011111111000001111001111111000000000011111111001111111100111111101111110000000000001111000000000000011111110000000000001111111000000000011111100000000000011111111000
111111111111111111111111111111111111111111111111111111111111111111111111111111111111111111111111111110000001110000011000000011111100001100000000111110000110000000111111111100000000110000000011000000010000001111111111110000111111111111100000001111111111110000000111111111100000011111111111100000000111
111111111111111111111111111111111111111111111111111111111111111111111111111111111111111111111111111101111110001111100111111100000011110011111111000001111001111111000000000011111111001111111100111111101111110000000000001111000000000000011111110000000000001111111000000000011111100000000000011111111000
111111111111111111111111111111111111111111111111111111111111111111111111111111111111111111111111111110000001110000011000000011111100001100000000111110000110000000111111111100000000110000000011000000010000001111111111110000111111111111100000001111111111110000000111111111100000011111111111100000000111
111111111111111111111111111111111111111111111111111111111111111111111111111111111111111111111111111101111110001111100111111100000011110011111111000001111001111111000000000011111111001111111100111111101111110000000000001111000000000000011111110000000000001111111000000000011111100000000000011111111000
111111111111111111111111111111111111111111111111111111111111111111111111111111111111111111111111111110000001110000011000000011111100001100000000111110000110000000111111111100000000110000000011000000010000001111111111110000111111111111100000001111111111110000000111111111100000011111111111100000000111
111111111111111111111111111111111111111111111111111111111111111111111111111111111111111111111111111101111110001111100111111100000011110011111111000001111001111111000000000011111111001111111100111111101111110000000000001111000000000000011111110000000000001111111000000000011111100000000000011111111000
111111111111111111111111111111111111111111111111111111111111111111111111111111111111111111111111111110000001110000011000000011111100001100000000111110000110000000111111111100000000110000000011000000010000001111111111110000111111111111100000001111111111110000000111111111100000011111111111100000000111
111111111111111111111111111111111111111111111111111111111111111111111111111111111111111111111111111101111110001111100111111100000011110011111111000001111001111111000000000011111111001111111100111111101111110000000000001111000000000000011111110000000000001111111000000000011111100000000000011111111000
111111111111111111111111111111111111111111111111111111111111111111111111111111111111111111111111111100000000000000000001110000000000000001111100000000000000011100000000000000111100000000000000011110000000000000000000000000000000000000000000000000000000000000000000000000000000000000000000000000000000
111111111111111111111111111111111111111111111111111111111111111111111111111111111111111111111111111110000001110000011000000011111100001100000000111110000110000000111111111100000000110000000011000000010000001111111111110000111111111111100000001111111111110000000111111111100000011111111111100000000111
111111111111111111111111111111111111111111111111111111111111111111111111111111111111111111111111111101111110001111100111111100000011110011111111000001111001111111000000000011111111001111111100111111101111110000000000001111000000000000011111110000000000001111111000000000011111100000000000011111111000
111111111111111111111111111111111111111111111111111111111111111111111111111111111111111111111111111110000001110000011000000011111100001100000000111110000110000000111111111100000000110000000011000000010000001111111111110000111111111111100000001111111111110000000111111111100000011111111111100000000111
111111111111111111111111111111111111111111111111111111111111111111111111111111111111111111111111111101111110001111100111111100000011110011111111000001111001111111000000000011111111001111111100111111101111110000000000001111000000000000011111110000000000001111111000000000011111100000000000011111111000
111111111111111111111111111111111111111111111111111111111111111111111111111111111111111111111111111110000001110000011000000011111100001100000000111110000110000000111111111100000000110000000011000000010000001111111111110000111111111111100000001111111111110000000111111111100000011111111111100000000111
111111111111111111111111111111111111111111111111111111111111111111111111111111111111111111111111111101111110001111100111111100000011110011111111000001111001111111000000000011111111001111111100111111101111110000000000001111000000000000011111110000000000001111111000000000011111100000000000011111111000
111111111111111111111111111111111111111111111111111111111111111111111111111111111111111111111111111110000001110000011000000011111100001100000000111110000110000000111111111100000000110000000011000000010000001111111111110000111111111111100000001111111111110000000111111111100000011111111111100000000111
111111111111111111111111111111111111111111111111111111111111111111111111111111111111111111111111111101111110001111100111111100000011110011111111000001111001111111000000000011111111001111111100111111101111110000000000001111000000000000011111110000000000001111111000000000011111100000000000011111111000
111111111111111111111111111111111111111111111111111111111111111111111111111111111111111111111111111110000001110000011000000011111100001100000000111110000110000000111111111100000000110000000011000000010000001111111111110000111111111111100000001111111111110000000111111111100000011111111111100000000111
111111111111111111111111111111111111111111111111111111111111111111111111111111111111111111111111111101111110000000000111111100000000000011111111000000000001111111000000000011111111000000000000111111101111110000000000001111000000000000011111110000000000001111111000000000011111100000000000011111111000
111111111111111111111111111111111111111111111111111111111111111111111111111111111111111111111111111110000001111111111000000011111111111100000000111111111110000000111111111100000000111111111111000000010000001111111111110000111111111111100000001111111111110000000111111111100000011111111111100000000111
111111111111111111111111111111111111111111111111111111111111111111111111111111111111111111111111111101111110000000000111111100000000000011111111000000000001111111000000000011111111000000000000111111101111110000000000001111000000000000011111110000000000001111111000000000011111100000000000011111111000
111111111111111111111111111111111111111111111111111111111111111111111111111111111111111111111111111110000001111111111000000011111111111100000000111111111110000000111111111100000000111111111111000000010000001111111111110000111111111111100000001111111111110000000111111111100000011111111111100000000111
111111111111111111111111111111111111111111111111111111111111111111111111111111111111111111111111111101111110000000000111111100000000000011111111000000000001111111000000000011111111000000000000111111101111110000000000001111000000000000011111110000000000001111111000000000011111100000000000011111111000
111111111111111111111111111111111111111111111111111111111111111111111111111111111111111111111111111110000001111111111000000011111111111100000000111111111110000000111111111100000000111111111111000000010000001111111111110000111111111111100000001111111111110000000111111111100000011111111111100000000111
111111111111111111111111111111111111111111111111111111111111111111111111111111111111111111111111111101111110000000000111111100000000000011111111000000000001111111000000000011111111000000000000111111101111110000000000001111000000000000011111110000000000001111111000000000011111100000000000011111111000
111111111111111111111111111111111111111111111111111111111111111111111111111111111111111111111111111100000000001111100000000000000011110000000000000001111000000000000000000000000000001111111100000000000000000000000000000000000000000000000000000000000000000000000000000000000000000000000000000000000000
111111111111111111111111111111111111111111111111111111111111111111111111111111111111111111111111111111111111110000011111111111111100001111111111111110000111111111111111111111111111110000000011111111111111111111111111111111111111111111111111111111111111111111111111111111111111111111111111111111111111
111111111111111111111111111111111111111111111111111111111111111111111111111111111111111111111111111100000000000000000000000000000000000000000000000000000000000000000000000000000000000000000000000000000000000000000000000000000000000000000000000000000000000000000000000000000000000000000000000000000000
111111111111111111111111111111111111111111111111111111111111111111111111111111111111111111111111111111111111111111111111111111111111111111111111111111111111111111111111111111111111111111111111111111111111111111111111111111111111111111111111111111111111111111111111111111111111111111111111111111111111
111111111111111111111111111111111111111111111111111111111111111111111111111111111111111111111111111100000000000000000000000000000000000000000000000000000000000000000000000000000000000000000000000000000000000000000000000000000000000000000000000000000000000000000000000000000000000000000000000000000000
111111111111111111111111111111111111111111111111111111111111111111111111111111111111111111111111111111111111111111111111111111111111111111111111111111111111111111111111111111111111111111111111111111111111111111111111111111111111111111111111111111111111111111111111111111111111111111111111111111111111
111111111111111111111111111111111111111111111111111111111111111111111111111111111111111111111111111100000000000000000000000000000000000000000000000000000000000000000000000000000000000000000000000000000000000000000000000000000000000000000000000000000000000000000000000000000000000000000000000000000000
111111111111111111111111111111111111111111111111111111111111111111111111111111111111111111111111111111111111111111111111111111111111111111111111111111111111111111111111111111111111111111111111111111111111111111111111111111111111111111111111111111111111111111111111111111111111111111111111111111111111
000000000000000000000000000000000000000000000000000000000000000000000000000000000000000000000000000000000000000000000000000000000000000000000000000000000000000000000000000000000000000000000000000000000000000000000000000000000000000000000000000000000000000000000000000000000000000000000000000000000000
000000000000000000000000000000000000000000000000000000000000000000000000000000000000000000000000000000000000000000000000000000000000000000000000000000000000000000000000000000000000000000000000000000000000000000000000000000000000000000000000000000000000000000000000000000000000000000000000000000000000
000000000000000000000000000000000000000000000000000000000000000000000000000000000000000000000000000000000000000000000000000000000000000000000000000000000000000000000000000000000000000000000000000000000000000000000000000000000000000000000000000000000000000000000000000000000000000000000000000000000000
000000000000000000000000000000000000000000000000000000000000000000000000000000000000000000000000000000000000000000000000000000000000000000000000000000000000000000000000000000000000000000000000000000000000000000000000000000000000000000000000000000000000000000000000000000000000000000000000000000000000
000000000000000000000000000000000000000000000000000000000000000000000000000000000000000000000000000000000000000000000000000000000000000000000000000000000000000000000000000000000000000000000000000000000000000000000000000000000000000000000000000000000000000000000000000000000000000000000000000000000000
000000000000000000000000000000000000000000000000000000000000000000000000000000000000000000000000000000000000000000000000000000000000000000000000000000000000000000000000000000000000000000000000000000000000000000000000000000000000000000000000000000000000000000000000000000000000000000000000000000000000
000000000000000000000000000000000000000000000000000000000000000000000000000000000000000000000000000000000000000000000000000000000000000000000000000000000000000000000000000000000000000000000000000000000000000000000000000000000000000000000000000000000000000000000000000000000000000000000000000000000000
000000000000000000000000000000000000000000000000000000000000000000000000000000000000000000000000000000000000000000000000000000000000000000000000000000000000000000000000000000000000000000000000000000000000000000000000000000000000000000000000000000000000000000000000000000000000000000000000000000000000
000000000000000000000000000000000000000000000000000000000000000000000000000000000000000000000000000000000000000000000000000000000000000000000000000000000000000000000000000000000000000000000000000000000000000000000000000000000000000000000000000000000000000000000000000000000000000000000000000000000000
000000000000000000000000000000000000000000000000000000000000000000000000000000000000000000000000000000000000000000000000000000000000000000000000000000000000000000000000000000000000000000000000000000000000000000000000000000000000000000000000000000000000000000000000000000000000000000000000000000000000
111111111111111111111111111111111111111111111111111111111111111111111111111111111111111111111111111111111111111111111111111111111111111111111111111111111111111111111111111111111111111111111111111111111111111111111111111111111111111111111111111111111111111111111111111111111111111111111111111111111111
111111111111111111111111111111111111111111111111111111111111111111111111111111111111111111111111111100000000000000000000000000000000000000000000000000000000000000000000000000000000000000000000000000000000000000000000000000000000000000000000000000000000000000000000000000000000000000000000000000000000
111111111111111111111111111111111111111111111111111111111111111111111111111111111111111111111111111111111111111111111111111111111111111111111111111111111111111111111111111111111111111111111111111111111111111111111111111111111111111111111111111111111111111111111111111111111111111111111111111111111111
111111111111111111111111111111111111111111111111111111111111111111111111111111111111111111111111111100000000000000000000000000000000000000000000000000000000000000000000000000000000000000000000000000000000000000000000000000000000000000000000000000000000000000000000000000000000000000000000000000000000
111111111111111111111111111111111111111111111111111111111111111111111111111111111111111111111111111111111111111111111111111111111111111111111111111111111111111111111111111111111111111111111111111111111111111111111111111111111111111111111111111111111111111111111111111111111111111111111111111111111111
111111111111111111111111111111111111111111111111111111111111111111111111111111111111111111111111111100000000000000000000000000000000000000000000000000000000000000000000000000000000000000000000000000000000000000000000000000000000000000000000000000000000000000000000000000000000000000000000000000000000
111111111111111111111111111111111111111111111111111111111111111111111111111111111111111111111111111111111110111111111111000001111111111111110000111111111111111000011111111111111111111111111111000000001111111111111111111111111111111111111111111111111111111111111111111111111111111111111111111111111111
111111111111111111111111111111111111111111111111111111111111111111111111111111111111111111111111111100000001000000000000111110000000000000001111000000000000000111100000000000000000000000000000111111110000000000000000000000000000000000000000000000000000000000000000000000000000000000000000000000000000
111111111111111111111111111111111111111111111111111111111111111111111111111111111111111111111111111111100000000111111000000000011111110000000000001111111100000000000111111100000000001111111100000000001100000000111111000000000000111100000000000001111111000000000000111111100000000001111110000000000001
111111111111111111111111111111111111111111111111111111111111111111111111111111111111111111111111111100011111111000000111111111100000001111111111110000000011111111111000000011111111110000000011111111110011111111000000111111111111000011111111111110000000111111111111000000011111111110000001111111111110
111111111111111111111111111111111111111111111111111111111111111111111111111111111111111111111111111111100000000111111000000000011111110000000000001111111100000000000111111100000000001111111100000000001100000000111111000000000000111100000000000001111111000000000000111111100000000001111110000000000001
111111111111111111111111111111111111111111111111111111111111111111111111111111111111111111111111111100011111111000000111111111100000001111111111110000000011111111111000000011111111110000000011111111110011111111000000111111111111000011111111111110000000111111111111000000011111111110000001111111111110
111111111111111111111111111111111111111111111111111111111111111111111111111111111111111111111111111111100000000111111000000000011111110000000000001111111100000000000111111100000000001111111100000000001100000000111111000000000000111100000000000001111111000000000000111111100000000001111110000000000001
111111111111111111111111111111111111111111111111111111111111111111111111111111111111111111111111111100011111111000000111111111100000001111111111110000000011111111111000000011111111110000000011111111110011111111000000111111111111000011111111111110000000111111111111000000011111111110000001111111111110
111111111111111111111111111111111111111111111111111111111111111111111111111111111111111111111111111111100000000111111000000000011111110000000000001111111100000000000111111100000000001111111100000000001100000000111111000000000000111100000000000001111111000000000000111111100000000001111110000000000001
111111111111111111111111111111111111111111111111111111111111111111111111111111111111111111111111111100011110111000000111000001100000001111110000110000000011111000011000000011111111110000000011000000000011111111000000111111111111000011111111111110000000111111111111000000011111111110000001111111111110
111111111111111111111111111111111111111111111111111111111111111111111111111111111111111111111111111111100001000111111000111110011111110000001111001111111100000111100111111100000000001111111100111111111100000000111111000000000000111100000000000001111111000000000000111111100000000001111110000000000001
111111111111111111111111111111111111111111111111111111111111111111111111111111111111111111111111111100011110111000000111000001100000001111110000110000000011111000011000000011111111110000000011000000000011111111000000111111111111000011111111111110000000111111111111000000011111111110000001111111111110
111111111111111111111111111111111111111111111111111111111111111111111111111111111111111111111111111111100001000111111000111110011111110000001111001111111100000111100111111100000000001111111100111111111100000000111111000000000000111100000000000001111111000000000000111111100000000001111110000000000001
111111111111111111111111111111111111111111111111111111111111111111111111111111111111111111111111111100011110111000000111000001100000001111110000110000000011111000011000000011111111110000000011000000000011111111000000111111111111000011111111111110000000111111111111000000011111111110000001111111111110
111111111111111111111111111111111111111111111111111111111111111111111111111111111111111111111111111111100001000111111000111110011111110000001111001111111100000111100111111100000000001111111100111111111100000000111111000000000000111100000000000001111111000000000000111111100000000001111110000000000001
111111111111111111111111111111111111111111111111111111111111111111111111111111111111111111111111111100011110111000000111000001100000001111110000110000000011111000011000000011111111110000000011000000000011111111000000111111111111000011111111111110000000111111111111000000011111111110000001111111111110
111111111111111111111111111111111111111111111111111111111111111111111111111111111111111111111111111111100001000111111000111110011111110000001111001111111100000111100111111100000000001111111100111111111100000000111111000000000000111100000000000001111111000000000000111111100000000001111110000000000001
111111111111111111111111111111111111111111111111111111111111111111111111111111111111111111111111111100011110111000000111000001100000001111110000110000000011111000011000000011111111110000000011000000000011111111000000111111111111000011111111111110000000111111111111000000011111111110000001111111111110
111111111111111111111111111111111111111111111111111111111111111111111111111111111111111111111111111111100001000111111000111110011111110000001111001111111100000111100111111100000000001111111100111111111100000000111111000000000000111100000000000001111111000000000000111111100000000001111110000000000001
111111111111111111111111111111111111111111111111111111111111111111111111111111111111111111111111111100000000000000000000000000000111000000000000000111110000000000000001110000000000000011110000000000000000000000000000000000000000000000000000000000000000000000000000000000000000000000000000000000000000
111111111111111111111111111111111111111111111111111111111111111111111111111111111111111111111111111100011110111000000111000001100000001111110000110000000011111000011000000011111111110000000011000000000011111111000000111111111111000011111111111110000000111111111111000000011111111110000001111111111110
111111111111111111111111111111111111111111111111111111111111111111111111111111111111111111111111111111100001000111111000111110011111110000001111001111111100000111100111111100000000001111111100111111111100000000111111000000000000111100000000000001111111000000000000111111100000000001111110000000000001
111111111111111111111111111111111111111111111111111111111111111111111111111111111111111111111111111100011110111000000111000001100000001111110000110000000011111000011000000011111111110000000011000000000011111111000000111111111111000011111111111110000000111111111111000000011111111110000001111111111110
111111111111111111111111111111111111111111111111111111111111111111111111111111111111111111111111111111100001000111111000111110011111110000001111001111111100000111100111111100000000001111111100111111111100000000111111000000000000111100000000000001111111000000000000111111100000000001111110000000000001
111111111111111111111111111111111111111111111111111111111111111111111111111111111111111111111111111100011110111000000111000001100000001111110000110000000011111000011000000011111111110000000011000000000011111111000000111111111111000011111111111110000000111111111111000000011111111110000001111111111110
111111111111111111111111111111111111111111111111111111111111111111111111111111111111111111111111111111100001000111111000111110011111110000001111001111111100000111100111111100000000001111111100111111111100000000111111000000000000111100000000000001111111000000000000111111100000000001111110000000000001
111111111111111111111111111111111111111111111111111111111111111111111111111111111111111111111111111100011110111000000111000001100000001111110000110000000011111000011000000011111111110000000011000000000011111111000000111111111111000011111111111110000000111111111111000000011111111110000001111111111110
111111111111111111111111111111111111111111111111111111111111111111111111111111111111111111111111111111100001000111111000111110011111110000001111001111111100000111100111111100000000001111111100111111111100000000111111000000000000111100000000000001111111000000000000111111100000000001111110000000000001
111111111111111111111111111111111111111111111111111111111111111111111111111111111111111111111111111100011110111000000111000001100000001111110000110000000011111000011000000011111111110000000011000000000011111111000000111111111111000011111111111110000000111111111111000000011111111110000001111111111110
111111111111111111111111111111111111111111111111111111111111111111111111111111111111111111111111111111100000000111111000000000011111110000000000001111111100000000000111111100000000001111111100000000001100000000111111000000000000111100000000000001111111000000000000111111100000000001111110000000000001
111111111111111111111111111111111111111111111111111111111111111111111111111111111111111111111111111100011111111000000111111111100000001111111111110000000011111111111000000011111111110000000011111111110011111111000000111111111111000011111111111110000000111111111111000000011111111110000001111111111110
111111111111111111111111111111111111111111111111111111111111111111111111111111111111111111111111111111100000000111111000000000011111110000000000001111111100000000000111111100000000001111111100000000001100000000111111000000000000111100000000000001111111000000000000111111100000000001111110000000000001
111111111111111111111111111111111111111111111111111111111111111111111111111111111111111111111111111100011111111000000111111111100000001111111111110000000011111111111000000011111111110000000011111111110011111111000000111111111111000011111111111110000000111111111111000000011111111110000001111111111110
111111111111111111111111111111111111111111111111111111111111111111111111111111111111111111111111111111100000000111111000000000011111110000000000001111111100000000000111111100000000001111111100000000001100000000111111000000000000111100000000000001111111000000000000111111100000000001111110000000000001
111111111111111111111111111111111111111111111111111111111111111111111111111111111111111111111111111100011111111000000111111111100000001111111111110000000011111111111000000011111111110000000011111111110011111111000000111111111111000011111111111110000000111111111111000000011111111110000001111111111110
111111111111111111111111111111111111111111111111111111111111111111111111111111111111111111111111111111100000000111111000000000011111110000000000001111111100000000000111111100000000001111111100000000001100000000111111000000000000111100000000000001111111000000000000111111100000000001111110000000000001
111111111111111111111111111111111111111111111111111111111111111111111111111111111111111111111111111100000001000000000000111110000000000000001111000000000000000111100000000000000000000000000000111111110000000000000000000000000000000000000000000000000000000000000000000000000000000000000000000000000000
111111111111111111111111111111111111111111111111111111111111111111111111111111111111111111111111111111111110111111111111000001111111111111110000111111111111111000011111111111111111111111111111000000001111111111111111111111111111111111111111111111111111111111111111111111111111111111111111111111111111
111111111111111111111111111111111111111111111111111111111111111111111111111111111111111111111111111100000000000000000000000000000000000000000000000000000000000000000000000000000000000000000000000000000000000000000000000000000000000000000000000000000000000000000000000000000000000000000000000000000000
111111111111111111111111111111111111111111111111111111111111111111111111111111111111111111111111111111111111111111111111111111111111111111111111111111111111111111111111111111111111111111111111111111111111111111111111111111111111111111111111111111111111111111111111111111111111111111111111111111111111
111111111111111111111111111111111111111111111111111111111111111111111111111111111111111111111111111100000000000000000000000000000000000000000000000000000000000000000000000000000000000000000000000000000000000000000000000000000000000000000000000000000000000000000000000000000000000000000000000000000000
111111111111111111111111111111111111111111111111111111111111111111111111111111111111111111111111111111111111111111111111111111111111111111111111111111111111111111111111111111111111111111111111111111111111111111111111111111111111111111111111111111111111111111111111111111111111111111111111111111111111
111111111111111111111111111111111111111111111111111111111111111111111111111111111111111111111111111100000000000000000000000000000000000000000000000000000000000000000000000000000000000000000000000000000000000000000000000000000000000000000000000000000000000000000000000000000000000000000000000000000000
111111111111111111111111111111111111111111111111111111111111111111111111111111111111111111111111111111111111111111111111111111111111111111111111111111111111111111111111111111111111111111111111111111111111111111111111111111111111111111111111111111111111111111111111111111111111111111111111111111111111
000000000000000000000000000000000000000000000000000000000000000000000000000000000000000000000000000000000000000000000000000000000000000000000000000000000000000000000000000000000000000000000000000000000000000000000000000000000000000000000000000000000000000000000000000000000000000000000000000000000000
000000000000000000000000000000000000000000000000000000000000000000000000000000000000000000000000000000000000000000000000000000000000000000000000000000000000000000000000000000000000000000000000000000000000000000000000000000000000000000000000000000000000000000000000000000000000000000000000000000000000
000000000000000000000000000000000000000000000000000000000000000000000000000000000000000000000000000000000000000000000000000000000000000000000000000000000000000000000000000000000000000000000000000000000000000000000000000000000000000000000000000000000000000000000000000000000000000000000000000000000000
000000000000000000000000000000000000000000000000000000000000000000000000000000000000000000000000000000000000000000000000000000000000000000000000000000000000000000000000000000000000000000000000000000000000000000000000000000000000000000000000000000000000000000000000000000000000000000000000000000000000
000000000000000000000000000000000000000000000000000000000000000000000000000000000000000000000000000000000000000000000000000000000000000000000000000000000000000000000000000000000000000000000000000000000000000000000000000000000000000000000000000000000000000000000000000000000000000000000000000000000000
000000000000000000000000000000000000000000000000000000000000000000000000000000000000000000000000000000000000000000000000000000000000000000000000000000000000000000000000000000000000000000000000000000000000000000000000000000000000000000000000000000000000000000000000000000000000000000000000000000000000
000000000000000000000000000000000000000000000000000000000000000000000000000000000000000000000000000000000000000000000000000000000000000000000000000000000000000000000000000000000000000000000000000000000000000000000000000000000000000000000000000000000000000000000000000000000000000000000000000000000000
000000000000000000000000000000000000000000000000000000000000000000000000000000000000000000000000000000000000000000000000000000000000000000000000000000000000000000000000000000000000000000000000000000000000000000000000000000000000000000000000000000000000000000000000000000000000000000000000000000000000
000000000000000000000000000000000000000000000000000000000000000000000000000000000000000000000000000000000000000000000000000000000000000000000000000000000000000000000000000000000000000000000000000000000000000000000000000000000000000000000000000000000000000000000000000000000000000000000000000000000000
000000000000000000000000000000000000000000000000000000000000000000000000000000000000000000000000000000000000000000000000000000000000000000000000000000000000000000000000000000000000000000000000000000000000000000000000000000000000000000000000000000000000000000000000000000000000000000000000000000000000
111111111111111111111111111111111111111111111111111111111111111111111111111111111111111111111111111111111111111111111111111111111111111111111111111111111111111111111111111111111111111111111111111111111111111111111111111111111111111111111111111111111111111111111111111111111111111111111111111111111111
111111111111111111111111111111111111111111111111111111111111111111111111111111111111111111111111111100000000000000000000000000000000000000000000000000000000000000000000000000000000000000000000000000000000000000000000000000000000000000000000000000000000000000000000000000000000000000000000000000000000
111111111111111111111111111111111111111111111111111111111111111111111111111111111111111111111111111111111111111111111111111111111111111111111111111111111111111111111111111111111111111111111111111111111111111111111111111111111111111111111111111111111111111111111111111111111111111111111111111111111111
111111111111111111111111111111111111111111111111111111111111111111111111111111111111111111111111111100000000000000000000000000000000000000000000000000000000000000000000000000000000000000000000000000000000000000000000000000000000000000000000000000000000000000000000000000000000000000000000000000000000
111111111111111111111111111111111111111111111111111111111111111111111111111111111111111111111111111111111111111111111111111111111111111111111111111111111111111111111111111111111111111111111111111111111111111111111111111111111111111111111111111111111111111111111111111111111111111111111111111111111111
111111111111111111111111111111111111111111111111111111111111111111111111111111111111111111111111111100000000000000000000000000000000000000000000000000000000000000000000000000000000000000000000000000000000000000000000000000000000000000000000000000000000000000000000000000000000000000000000000000000000
111111111111111111111111111111111111111111111111111111111111111111111111111111111111111111111111111101111111111111111011111111111100000111111111111111000011111111111111100001111111111111111111111111111111111111111111111111111111111111111111111111111111111111111111111111111111111111111111111111111111
111111111111111111111111111111111111111111111111111111111111111111111111111111111111111111111111111110000000000000000100000000000011111000000000000000111100000000000000011110000000000000000000000000000000000000000000000000000000000000000000000000000000000000000000000000000000000000000000000000000000
111111111111111111111111111111111111111111111111111111111111111111111111111111111111111111111111111100011111111110000000011111100000000001111111000000000000111111110000000000011111110000000000111111110001111111110000000011111100000000000011110000000000000111111100000000000011111110000000000111111000
111111111111111111111111111111111111111111111111111111111111111111111111111111111111111111111111111111100000000001111111100000011111111110000000111111111111000000001111111111100000001111111111000000001110000000001111111100000011111111111100001111111111111000000011111111111100000001111111111000000111
111111111111111111111111111111111111111111111111111111111111111111111111111111111111111111111111111100011111111110000000011111100000000001111111000000000000111111110000000000011111110000000000111111110001111111110000000011111100000000000011110000000000000111111100000000000011111110000000000111111000
111111111111111111111111111111111111111111111111111111111111111111111111111111111111111111111111111111100000000001111111100000011111111110000000111111111111000000001111111111100000001111111111000000001110000000001111111100000011111111111100001111111111111000000011111111111100000001111111111000000111
111111111111111111111111111111111111111111111111111111111111111111111111111111111111111111111111111100011111111110000000011111100000000001111111000000000000111111110000000000011111110000000000111111110001111111110000000011111100000000000011110000000000000111111100000000000011111110000000000111111000
111111111111111111111111111111111111111111111111111111111111111111111111111111111111111111111111111111100000000001111111100000011111111110000000111111111111000000001111111111100000001111111111000000001110000000001111111100000011111111111100001111111111111000000011111111111100000001111111111000000111
111111111111111111111111111111111111111111111111111111111111111111111111111111111111111111111111111100011111111110000000011111100000000001111111000000000000111111110000000000011111110000000000111111110001111111110000000011111100000000000011110000000000000111111100000000000011111110000000000111111000
111111111111111111111111111111111111111111111111111111111111111111111111111111111111111111111111111101100000000001111011100000011100000110000000111111000011000000001111100001100000001111111111000000001110000000001111111100000011111111111100001111111111111000000011111111111100000001111111111000000111
111111111111111111111111111111111111111111111111111111111111111111111111111111111111111111111111111110011111111110000100011111100011111001111111000000111100111111110000011110011111110000000000111111110001111111110000000011111100000000000011110000000000000111111100000000000011111110000000000111111000
111111111111111111111111111111111111111111111111111111111111111111111111111111111111111111111111111101100000000001111011100000011100000110000000111111000011000000001111100001100000001111111111000000001110000000001111111100000011111111111100001111111111111000000011111111111100000001111111111000000111
111111111111111111111111111111111111111111111111111111111111111111111111111111111111111111111111111110011111111110000100011111100011111001111111000000111100111111110000011110011111110000000000111111110001111111110000000011111100000000000011110000000000000111111100000000000011111110000000000111111000
111111111111111111111111111111111111111111111111111111111111111111111111111111111111111111111111111101100000000001111011100000011100000110000000111111000011000000001111100001100000001111111111000000001110000000001111111100000011111111111100001111111111111000000011111111111100000001111111111000000111
111111111111111111111111111111111111111111111111111111111111111111111111111111111111111111111111111110011111111110000100011111100011111001111111000000111100111111110000011110011111110000000000111111110001111111110000000011111100000000000011110000000000000111111100000000000011111110000000000111111000
111111111111111111111111111111111111111111111111111111111111111111111111111111111111111111111111111101100000000001111011100000011100000110000000111111000011000000001111100001100000001111111111000000001110000000001111111100000011111111111100001111111111111000000011111111111100000001111111111000000111
111111111111111111111111111111111111111111111111111111111111111111111111111111111111111111111111111110011111111110000100011111100011111001111111000000111100111111110000011110011111110000000000111111110001111111110000000011111100000000000011110000000000000111111100000000000011111110000000000111111000
111111111111111111111111111111111111111111111111111111111111111111111111111111111111111111111111111101100000000001111011100000011100000110000000111111000011000000001111100001100000001111111111000000001110000000001111111100000011111111111100001111111111111000000011111111111100000001111111111000000111
111111111111111111111111111111111111111111111111111111111111111111111111111111111111111111111111111110011111111110000100011111100011111001111111000000111100111111110000011110011111110000000000111111110001111111110000000011111100000000000011110000000000000111111100000000000011111110000000000111111000
111111111111111111111111111111111111111111111111111111111111111111111111111111111111111111111111111100000111100000000000000000000000000000011100000000000000011111000000000000000111000000000000001111000000000000000000000000000000000000000000000000000000000000000000000000000000000000000000000000000000
111111111111111111111111111111111111111111111111111111111111111111111111111111111111111111111111111101100000000001111011100000011100000110000000111111000011000000001111100001100000001111111111000000001110000000001111111100000011111111111100001111111111111000000011111111111100000001111111111000000111
111111111111111111111111111111111111111111111111111111111111111111111111111111111111111111111111111110011111111110000100011111100011111001111111000000111100111111110000011110011111110000000000111111110001111111110000000011111100000000000011110000000000000111111100000000000011111110000000000111111000
111111111111111111111111111111111111111111111111111111111111111111111111111111111111111111111111111101100000000001111011100000011100000110000000111111000011000000001111100001100000001111111111000000001110000000001111111100000011111111111100001111111111111000000011111111111100000001111111111000000111
111111111111111111111111111111111111111111111111111111111111111111111111111111111111111111111111111110011111111110000100011111100011111001111111000000111100111111110000011110011111110000000000111111110001111111110000000011111100000000000011110000000000000111111100000000000011111110000000000111111000
111111111111111111111111111111111111111111111111111111111111111111111111111111111111111111111111111101100000000001111011100000011100000110000000111111000011000000001111100001100000001111111111000000001110000000001111111100000011111111111100001111111111111000000011111111111100000001111111111000000111
111111111111111111111111111111111111111111111111111111111111111111111111111111111111111111111111111110011111111110000100011111100011111001111111000000111100111111110000011110011111110000000000111111110001111111110000000011111100000000000011110000000000000111111100000000000011111110000000000111111000
111111111111111111111111111111111111111111111111111111111111111111111111111111111111111111111111111101100000000001111011100000011100000110000000111111000011000000001111100001100000001111111111000000001110000000001111111100000011111111111100001111111111111000000011111111111100000001111111111000000111
111111111111111111111111111111111111111111111111111111111111111111111111111111111111111111111111111110011111111110000100011111100011111001111111000000111100111111110000011110011111110000000000111111110001111111110000000011111100000000000011110000000000000111111100000000000011111110000000000111111000
111111111111111111111111111111111111111111111111111111111111111111111111111111111111111111111111111101100000000001111011100000011100000110000000111111000011000000001111100001100000001111111111000000001110000000001111111100000011111111111100001111111111111000000011111111111100000001111111111000000111
111111111111111111111111111111111111111111111111111111111111111111111111111111111111111111111111111100011111111110000000011111100000000001111111000000000000111111110000000000011111110000000000111111110001111111110000000011111100000000000011110000000000000111111100000000000011111110000000000111111000
111111111111111111111111111111111111111111111111111111111111111111111111111111111111111111111111111111100000000001111111100000011111111110000000111111111111000000001111111111100000001111111111000000001110000000001111111100000011111111111100001111111111111000000011111111111100000001111111111000000111
111111111111111111111111111111111111111111111111111111111111111111111111111111111111111111111111111100011111111110000000011111100000000001111111000000000000111111110000000000011111110000000000111111110001111111110000000011111100000000000011110000000000000111111100000000000011111110000000000111111000
111111111111111111111111111111111111111111111111111111111111111111111111111111111111111111111111111111100000000001111111100000011111111110000000111111111111000000001111111111100000001111111111000000001110000000001111111100000011111111111100001111111111111000000011111111111100000001111111111000000111
111111111111111111111111111111111111111111111111111111111111111111111111111111111111111111111111111100011111111110000000011111100000000001111111000000000000111111110000000000011111110000000000111111110001111111110000000011111100000000000011110000000000000111111100000000000011111110000000000111111000
111111111111111111111111111111111111111111111111111111111111111111111111111111111111111111111111111111100000000001111111100000011111111110000000111111111111000000001111111111100000001111111111000000001110000000001111111100000011111111111100001111111111111000000011111111111100000001111111111000000111
111111111111111111111111111111111111111111111111111111111111111111111111111111111111111111111111111100011111111110000000011111100000000001111111000000000000111111110000000000011111110000000000111111110001111111110000000011111100000000000011110000000000000111111100000000000011111110000000000111111000
111111111111111111111111111111111111111111111111111111111111111111111111111111111111111111111111111110000000000000000100000000000011111000000000000000111100000000000000011110000000000000000000000000000000000000000000000000000000000000000000000000000000000000000000000000000000000000000000000000000000
111111111111111111111111111111111111111111111111111111111111111111111111111111111111111111111111111101111111111111111011111111111100000111111111111111000011111111111111100001111111111111111111111111111111111111111111111111111111111111111111111111111111111111111111111111111111111111111111111111111111
111111111111111111111111111111111111111111111111111111111111111111111111111111111111111111111111111100000000000000000000000000000000000000000000000000000000000000000000000000000000000000000000000000000000000000000000000000000000000000000000000000000000000000000000000000000000000000000000000000000000
111111111111111111111111111111111111111111111111111111111111111111111111111111111111111111111111111111111111111111111111111111111111111111111111111111111111111111111111111111111111111111111111111111111111111111111111111111111111111111111111111111111111111111111111111111111111111111111111111111111111
111111111111111111111111111111111111111111111111111111111111111111111111111111111111111111111111111100000000000000000000000000000000000000000000000000000000000000000000000000000000000000000000000000000000000000000000000000000000000000000000000000000000000000000000000000000000000000000000000000000000
111111111111111111111111111111111111111111111111111111111111111111111111111111111111111111111111111111111111111111111111111111111111111111111111111111111111111111111111111111111111111111111111111111111111111111111111111111111111111111111111111111111111111111111111111111111111111111111111111111111111
111111111111111111111111111111111111111111111111111111111111111111111111111111111111111111111111111100000000000000000000000000000000000000000000000000000000000000000000000000000000000000000000000000000000000000000000000000000000000000000000000000000000000000000000000000000000000000000000000000000000
111111111111111111111111111111111111111111111111111111111111111111111111111111111111111111111111111111111111111111111111111111111111111111111111111111111111111111111111111111111111111111111111111111111111111111111111111111111111111111111111111111111111111111111111111111111111111111111111111111111111
000000000000000000000000000000000000000000000000000000000000000000000000000000000000000000000000000000000000000000000000000000000000000000000000000000000000000000000000000000000000000000000000000000000000000000000000000000000000000000000000000000000000000000000000000000000000000000000000000000000000
000000000000000000000000000000000000000000000000000000000000000000000000000000000000000000000000000000000000000000000000000000000000000000000000000000000000000000000000000000000000000000000000000000000000000000000000000000000000000000000000000000000000000000000000000000000000000000000000000000000000
000000000000000000000000000000000000000000000000000000000000000000000000000000000000000000000000000000000000000000000000000000000000000000000000000000000000000000000000000000000000000000000000000000000000000000000000000000000000000000000000000000000000000000000000000000000000000000000000000000000000
000000000000000000000000000000000000000000000000000000000000000000000000000000000000000000000000000000000000000000000000000000000000000000000000000000000000000000000000000000000000000000000000000000000000000000000000000000000000000000000000000000000000000000000000000000000000000000000000000000000000
000000000000000000000000000000000000000000000000000000000000000000000000000000000000000000000000000000000000000000000000000000000000000000000000000000000000000000000000000000000000000000000000000000000000000000000000000000000000000000000000000000000000000000000000000000000000000000000000000000000000
000000000000000000000000000000000000000000000000000000000000000000000000000000000000000000000000000000000000000000000000000000000000000000000000000000000000000000000000000000000000000000000000000000000000000000000000000000000000000000000000000000000000000000000000000000000000000000000000000000000000
000000000000000000000000000000000000000000000000000000000000000000000000000000000000000000000000000000000000000000000000000000000000000000000000000000000000000000000000000000000000000000000000000000000000000000000000000000000000000000000000000000000000000000000000000000000000000000000000000000000000
000000000000000000000000000000000000000000000000000000000000000000000000000000000000000000000000000000000000000000000000000000000000000000000000000000000000000000000000000000000000000000000000000000000000000000000000000000000000000000000000000000000000000000000000000000000000000000000000000000000000
000000000000000000000000000000000000000000000000000000000000000000000000000000000000000000000000000000000000000000000000000000000000000000000000000000000000000000000000000000000000000000000000000000000000000000000000000000000000000000000000000000000000000000000000000000000000000000000000000000000000
000000000000000000000000000000000000000000000000000000000000000000000000000000000000000000000000000000000000000000000000000000000000000000000000000000000000000000000000000000000000000000000000000000000000000000000000000000000000000000000000000000000000000000000000000000000000000000000000000000000000
111111111111111111111111111111111111111111111111111111111111111111111111111111111111111111111111111111111111111111111111111111111111111111111111111111111111111111111111111111111111111111111111111111111111111111111111111111111111111111111111111111111111111111111111111111111111111111111111111111111111
111111111111111111111111111111111111111111111111111111111111111111111111111111111111111111111111111100000000000000000000000000000000000000000000000000000000000000000000000000000000000000000000000000000000000000000000000000000000000000000000000000000000000000000000000000000000000000000000000000000000
111111111111111111111111111111111111111111111111111111111111111111111111111111111111111111111111111111111111111111111111111111111111111111111111111111111111111111111111111111111111111111111111111111111111111111111111111111111111111111111111111111111111111111111111111111111111111111111111111111111111
111111111111111111111111111111111111111111111111111111111111111111111111111111111111111111111111111100000000000000000000000000000000000000000000000000000000000000000000000000000000000000000000000000000000000000000000000000000000000000000000000000000000000000000000000000000000000000000000000000000000
111111111111111111111111111111111111111111111111111111111111111111111111111111111111111111111111111111111111111111111111111111111111111111111111111111111111111111111111111111111111111111111111111111111111111111111111111111111111111111111111111111111111111111111111111111111111111111111111111111111111
111111111111111111111111111111111111111111111111111111111111111111111111111111111111111111111111111100000000000000000000000000000000000000000000000000000000000000000000000000000000000000000000000000000000000000000000000000000000000000000000000000000000000000000000000000000000000000000000000000000000
111111111111111111111111111111111111111111111111111111111111111111111111111111111111111111111111111111111000000111111111111111101111111111110000011111111111111100001111111111111110000111111111111111111111111111111111111111111111111111111111111111111111111111111111111111111111111111111111111111111111
111111111111111111111111111111111111111111111111111111111111111111111111111111111111111111111111111100000111111000000000000000010000000000001111100000000000000011110000000000000001111000000000000000000000000000000000000000000000000000000000000000000000000000000000000000000000000000000000000000000000
111111111111111111111111111111111111111111111111111111111111111111111111111111111111111111111111111111000000000001111111111000000001111110000000000111111100000000000011111111000000000001111111000000000000000000000111111111000000001111110000000000001111000000000000011111110000000000001111111000000000
111111111111111111111111111111111111111111111111111111111111111111111111111111111111111111111111111100111111111110000000000111111110000001111111111000000011111111111100000000111111111110000000111111111111111111111000000000111111110000001111111111110000111111111111100000001111111111110000000111111111
111111111111111111111111111111111111111111111111111111111111111111111111111111111111111111111111111111000000000001111111111000000001111110000000000111111100000000000011111111000000000001111111000000000000000000000111111111000000001111110000000000001111000000000000011111110000000000001111111000000000
111111111111111111111111111111111111111111111111111111111111111111111111111111111111111111111111111100111111111110000000000111111110000001111111111000000011111111111100000000111111111110000000111111111111111111111000000000111111110000001111111111110000111111111111100000001111111111110000000111111111
111111111111111111111111111111111111111111111111111111111111111111111111111111111111111111111111111111000000000001111111111000000001111110000000000111111100000000000011111111000000000001111111000000000000000000000111111111000000001111110000000000001111000000000000011111110000000000001111111000000000
111111111111111111111111111111111111111111111111111111111111111111111111111111111111111111111111111100111111111110000000000111111110000001111111111000000011111111111100000000111111111110000000111111111111111111111000000000111111110000001111111111110000111111111111100000001111111111110000000111111111
111111111111111111111111111111111111111111111111111111111111111111111111111111111111111111111111111111000000000001111111111000000001111110000000000111111100000000000011111111000000000001111111000000000000000000000111111111000000001111110000000000001111000000000000011111110000000000001111111000000000
111111111111111111111111111111111111111111111111111111111111111111111111111111111111111111111111111100111000000110000000000111101110000001110000011000000011111100001100000000111110000110000000111111111111111111111000000000111111110000001111111111110000111111111111100000001111111111110000000111111111
111111111111111111111111111111111111111111111111111111111111111111111111111111111111111111111111111111000111111001111111111000010001111110001111100111111100000011110011111111000001111001111111000000000000000000000111111111000000001111110000000000001111000000000000011111110000000000001111111000000000
111111111111111111111111111111111111111111111111111111111111111111111111111111111111111111111111111100111000000110000000000111101110000001110000011000000011111100001100000000111110000110000000111111111111111111111000000000111111110000001111111111110000111111111111100000001111111111110000000111111111
111111111111111111111111111111111111111111111111111111111111111111111111111111111111111111111111111111000111111001111111111000010001111110001111100111111100000011110011111111000001111001111111000000000000000000000111111111000000001111110000000000001111000000000000011111110000000000001111111000000000
111111111111111111111111111111111111111111111111111111111111111111111111111111111111111111111111111100111000000110000000000111101110000001110000011000000011111100001100000000111110000110000000111111111111111111111000000000111111110000001111111111110000111111111111100000001111111111110000000111111111
111111111111111111111111111111111111111111111111111111111111111111111111111111111111111111111111111111000111111001111111111000010001111110001111100111111100000011110011111111000001111001111111000000000000000000000111111111000000001111110000000000001111000000000000011111110000000000001111111000000000
111111111111111111111111111111111111111111111111111111111111111111111111111111111111111111111111111100111000000110000000000111101110000001110000011000000011111100001100000000111110000110000000111111111111111111111000000000111111110000001111111111110000111111111111100000001111111111110000000111111111
111111111111111111111111111111111111111111111111111111111111111111111111111111111111111111111111111111000111111001111111111000010001111110001111100111111100000011110011111111000001111001111111000000000000000000000111111111000000001111110000000000001111000000000000011111110000000000001111111000000000
111111111111111111111111111111111111111111111111111111111111111111111111111111111111111111111111111100111000000110000000000111101110000001110000011000000011111100001100000000111110000110000000111111111111111111111000000000111111110000001111111111110000111111111111100000001111111111110000000111111111
111111111111111111111111111111111111111111111111111111111111111111111111111111111111111111111111111111000111111001111111111000010001111110001111100111111100000011110011111111000001111001111111000000000000000000000111111111000000001111110000000000001111000000000000011111110000000000001111111000000000
111111111111111111111111111111111111111111111111111111111111111111111111111111111111111111111111111100000000000000011110000000000000000000000000000001110000000000000001111100000000000000011100000000000000000000000000000000000000000000000000000000000000000000000000000000000000000000000000000000000000
111111111111111111111111111111111111111111111111111111111111111111111111111111111111111111111111111100111000000110000000000111101110000001110000011000000011111100001100000000111110000110000000111111111111111111111000000000111111110000001111111111110000111111111111100000001111111111110000000111111111
111111111111111111111111111111111111111111111111111111111111111111111111111111111111111111111111111111000111111001111111111000010001111110001111100111111100000011110011111111000001111001111111000000000000000000000111111111000000001111110000000000001111000000000000011111110000000000001111111000000000
111111111111111111111111111111111111111111111111111111111111111111111111111111111111111111111111111100111000000110000000000111101110000001110000011000000011111100001100000000111110000110000000111111111111111111111000000000111111110000001111111111110000111111111111100000001111111111110000000111111111
111111111111111111111111111111111111111111111111111111111111111111111111111111111111111111111111111111000111111001111111111000010001111110001111100111111100000011110011111111000001111001111111000000000000000000000111111111000000001111110000000000001111000000000000011111110000000000001111111000000000
111111111111111111111111111111111111111111111111111111111111111111111111111111111111111111111111111100111000000110000000000111101110000001110000011000000011111100001100000000111110000110000000111111111111111111111000000000111111110000001111111111110000111111111111100000001111111111110000000111111111
111111111111111111111111111111111111111111111111111111111111111111111111111111111111111111111111111111000111111001111111111000010001111110001111100111111100000011110011111111000001111001111111000000000000000000000111111111000000001111110000000000001111000000000000011111110000000000001111111000000000
111111111111111111111111111111111111111111111111111111111111111111111111111111111111111111111111111100111000000110000000000111101110000001110000011000000011111100001100000000111110000110000000111111111111111111111000000000111111110000001111111111110000111111111111100000001111111111110000000111111111
111111111111111111111111111111111111111111111111111111111111111111111111111111111111111111111111111111000111111001111111111000010001111110001111100111111100000011110011111111000001111001111111000000000000000000000111111111000000001111110000000000001111000000000000011111110000000000001111111000000000
111111111111111111111111111111111111111111111111111111111111111111111111111111111111111111111111111100111000000110000000000111101110000001110000011000000011111100001100000000111110000110000000111111111111111111111000000000111111110000001111111111110000111111111111100000001111111111110000000111111111
111111111111111111111111111111111111111111111111111111111111111111111111111111111111111111111111111111000000000001111111111000000001111110000000000111111100000000000011111111000000000001111111000000000000000000000111111111000000001111110000000000001111000000000000011111110000000000001111111000000000
111111111111111111111111111111111111111111111111111111111111111111111111111111111111111111111111111100111111111110000000000111111110000001111111111000000011111111111100000000111111111110000000111111111111111111111000000000111111110000001111111111110000111111111111100000001111111111110000000111111111
111111111111111111111111111111111111111111111111111111111111111111111111111111111111111111111111111111000000000001111111111000000001111110000000000111111100000000000011111111000000000001111111000000000000000000000111111111000000001111110000000000001111000000000000011111110000000000001111111000000000
111111111111111111111111111111111111111111111111111111111111111111111111111111111111111111111111111100111111111110000000000111111110000001111111111000000011111111111100000000111111111110000000111111111111111111111000000000111111110000001111111111110000111111111111100000001111111111110000000111111111
111111111111111111111111111111111111111111111111111111111111111111111111111111111111111111111111111111000000000001111111111000000001111110000000000111111100000000000011111111000000000001111111000000000000000000000111111111000000001111110000000000001111000000000000011111110000000000001111111000000000
111111111111111111111111111111111111111111111111111111111111111111111111111111111111111111111111111100111111111110000000000111111110000001111111111000000011111111111100000000111111111110000000111111111111111111111000000000111111110000001111111111110000111111111111100000001111111111110000000111111111
111111111111111111111111111111111111111111111111111111111111111111111111111111111111111111111111111111000000000001111111111000000001111110000000000111111100000000000011111111000000000001111111000000000000000000000111111111000000001111110000000000001111000000000000011111110000000000001111111000000000
111111111111111111111111111111111111111111111111111111111111111111111111111111111111111111111111111100000111111000000000000000010000000000001111100000000000000011110000000000000001111000000000000000000000000000000000000000000000000000000000000000000000000000000000000000000000000000000000000000000000
111111111111111111111111111111111111111111111111111111111111111111111111111111111111111111111111111111111000000111111111111111101111111111110000011111111111111100001111111111111110000111111111111111111111111111111111111111111111111111111111111111111111111111111111111111111111111111111111111111111111
111111111111111111111111111111111111111111111111111111111111111111111111111111111111111111111111111100000000000000000000000000000000000000000000000000000000000000000000000000000000000000000000000000000000000000000000000000000000000000000000000000000000000000000000000000000000000000000000000000000000
111111111111111111111111111111111111111111111111111111111111111111111111111111111111111111111111111111111111111111111111111111111111111111111111111111111111111111111111111111111111111111111111111111111111111111111111111111111111111111111111111111111111111111111111111111111111111111111111111111111111
111111111111111111111111111111111111111111111111111111111111111111111111111111111111111111111111111100000000000000000000000000000000000000000000000000000000000000000000000000000000000000000000000000000000000000000000000000000000000000000000000000000000000000000000000000000000000000000000000000000000
111111111111111111111111111111111111111111111111111111111111111111111111111111111111111111111111111111111111111111111111111111111111111111111111111111111111111111111111111111111111111111111111111111111111111111111111111111111111111111111111111111111111111111111111111111111111111111111111111111111111
111111111111111111111111111111111111111111111111111111111111111111111111111111111111111111111111111100000000000000000000000000000000000000000000000000000000000000000000000000000000000000000000000000000000000000000000000000000000000000000000000000000000000000000000000000000000000000000000000000000000
111111111111111111111111111111111111111111111111111111111111111111111111111111111111111111111111111111111111111111111111111111111111111111111111111111111111111111111111111111111111111111111111111111111111111111111111111111111111111111111111111111111111111111111111111111111111111111111111111111111111
000000000000000000000000000000000000000000000000000000000000000000000000000000000000000000000000000000000000000000000000000000000000000000000000000000000000000000000000000000000000000000000000000000000000000000000000000000000000000000000000000000000000000000000000000000000000000000000000000000000000
000000000000000000000000000000000000000000000000000000000000000000000000000000000000000000000000000000000000000000000000000000000000000000000000000000000000000000000000000000000000000000000000000000000000000000000000000000000000000000000000000000000000000000000000000000000000000000000000000000000000
000000000000000000000000000000000000000000000000000000000000000000000000000000000000000000000000000000000000000000000000000000000000000000000000000000000000000000000000000000000000000000000000000000000000000000000000000000000000000000000000000000000000000000000000000000000000000000000000000000000000
000000000000000000000000000000000000000000000000000000000000000000000000000000000000000000000000000000000000000000000000000000000000000000000000000000000000000000000000000000000000000000000000000000000000000000000000000000000000000000000000000000000000000000000000000000000000000000000000000000000000
000000000000000000000000000000000000000000000000000000000000000000000000000000000000000000000000000000000000000000000000000000000000000000000000000000000000000000000000000000000000000000000000000000000000000000000000000000000000000000000000000000000000000000000000000000000000000000000000000000000000
000000000000000000000000000000000000000000000000000000000000000000000000000000000000000000000000000000000000000000000000000000000000000000000000000000000000000000000000000000000000000000000000000000000000000000000000000000000000000000000000000000000000000000000000000000000000000000000000000000000000
000000000000000000000000000000000000000000000000000000000000000000000000000000000000000000000000000000000000000000000000000000000000000000000000000000000000000000000000000000000000000000000000000000000000000000000000000000000000000000000000000000000000000000000000000000000000000000000000000000000000
000000000000000000000000000000000000000000000000000000000000000000000000000000000000000000000000000000000000000000000000000000000000000000000000000000000000000000000000000000000000000000000000000000000000000000000000000000000000000000000000000000000000000000000000000000000000000000000000000000000000
000000000000000000000000000000000000000000000000000000000000000000000000000000000000000000000000000000000000000000000000000000000000000000000000000000000000000000000000000000000000000000000000000000000000000000000000000000000000000000000000000000000000000000000000000000000000000000000000000000000000
000000000000000000000000000000000000000000000000000000000000000000000000000000000000000000000000000000000000000000000000000000000000000000000000000000000000000000000000000000000000000000000000000000000000000000000000000000000000000000000000000000000000000000000000000000000000000000000000000000000000
111111111111111111111111111111111111111111111111111111111111111111111111111111111111111111111111111111111111111111111111111111111111111111111111111111111111111111111111111111111111111111111111111111111111111111111111111111111111111111111111111111111111111111111111111111111111111111111111111111111111
111111111111111111111111111111111111111111111111111111111111111111111111111111111111111111111111111100000000000000000000000000000000000000000000000000000000000000000000000000000000000000000000000000000000000000000000000000000000000000000000000000000000000000000000000000000000000000000000000000000000
111111111111111111111111111111111111111111111111111111111111111111111111111111111111111111111111111111111111111111111111111111111111111111111111111111111111111111111111111111111111111111111111111111111111111111111111111111111111111111111111111111111111111111111111111111111111111111111111111111111111
111111111111111111111111111111111111111111111111111111111111111111111111111111111111111111111111111100000000000000000000000000000000000000000000000000000000000000000000000000000000000000000000000000000000000000000000000000000000000000000000000000000000000000000000000000000000000000000000000000000000
111111111111111111111111111111111111111111111111111111111111111111111111111111111111111111111111111111111111111111111111111111111111111111111111111111111111111111111111111111111111111111111111111111111111111111111111111111111111111111111111111111111111111111111111111111111111111111111111111111111111
111111111111111111111111111111111111111111111111111111111111111111111111111111111111111111111111111100000000000000000000000000000000000000000000000000000000000000000000000000000000000000000000000000000000000000000000000000000000000000000000000000000000000000000000000000000000000000000000000000000000
111111111111111111111111111111111111111111111111111111111111111111111111111111111111111111111111111100011111111111100000011111111111111110111111111111000001111111111111110000111111111111111000011111111111111111111111111111111111111111111111111111111111111111111111111111111111111111111111111111111111
111111111111111111111111111111111111111111111111111111111111111111111111111111111111111111111111111111100000000000011111100000000000000001000000000000111110000000000000001111000000000000000111100000000000000000000000000000000000000000000000000000000000000000000000000000000000000000000000000000000000
111111111111111111111111111111111111111111111111111111111111111111111111111111111111111111111111111100000111111100000000000111111111100000000111111000000000011111110000000000001111111100000000000111110011111110000000000000011111111100000000111111000000000000111100000000000001111111000000000000111111
111111111111111111111111111111111111111111111111111111111111111111111111111111111111111111111111111111111000000011111111111000000000011111111000000111111111100000001111111111110000000011111111111000001100000001111111111111100000000011111111000000111111111111000011111111111110000000111111111111000000
111111111111111111111111111111111111111111111111111111111111111111111111111111111111111111111111111100000111111100000000000111111111100000000111111000000000011111110000000000001111111100000000000111110011111110000000000000011111111100000000111111000000000000111100000000000001111111000000000000111111
111111111111111111111111111111111111111111111111111111111111111111111111111111111111111111111111111111111000000011111111111000000000011111111000000111111111100000001111111111110000000011111111111000001100000001111111111111100000000011111111000000111111111111000011111111111110000000111111111111000000
111111111111111111111111111111111111111111111111111111111111111111111111111111111111111111111111111100000111111100000000000111111111100000000111111000000000011111110000000000001111111100000000000111110011111110000000000000011111111100000000111111000000000000111100000000000001111111000000000000111111
111111111111111111111111111111111111111111111111111111111111111111111111111111111111111111111111111111111000000011111111111000000000011111111000000111111111100000001111111111110000000011111111111000001100000001111111111111100000000011111111000000111111111111000011111111111110000000111111111111000000
111111111111111111111111111111111111111111111111111111111111111111111111111111111111111111111111111100000111111100000000000111111111100000000111111000000000011111110000000000001111111100000000000111110011111110000000000000011111111100000000111111000000000000111100000000000001111111000000000000111111
111111111111111111111111111111111111111111111111111111111111111111111111111111111111111111111111111100011000000011100000011000000000011110111000000111000001100000001111110000110000000011111000011000001100000001111111111111100000000011111111000000111111111111000011111111111110000000111111111111000000
111111111111111111111111111111111111111111111111111111111111111111111111111111111111111111111111111111100111111100011111100111111111100001000111111000111110011111110000001111001111111100000111100111110011111110000000000000011111111100000000111111000000000000111100000000000001111111000000000000111111
111111111111111111111111111111111111111111111111111111111111111111111111111111111111111111111111111100011000000011100000011000000000011110111000000111000001100000001111110000110000000011111000011000001100000001111111111111100000000011111111000000111111111111000011111111111110000000111111111111000000
111111111111111111111111111111111111111111111111111111111111111111111111111111111111111111111111111111100111111100011111100111111111100001000111111000111110011111110000001111001111111100000111100111110011111110000000000000011111111100000000111111000000000000111100000000000001111111000000000000111111
111111111111111111111111111111111111111111111111111111111111111111111111111111111111111111111111111100011000000011100000011000000000011110111000000111000001100000001111110000110000000011111000011000001100000001111111111111100000000011111111000000111111111111000011111111111110000000111111111111000000
111111111111111111111111111111111111111111111111111111111111111111111111111111111111111111111111111111100111111100011111100111111111100001000111111000111110011111110000001111001111111100000111100111110011111110000000000000011111111100000000111111000000000000111100000000000001111111000000000000111111
111111111111111111111111111111111111111111111111111111111111111111111111111111111111111111111111111100011000000011100000011000000000011110111000000111000001100000001111110000110000000011111000011000001100000001111111111111100000000011111111000000111111111111000011111111111110000000111111111111000000
111111111111111111111111111111111111111111111111111111111111111111111111111111111111111111111111111111100111111100011111100111111111100001000111111000111110011111110000001111001111111100000111100111110011111110000000000000011111111100000000111111000000000000111100000000000001111111000000000000111111
111111111111111111111111111111111111111111111111111111111111111111111111111111111111111111111111111100011000000011100000011000000000011110111000000111000001100000001111110000110000000011111000011000001100000001111111111111100000000011111111000000111111111111000011111111111110000000111111111111000000
111111111111111111111111111111111111111111111111111111111111111111111111111111111111111111111111111111100111111100011111100111111111100001000111111000111110011111110000001111001111111100000111100111110011111110000000000000011111111100000000111111000000000000111100000000000001111111000000000000111111
111111111111111111111111111111111111111111111111111111111111111111111111111111111111111111111111111100000001110000000000000001111000000000000000000000000000000111000000000000000111110000000000000001110000000000000000000000000000000000000000000000000000000000000000000000000000000000000000000000000000
111111111111111111111111111111111111111111111111111111111111111111111111111111111111111111111111111100011000000011100000011000000000011110111000000111000001100000001111110000110000000011111000011000001100000001111111111111100000000011111111000000111111111111000011111111111110000000111111111111000000
111111111111111111111111111111111111111111111111111111111111111111111111111111111111111111111111111111100111111100011111100111111111100001000111111000111110011111110000001111001111111100000111100111110011111110000000000000011111111100000000111111000000000000111100000000000001111111000000000000111111
111111111111111111111111111111111111111111111111111111111111111111111111111111111111111111111111111100011000000011100000011000000000011110111000000111000001100000001111110000110000000011111000011000001100000001111111111111100000000011111111000000111111111111000011111111111110000000111111111111000000
111111111111111111111111111111111111111111111111111111111111111111111111111111111111111111111111111111100111111100011111100111111111100001000111111000111110011111110000001111001111111100000111100111110011111110000000000000011111111100000000111111000000000000111100000000000001111111000000000000111111
111111111111111111111111111111111111111111111111111111111111111111111111111111111111111111111111111100011000000011100000011000000000011110111000000111000001100000001111110000110000000011111000011000001100000001111111111111100000000011111111000000111111111111000011111111111110000000111111111111000000
111111111111111111111111111111111111111111111111111111111111111111111111111111111111111111111111111111100111111100011111100111111111100001000111111000111110011111110000001111001111111100000111100111110011111110000000000000011111111100000000111111000000000000111100000000000001111111000000000000111111
111111111111111111111111111111111111111111111111111111111111111111111111111111111111111111111111111100011000000011100000011000000000011110111000000111000001100000001111110000110000000011111000011000001100000001111111111111100000000011111111000000111111111111000011111111111110000000111111111111000000
111111111111111111111111111111111111111111111111111111111111111111111111111111111111111111111111111111100111111100011111100111111111100001000111111000111110011111110000001111001111111100000111100111110011111110000000000000011111111100000000111111000000000000111100000000000001111111000000000000111111
111111111111111111111111111111111111111111111111111111111111111111111111111111111111111111111111111100011000000011100000011000000000011110111000000111000001100000001111110000110000000011111000011000001100000001111111111111100000000011111111000000111111111111000011111111111110000000111111111111000000
111111111111111111111111111111111111111111111111111111111111111111111111111111111111111111111111111100000111111100000000000111111111100000000111111000000000011111110000000000001111111100000000000111110011111110000000000000011111111100000000111111000000000000111100000000000001111111000000000000111111
111111111111111111111111111111111111111111111111111111111111111111111111111111111111111111111111111111111000000011111111111000000000011111111000000111111111100000001111111111110000000011111111111000001100000001111111111111100000000011111111000000111111111111000011111111111110000000111111111111000000
111111111111111111111111111111111111111111111111111111111111111111111111111111111111111111111111111100000111111100000000000111111111100000000111111000000000011111110000000000001111111100000000000111110011111110000000000000011111111100000000111111000000000000111100000000000001111111000000000000111111
111111111111111111111111111111111111111111111111111111111111111111111111111111111111111111111111111111111000000011111111111000000000011111111000000111111111100000001111111111110000000011111111111000001100000001111111111111100000000011111111000000111111111111000011111111111110000000111111111111000000
111111111111111111111111111111111111111111111111111111111111111111111111111111111111111111111111111100000111111100000000000111111111100000000111111000000000011111110000000000001111111100000000000111110011111110000000000000011111111100000000111111000000000000111100000000000001111111000000000000111111
111111111111111111111111111111111111111111111111111111111111111111111111111111111111111111111111111111111000000011111111111000000000011111111000000111111111100000001111111111110000000011111111111000001100000001111111111111100000000011111111000000111111111111000011111111111110000000111111111111000000
111111111111111111111111111111111111111111111111111111111111111111111111111111111111111111111111111100000111111100000000000111111111100000000111111000000000011111110000000000001111111100000000000111110011111110000000000000011111111100000000111111000000000000111100000000000001111111000000000000111111
111111111111111111111111111111111111111111111111111111111111111111111111111111111111111111111111111111100000000000011111100000000000000001000000000000111110000000000000001111000000000000000111100000000000000000000000000000000000000000000000000000000000000000000000000000000000000000000000000000000000
111111111111111111111111111111111111111111111111111111111111111111111111111111111111111111111111111100011111111111100000011111111111111110111111111111000001111111111111110000111111111111111000011111111111111111111111111111111111111111111111111111111111111111111111111111111111111111111111111111111111
111111111111111111111111111111111111111111111111111111111111111111111111111111111111111111111111111100000000000000000000000000000000000000000000000000000000000000000000000000000000000000000000000000000000000000000000000000000000000000000000000000000000000000000000000000000000000000000000000000000000
111111111111111111111111111111111111111111111111111111111111111111111111111111111111111111111111111111111111111111111111111111111111111111111111111111111111111111111111111111111111111111111111111111111111111111111111111111111111111111111111111111111111111111111111111111111111111111111111111111111111
111111111111111111111111111111111111111111111111111111111111111111111111111111111111111111111111111100000000000000000000000000000000000000000000000000000000000000000000000000000000000000000000000000000000000000000000000000000000000000000000000000000000000000000000000000000000000000000000000000000000
111111111111111111111111111111111111111111111111111111111111111111111111111111111111111111111111111111111111111111111111111111111111111111111111111111111111111111111111111111111111111111111111111111111111111111111111111111111111111111111111111111111111111111111111111111111111111111111111111111111111
111111111111111111111111111111111111111111111111111111111111111111111111111111111111111111111111111100000000000000000000000000000000000000000000000000000000000000000000000000000000000000000000000000000000000000000000000000000000000000000000000000000000000000000000000000000000000000000000000000000000
111111111111111111111111111111111111111111111111111111111111111111111111111111111111111111111111111111111111111111111111111111111111111111111111111111111111111111111111111111111111111111111111111111111111111111111111111111111111111111111111111111111111111111111111111111111111111111111111111111111111
000000000000000000000000000000000000000000000000000000000000000000000000000000000000000000000000000000000000000000000000000000000000000000000000000000000000000000000000000000000000000000000000000000000000000000000000000000000000000000000000000000000000000000000000000000000000000000000000000000000000
000000000000000000000000000000000000000000000000000000000000000000000000000000000000000000000000000000000000000000000000000000000000000000000000000000000000000000000000000000000000000000000000000000000000000000000000000000000000000000000000000000000000000000000000000000000000000000000000000000000000
000000000000000000000000000000000000000000000000000000000000000000000000000000000000000000000000000000000000000000000000000000000000000000000000000000000000000000000000000000000000000000000000000000000000000000000000000000000000000000000000000000000000000000000000000000000000000000000000000000000000
000000000000000000000000000000000000000000000000000000000000000000000000000000000000000000000000000000000000000000000000000000000000000000000000000000000000000000000000000000000000000000000000000000000000000000000000000000000000000000000000000000000000000000000000000000000000000000000000000000000000
000000000000000000000000000000000000000000000000000000000000000000000000000000000000000000000000000000000000000000000000000000000000000000000000000000000000000000000000000000000000000000000000000000000000000000000000000000000000000000000000000000000000000000000000000000000000000000000000000000000000
000000000000000000000000000000000000000000000000000000000000000000000000000000000000000000000000000000000000000000000000000000000000000000000000000000000000000000000000000000000000000000000000000000000000000000000000000000000000000000000000000000000000000000000000000000000000000000000000000000000000
000000000000000000000000000000000000000000000000000000000000000000000000000000000000000000000000000000000000000000000000000000000000000000000000000000000000000000000000000000000000000000000000000000000000000000000000000000000000000000000000000000000000000000000000000000000000000000000000000000000000
000000000000000000000000000000000000000000000000000000000000000000000000000000000000000000000000000000000000000000000000000000000000000000000000000000000000000000000000000000000000000000000000000000000000000000000000000000000000000000000000000000000000000000000000000000000000000000000000000000000000
000000000000000000000000000000000000000000000000000000000000000000000000000000000000000000000000000000000000000000000000000000000000000000000000000000000000000000000000000000000000000000000000000000000000000000000000000000000000000000000000000000000000000000000000000000000000000000000000000000000000
000000000000000000000000000000000000000000000000000000000000000000000000000000000000000000000000000000000000000000000000000000000000000000000000000000000000000000000000000000000000000000000000000000000000000000000000000000000000000000000000000000000000000000000000000000000000000000000000000000000000
111111111111111111111111111111111111111111111111111111111111111111111111111111111111111111111111111111111111111111111111111111111111111111111111111111111111111111111111111111111111111111111111111111111111111111111111111111111111111111111111111111111111111111111111111111111111111111111111111111111111
111111111111111111111111111111111111111111111111111111111111111111111111111111111111111111111111111100000000000000000000000000000000000000000000000000000000000000000000000000000000000000000000000000000000000000000000000000000000000000000000000000000000000000000000000000000000000000000000000000000000
111111111111111111111111111111111111111111111111111111111111111111111111111111111111111111111111111111111111111111111111111111111111111111111111111111111111111111111111111111111111111111111111111111111111111111111111111111111111111111111111111111111111111111111111111111111111111111111111111111111111
111111111111111111111111111111111111111111111111111111111111111111111111111111111111111111111111111100000000000000000000000000000000000000000000000000000000000000000000000000000000000000000000000000000000000000000000000000000000000000000000000000000000000000000000000000000000000000000000000000000000
111111111111111111111111111111111111111111111111111111111111111111111111111111111111111111111111111111111111111111111111111111111111111111111111111111111111111111111111111111111111111111111111111111111111111111111111111111111111111111111111111111111111111111111111111111111111111111111111111111111111
111111111111111111111111111111111111111111111111111111111111111111111111111111111111111111111111111100000000000000000000000000000000000000000000000000000000000000000000000000000000000000000000000000000000000000000000000000000000000000000000000000000000000000000000000000000000000000000000000000000000
111111111111111111111111111111111111111111111111111111111111111111111111111111111111111111111111111111111111110001111111111110000001111111111111111011111111111100000111111111111111000011111111111111101111111111111111111111111111111111111111111111111111111111111111111111111111111111111111111111111111
111111111111111111111111111111111111111111111111111111111111111111111111111111111111111111111111111100000000001110000000000001111110000000000000000100000000000011111000000000000000111100000000000000010000000000000000000000000000000000000000000000000000000000000000000000000000000000000000000000000000
111111111111111111111111111111111111111111111111111111111111111111111111111111111111111111111111111111111000000000011111110000000000011111111110000000011111100000000001111111000000000000111111110000001111000000001111111000000000000001111111110000000011111100000000000011110000000000000111111100000000
111111111111111111111111111111111111111111111111111111111111111111111111111111111111111111111111111100000111111111100000001111111111100000000001111111100000011111111110000000111111111111000000001111110000111111110000000111111111111110000000001111111100000011111111111100001111111111111000000011111111
111111111111111111111111111111111111111111111111111111111111111111111111111111111111111111111111111111111000000000011111110000000000011111111110000000011111100000000001111111000000000000111111110000001111000000001111111000000000000001111111110000000011111100000000000011110000000000000111111100000000
111111111111111111111111111111111111111111111111111111111111111111111111111111111111111111111111111100000111111111100000001111111111100000000001111111100000011111111110000000111111111111000000001111110000111111110000000111111111111110000000001111111100000011111111111100001111111111111000000011111111
111111111111111111111111111111111111111111111111111111111111111111111111111111111111111111111111111111111000000000011111110000000000011111111110000000011111100000000001111111000000000000111111110000001111000000001111111000000000000001111111110000000011111100000000000011110000000000000111111100000000
111111111111111111111111111111111111111111111111111111111111111111111111111111111111111111111111111100000111111111100000001111111111100000000001111111100000011111111110000000111111111111000000001111110000111111110000000111111111111110000000001111111100000011111111111100001111111111111000000011111111
111111111111111111111111111111111111111111111111111111111111111111111111111111111111111111111111111111111000000000011111110000000000011111111110000000011111100000000001111111000000000000111111110000001111000000001111111000000000000001111111110000000011111100000000000011110000000000000111111100000000
111111111111111111111111111111111111111111111111111111111111111111111111111111111111111111111111111100000111110001100000001110000001100000000001111011100000011100000110000000111111000011000000001111100000111111110000000111111111111110000000001111111100000011111111111100001111111111111000000011111111
111111111111111111111111111111111111111111111111111111111111111111111111111111111111111111111111111111111000001110011111110001111110011111111110000100011111100011111001111111000000111100111111110000011111000000001111111000000000000001111111110000000011111100000000000011110000000000000111111100000000
111111111111111111111111111111111111111111111111111111111111111111111111111111111111111111111111111100000111110001100000001110000001100000000001111011100000011100000110000000111111000011000000001111100000111111110000000111111111111110000000001111111100000011111111111100001111111111111000000011111111
111111111111111111111111111111111111111111111111111111111111111111111111111111111111111111111111111111111000001110011111110001111110011111111110000100011111100011111001111111000000111100111111110000011111000000001111111000000000000001111111110000000011111100000000000011110000000000000111111100000000
111111111111111111111111111111111111111111111111111111111111111111111111111111111111111111111111111100000111110001100000001110000001100000000001111011100000011100000110000000111111000011000000001111100000111111110000000111111111111110000000001111111100000011111111111100001111111111111000000011111111
111111111111111111111111111111111111111111111111111111111111111111111111111111111111111111111111111111111000001110011111110001111110011111111110000100011111100011111001111111000000111100111111110000011111000000001111111000000000000001111111110000000011111100000000000011110000000000000111111100000000
111111111111111111111111111111111111111111111111111111111111111111111111111111111111111111111111111100000111110001100000001110000001100000000001111011100000011100000110000000111111000011000000001111100000111111110000000111111111111110000000001111111100000011111111111100001111111111111000000011111111
111111111111111111111111111111111111111111111111111111111111111111111111111111111111111111111111111111111000001110011111110001111110011111111110000100011111100011111001111111000000111100111111110000011111000000001111111000000000000001111111110000000011111100000000000011110000000000000111111100000000
111111111111111111111111111111111111111111111111111111111111111111111111111111111111111111111111111100000111110001100000001110000001100000000001111011100000011100000110000000111111000011000000001111100000111111110000000111111111111110000000001111111100000011111111111100001111111111111000000011111111
111111111111111111111111111111111111111111111111111111111111111111111111111111111111111111111111111111111000001110011111110001111110011111111110000100011111100011111001111111000000111100111111110000011111000000001111111000000000000001111111110000000011111100000000000011110000000000000111111100000000
111111111111111111111111111111111111111111111111111111111111111111111111111111111111111111111111111111100000000000000111000000000000000111100000000000000000000000000000011100000000000000011111000000000000000000000000000000000000000000000000000000000000000000000000000000000000000000000000000000000000
111111111111111111111111111111111111111111111111111111111111111111111111111111111111111111111111111100000111110001100000001110000001100000000001111011100000011100000110000000111111000011000000001111100000111111110000000111111111111110000000001111111100000011111111111100001111111111111000000011111111
111111111111111111111111111111111111111111111111111111111111111111111111111111111111111111111111111111111000001110011111110001111110011111111110000100011111100011111001111111000000111100111111110000011111000000001111111000000000000001111111110000000011111100000000000011110000000000000111111100000000
111111111111111111111111111111111111111111111111111111111111111111111111111111111111111111111111111100000111110001100000001110000001100000000001111011100000011100000110000000111111000011000000001111100000111111110000000111111111111110000000001111111100000011111111111100001111111111111000000011111111
111111111111111111111111111111111111111111111111111111111111111111111111111111111111111111111111111111111000001110011111110001111110011111111110000100011111100011111001111111000000111100111111110000011111000000001111111000000000000001111111110000000011111100000000000011110000000000000111111100000000
111111111111111111111111111111111111111111111111111111111111111111111111111111111111111111111111111100000111110001100000001110000001100000000001111011100000011100000110000000111111000011000000001111100000111111110000000111111111111110000000001111111100000011111111111100001111111111111000000011111111
111111111111111111111111111111111111111111111111111111111111111111111111111111111111111111111111111111111000001110011111110001111110011111111110000100011111100011111001111111000000111100111111110000011111000000001111111000000000000001111111110000000011111100000000000011110000000000000111111100000000
111111111111111111111111111111111111111111111111111111111111111111111111111111111111111111111111111100000111110001100000001110000001100000000001111011100000011100000110000000111111000011000000001111100000111111110000000111111111111110000000001111111100000011111111111100001111111111111000000011111111
111111111111111111111111111111111111111111111111111111111111111111111111111111111111111111111111111111111000001110011111110001111110011111111110000100011111100011111001111111000000111100111111110000011111000000001111111000000000000001111111110000000011111100000000000011110000000000000111111100000000
111111111111111111111111111111111111111111111111111111111111111111111111111111111111111111111111111100000111110001100000001110000001100000000001111011100000011100000110000000111111000011000000001111100000111111110000000111111111111110000000001111111100000011111111111100001111111111111000000011111111
111111111111111111111111111111111111111111111111111111111111111111111111111111111111111111111111111111111000000000011111110000000000011111111110000000011111100000000001111111000000000000111111110000001111000000001111111000000000000001111111110000000011111100000000000011110000000000000111111100000000
111111111111111111111111111111111111111111111111111111111111111111111111111111111111111111111111111100000111111111100000001111111111100000000001111111100000011111111110000000111111111111000000001111110000111111110000000111111111111110000000001111111100000011111111111100001111111111111000000011111111
111111111111111111111111111111111111111111111111111111111111111111111111111111111111111111111111111111111000000000011111110000000000011111111110000000011111100000000001111111000000000000111111110000001111000000001111111000000000000001111111110000000011111100000000000011110000000000000111111100000000
111111111111111111111111111111111111111111111111111111111111111111111111111111111111111111111111111100000111111111100000001111111111100000000001111111100000011111111110000000111111111111000000001111110000111111110000000111111111111110000000001111111100000011111111111100001111111111111000000011111111
111111111111111111111111111111111111111111111111111111111111111111111111111111111111111111111111111111111000000000011111110000000000011111111110000000011111100000000001111111000000000000111111110000001111000000001111111000000000000001111111110000000011111100000000000011110000000000000111111100000000
111111111111111111111111111111111111111111111111111111111111111111111111111111111111111111111111111100000111111111100000001111111111100000000001111111100000011111111110000000111111111111000000001111110000111111110000000111111111111110000000001111111100000011111111111100001111111111111000000011111111
111111111111111111111111111111111111111111111111111111111111111111111111111111111111111111111111111111111000000000011111110000000000011111111110000000011111100000000001111111000000000000111111110000001111000000001111111000000000000001111111110000000011111100000000000011110000000000000111111100000000
111111111111111111111111111111111111111111111111111111111111111111111111111111111111111111111111111100000000001110000000000001111110000000000000000100000000000011111000000000000000111100000000000000010000000000000000000000000000000000000000000000000000000000000000000000000000000000000000000000000000
111111111111111111111111111111111111111111111111111111111111111111111111111111111111111111111111111111111111110001111111111110000001111111111111111011111111111100000111111111111111000011111111111111101111111111111111111111111111111111111111111111111111111111111111111111111111111111111111111111111111
111111111111111111111111111111111111111111111111111111111111111111111111111111111111111111111111111100000000000000000000000000000000000000000000000000000000000000000000000000000000000000000000000000000000000000000000000000000000000000000000000000000000000000000000000000000000000000000000000000000000
111111111111111111111111111111111111111111111111111111111111111111111111111111111111111111111111111111111111111111111111111111111111111111111111111111111111111111111111111111111111111111111111111111111111111111111111111111111111111111111111111111111111111111111111111111111111111111111111111111111111
111111111111111111111111111111111111111111111111111111111111111111111111111111111111111111111111111100000000000000000000000000000000000000000000000000000000000000000000000000000000000000000000000000000000000000000000000000000000000000000000000000000000000000000000000000000000000000000000000000000000
111111111111111111111111111111111111111111111111111111111111111111111111111111111111111111111111111111111111111111111111111111111111111111111111111111111111111111111111111111111111111111111111111111111111111111111111111111111111111111111111111111111111111111111111111111111111111111111111111111111111
111111111111111111111111111111111111111111111111111111111111111111111111111111111111111111111111111100000000000000000000000000000000000000000000000000000000000000000000000000000000000000000000000000000000000000000000000000000000000000000000000000000000000000000000000000000000000000000000000000000000
111111111111111111111111111111111111111111111111111111111111111111111111111111111111111111111111111111111111111111111111111111111111111111111111111111111111111111111111111111111111111111111111111111111111111111111111111111111111111111111111111111111111111111111111111111111111111111111111111111111111
000000000000000000000000000000000000000000000000000000000000000000000000000000000000000000000000000000000000000000000000000000000000000000000000000000000000000000000000000000000000000000000000000000000000000000000000000000000000000000000000000000000000000000000000000000000000000000000000000000000000
000000000000000000000000000000000000000000000000000000000000000000000000000000000000000000000000000000000000000000000000000000000000000000000000000000000000000000000000000000000000000000000000000000000000000000000000000000000000000000000000000000000000000000000000000000000000000000000000000000000000
000000000000000000000000000000000000000000000000000000000000000000000000000000000000000000000000000000000000000000000000000000000000000000000000000000000000000000000000000000000000000000000000000000000000000000000000000000000000000000000000000000000000000000000000000000000000000000000000000000000000
000000000000000000000000000000000000000000000000000000000000000000000000000000000000000000000000000000000000000000000000000000000000000000000000000000000000000000000000000000000000000000000000000000000000000000000000000000000000000000000000000000000000000000000000000000000000000000000000000000000000
000000000000000000000000000000000000000000000000000000000000000000000000000000000000000000000000000000000000000000000000000000000000000000000000000000000000000000000000000000000000000000000000000000000000000000000000000000000000000000000000000000000000000000000000000000000000000000000000000000000000
000000000000000000000000000000000000000000000000000000000000000000000000000000000000000000000000000000000000000000000000000000000000000000000000000000000000000000000000000000000000000000000000000000000000000000000000000000000000000000000000000000000000000000000000000000000000000000000000000000000000
000000000000000000000000000000000000000000000000000000000000000000000000000000000000000000000000000000000000000000000000000000000000000000000000000000000000000000000000000000000000000000000000000000000000000000000000000000000000000000000000000000000000000000000000000000000000000000000000000000000000
000000000000000000000000000000000000000000000000000000000000000000000000000000000000000000000000000000000000000000000000000000000000000000000000000000000000000000000000000000000000000000000000000000000000000000000000000000000000000000000000000000000000000000000000000000000000000000000000000000000000
000000000000000000000000000000000000000000000000000000000000000000000000000000000000000000000000000000000000000000000000000000000000000000000000000000000000000000000000000000000000000000000000000000000000000000000000000000000000000000000000000000000000000000000000000000000000000000000000000000000000
000000000000000000000000000000000000000000000000000000000000000000000000000000000000000000000000000000000000000000000000000000000000000000000000000000000000000000000000000000000000000000000000000000000000000000000000000000000000000000000000000000000000000000000000000000000000000000000000000000000000
111111111111111111111111111111111111111111111111111111111111111111111111111111111111111111111111111111111111111111111111111111111111111111111111111111111111111111111111111111111111111111111111111111111111111111111111111111111111111111111111111111111111111111111111111111111111111111111111111111111111
111111111111111111111111111111111111111111111111111111111111111111111111111111111111111111111111111100000000000000000000000000000000000000000000000000000000000000000000000000000000000000000000000000000000000000000000000000000000000000000000000000000000000000000000000000000000000000000000000000000000
111111111111111111111111111111111111111111111111111111111111111111111111111111111111111111111111111111111111111111111111111111111111111111111111111111111111111111111111111111111111111111111111111111111111111111111111111111111111111111111111111111111111111111111111111111111111111111111111111111111111
111111111111111111111111111111111111111111111111111111111111111111111111111111111111111111111111111100000000000000000000000000000000000000000000000000000000000000000000000000000000000000000000000000000000000000000000000000000000000000000000000000000000000000000000000000000000000000000000000000000000
111111111111111111111111111111111111111111111111111111111111111111111111111111111111111111111111111111111111111111111111111111111111111111111111111111111111111111111111111111111111111111111111111111111111111111111111111111111111111111111111111111111111111111111111111111111111111111111111111111111111
111111111111111111111111111111111111111111111111111111111111111111111111111111111111111111111111111100000000000000000000000000000000000000000000000000000000000000000000000000000000000000000000000000000000000000000000000000000000000000000000000000000000000000000000000000000000000000000000000000000000
111111111111111111111111111111111111111111111111111111111111111111111111111111111111111111111111111100000111111111111111000111111111111000000111111111111111101111111111110000011111111111111100001111111111111111111111111111111111111111111111111111111111111111111111111111111111111111111111111111111111
111111111111111111111111111111111111111111111111111111111111111111111111111111111111111111111111111111111000000000000000111000000000000111111000000000000000010000000000001111100000000000000011110000000000000000000000000000000000000000000000000000000000000000000000000000000000000000000000000000000000
111111111111111111111111111111111111111111111111111111111111111111111111111111111111111111111111111100000011111111100000000001111111000000000001111111111000000001111110000000000111111100000000000011110000011111111100000000111111100000000000000111111111000000001111110000000000001111000000000000011111
111111111111111111111111111111111111111111111111111111111111111111111111111111111111111111111111111111111100000000011111111110000000111111111110000000000111111110000001111111111000000011111111111100001111100000000011111111000000011111111111111000000000111111110000001111111111110000111111111111100000
111111111111111111111111111111111111111111111111111111111111111111111111111111111111111111111111111100000011111111100000000001111111000000000001111111111000000001111110000000000111111100000000000011110000011111111100000000111111100000000000000111111111000000001111110000000000001111000000000000011111
111111111111111111111111111111111111111111111111111111111111111111111111111111111111111111111111111111111100000000011111111110000000111111111110000000000111111110000001111111111000000011111111111100001111100000000011111111000000011111111111111000000000111111110000001111111111110000111111111111100000
111111111111111111111111111111111111111111111111111111111111111111111111111111111111111111111111111100000011111111100000000001111111000000000001111111111000000001111110000000000111111100000000000011110000011111111100000000111111100000000000000111111111000000001111110000000000001111000000000000011111
111111111111111111111111111111111111111111111111111111111111111111111111111111111111111111111111111111111100000000011111111110000000111111111110000000000111111110000001111111111000000011111111111100001111100000000011111111000000011111111111111000000000111111110000001111111111110000111111111111100000
111111111111111111111111111111111111111111111111111111111111111111111111111111111111111111111111111100000011111111100000000001111111000000000001111111111000000001111110000000000111111100000000000011110000011111111100000000111111100000000000000111111111000000001111110000000000001111000000000000011111
111111111111111111111111111111111111111111111111111111111111111111111111111111111111111111111111111100000100000000011111000110000000111000000110000000000111101110000001110000011000000011111100001100001111100000000011111111000000011111111111111000000000111111110000001111111111110000111111111111100000
111111111111111111111111111111111111111111111111111111111111111111111111111111111111111111111111111111111011111111100000111001111111000111111001111111111000010001111110001111100111111100000011110011110000011111111100000000111111100000000000000111111111000000001111110000000000001111000000000000011111
111111111111111111111111111111111111111111111111111111111111111111111111111111111111111111111111111100000100000000011111000110000000111000000110000000000111101110000001110000011000000011111100001100001111100000000011111111000000011111111111111000000000111111110000001111111111110000111111111111100000
111111111111111111111111111111111111111111111111111111111111111111111111111111111111111111111111111111111011111111100000111001111111000111111001111111111000010001111110001111100111111100000011110011110000011111111100000000111111100000000000000111111111000000001111110000000000001111000000000000011111
111111111111111111111111111111111111111111111111111111111111111111111111111111111111111111111111111100000100000000011111000110000000111000000110000000000111101110000001110000011000000011111100001100001111100000000011111111000000011111111111111000000000111111110000001111111111110000111111111111100000
111111111111111111111111111111111111111111111111111111111111111111111111111111111111111111111111111111111011111111100000111001111111000111111001111111111000010001111110001111100111111100000011110011110000011111111100000000111111100000000000000111111111000000001111110000000000001111000000000000011111
111111111111111111111111111111111111111111111111111111111111111111111111111111111111111111111111111100000100000000011111000110000000111000000110000000000111101110000001110000011000000011111100001100001111100000000011111111000000011111111111111000000000111111110000001111111111110000111111111111100000
111111111111111111111111111111111111111111111111111111111111111111111111111111111111111111111111111111111011111111100000111001111111000111111001111111111000010001111110001111100111111100000011110011110000011111111100000000111111100000000000000111111111000000001111110000000000001111000000000000011111
111111111111111111111111111111111111111111111111111111111111111111111111111111111111111111111111111100000100000000011111000110000000111000000110000000000111101110000001110000011000000011111100001100001111100000000011111111000000011111111111111000000000111111110000001111111111110000111111111111100000
111111111111111111111111111111111111111111111111111111111111111111111111111111111111111111111111111111111011111111100000111001111111000111111001111111111000010001111110001111100111111100000011110011110000011111111100000000111111100000000000000111111111000000001111110000000000001111000000000000011111
111111111111111111111111111111111111111111111111111111111111111111111111111111111111111111111111111100000000111110000000000000011100000000000000011110000000000000000000000000000001110000000000000001110000000000000000000000000000000000000000000000000000000000000000000000000000000000000000000000000000
111111111111111111111111111111111111111111111111111111111111111111111111111111111111111111111111111100000100000000011111000110000000111000000110000000000111101110000001110000011000000011111100001100001111100000000011111111000000011111111111111000000000111111110000001111111111110000111111111111100000
111111111111111111111111111111111111111111111111111111111111111111111111111111111111111111111111111111111011111111100000111001111111000111111001111111111000010001111110001111100111111100000011110011110000011111111100000000111111100000000000000111111111000000001111110000000000001111000000000000011111
111111111111111111111111111111111111111111111111111111111111111111111111111111111111111111111111111100000100000000011111000110000000111000000110000000000111101110000001110000011000000011111100001100001111100000000011111111000000011111111111111000000000111111110000001111111111110000111111111111100000
111111111111111111111111111111111111111111111111111111111111111111111111111111111111111111111111111111111011111111100000111001111111000111111001111111111000010001111110001111100111111100000011110011110000011111111100000000111111100000000000000111111111000000001111110000000000001111000000000000011111
111111111111111111111111111111111111111111111111111111111111111111111111111111111111111111111111111100000100000000011111000110000000111000000110000000000111101110000001110000011000000011111100001100001111100000000011111111000000011111111111111000000000111111110000001111111111110000111111111111100000
111111111111111111111111111111111111111111111111111111111111111111111111111111111111111111111111111111111011111111100000111001111111000111111001111111111000010001111110001111100111111100000011110011110000011111111100000000111111100000000000000111111111000000001111110000000000001111000000000000011111
111111111111111111111111111111111111111111111111111111111111111111111111111111111111111111111111111100000100000000011111000110000000111000000110000000000111101110000001110000011000000011111100001100001111100000000011111111000000011111111111111000000000111111110000001111111111110000111111111111100000
111111111111111111111111111111111111111111111111111111111111111111111111111111111111111111111111111111111011111111100000111001111111000111111001111111111000010001111110001111100111111100000011110011110000011111111100000000111111100000000000000111111111000000001111110000000000001111000000000000011111
111111111111111111111111111111111111111111111111111111111111111111111111111111111111111111111111111100000100000000011111000110000000111000000110000000000111101110000001110000011000000011111100001100001111100000000011111111000000011111111111111000000000111111110000001111111111110000111111111111100000
111111111111111111111111111111111111111111111111111111111111111111111111111111111111111111111111111100000011111111100000000001111111000000000001111111111000000001111110000000000111111100000000000011110000011111111100000000111111100000000000000111111111000000001111110000000000001111000000000000011111
111111111111111111111111111111111111111111111111111111111111111111111111111111111111111111111111111111111100000000011111111110000000111111111110000000000111111110000001111111111000000011111111111100001111100000000011111111000000011111111111111000000000111111110000001111111111110000111111111111100000
111111111111111111111111111111111111111111111111111111111111111111111111111111111111111111111111111100000011111111100000000001111111000000000001111111111000000001111110000000000111111100000000000011110000011111111100000000111111100000000000000111111111000000001111110000000000001111000000000000011111
111111111111111111111111111111111111111111111111111111111111111111111111111111111111111111111111111111111100000000011111111110000000111111111110000000000111111110000001111111111000000011111111111100001111100000000011111111000000011111111111111000000000111111110000001111111111110000111111111111100000
111111111111111111111111111111111111111111111111111111111111111111111111111111111111111111111111111100000011111111100000000001111111000000000001111111111000000001111110000000000111111100000000000011110000011111111100000000111111100000000000000111111111000000001111110000000000001111000000000000011111
111111111111111111111111111111111111111111111111111111111111111111111111111111111111111111111111111111111100000000011111111110000000111111111110000000000111111110000001111111111000000011111111111100001111100000000011111111000000011111111111111000000000111111110000001111111111110000111111111111100000
111111111111111111111111111111111111111111111111111111111111111111111111111111111111111111111111111100000011111111100000000001111111000000000001111111111000000001111110000000000111111100000000000011110000011111111100000000111111100000000000000111111111000000001111110000000000001111000000000000011111
111111111111111111111111111111111111111111111111111111111111111111111111111111111111111111111111111111111000000000000000111000000000000111111000000000000000010000000000001111100000000000000011110000000000000000000000000000000000000000000000000000000000000000000000000000000000000000000000000000000000
111111111111111111111111111111111111111111111111111111111111111111111111111111111111111111111111111100000111111111111111000111111111111000000111111111111111101111111111110000011111111111111100001111111111111111111111111111111111111111111111111111111111111111111111111111111111111111111111111111111111
111111111111111111111111111111111111111111111111111111111111111111111111111111111111111111111111111100000000000000000000000000000000000000000000000000000000000000000000000000000000000000000000000000000000000000000000000000000000000000000000000000000000000000000000000000000000000000000000000000000000
111111111111111111111111111111111111111111111111111111111111111111111111111111111111111111111111111111111111111111111111111111111111111111111111111111111111111111111111111111111111111111111111111111111111111111111111111111111111111111111111111111111111111111111111111111111111111111111111111111111111
111111111111111111111111111111111111111111111111111111111111111111111111111111111111111111111111111100000000000000000000000000000000000000000000000000000000000000000000000000000000000000000000000000000000000000000000000000000000000000000000000000000000000000000000000000000000000000000000000000000000
111111111111111111111111111111111111111111111111111111111111111111111111111111111111111111111111111111111111111111111111111111111111111111111111111111111111111111111111111111111111111111111111111111111111111111111111111111111111111111111111111111111111111111111111111111111111111111111111111111111111
111111111111111111111111111111111111111111111111111111111111111111111111111111111111111111111111111100000000000000000000000000000000000000000000000000000000000000000000000000000000000000000000000000000000000000000000000000000000000000000000000000000000000000000000000000000000000000000000000000000000
111111111111111111111111111111111111111111111111111111111111111111111111111111111111111111111111111111111111111111111111111111111111111111111111111111111111111111111111111111111111111111111111111111111111111111111111111111111111111111111111111111111111111111111111111111111111111111111111111111111111
000000000000000000000000000000000000000000000000000000000000000000000000000000000000000000000000000000000000000000000000000000000000000000000000000000000000000000000000000000000000000000000000000000000000000000000000000000000000000000000000000000000000000000000000000000000000000000000000000000000000
000000000000000000000000000000000000000000000000000000000000000000000000000000000000000000000000000000000000000000000000000000000000000000000000000000000000000000000000000000000000000000000000000000000000000000000000000000000000000000000000000000000000000000000000000000000000000000000000000000000000
000000000000000000000000000000000000000000000000000000000000000000000000000000000000000000000000000000000000000000000000000000000000000000000000000000000000000000000000000000000000000000000000000000000000000000000000000000000000000000000000000000000000000000000000000000000000000000000000000000000000
000000000000000000000000000000000000000000000000000000000000000000000000000000000000000000000000000000000000000000000000000000000000000000000000000000000000000000000000000000000000000000000000000000000000000000000000000000000000000000000000000000000000000000000000000000000000000000000000000000000000
000000000000000000000000000000000000000000000000000000000000000000000000000000000000000000000000000000000000000000000000000000000000000000000000000000000000000000000000000000000000000000000000000000000000000000000000000000000000000000000000000000000000000000000000000000000000000000000000000000000000
000000000000000000000000000000000000000000000000000000000000000000000000000000000000000000000000000000000000000000000000000000000000000000000000000000000000000000000000000000000000000000000000000000000000000000000000000000000000000000000000000000000000000000000000000000000000000000000000000000000000
000000000000000000000000000000000000000000000000000000000000000000000000000000000000000000000000000000000000000000000000000000000000000000000000000000000000000000000000000000000000000000000000000000000000000000000000000000000000000000000000000000000000000000000000000000000000000000000000000000000000
000000000000000000000000000000000000000000000000000000000000000000000000000000000000000000000000000000000000000000000000000000000000000000000000000000000000000000000000000000000000000000000000000000000000000000000000000000000000000000000000000000000000000000000000000000000000000000000000000000000000
000000000000000000000000000000000000000000000000000000000000000000000000000000000000000000000000000000000000000000000000000000000000000000000000000000000000000000000000000000000000000000000000000000000000000000000000000000000000000000000000000000000000000000000000000000000000000000000000000000000000
000000000000000000000000000000000000000000000000000000000000000000000000000000000000000000000000000000000000000000000000000000000000000000000000000000000000000000000000000000000000000000000000000000000000000000000000000000000000000000000000000000000000000000000000000000000000000000000000000000000000
111111111111111111111111111111111111111111111111111111111111111111111111111111111111111111111111111111111111111111111111111111111111111111111111111111111111111111111111111111111111111111111111111111111111111111111111111111111111111111111111111111111111111111111111111111111111111111111111111111111111
111111111111111111111111111111111111111111111111111111111111111111111111111111111111111111111111111100000000000000000000000000000000000000000000000000000000000000000000000000000000000000000000000000000000000000000000000000000000000000000000000000000000000000000000000000000000000000000000000000000000
111111111111111111111111111111111111111111111111111111111111111111111111111111111111111111111111111111111111111111111111111111111111111111111111111111111111111111111111111111111111111111111111111111111111111111111111111111111111111111111111111111111111111111111111111111111111111111111111111111111111
111111111111111111111111111111111111111111111111111111111111111111111111111111111111111111111111111100000000000000000000000000000000000000000000000000000000000000000000000000000000000000000000000000000000000000000000000000000000000000000000000000000000000000000000000000000000000000000000000000000000
111111111111111111111111111111111111111111111111111111111111111111111111111111111111111111111111111111111111111111111111111111111111111111111111111111111111111111111111111111111111111111111111111111111111111111111111111111111111111111111111111111111111111111111111111111111111111111111111111111111111
111111111111111111111111111111111111111111111111111111111111111111111111111111111111111111111111111100000000000000000000000000000000000000000000000000000000000000000000000000000000000000000000000000000000000000000000000000000000000000000000000000000000000000000000000000000000000000000000000000000000
111111111111111111111111111111111111111111111111111111111111111111111111111111111111111111111111111111111110000000011111111111111100011111111111100000011111111111111110111111111111000001111111111111111111111111111111111111111111111111111111111111111111111111111111111111111111111111111111111111111111
111111111111111111111111111111111111111111111111111111111111111111111111111111111111111111111111111100000001111111100000000000000011100000000000011111100000000000000001000000000000111110000000000000000000000000000000000000000000000000000000000000000000000000000000000000000000000000000000000000000000
111111111111111111111111111111111111111111111111111111111111111111111111111111111111111111111111111111111000000000001111111110000000000111111100000000000111111111100000000111111000000000011111110000001100000000000001111111110000000011111110000000000000011111111100000000111111000000000000111100000000
111111111111111111111111111111111111111111111111111111111111111111111111111111111111111111111111111100000111111111110000000001111111111000000011111111111000000000011111111000000111111111100000001111110011111111111110000000001111111100000001111111111111100000000011111111000000111111111111000011111111
111111111111111111111111111111111111111111111111111111111111111111111111111111111111111111111111111111111000000000001111111110000000000111111100000000000111111111100000000111111000000000011111110000001100000000000001111111110000000011111110000000000000011111111100000000111111000000000000111100000000
111111111111111111111111111111111111111111111111111111111111111111111111111111111111111111111111111100000111111111110000000001111111111000000011111111111000000000011111111000000111111111100000001111110011111111111110000000001111111100000001111111111111100000000011111111000000111111111111000011111111
111111111111111111111111111111111111111111111111111111111111111111111111111111111111111111111111111111111000000000001111111110000000000111111100000000000111111111100000000111111000000000011111110000001100000000000001111111110000000011111110000000000000011111111100000000111111000000000000111100000000
111111111111111111111111111111111111111111111111111111111111111111111111111111111111111111111111111100000111111111110000000001111111111000000011111111111000000000011111111000000111111111100000001111110011111111111110000000001111111100000001111111111111100000000011111111000000111111111111000011111111
111111111111111111111111111111111111111111111111111111111111111111111111111111111111111111111111111111111000000000001111111110000000000111111100000000000111111111100000000111111000000000011111110000001100000000000001111111110000000011111110000000000000011111111100000000111111000000000000111100000000
111111111111111111111111111111111111111111111111111111111111111111111111111111111111111111111111111100000110000000010000000001111100011000000011100000011000000000011110111000000111000001100000001111110011111111111110000000001111111100000001111111111111100000000011111111000000111111111111000011111111
111111111111111111111111111111111111111111111111111111111111111111111111111111111111111111111111111111111001111111101111111110000011100111111100011111100111111111100001000111111000111110011111110000001100000000000001111111110000000011111110000000000000011111111100000000111111000000000000111100000000
111111111111111111111111111111111111111111111111111111111111111111111111111111111111111111111111111100000110000000010000000001111100011000000011100000011000000000011110111000000111000001100000001111110011111111111110000000001111111100000001111111111111100000000011111111000000111111111111000011111111
111111111111111111111111111111111111111111111111111111111111111111111111111111111111111111111111111111111001111111101111111110000011100111111100011111100111111111100001000111111000111110011111110000001100000000000001111111110000000011111110000000000000011111111100000000111111000000000000111100000000
111111111111111111111111111111111111111111111111111111111111111111111111111111111111111111111111111100000110000000010000000001111100011000000011100000011000000000011110111000000111000001100000001111110011111111111110000000001111111100000001111111111111100000000011111111000000111111111111000011111111
111111111111111111111111111111111111111111111111111111111111111111111111111111111111111111111111111111111001111111101111111110000011100111111100011111100111111111100001000111111000111110011111110000001100000000000001111111110000000011111110000000000000011111111100000000111111000000000000111100000000
111111111111111111111111111111111111111111111111111111111111111111111111111111111111111111111111111100000110000000010000000001111100011000000011100000011000000000011110111000000111000001100000001111110011111111111110000000001111111100000001111111111111100000000011111111000000111111111111000011111111
111111111111111111111111111111111111111111111111111111111111111111111111111111111111111111111111111111111001111111101111111110000011100111111100011111100111111111100001000111111000111110011111110000001100000000000001111111110000000011111110000000000000011111111100000000111111000000000000111100000000
111111111111111111111111111111111111111111111111111111111111111111111111111111111111111111111111111100000110000000010000000001111100011000000011100000011000000000011110111000000111000001100000001111110011111111111110000000001111111100000001111111111111100000000011111111000000111111111111000011111111
111111111111111111111111111111111111111111111111111111111111111111111111111111111111111111111111111111111001111111101111111110000011100111111100011111100111111111100001000111111000111110011111110000001100000000000001111111110000000011111110000000000000011111111100000000111111000000000000111100000000
111111111111111111111111111111111111111111111111111111111111111111111111111111111111111111111111111111100000000000000011111000000000000001110000000000000001111000000000000000000000000000000111000000000000000000000000000000000000000000000000000000000000000000000000000000000000000000000000000000000000
111111111111111111111111111111111111111111111111111111111111111111111111111111111111111111111111111100000110000000010000000001111100011000000011100000011000000000011110111000000111000001100000001111110011111111111110000000001111111100000001111111111111100000000011111111000000111111111111000011111111
111111111111111111111111111111111111111111111111111111111111111111111111111111111111111111111111111111111001111111101111111110000011100111111100011111100111111111100001000111111000111110011111110000001100000000000001111111110000000011111110000000000000011111111100000000111111000000000000111100000000
111111111111111111111111111111111111111111111111111111111111111111111111111111111111111111111111111100000110000000010000000001111100011000000011100000011000000000011110111000000111000001100000001111110011111111111110000000001111111100000001111111111111100000000011111111000000111111111111000011111111
111111111111111111111111111111111111111111111111111111111111111111111111111111111111111111111111111111111001111111101111111110000011100111111100011111100111111111100001000111111000111110011111110000001100000000000001111111110000000011111110000000000000011111111100000000111111000000000000111100000000
111111111111111111111111111111111111111111111111111111111111111111111111111111111111111111111111111100000110000000010000000001111100011000000011100000011000000000011110111000000111000001100000001111110011111111111110000000001111111100000001111111111111100000000011111111000000111111111111000011111111
111111111111111111111111111111111111111111111111111111111111111111111111111111111111111111111111111111111001111111101111111110000011100111111100011111100111111111100001000111111000111110011111110000001100000000000001111111110000000011111110000000000000011111111100000000111111000000000000111100000000
111111111111111111111111111111111111111111111111111111111111111111111111111111111111111111111111111100000110000000010000000001111100011000000011100000011000000000011110111000000111000001100000001111110011111111111110000000001111111100000001111111111111100000000011111111000000111111111111000011111111
111111111111111111111111111111111111111111111111111111111111111111111111111111111111111111111111111111111001111111101111111110000011100111111100011111100111111111100001000111111000111110011111110000001100000000000001111111110000000011111110000000000000011111111100000000111111000000000000111100000000
111111111111111111111111111111111111111111111111111111111111111111111111111111111111111111111111111100000110000000010000000001111100011000000011100000011000000000011110111000000111000001100000001111110011111111111110000000001111111100000001111111111111100000000011111111000000111111111111000011111111
111111111111111111111111111111111111111111111111111111111111111111111111111111111111111111111111111111111000000000001111111110000000000111111100000000000111111111100000000111111000000000011111110000001100000000000001111111110000000011111110000000000000011111111100000000111111000000000000111100000000
111111111111111111111111111111111111111111111111111111111111111111111111111111111111111111111111111100000111111111110000000001111111111000000011111111111000000000011111111000000111111111100000001111110011111111111110000000001111111100000001111111111111100000000011111111000000111111111111000011111111
111111111111111111111111111111111111111111111111111111111111111111111111111111111111111111111111111111111000000000001111111110000000000111111100000000000111111111100000000111111000000000011111110000001100000000000001111111110000000011111110000000000000011111111100000000111111000000000000111100000000
111111111111111111111111111111111111111111111111111111111111111111111111111111111111111111111111111100000111111111110000000001111111111000000011111111111000000000011111111000000111111111100000001111110011111111111110000000001111111100000001111111111111100000000011111111000000111111111111000011111111
111111111111111111111111111111111111111111111111111111111111111111111111111111111111111111111111111111111000000000001111111110000000000111111100000000000111111111100000000111111000000000011111110000001100000000000001111111110000000011111110000000000000011111111100000000111111000000000000111100000000
111111111111111111111111111111111111111111111111111111111111111111111111111111111111111111111111111100000111111111110000000001111111111000000011111111111000000000011111111000000111111111100000001111110011111111111110000000001111111100000001111111111111100000000011111111000000111111111111000011111111
111111111111111111111111111111111111111111111111111111111111111111111111111111111111111111111111111111111000000000001111111110000000000111111100000000000111111111100000000111111000000000011111110000001100000000000001111111110000000011111110000000000000011111111100000000111111000000000000111100000000
111111111111111111111111111111111111111111111111111111111111111111111111111111111111111111111111111100000001111111100000000000000011100000000000011111100000000000000001000000000000111110000000000000000000000000000000000000000000000000000000000000000000000000000000000000000000000000000000000000000000
111111111111111111111111111111111111111111111111111111111111111111111111111111111111111111111111111111111110000000011111111111111100011111111111100000011111111111111110111111111111000001111111111111111111111111111111111111111111111111111111111111111111111111111111111111111111111111111111111111111111
111111111111111111111111111111111111111111111111111111111111111111111111111111111111111111111111111100000000000000000000000000000000000000000000000000000000000000000000000000000000000000000000000000000000000000000000000000000000000000000000000000000000000000000000000000000000000000000000000000000000
111111111111111111111111111111111111111111111111111111111111111111111111111111111111111111111111111111111111111111111111111111111111111111111111111111111111111111111111111111111111111111111111111111111111111111111111111111111111111111111111111111111111111111111111111111111111111111111111111111111111
111111111111111111111111111111111111111111111111111111111111111111111111111111111111111111111111111100000000000000000000000000000000000000000000000000000000000000000000000000000000000000000000000000000000000000000000000000000000000000000000000000000000000000000000000000000000000000000000000000000000
111111111111111111111111111111111111111111111111111111111111111111111111111111111111111111111111111111111111111111111111111111111111111111111111111111111111111111111111111111111111111111111111111111111111111111111111111111111111111111111111111111111111111111111111111111111111111111111111111111111111
111111111111111111111111111111111111111111111111111111111111111111111111111111111111111111111111111100000000000000000000000000000000000000000000000000000000000000000000000000000000000000000000000000000000000000000000000000000000000000000000000000000000000000000000000000000000000000000000000000000000
111111111111111111111111111111111111111111111111111111111111111111111111111111111111111111111111111111111111111111111111111111111111111111111111111111111111111111111111111111111111111111111111111111111111111111111111111111111111111111111111111111111111111111111111111111111111111111111111111111111111
000000000000000000000000000000000000000000000000000000000000000000000000000000000000000000000000000000000000000000000000000000000000000000000000000000000000000000000000000000000000000000000000000000000000000000000000000000000000000000000000000000000000000000000000000000000000000000000000000000000000
000000000000000000000000000000000000000000000000000000000000000000000000000000000000000000000000000000000000000000000000000000000000000000000000000000000000000000000000000000000000000000000000000000000000000000000000000000000000000000000000000000000000000000000000000000000000000000000000000000000000
000000000000000000000000000000000000000000000000000000000000000000000000000000000000000000000000000000000000000000000000000000000000000000000000000000000000000000000000000000000000000000000000000000000000000000000000000000000000000000000000000000000000000000000000000000000000000000000000000000000000
000000000000000000000000000000000000000000000000000000000000000000000000000000000000000000000000000000000000000000000000000000000000000000000000000000000000000000000000000000000000000000000000000000000000000000000000000000000000000000000000000000000000000000000000000000000000000000000000000000000000
000000000000000000000000000000000000000000000000000000000000000000000000000000000000000000000000000000000000000000000000000000000000000000000000000000000000000000000000000000000000000000000000000000000000000000000000000000000000000000000000000000000000000000000000000000000000000000000000000000000000
000000000000000000000000000000000000000000000000000000000000000000000000000000000000000000000000000000000000000000000000000000000000000000000000000000000000000000000000000000000000000000000000000000000000000000000000000000000000000000000000000000000000000000000000000000000000000000000000000000000000
000000000000000000000000000000000000000000000000000000000000000000000000000000000000000000000000000000000000000000000000000000000000000000000000000000000000000000000000000000000000000000000000000000000000000000000000000000000000000000000000000000000000000000000000000000000000000000000000000000000000
000000000000000000000000000000000000000000000000000000000000000000000000000000000000000000000000000000000000000000000000000000000000000000000000000000000000000000000000000000000000000000000000000000000000000000000000000000000000000000000000000000000000000000000000000000000000000000000000000000000000
000000000000000000000000000000000000000000000000000000000000000000000000000000000000000000000000000000000000000000000000000000000000000000000000000000000000000000000000000000000000000000000000000000000000000000000000000000000000000000000000000000000000000000000000000000000000000000000000000000000000
000000000000000000000000000000000000000000000000000000000000000000000000000000000000000000000000000000000000000000000000000000000000000000000000000000000000000000000000000000000000000000000000000000000000000000000000000000000000000000000000000000000000000000000000000000000000000000000000000000000000
111111111111111111111111111111111111111111111111111111111111111111111111111111111111111111111111111111111111111111111111111111111111111111111111111111111111111111111111111111111111111111111111111111111111111111111111111111111111111111111111111111111111111111111111111111111111111111111111111111111111
111111111111111111111111111111111111111111111111111111111111111111111111111111111111111111111111111100000000000000000000000000000000000000000000000000000000000000000000000000000000000000000000000000000000000000000000000000000000000000000000000000000000000000000000000000000000000000000000000000000000
111111111111111111111111111111111111111111111111111111111111111111111111111111111111111111111111111111111111111111111111111111111111111111111111111111111111111111111111111111111111111111111111111111111111111111111111111111111111111111111111111111111111111111111111111111111111111111111111111111111111
111111111111111111111111111111111111111111111111111111111111111111111111111111111111111111111111111100000000000000000000000000000000000000000000000000000000000000000000000000000000000000000000000000000000000000000000000000000000000000000000000000000000000000000000000000000000000000000000000000000000
111111111111111111111111111111111111111111111111111111111111111111111111111111111111111111111111111111111111111111111111111111111111111111111111111111111111111111111111111111111111111111111111111111111111111111111111111111111111111111111111111111111111111111111111111111111111111111111111111111111111
111111111111111111111111111111111111111111111111111111111111111111111111111111111111111111111111111100000000000000000000000000000000000000000000000000000000000000000000000000000000000000000000000000000000000000000000000000000000000000000000000000000000000000000000000000000000000000000000000000000000
111111111111111111111111111111111111111111111111111111111111111111111111111111111111111111111111111110000011111111111000000001111111111111110001111111111110000001111111111111111011111111111100000111111111111111111111111111111111111111111111111111111111111111111111111111111111111111111111111111111111
111111111111111111111111111111111111111111111111111111111111111111111111111111111111111111111111111101111100000000000111111110000000000000001110000000000001111110000000000000000100000000000011111000000000000000000000000000000000000000000000000000000000000000000000000000000000000000000000000000000000
111111111111111111111111111111111111111111111111111111111111111111111111111111111111111111111111111100000001111111100000000000111111111000000000011111110000000000011111111110000000011111100000000001110000000011110000000000000111111111000000001111111000000000000001111111110000000011111100000000000011
111111111111111111111111111111111111111111111111111111111111111111111111111111111111111111111111111111111110000000011111111111000000000111111111100000001111111111100000000001111111100000011111111110001111111100001111111111111000000000111111110000000111111111111110000000001111111100000011111111111100
111111111111111111111111111111111111111111111111111111111111111111111111111111111111111111111111111100000001111111100000000000111111111000000000011111110000000000011111111110000000011111100000000001110000000011110000000000000111111111000000001111111000000000000001111111110000000011111100000000000011
111111111111111111111111111111111111111111111111111111111111111111111111111111111111111111111111111111111110000000011111111111000000000111111111100000001111111111100000000001111111100000011111111110001111111100001111111111111000000000111111110000000111111111111110000000001111111100000011111111111100
111111111111111111111111111111111111111111111111111111111111111111111111111111111111111111111111111100000001111111100000000000111111111000000000011111110000000000011111111110000000011111100000000001110000000011110000000000000111111111000000001111111000000000000001111111110000000011111100000000000011
111111111111111111111111111111111111111111111111111111111111111111111111111111111111111111111111111111111110000000011111111111000000000111111111100000001111111111100000000001111111100000011111111110001111111100001111111111111000000000111111110000000111111111111110000000001111111100000011111111111100
111111111111111111111111111111111111111111111111111111111111111111111111111111111111111111111111111100000001111111100000000000111111111000000000011111110000000000011111111110000000011111100000000001110000000011110000000000000111111111000000001111111000000000000001111111110000000011111100000000000011
111111111111111111111111111111111111111111111111111111111111111111111111111111111111111111111111111110000010000000011000000001000000000111110001100000001110000001100000000001111011100000011100000110001111111100001111111111111000000000111111110000000111111111111110000000001111111100000011111111111100
111111111111111111111111111111111111111111111111111111111111111111111111111111111111111111111111111101111101111111100111111110111111111000001110011111110001111110011111111110000100011111100011111001110000000011110000000000000111111111000000001111111000000000000001111111110000000011111100000000000011
111111111111111111111111111111111111111111111111111111111111111111111111111111111111111111111111111110000010000000011000000001000000000111110001100000001110000001100000000001111011100000011100000110001111111100001111111111111000000000111111110000000111111111111110000000001111111100000011111111111100
111111111111111111111111111111111111111111111111111111111111111111111111111111111111111111111111111101111101111111100111111110111111111000001110011111110001111110011111111110000100011111100011111001110000000011110000000000000111111111000000001111111000000000000001111111110000000011111100000000000011
111111111111111111111111111111111111111111111111111111111111111111111111111111111111111111111111111110000010000000011000000001000000000111110001100000001110000001100000000001111011100000011100000110001111111100001111111111111000000000111111110000000111111111111110000000001111111100000011111111111100
111111111111111111111111111111111111111111111111111111111111111111111111111111111111111111111111111101111101111111100111111110111111111000001110011111110001111110011111111110000100011111100011111001110000000011110000000000000111111111000000001111111000000000000001111111110000000011111100000000000011
111111111111111111111111111111111111111111111111111111111111111111111111111111111111111111111111111110000010000000011000000001000000000111110001100000001110000001100000000001111011100000011100000110001111111100001111111111111000000000111111110000000111111111111110000000001111111100000011111111111100
111111111111111111111111111111111111111111111111111111111111111111111111111111111111111111111111111101111101111111100111111110111111111000001110011111110001111110011111111110000100011111100011111001110000000011110000000000000111111111000000001111111000000000000001111111110000000011111100000000000011
111111111111111111111111111111111111111111111111111111111111111111111111111111111111111111111111111110000010000000011000000001000000000111110001100000001110000001100000000001111011100000011100000110001111111100001111111111111000000000111111110000000111111111111110000000001111111100000011111111111100
111111111111111111111111111111111111111111111111111111111111111111111111111111111111111111111111111101111101111111100111111110111111111000001110011111110001111110011111111110000100011111100011111001110000000011110000000000000111111111000000001111111000000000000001111111110000000011111100000000000011
111111111111111111111111111111111111111111111111111111111111111111111111111111111111111111111111111100000000011110000000000000001111100000000000000111000000000000000111100000000000000000000000000000010000000000000000000000000000000000000000000000000000000000000000000000000000000000000000000000000000
111111111111111111111111111111111111111111111111111111111111111111111111111111111111111111111111111110000010000000011000000001000000000111110001100000001110000001100000000001111011100000011100000110001111111100001111111111111000000000111111110000000111111111111110000000001111111100000011111111111100
111111111111111111111111111111111111111111111111111111111111111111111111111111111111111111111111111101111101111111100111111110111111111000001110011111110001111110011111111110000100011111100011111001110000000011110000000000000111111111000000001111111000000000000001111111110000000011111100000000000011
111111111111111111111111111111111111111111111111111111111111111111111111111111111111111111111111111110000010000000011000000001000000000111110001100000001110000001100000000001111011100000011100000110001111111100001111111111111000000000111111110000000111111111111110000000001111111100000011111111111100
111111111111111111111111111111111111111111111111111111111111111111111111111111111111111111111111111101111101111111100111111110111111111000001110011111110001111110011111111110000100011111100011111001110000000011110000000000000111111111000000001111111000000000000001111111110000000011111100000000000011
111111111111111111111111111111111111111111111111111111111111111111111111111111111111111111111111111110000010000000011000000001000000000111110001100000001110000001100000000001111011100000011100000110001111111100001111111111111000000000111111110000000111111111111110000000001111111100000011111111111100
111111111111111111111111111111111111111111111111111111111111111111111111111111111111111111111111111101111101111111100111111110111111111000001110011111110001111110011111111110000100011111100011111001110000000011110000000000000111111111000000001111111000000000000001111111110000000011111100000000000011
111111111111111111111111111111111111111111111111111111111111111111111111111111111111111111111111111110000010000000011000000001000000000111110001100000001110000001100000000001111011100000011100000110001111111100001111111111111000000000111111110000000111111111111110000000001111111100000011111111111100
111111111111111111111111111111111111111111111111111111111111111111111111111111111111111111111111111101111101111111100111111110111111111000001110011111110001111110011111111110000100011111100011111001110000000011110000000000000111111111000000001111111000000000000001111111110000000011111100000000000011
111111111111111111111111111111111111111111111111111111111111111111111111111111111111111111111111111110000010000000011000000001000000000111110001100000001110000001100000000001111011100000011100000110001111111100001111111111111000000000111111110000000111111111111110000000001111111100000011111111111100
111111111111111111111111111111111111111111111111111111111111111111111111111111111111111111111111111100000001111111100000000000111111111000000000011111110000000000011111111110000000011111100000000001110000000011110000000000000111111111000000001111111000000000000001111111110000000011111100000000000011
111111111111111111111111111111111111111111111111111111111111111111111111111111111111111111111111111111111110000000011111111111000000000111111111100000001111111111100000000001111111100000011111111110001111111100001111111111111000000000111111110000000111111111111110000000001111111100000011111111111100
111111111111111111111111111111111111111111111111111111111111111111111111111111111111111111111111111100000001111111100000000000111111111000000000011111110000000000011111111110000000011111100000000001110000000011110000000000000111111111000000001111111000000000000001111111110000000011111100000000000011
111111111111111111111111111111111111111111111111111111111111111111111111111111111111111111111111111111111110000000011111111111000000000111111111100000001111111111100000000001111111100000011111111110001111111100001111111111111000000000111111110000000111111111111110000000001111111100000011111111111100
111111111111111111111111111111111111111111111111111111111111111111111111111111111111111111111111111100000001111111100000000000111111111000000000011111110000000000011111111110000000011111100000000001110000000011110000000000000111111111000000001111111000000000000001111111110000000011111100000000000011
111111111111111111111111111111111111111111111111111111111111111111111111111111111111111111111111111111111110000000011111111111000000000111111111100000001111111111100000000001111111100000011111111110001111111100001111111111111000000000111111110000000111111111111110000000001111111100000011111111111100
111111111111111111111111111111111111111111111111111111111111111111111111111111111111111111111111111100000001111111100000000000111111111000000000011111110000000000011111111110000000011111100000000001110000000011110000000000000111111111000000001111111000000000000001111111110000000011111100000000000011
111111111111111111111111111111111111111111111111111111111111111111111111111111111111111111111111111101111100000000000111111110000000000000001110000000000001111110000000000000000100000000000011111000000000000000000000000000000000000000000000000000000000000000000000000000000000000000000000000000000000
111111111111111111111111111111111111111111111111111111111111111111111111111111111111111111111111111110000011111111111000000001111111111111110001111111111110000001111111111111111011111111111100000111111111111111111111111111111111111111111111111111111111111111111111111111111111111111111111111111111111
111111111111111111111111111111111111111111111111111111111111111111111111111111111111111111111111111100000000000000000000000000000000000000000000000000000000000000000000000000000000000000000000000000000000000000000000000000000000000000000000000000000000000000000000000000000000000000000000000000000000
111111111111111111111111111111111111111111111111111111111111111111111111111111111111111111111111111111111111111111111111111111111111111111111111111111111111111111111111111111111111111111111111111111111111111111111111111111111111111111111111111111111111111111111111111111111111111111111111111111111111
111111111111111111111111111111111111111111111111111111111111111111111111111111111111111111111111111100000000000000000000000000000000000000000000000000000000000000000000000000000000000000000000000000000000000000000000000000000000000000000000000000000000000000000000000000000000000000000000000000000000
111111111111111111111111111111111111111111111111111111111111111111111111111111111111111111111111111111111111111111111111111111111111111111111111111111111111111111111111111111111111111111111111111111111111111111111111111111111111111111111111111111111111111111111111111111111111111111111111111111111111
111111111111111111111111111111111111111111111111111111111111111111111111111111111111111111111111111100000000000000000000000000000000000000000000000000000000000000000000000000000000000000000000000000000000000000000000000000000000000000000000000000000000000000000000000000000000000000000000000000000000
111111111111111111111111111111111111111111111111111111111111111111111111111111111111111111111111111111111111111111111111111111111111111111111111111111111111111111111111111111111111111111111111111111111111111111111111111111111111111111111111111111111111111111111111111111111111111111111111111111111111
000000000000000000000000000000000000000000000000000000000000000000000000000000000000000000000000000000000000000000000000000000000000000000000000000000000000000000000000000000000000000000000000000000000000000000000000000000000000000000000000000000000000000000000000000000000000000000000000000000000000
000000000000000000000000000000000000000000000000000000000000000000000000000000000000000000000000000000000000000000000000000000000000000000000000000000000000000000000000000000000000000000000000000000000000000000000000000000000000000000000000000000000000000000000000000000000000000000000000000000000000
000000000000000000000000000000000000000000000000000000000000000000000000000000000000000000000000000000000000000000000000000000000000000000000000000000000000000000000000000000000000000000000000000000000000000000000000000000000000000000000000000000000000000000000000000000000000000000000000000000000000
000000000000000000000000000000000000000000000000000000000000000000000000000000000000000000000000000000000000000000000000000000000000000000000000000000000000000000000000000000000000000000000000000000000000000000000000000000000000000000000000000000000000000000000000000000000000000000000000000000000000
000000000000000000000000000000000000000000000000000000000000000000000000000000000000000000000000000000000000000000000000000000000000000000000000000000000000000000000000000000000000000000000000000000000000000000000000000000000000000000000000000000000000000000000000000000000000000000000000000000000000
000000000000000000000000000000000000000000000000000000000000000000000000000000000000000000000000000000000000000000000000000000000000000000000000000000000000000000000000000000000000000000000000000000000000000000000000000000000000000000000000000000000000000000000000000000000000000000000000000000000000
000000000000000000000000000000000000000000000000000000000000000000000000000000000000000000000000000000000000000000000000000000000000000000000000000000000000000000000000000000000000000000000000000000000000000000000000000000000000000000000000000000000000000000000000000000000000000000000000000000000000
000000000000000000000000000000000000000000000000000000000000000000000000000000000000000000000000000000000000000000000000000000000000000000000000000000000000000000000000000000000000000000000000000000000000000000000000000000000000000000000000000000000000000000000000000000000000000000000000000000000000
000000000000000000000000000000000000000000000000000000000000000000000000000000000000000000000000000000000000000000000000000000000000000000000000000000000000000000000000000000000000000000000000000000000000000000000000000000000000000000000000000000000000000000000000000000000000000000000000000000000000
000000000000000000000000000000000000000000000000000000000000000000000000000000000000000000000000000000000000000000000000000000000000000000000000000000000000000000000000000000000000000000000000000000000000000000000000000000000000000000000000000000000000000000000000000000000000000000000000000000000000
