000000000000000000000000000000000000000000000000000000000000000000000000000000000000000000000000000000000000000000000000000000000000000000000000000000000000000000000000000000000000000000000000000000000000000000000000000000000000000000000000000000000000000000000000000000000000000000000000000000000000
000000000000000000000000000000000000000000000000000000000000000000000000000000000000000000000000000000000000000000000000000000000000000000000000000000000000000000000000000000000000000000000000000000000000000000000000000000000000000000000000000000000000000000000000000000000000000000000000000000000000
000000000000000000000000000000000000000000000000000000000000000000000000000000000000000000000000000000000000000000000000000000000000000000000000000000000000000000000000000000000000000000000000000000000000000000000000000000000000000000000000000000000000000000000000000000000000000000000000000000000000
000000000000000000000000000000000000000000000000000000000000000000000000000000000000000000000000000000000000000000000000000000000000000000000000000000000000000000000000000000000000000000000000000000000000000000000000000000000000000000000000000000000000000000000000000000000000000000000000000000000000
000000000000000000000000000000000000000000000000000000000000000000000000000000000000000000000000000000000000000000000000000000000000000000000000000000000000000000000000000000000000000000000000000000000000000000000000000000000000000000000000000000000000000000000000000000000000000000000000000000000000
000000000000000000000000000000000000000000000000000000000000000000000000000000000000000000000000000000000000000000000000000000000000000000000000000000000000000000000000000000000000000000000000000000000000000000000000000000000000000000000000000000000000000000000000000000000000000000000000000000000000
000000000000000000000000000000000000000000000000000000000000000000000000000000000000000000000000000000000000000000000000000000000000000000000000000000000000000000000000000000000000000000000000000000000000000000000000000000000000000000000000000000000000000000000000000000000000000000000000000000000000
000000000000000000000000000000000000000000000000000000000000000000000000000000000000000000000000000000000000000000000000000000000000000000000000000000000000000000000000000000000000000000000000000000000000000000000000000000000000000000000000000000000000000000000000000000000000000000000000000000000000
000000000000000000000000000000000000000000000000000000000000000000000000000000000000000000000000000000000000000000000000000000000000000000000000000000000000000000000000000000000000000000000000000000000000000000000000000000000000000000000000000000000000000000000000000000000000000000000000000000000000
000000000000000000000000000000000000000000000000000000000000000000000000000000000000000000000000000000000000000000000000000000000000000000000000000000000000000000000000000000000000000000000000000000000000000000000000000000000000000000000000000000000000000000000000000000000000000000000000000000000000
111111111111111111111111111111111111111111111111111111111111111111111111111111111111111111111111111111111111111111111111111111111111111111111111111111111111111111111111111111111111111111111111111111111111111111111111111111111111111111111111111111111111111111111111111111111111111111111111111111111111
000000000000000000000000000000000000000000000000000000000000000000000000000000000000000000000000000000000000000000000000000000000000000000000000000000000000000000000000000000000000000000000000000000000000000000000000000000000000000000000000000000000000000000000000000000000000000000000000000000000000
111111111111111111111111111111111111111111111111111111111111111111111111111111111111111111111111111101111111111111111111100000111111111111111111111111111111111111111111111111111111111101111111111111111111111111111111111111111111111111111111111111111111111111111111111111111111111111100111111111111111
000000000000000000000000000000000000000000000000000000000000000000000000000000000000000000000000000010000011111100000000011111000000000000000000000000000000000000000000000000000000000010000000000000000000000000000000000000000000000000000000000000000000000000000000000000000000000000011000000000000000
000000000000000000000000000000000000000000000000000000000000000000000000000000000000000000000000000000111100000011111000000000000111111111111000011111111111111111000011111111111111110000000000000111110111111111111111111111111111111111111111111111111111111111111111111111111111111110000000111111111111
111111111111111111111111111111111111111111111111111111111111111111111111111111111111111111111111111111000111111110000111111111111000111100000111100000000011110000111100000000001111001111111111111000011000111111000000000000000000000000000000000000000000000000000000000000000000000001111111000000000000
000000000000000000000000000000000000000000000000000000000000000000000000000000000000000000000000000000011000000001110000000000000011000011100000000011111100001110000000011111110000110000000000000011100011000000111110000000000011111111111100000011111111111111100000011111111111111100000000000001111111
111111111111111111111111111111111111111111111111111111111111111111111111111111111111111111111111111101100111111110001111100000111100111100011111111100000011110001111111100000001111001101111111111100011100111111000001111111111100000000000011111100000000000000011111100000000000000011100111111110000000
000000000000000000000000000000000000000000000000000000000000000000000000000000000000000000000000000010011011111101110000011111000011000011000000000000011100001100000000000011110000100010000000000011100011000000111000000000000000011111100000000000011111111110000000000111111111111100011000000000001111
111111111111111111111111111111111111111111111111111111111111111111111111111111111111111111111111111101101100000011001110000000001100111110111111111111100111111011111111111100011111011000000000001100111100111111100111111111111111100000011111111111100000000001111111111000000111110011000011111111110000
000000000000000000000000000000000000000000000000000000000000000000000000000000000000000000000000000010010111111110110001111111110011001001000000000000011000000100000000000011100000100111111111110011000011011110011000000000000000011111100000000000011111111110000000000111111000001100111100000000001111
000000000000000000000000000000000000000000000000000000000000000000000000000000000000000000000000000000101001111001001000000000000100110110111000011111100111111011000011111100011111010000000000000100110100100001100111111111111111100000011111111111100000000001111111111000000111110010000000111111110000
111111111111111111111111111111111111111111111111111111111111111111111111111111111111111111111111111101010110000110110111100000111011001001000111100000011000000100111100000011100000101101111111111011001011011110011000000000000000011111100000000000011111111110000000000111111000001101100111000000001111
000000000000000000000000000000000000000000000000000000000000000000000000000000000000000000000000000010101001111001001000011111000100110110111000011111100111111011000011111100011111010010000000000100110100100001100111111111111111100000011111111111100000000001111111111000000111110010011000111111110000
111111111111111111111111111111111111111111111111111111111111111111111111111111111111111111111111111101010110000110110110000000001011001001000111100000011000000100111100000011100000101000000000001011001011011110011000000000000000011111100000000000011111111110000000000111111000001101000011000000001111
000000000000000000000000000000000000000000000000000000000000000000000000000000000000000000000000000010001011111101000001111111110000110110100000000011100111111010000000011100011111010111111111110000110000100001100110000000000011100000011100000011100000000001100000011000000111110000111100000001110000
111111111111111111111111111111111111111111111111111111111111111111111111111111111111111111111111111101110101111010111110000000001111111101011111111100011011110101111111100011101111101000000000001111011111111111011001111111111100011111100011111100011111111110011111100111111000001111000011111110001111
000000000000000000000000000000000000000000000000000000000000000000000000000000000000000000000000000000001010000101000001100000110000000010100000000011100100001010000000011100010000010101111111110000100000000000100110000000000011100000011100000011100000000001100000011000000111110000100100000001110000
000000000000000000000000000000000000000000000000000000000000000000000000000000000000000000000000000010110101111010111000011111000111111101011000011100011011110101000011100011101111100010000000000111010111111111011001111111111100011111100011111100011111111110011111100111111000001110011000111110001111
111111111111111111111111111111111111111111111111111111111111111111111111111111111111111111111111111101001110000111000110000000001000001010100111100011100100001010111100011100010000011000000000001000101000011110100110000000000011100000011100000011100000000001100000011000000111110001000011000001110000
000000000000000000000000000000000000000000000000000000000000000000000000000000000000000000000000000000110011111100111001100000110111110101011000011100011011110101000011100011101111100101111111110111010111100001011001111111111100011111100011111100011111111110011111100111111000001110100100111110001111
111111111111111111111111111111111111111111111111111111111111111111111111111111111111111111111111111111001101111011000110011111001000001010100111100011100100001010111100011100010000011010000000001000101000011110100110000000000011100000011100000011100000000001100000011000000111110001011011000001110000
000000000000000000000000000000000000000000000000000000000000000000000000000000000000000000000000000000110010000100111001100000110111110101011000011100011011110101000011100011101111100101111111110111010111100001011001111111111100011111100011111100011111111110011111100111111000001110100100111110001111
111111111111111111111111111111111111111111111111111111111111111111111111111111111111111111111111111111001101111011000110011111001000001010100111100011100100001010111100011100010000011010000000001000101000011110100110000000000011100000011100000011100000000001100000011000000111110001011011000001110000
000000000000000000000000000000000000000000000000000000000000000000000000000000000000000000000000000000111111111111111001100000110111111111011000011100011111111101000011100011111111100101111111110111110111111111111001111111111100011111100011111100011111111110011111100111111111111110100100111110001111
000000000000000000000000000000000000000000000000000000000000000000000000000000000000000000000000000000000010000100100000000000000001110101000000000000001011110000000000000000101111100000000000000001010001100001010000000000000000000110000000000000000111111000000000000001111000001000000000000000000001
111111111111111111111111111111111111111111111111111111111111111111111111111111111111111111111111111111001101111011000110011111001000001010100111100011100100001010111100011100010000011010000000001000101000011110100110000000000011100000011100000011100000000001100000011000000111110001011011000001110000
000000000000000000000000000000000000000000000000000000000000000000000000000000000000000000000000000000110010000100111001100000110111110101011000011100011011110101000011100011101111100101111111110111010111100001011001111111111100011111100011111100011111111110011111100111111000001110100100111110001111
111111111111111111111111111111111111111111111111111111111111111111111111111111111111111111111111111111001101111011000110011111001000001010100111100011100100001010111100011100010000011010000000001000101000011110100110000000000011100000011100000011100000000001100000011000000111110001011011000001110000
000000000000000000000000000000000000000000000000000000000000000000000000000000000000000000000000000000110011111100111001100000110111110101011000011100011011110101000011100011101111100101111111110111010111100001011001111111111100011111100011111100011111111110011111100111111000001110100100111110001111
111111111111111111111111111111111111111111111111111111111111111111111111111111111111111111111111111101001110000111000110000000001000001010100111100011100100001010111100011100010000011000000000001000101000011110100110000000000011100000011100000011100000000001100000011000000111110001000011000001110000
000000000000000000000000000000000000000000000000000000000000000000000000000000000000000000000000000010110001111000111000011111000111110101011000011100011011110101000011100011101111100010000000000111010111100001011001111111111100011111100011111100011111111110011111100111111000001110011000111110001111
000000000000000000000000000000000000000000000000000000000000000000000000000000000000000000000000000000001110000111000001100000110000001010100000000011100100001010000000011100010000010101111111110000100000011110100110000000000011100000011100000011100000000001100000011000000111110000100100000001110000
111111111111111111111111111111111111111111111111111111111111111111111111111111111111111111111111111101110101111010111110000000001111111101011111111100011011110101111111100011101111101000000000001111011111111111011001111111111100011111100011111100011111111110011111100111111000001111000011111110001111
000000000000000000000000000000000000000000000000000000000000000000000000000000000000000000000000000010001011111101000001111111110000110110100000000011100111111010000000011100011111010111111111110000110000100001100110000000000011100000011100000011100000000001100000011000000111110000111100000001110000
111111111111111111111111111111111111111111111111111111111111111111111111111111111111111111111111111101010110000110110110000000001011001001000111100000011000000100111100000011100000101000000000001011001011011110011000000000000000011111100000000000011111111110000000000111111000001101000011000000001111
000000000000000000000000000000000000000000000000000000000000000000000000000000000000000000000000000010101001111001001000011111000100110110111000011111100111111011000011111100011111010010000000000100110100100001100111111111111111100000011111111111100000000001111111111000000111110010011000111111110000
111111111111111111111111111111111111111111111111111111111111111111111111111111111111111111111111111101010110000110110111100000111011001001000111100000011000000100111100000011100000101101111111111011001011011110011000000000000000011111100000000000011111111110000000000111111000001101100111000000001111
000000000000000000000000000000000000000000000000000000000000000000000000000000000000000000000000000000101101111011001000000000000100111110111000011111100111111011000011111100011111010000000000000100110100111111100111111111111111100000011111111111100000000001111111111000000111110010000000111111110000
000000000000000000000000000000000000000000000000000000000000000000000000000000000000000000000000000010010011111100110001111111110011000001000000000000011000000100000000000011100000100111111111110011000011000000011000000000000000011111100000000000011111111110000000000111111000001100111100000000001111
111111111111111111111111111111111111111111111111111111111111111111111111111111111111111111111111111101101100000011001110000000001100111110111111111111100111111011111111111100011111011000000000001100111100111111100111111111111111100000011111111111100000000001111111111000000111110011000011111111110000
000000000000000000000000000000000000000000000000000000000000000000000000000000000000000000000000000010011011111101110000011111000011000011000000000000011100001100000000000011110000100010000000000011100011000000111000000000000000011111100000000000011111111110000000000111111111111100011000000000001111
111111111111111111111111111111111111111111111111111111111111111111111111111111111111111111111111111101100111111110001111100000111100111100011111111100000011110001111111100000001111001101111111111100011100111111000001111111111100000000000011111100000000000000011111100000000000000011100111111110000000
000000000000000000000000000000000000000000000000000000000000000000000000000000000000000000000000000000011000000001110000000000000011000011100000000011111100001110000000011111110000110000000000000011100011000000111110000000000011111111111100000011111111111111100000011111111111111100000000000001111111
111111111111111111111111111111111111111111111111111111111111111111111111111111111111111111111111111111000111111110000111111111111000111100000111100000000011110000111100000000001111001111111111111000011000111111000000000000000000000000000000000000000000000000000000000000000000000001111111000000000000
000000000000000000000000000000000000000000000000000000000000000000000000000000000000000000000000000000111000000001111000000000000111110111111000011111111111111111000011111111111111110000000000000111110111100001111111111111111111111111111111111111111111111111111111111111111111111110000000111111111111
000000000000000000000000000000000000000000000000000000000000000000000000000000000000000000000000000010000111111110000000011111000000001000000000000000000000000000000000000000000000000010000000000000000000011110000000000000000000000000000000000000000000000000000000000000000000000000011000000000000000
111111111111111111111111111111111111111111111111111111111111111111111111111111111111111111111111111101111111111111111111100000111111111111111111111111111111111111111111111111111111111101111111111111111111111111111111111111111111111111111111111111111111111111111111111111111111111111100111111111111111
000000000000000000000000000000000000000000000000000000000000000000000000000000000000000000000000000000000000000000000000000000000000000000000000000000000000000000000000000000000000000000000000000000000000000000000000000000000000000000000000000000000000000000000000000000000000000000000000000000000000
111111111111111111111111111111111111111111111111111111111111111111111111111111111111111111111111111111111111111111111111111111111111111111111111111111111111111111111111111111111111111111111111111111111111111111111111111111111111111111111111111111111111111111111111111111111111111111111111111111111111
000000000000000000000000000000000000000000000000000000000000000000000000000000000000000000000000000000000000000000000000000000000000000000000000000000000000000000000000000000000000000000000000000000000000000000000000000000000000000000000000000000000000000000000000000000000000000000000000000000000000
000000000000000000000000000000000000000000000000000000000000000000000000000000000000000000000000000000000000000000000000000000000000000000000000000000000000000000000000000000000000000000000000000000000000000000000000000000000000000000000000000000000000000000000000000000000000000000000000000000000000
000000000000000000000000000000000000000000000000000000000000000000000000000000000000000000000000000000000000000000000000000000000000000000000000000000000000000000000000000000000000000000000000000000000000000000000000000000000000000000000000000000000000000000000000000000000000000000000000000000000000
000000000000000000000000000000000000000000000000000000000000000000000000000000000000000000000000000000000000000000000000000000000000000000000000000000000000000000000000000000000000000000000000000000000000000000000000000000000000000000000000000000000000000000000000000000000000000000000000000000000000
000000000000000000000000000000000000000000000000000000000000000000000000000000000000000000000000000000000000000000000000000000000000000000000000000000000000000000000000000000000000000000000000000000000000000000000000000000000000000000000000000000000000000000000000000000000000000000000000000000000000
000000000000000000000000000000000000000000000000000000000000000000000000000000000000000000000000000000000000000000000000000000000000000000000000000000000000000000000000000000000000000000000000000000000000000000000000000000000000000000000000000000000000000000000000000000000000000000000000000000000000
000000000000000000000000000000000000000000000000000000000000000000000000000000000000000000000000000000000000000000000000000000000000000000000000000000000000000000000000000000000000000000000000000000000000000000000000000000000000000000000000000000000000000000000000000000000000000000000000000000000000
000000000000000000000000000000000000000000000000000000000000000000000000000000000000000000000000000000000000000000000000000000000000000000000000000000000000000000000000000000000000000000000000000000000000000000000000000000000000000000000000000000000000000000000000000000000000000000000000000000000000
000000000000000000000000000000000000000000000000000000000000000000000000000000000000000000000000000000000000000000000000000000000000000000000000000000000000000000000000000000000000000000000000000000000000000000000000000000000000000000000000000000000000000000000000000000000000000000000000000000000000
000000000000000000000000000000000000000000000000000000000000000000000000000000000000000000000000000000000000000000000000000000000000000000000000000000000000000000000000000000000000000000000000000000000000000000000000000000000000000000000000000000000000000000000000000000000000000000000000000000000000
111111111111111111111111111111111111111111111111111111111111111111111111111111111111111111111111111111111111111111111111111111111111111111111111111111111111111111111111111111111111111111111111111111111111111111111111111111111111111111111111111111111111111111111111111111111111111111111111111111111111
000000000000000000000000000000000000000000000000000000000000000000000000000000000000000000000000000000000000000000000000000000000000000000000000000000000000000000000000000000000000000000000000000000000000000000000000000000000000000000000000000000000000000000000000000000000000000000000000000000000000
111111111111111111111111111111111111111111111111111111111111111111111111111111111111111111111111111111111100000111111111111111111110000011111111111111111111111111111111111111111111111111111111110111111111111111111111111111111111111111111111111111111111111111111111111111111111111111111111111110011111
000000000000000000000000000000000000000000000000000000000000000000000000000000000000000000000000000000000011111000001111110000000001111100000000000000000000000000000000000000000000000000000000001000000000000000000000000000000000000000000000000000000000000000000000000000000000000000000000000001100000
000000000000000000000000000000000000000000000000000000000000000000000000000000000000000000000000000011110000000011110000001111100000000000011111111111100001111111111111111100001111111111111111000000001111100000011111111111111111111111111111111111111111111111111111111111111111111111111111111000000011
111111111111111111111111111111111111111111111111111111111111111111111111111111111111111111111111111100001111111100011111111000011111111111100011110000011110000000001111000011110000000000111100111111110000011111100011111100000000000000000000000000000000000000000000000000000000000000000000000111111100
000000000000000000000000000000000000000000000000000000000000000000000000000000000000000000000000000011110000000001100000000111000000000000001100001110000000001111110000111000000001111111000011000000000000000000001100000011111000000000001111111111110000001111111111111110000001111111111111110000000000
111111111111111111111111111111111111111111111111111111111111111111111111111111111111111111111111111100001100000110011111111000111110000011110011110001111111110000001111000111111110000000111100110111111111111111110011111100000111111111110000000000001111110000000000000001111110000000000000001110011111
000000000000000000000000000000000000000000000000000000000000000000000000000000000000000000000000000011100011111001101111110111000001111100001100001100000000000001110000110000000000001111000010001000000000000000001100000011100000000000000001111110000000000001111111111000000000011111111111110001100000
111111111111111111111111111111111111111111111111111111111111111111111111111111111111111111111111111100011000000110110000001100111000000000110011111011111111111110011111101111111111110001111101100000001111111101110011111110011111111111111110000001111111111110000000000111111111100000011111001100001111
000000000000000000000000000000000000000000000000000000000000000000000000000000000000000000000000000011100110001001011111111011000111111111001100100100000000000001100000010000000000001110000010011111110000000010001101111001100000000000000001111110000000000001111111111000000000011111100000110011110000
000000000000000000000000000000000000000000000000000000000000000000000000000000000000000000000000000000010001110010100111100100100000000000010011011011100001111110011111101100001111110001111101000000001111100000010010000110011111111111111110000001111111111110000000000111111111100000011111001000000011
111111111111111111111111111111111111111111111111111111111111111111111111111111111111111111111111111111101100000101011000011011011110000011101100100100011110000001100000010011110000001110000010110111110000011111101101111001100000000000000001111110000000000001111111111000000000011111100000110110011100
000000000000000000000000000000000000000000000000000000000000000000000000000000000000000000000000000000010010001010100111100100100001111100010011011011100001111110011111101100001111110001111101001000001111100000010010000110011111111111111110000001111111111110000000000111111111100000011111001001100011
111111111111111111111111111111111111111111111111111111111111111111111111111111111111111111111111111111101001110101011000011011011000000000101100100100011110000001100000010011110000001110000010100000000000011101101101111001100000000000000001111110000000000001111111111000000000011111100000110100001100
000000000000000000000000000000000000000000000000000000000000000000000000000000000000000000000000000000010110001000101111110100000111111111000011011010000000001110011111101000000001110001111101011111110000000010000010000110011000000000001110000001110000001110000000000110000001100000011111000011110000
111111111111111111111111111111111111111111111111111111111111111111111111111111111111111111111111111111101001110111010111101011111000000000111111110101111111110001101111010111111110001110111110100000001111111101111111111101100111111111110001111110001111110001111111111001111110011111100000111100001111
000000000000000000000000000000000000000000000000000000000000000000000000000000000000000000000000000000010100000000101000010100000110000011000000001010000000001110010000101000000001110001000001010111110000000010000000000010011000000000001110000001110000001110000000000110000001100000011111000010010000
000000000000000000000000000000000000000000000000000000000000000000000000000000000000000000000000000011100010001011010111101011100001111100011111110101100001110001101111010100001110001110111110001000001111100000011111111101100111111111110001111110001111110001111111111001111110011111100000111001100011
111111111111111111111111111111111111111111111111111111111111111111111111111111111111111111111111111100011001110100111000011100011000000000100000101010011110001110010000101011110001110001000001100000000000011101100001111010011000000000001110000001110000001110000000000110000001100000011111000100001100
000000000000000000000000000000000000000000000000000000000000000000000000000000000000000000000000000011100100000011001111110011100110000011011111010101100001110001101111010100001110001110111110010111111111100010011110000101100111111111110001111110001111110001111111111001111110011111100000111010010011
111111111111111111111111111111111111111111111111111111111111111111111111111111111111111111111111111100011010001100110111101100011001111100100000101010011110001110010000101011110001110001000001101000000000011101100001111010011000000000001110000001110000001110000000000110000001100000011111000101101100
000000000000000000000000000000000000000000000000000000000000000000000000000000000000000000000000000011100101110011001000010011100110000011011111010101100001110001101111010100001110001110111110010111111111100010011110000101100111111111110001111110001111110001111111111001111110011111100000111010010011
111111111111111111111111111111111111111111111111111111111111111111111111111111111111111111111111111100011010001100110111101100011001111100100000101010011110001110010000101011110001110001000001101000000000011101100001111010011000000000001110000001110000001110000000000110000001100000011111000101101100
000000000000000000000000000000000000000000000000000000000000000000000000000000000000000000000000000011100101110011111111111111100110000011011111111101100001110001111111110100001110001111111110010111111111100010011111111111100111111111110001111110001111110001111111111001111110011111111111111010010011
000000000000000000000000000000000000000000000000000000000000000000000000000000000000000000000000000011000000000000001000010010000000000000000111010100000000000000101111000000000000000010111110000000000000000000000110000101000000000000000000011000000000000000011111100000000000000111100000100000000000
111111111111111111111111111111111111111111111111111111111111111111111111111111111111111111111111111100011010001100110111101100011001111100100000101010011110001110010000101011110001110001000001101000000000011101100001111010011000000000001110000001110000001110000000000110000001100000011111000101101100
000000000000000000000000000000000000000000000000000000000000000000000000000000000000000000000000000011100101110011001000010011100110000011011111010101100001110001101111010100001110001110111110010111111111100010011110000101100111111111110001111110001111110001111111111001111110011111100000111010010011
111111111111111111111111111111111111111111111111111111111111111111111111111111111111111111111111111100011010001100110111101100011001111100100000101010011110001110010000101011110001110001000001101000000000011101100001111010011000000000001110000001110000001110000000000110000001100000011111000101101100
000000000000000000000000000000000000000000000000000000000000000000000000000000000000000000000000000011100100000011001111110011100110000011011111010101100001110001101111010100001110001110111110010111111111100010011110000101100111111111110001111110001111110001111111111001111110011111100000111010010011
111111111111111111111111111111111111111111111111111111111111111111111111111111111111111111111111111100011001110100111000011100011000000000100000101010011110001110010000101011110001110001000001100000000000011101100001111010011000000000001110000001110000001110000000000110000001100000011111000100001100
000000000000000000000000000000000000000000000000000000000000000000000000000000000000000000000000000011100010001011000111100011100001111100011111010101100001110001101111010100001110001110111110001000001111100000011110000101100111111111110001111110001111110001111111111001111110011111100000111001100011
000000000000000000000000000000000000000000000000000000000000000000000000000000000000000000000000000000010100000000111000011100000110000011000000101010000000001110010000101000000001110001000001010111110000000010000001111010011000000000001110000001110000001110000000000110000001100000011111000010010000
111111111111111111111111111111111111111111111111111111111111111111111111111111111111111111111111111111101001110111010111101011111000000000111111110101111111110001101111010111111110001110111110100000001111111101111111111101100111111111110001111110001111110001111111111001111110011111100000111100001111
000000000000000000000000000000000000000000000000000000000000000000000000000000000000000000000000000000010110001000101111110100000111111111000011011010000000001110011111101000000001110001111101011111110000000010000010000110011000000000001110000001110000001110000000000110000001100000011111000011110000
111111111111111111111111111111111111111111111111111111111111111111111111111111111111111111111111111111101001110101011000011011011000000000101100100100011110000001100000010011110000001110000010100000000000011101101101111001100000000000000001111110000000000001111111111000000000011111100000110100001100
000000000000000000000000000000000000000000000000000000000000000000000000000000000000000000000000000000010010001010100111100100100001111100010011011011100001111110011111101100001111110001111101001000001111100000010010000110011111111111111110000001111111111110000000000111111111100000011111001001100011
111111111111111111111111111111111111111111111111111111111111111111111111111111111111111111111111111111101100000101011000011011011110000011101100100100011110000001100000010011110000001110000010110111110000011111101101111001100000000000000001111110000000000001111111111000000000011111100000110110011100
000000000000000000000000000000000000000000000000000000000000000000000000000000000000000000000000000000010001110010110111101100100000000000010011111011100001111110011111101100001111110001111101000000001111100000010011111110011111111111111110000001111111111110000000000111111111100000011111001000000011
000000000000000000000000000000000000000000000000000000000000000000000000000000000000000000000000000011100110001001001111110011000111111111001100000100000000000001100000010000000000001110000010011111110000000010001100000001100000000000000001111110000000000001111111111000000000011111100000110011110000
111111111111111111111111111111111111111111111111111111111111111111111111111111111111111111111111111100011000000110110000001100111000000000110011111011111111111110011111101111111111110001111101100000001111111101110011111110011111111111111110000001111111111110000000000111111111100000011111001100001111
000000000000000000000000000000000000000000000000000000000000000000000000000000000000000000000000000011100011111001101111110111000001111100001100001100000000000001110000110000000000001111000010001000000000000000001100000011100000000000000001111110000000000001111111111000000000011111111111110001100000
111111111111111111111111111111111111111111111111111111111111111111111111111111111111111111111111111100001100000110011111111000111110000011110011110001111111110000001111000111111110000000111100110111111111111111110011111100000111111111110000000000001111110000000000000001111110000000000000001110011111
000000000000000000000000000000000000000000000000000000000000000000000000000000000000000000000000000011110000000001100000000111000000000000001100001110000000001111110000111000000001111111000011000000000000000000001100000011111000000000001111111111110000001111111111111110000001111111111111110000000000
111111111111111111111111111111111111111111111111111111111111111111111111111111111111111111111111111100001111111100011111111000011111111111100011110000011110000000001111000011110000000000111100111111110000011111100011111100000000000000000000000000000000000000000000000000000000000000000000000111111100
000000000000000000000000000000000000000000000000000000000000000000000000000000000000000000000000000011110000000011100000000111100000000000011111011111100001111111111111111100001111111111111111000000001111100000011110000111111111111111111111111111111111111111111111111111111111111111111111111000000011
000000000000000000000000000000000000000000000000000000000000000000000000000000000000000000000000000000000011111000011111111000000001111100000000100000000000000000000000000000000000000000000000001000000000000000000001111000000000000000000000000000000000000000000000000000000000000000000000000001100000
111111111111111111111111111111111111111111111111111111111111111111111111111111111111111111111111111111111100000111111111111111111110000011111111111111111111111111111111111111111111111111111111110111111111111111111111111111111111111111111111111111111111111111111111111111111111111111111111111110011111
000000000000000000000000000000000000000000000000000000000000000000000000000000000000000000000000000000000000000000000000000000000000000000000000000000000000000000000000000000000000000000000000000000000000000000000000000000000000000000000000000000000000000000000000000000000000000000000000000000000000
111111111111111111111111111111111111111111111111111111111111111111111111111111111111111111111111111111111111111111111111111111111111111111111111111111111111111111111111111111111111111111111111111111111111111111111111111111111111111111111111111111111111111111111111111111111111111111111111111111111111
000000000000000000000000000000000000000000000000000000000000000000000000000000000000000000000000000000000000000000000000000000000000000000000000000000000000000000000000000000000000000000000000000000000000000000000000000000000000000000000000000000000000000000000000000000000000000000000000000000000000
000000000000000000000000000000000000000000000000000000000000000000000000000000000000000000000000000000000000000000000000000000000000000000000000000000000000000000000000000000000000000000000000000000000000000000000000000000000000000000000000000000000000000000000000000000000000000000000000000000000000
000000000000000000000000000000000000000000000000000000000000000000000000000000000000000000000000000000000000000000000000000000000000000000000000000000000000000000000000000000000000000000000000000000000000000000000000000000000000000000000000000000000000000000000000000000000000000000000000000000000000
000000000000000000000000000000000000000000000000000000000000000000000000000000000000000000000000000000000000000000000000000000000000000000000000000000000000000000000000000000000000000000000000000000000000000000000000000000000000000000000000000000000000000000000000000000000000000000000000000000000000
000000000000000000000000000000000000000000000000000000000000000000000000000000000000000000000000000000000000000000000000000000000000000000000000000000000000000000000000000000000000000000000000000000000000000000000000000000000000000000000000000000000000000000000000000000000000000000000000000000000000
000000000000000000000000000000000000000000000000000000000000000000000000000000000000000000000000000000000000000000000000000000000000000000000000000000000000000000000000000000000000000000000000000000000000000000000000000000000000000000000000000000000000000000000000000000000000000000000000000000000000
000000000000000000000000000000000000000000000000000000000000000000000000000000000000000000000000000000000000000000000000000000000000000000000000000000000000000000000000000000000000000000000000000000000000000000000000000000000000000000000000000000000000000000000000000000000000000000000000000000000000
000000000000000000000000000000000000000000000000000000000000000000000000000000000000000000000000000000000000000000000000000000000000000000000000000000000000000000000000000000000000000000000000000000000000000000000000000000000000000000000000000000000000000000000000000000000000000000000000000000000000
000000000000000000000000000000000000000000000000000000000000000000000000000000000000000000000000000000000000000000000000000000000000000000000000000000000000000000000000000000000000000000000000000000000000000000000000000000000000000000000000000000000000000000000000000000000000000000000000000000000000
000000000000000000000000000000000000000000000000000000000000000000000000000000000000000000000000000000000000000000000000000000000000000000000000000000000000000000000000000000000000000000000000000000000000000000000000000000000000000000000000000000000000000000000000000000000000000000000000000000000000
111111111111111111111111111111111111111111111111111111111111111111111111111111111111111111111111111111111111111111111111111111111111111111111111111111111111111111111111111111111111111111111111111111111111111111111111111111111111111111111111111111111111111111111111111111111111111111111111111111111111
000000000000000000000000000000000000000000000000000000000000000000000000000000000000000000000000000000000000000000000000000000000000000000000000000000000000000000000000000000000000000000000000000000000000000000000000000000000000000000000000000000000000000000000000000000000000000000000000000000000000
111111111111111111111111111111111111111111111111111111111111111111111111111111111111111111111111111111111111111111110000011111111111111111111000001111111111111111111111111111111111111111111111111111111111111111111111111111111111111111111111111111111111111111111111111111111111111111111111111111111111
000000000000000000000000000000000000000000000000000000000000000000000000000000000000000000000000000000000000000000001111100000111111000000000111110000000000000000000000000000000000000000000000000000000000000000000000000000000000000000000000000000000000000000000000000000000000000000000000000000000000
000000000000000000000000000000000000000000000000000000000000000000000000000000000000000000000000000011111111111111000000001111000000111110000000000001111111111110000111111111111111110000111111111111111111111111111110000001111111111111111111111111111111111111111111111111111111111111111111111111111111
111111111111111111111111111111111111111111111111111111111111111111111111111111111111111111111111111100000000000000111111110001111111100001111111111110001111000001111000000000111100001111000000000011110000000000000001111110001111110000000000000000000000000000000000000000000000000000000000000000000000
000000000000000000000000000000000000000000000000000000000000000000000000000000000000000000000000000000000011111111000000000110000000011100000000000000110000111000000000111111000011100000000111111100001111111111000000000000110000001111100000000000111111111111000000111111111111111000000111111111111111
111111111111111111111111111111111111111111111111111111111111111111111111111111111111111111111111111111111100000000110000011001111111100011111000001111001111000111111111000000111100011111111000000011110000000000111111111111001111110000011111111111000000000000111111000000000000000111111000000000000000
000000000000000000000000000000000000000000000000000000000000000000000000000000000000000000000000000000000001111110001111100110111111011100000111110000110000110000000000000111000011000000000000111100001111000000000000000000110000001110000000000000000111111000000000000111111111100000000001111111111111
111111111111111111111111111111111111111111111111111111111111111111111111111111111111111111111111111111111110010001100000011011000000110011100000000011001111101111111111111001111110111111111111000111110000111111111111110111001111111001111111111111111000000111111111111000000000011111111110000001111100
000000000000000000000000000000000000000000000000000000000000000000000000000000000000000000000000000000000001101110011000100101111111101100011111111100110010010000000000000110000001000000000000111000001111000000000000001000110111100110000000000000000111111000000000000111111111100000000001111110000011
000000000000000000000000000000000000000000000000000000000000000000000000000000000000000000000000000011111110010001000111001010011110010010000000000001001101101110000111111001111110110000111111000111110000111111111110000001001000011001111111111111111000000111111111111000000000011111111110000001111100
111111111111111111111111111111111111111111111111111111111111111111111111111111111111111111111111111100000001101110110000010101100001101101111000001110110010010001111000000110000001001111000000111000001111000000000001111110110111100110000000000000000111111000000000000111111111100000000001111110000011
000000000000000000000000000000000000000000000000000000000000000000000000000000000000000000000000000011111110010001001000101010011110010010000111110001001101101110000111111001111110110000111111000111110000111111111110000001001000011001111111111111111000000111111111111000000000011111111110000001111100
111111111111111111111111111111111111111111111111111111111111111111111111111111111111111111111111111100000001101110100111010101100001101101100000000010110010010001111000000110000001001111000000111000001111000000000001110110110111100110000000000000000111111000000000000111111111100000000001111110000011
000000000000000000000000000000000000000000000000000000000000000000000000000000000000000000000000000000000010010001011000100010111111010000011111111100001101101000000000111001111110100000000111000111110000111111000000001000001000011001100000000000111000000111000000111000000000011000000110000001111100
111111111111111111111111111111111111111111111111111111111111111111111111111111111111111111111111111111111101101110100111011101011110101111100000000011111111010111111111000110111101011111111000111011111111000000111111110111111111110110011111111111000111111000111111000111111111100111111001111110000011
000000000000000000000000000000000000000000000000000000000000000000000000000000000000000000000000000000000010010001010000000010100001010000011000001100000000101000000000111001000010100000000111000100000000111111000000001000000000001001100000000000111000000111000000111000000000011000000110000001111100
000000000000000000000000000000000000000000000000000000000000000000000000000000000000000000000000000011111101101110001000101101011110101110000111110001111111010110000111000110111101010000111000111011111111000000111110000001111111110110011111111111000111111000111111000111111111100111111001111110000011
111111111111111111111111111111111111111111111111111111111111111111111111111111111111111111111111111100000010010001100111010011100001110001100000000010000010101001111000111001000010101111000111000100000000111111000001110110000111101001100000000000111000000111000000111000000000011000000110000001111100
000000000000000000000000000000000000000000000000000000000000000000000000000000000000000000000000000011111101101110010000001100111111001110011000001101111101010110000111000110111101010000111000111011111111000000111110001001111000010110011111111111000111111000111111000111111111100111111001111110000011
111111111111111111111111111111111111111111111111111111111111111111111111111111111111111111111111111100000010010001101000110011011110110001100111110010000010101001111000111001000010101111000111000100000000111111000001110110000111101001100000000000111000000111000000111000000000011000000110000001111100
000000000000000000000000000000000000000000000000000000000000000000000000000000000000000000000000000011111101101110010111001100100001001110011000001101111101010110000111000110111101010000111000111011111111000000111110001001111000010110011111111111000111111000111111000111111111100111111001111110000011
111111111111111111111111111111111111111111111111111111111111111111111111111111111111111111111111111100000010010001101000110011011110110001100111110010000010101001111000111001000010101111000111000100000000111111000001110110000111101001100000000000111000000111000000111000000000011000000110000001111100
000000000000000000000000000000000000000000000000000000000000000000000000000000000000000000000000000011111101111110010111001111111111111110011000001101111111110110000111000111111111010000111000111111111111000000111110001001111111111110011111111111000111111000111111000111111111100111111001111111111111
000000000000000000000000000000000000000000000000000000000000000000000000000000000000000000000000000000000000101100000000000000100001001000000000000000011101010000000000000010111100000000000000001011110000000000000000000000011000010100000000000000000001100000000000000001111110000000000000011110000010
111111111111111111111111111111111111111111111111111111111111111111111111111111111111111111111111111100000010010001101000110011011110110001100111110010000010101001111000111001000010101111000111000100000000111111000001110110000111101001100000000000111000000111000000111000000000011000000110000001111100
000000000000000000000000000000000000000000000000000000000000000000000000000000000000000000000000000011111101101110010111001100100001001110011000001101111101010110000111000110111101010000111000111011111111000000111110001001111000010110011111111111000111111000111111000111111111100111111001111110000011
111111111111111111111111111111111111111111111111111111111111111111111111111111111111111111111111111100000010010001101000110011011110110001100111110010000010101001111000111001000010101111000111000100000000111111000001110110000111101001100000000000111000000111000000111000000000011000000110000001111100
000000000000000000000000000000000000000000000000000000000000000000000000000000000000000000000000000011111101101110010000001100111111001110011000001101111101010110000111000110111101010000111000111011111111000000111110001001111000010110011111111111000111111000111111000111111111100111111001111110000011
111111111111111111111111111111111111111111111111111111111111111111111111111111111111111111111111111100000010010001100111010011100001110001100000000010000010101001111000111001000010101111000111000100000000111111000001110110000111101001100000000000111000000111000000111000000000011000000110000001111100
000000000000000000000000000000000000000000000000000000000000000000000000000000000000000000000000000011111101101110001000101100011110001110000111110001111101010110000111000110111101010000111000111011111111000000111110000001111000010110011111111111000111111000111111000111111111100111111001111110000011
000000000000000000000000000000000000000000000000000000000000000000000000000000000000000000000000000000000010010001010000000011100001110000011000001100000010101000000000111001000010100000000111000100000000111111000000001000000111101001100000000000111000000111000000111000000000011000000110000001111100
111111111111111111111111111111111111111111111111111111111111111111111111111111111111111111111111111111111101101110100111011101011110101111100000000011111111010111111111000110111101011111111000111011111111000000111111110111111111110110011111111111000111111000111111000111111111100111111001111110000011
000000000000000000000000000000000000000000000000000000000000000000000000000000000000000000000000000000000010010001011000100010111111010000011111111100001101101000000000111001111110100000000111000111110000111111000000001000001000011001100000000000111000000111000000111000000000011000000110000001111100
111111111111111111111111111111111111111111111111111111111111111111111111111111111111111111111111111100000001101110100111010101100001101101100000000010110010010001111000000110000001001111000000111000001111000000000001110110110111100110000000000000000111111000000000000111111111100000000001111110000011
000000000000000000000000000000000000000000000000000000000000000000000000000000000000000000000000000011111110010001001000101010011110010010000111110001001101101110000111111001111110110000111111000111110000111111111110000001001000011001111111111111111000000111111111111000000000011111111110000001111100
111111111111111111111111111111111111111111111111111111111111111111111111111111111111111111111111111100000001101110110000010101100001101101111000001110110010010001111000000110000001001111000000111000001111000000000001111110110111100110000000000000000111111000000000000111111111100000000001111110000011
000000000000000000000000000000000000000000000000000000000000000000000000000000000000000000000000000011111110010001000111001011011110110010000000000001001111101110000111111001111110110000111111000111110000111111111110000001001111111001111111111111111000000111111111111000000000011111111110000001111100
000000000000000000000000000000000000000000000000000000000000000000000000000000000000000000000000000000000001101110011000100100111111001100011111111100110000010000000000000110000001000000000000111000001111000000000000001000110000000110000000000000000111111000000000000111111111100000000001111110000011
111111111111111111111111111111111111111111111111111111111111111111111111111111111111111111111111111111111110010001100000011011000000110011100000000011001111101111111111111001111110111111111111000111110000111111111111110111001111111001111111111111111000000111111111111000000000011111111110000001111100
000000000000000000000000000000000000000000000000000000000000000000000000000000000000000000000000000000000001111110001111100110111111011100000111110000110000110000000000000111000011000000000000111100001111000000000000000000110000001110000000000000000111111000000000000111111111100000000001111111111111
111111111111111111111111111111111111111111111111111111111111111111111111111111111111111111111111111111111100000000110000011001111111100011111000001111001111000111111111000000111100011111111000000011110000000000111111111111001111110000011111111111000000000000111111000000000000000111111000000000000000
000000000000000000000000000000000000000000000000000000000000000000000000000000000000000000000000000000000011111111000000000110000000011100000000000000110000111000000000111111000011100000000111111100001111111111000000000000110000001111100000000000111111111111000000111111111111111000000111111111111111
111111111111111111111111111111111111111111111111111111111111111111111111111111111111111111111111111100000000000000111111110001111111100001111111111110001111000001111000000000111100001111000000000011110000000000000001111110001111110000000000000000000000000000000000000000000000000000000000000000000000
000000000000000000000000000000000000000000000000000000000000000000000000000000000000000000000000000011111111111111000000001110000000011110000000000001111101111110000111111111111111110000111111111111111111111111111110000001111000011111111111111111111111111111111111111111111111111111111111111111111111
000000000000000000000000000000000000000000000000000000000000000000000000000000000000000000000000000000000000000000001111100001111111100000000111110000000010000000000000000000000000000000000000000000000000000000000000000000000111100000000000000000000000000000000000000000000000000000000000000000000000
111111111111111111111111111111111111111111111111111111111111111111111111111111111111111111111111111111111111111111110000011111111111111111111000001111111111111111111111111111111111111111111111111111111111111111111111111111111111111111111111111111111111111111111111111111111111111111111111111111111111
000000000000000000000000000000000000000000000000000000000000000000000000000000000000000000000000000000000000000000000000000000000000000000000000000000000000000000000000000000000000000000000000000000000000000000000000000000000000000000000000000000000000000000000000000000000000000000000000000000000000
111111111111111111111111111111111111111111111111111111111111111111111111111111111111111111111111111111111111111111111111111111111111111111111111111111111111111111111111111111111111111111111111111111111111111111111111111111111111111111111111111111111111111111111111111111111111111111111111111111111111
000000000000000000000000000000000000000000000000000000000000000000000000000000000000000000000000000000000000000000000000000000000000000000000000000000000000000000000000000000000000000000000000000000000000000000000000000000000000000000000000000000000000000000000000000000000000000000000000000000000000
000000000000000000000000000000000000000000000000000000000000000000000000000000000000000000000000000000000000000000000000000000000000000000000000000000000000000000000000000000000000000000000000000000000000000000000000000000000000000000000000000000000000000000000000000000000000000000000000000000000000
000000000000000000000000000000000000000000000000000000000000000000000000000000000000000000000000000000000000000000000000000000000000000000000000000000000000000000000000000000000000000000000000000000000000000000000000000000000000000000000000000000000000000000000000000000000000000000000000000000000000
000000000000000000000000000000000000000000000000000000000000000000000000000000000000000000000000000000000000000000000000000000000000000000000000000000000000000000000000000000000000000000000000000000000000000000000000000000000000000000000000000000000000000000000000000000000000000000000000000000000000
000000000000000000000000000000000000000000000000000000000000000000000000000000000000000000000000000000000000000000000000000000000000000000000000000000000000000000000000000000000000000000000000000000000000000000000000000000000000000000000000000000000000000000000000000000000000000000000000000000000000
000000000000000000000000000000000000000000000000000000000000000000000000000000000000000000000000000000000000000000000000000000000000000000000000000000000000000000000000000000000000000000000000000000000000000000000000000000000000000000000000000000000000000000000000000000000000000000000000000000000000
000000000000000000000000000000000000000000000000000000000000000000000000000000000000000000000000000000000000000000000000000000000000000000000000000000000000000000000000000000000000000000000000000000000000000000000000000000000000000000000000000000000000000000000000000000000000000000000000000000000000
000000000000000000000000000000000000000000000000000000000000000000000000000000000000000000000000000000000000000000000000000000000000000000000000000000000000000000000000000000000000000000000000000000000000000000000000000000000000000000000000000000000000000000000000000000000000000000000000000000000000
000000000000000000000000000000000000000000000000000000000000000000000000000000000000000000000000000000000000000000000000000000000000000000000000000000000000000000000000000000000000000000000000000000000000000000000000000000000000000000000000000000000000000000000000000000000000000000000000000000000000
000000000000000000000000000000000000000000000000000000000000000000000000000000000000000000000000000000000000000000000000000000000000000000000000000000000000000000000000000000000000000000000000000000000000000000000000000000000000000000000000000000000000000000000000000000000000000000000000000000000000
111111111111111111111111111111111111111111111111111111111111111111111111111111111111111111111111111111111111111111111111111111111111111111111111111111111111111111111111111111111111111111111111111111111111111111111111111111111111111111111111111111111111111111111111111111111111111111111111111111111111
000000000000000000000000000000000000000000000000000000000000000000000000000000000000000000000000000000000000000000000000000000000000000000000000000000000000000000000000000000000000000000000000000000000000000000000000000000000000000000000000000000000000000000000000000000000000000000000000000000000000
111111111111111111111111111111111111111111111111111111111111111111111111111111111111111111111111111111111111111111111111111111000001111111111111111111100000111111111111111111111111111111111111111111111111111111111111111111111111111111111111111111111111111111111111111111111111111111111111111111111111
000000000000000000000000000000000000000000000000000000000000000000000000000000000000000000000000000000000000000000000000000000111110000011111100000000011111000000000000000000000000000000000000000000000000000000000000000000000000000000000000000000000000000000000000000000000000000000000000000000000000
000000000000000000000000000000000000000000000000000000000000000000000000000000000000000000000000000011111111111111111111111100000000111100000011111000000000000111111111111000011111111111111111000011111111111111111111111111111000000111111111111111111111111111111111111111111111111111111111111111111111
111111111111111111111111111111111111111111111111111111111111111111111111111111111111111111111111111100000000000000000000000011111111000111111110000111111111111000111100000111100000000011110000111100000000000000000000000000000111111000111111000000000000000000000000000000000000000000000000000000000000
000000000000000000000000000000000000000000000000000000000000000000000000000000000000000000000000000011111111110000001111111100000000011000000001110000000000000011000011100000000011111100001110000000010001111111111111111100000000000011000000111110000000000011111111111100000011111111111111100000011111
111111111111111111111111111111111111111111111111111111111111111111111111111111111111111111111111111100000000001111110000000011000001100111111110001111100000111100111100011111111100000011110001111111101110000000000000000011111111111100111111000001111111111100000000000011111100000000000000011111100000
000000000000000000000000000000000000000000000000000000000000000000000000000000000000000000000000000010000000000000000111111000111110011011111101110000011111000011000011000000000000011100001100000000000000011111111100000000000000000011000000111000000000000000011111100000000000011111111110000000000111
111111111111111111111111111111111111111111111111111111111111111111111111111111111111111111111111111101111111111111111001000110000001101100000011001110000000001100111110111111111111100111111011111111111111100000000011111111111111011100111111100111111111111111100000011111111111100000000001111111111000
000000000000000000000000000000000000000000000000000000000000000000000000000000000000000000000000000010000000000000000110111001100010010111111110110001111111110011001001000000000000011000000100000000000000011111111100000000000000100011011110011000000000000000011111100000000000011111111110000000000111
000000000000000000000000000000000000000000000000000000000000000000000000000000000000000000000000000001111111111111111001000100011100101001111001001000000000000100110110111000011111100111111011000011111111100000000011111111111000000100100001100111111111111111100000011111111111100000000001111111111000
111111111111111111111111111111111111111111111111111111111111111111111111111111111111111111111111111110000000000000000110111011000001010110000110110111100000111011001001000111100000011000000100111100000000011111111100000000000111111011011110011000000000000000011111100000000000011111111110000000000111
000000000000000000000000000000000000000000000000000000000000000000000000000000000000000000000000000001111111111111111001000100100010101001111001001000011111000100110110111000011111100111111011000011111111100000000011111111111000000100100001100111111111111111100000011111111111100000000001111111111000
111111111111111111111111111111111111111111111111111111111111111111111111111111111111111111111111111110000000000000000110111010011101010110000110110110000000001011001001000111100000011000000100111100000000011111111100000000000111011011011110011000000000000000011111100000000000011111111110000000000111
000000000000000000000000000000000000000000000000000000000000000000000000000000000000000000000000000001111111110000001001000101100010001011111101000001111111110000110110100000000011100111111010000000010001100000000011111100000000100000100001100110000000000011100000011100000011100000000001100000011000
111111111111111111111111111111111111111111111111111111111111111111111111111111111111111111111111111110000000001111110110111010011101110101111010111110000000001111111101011111111100011011110101111111101110011111111100000011111111011111111111011001111111111100011111100011111100011111111110011111100111
000000000000000000000000000000000000000000000000000000000000000000000000000000000000000000000000000001111111110000001001000101000000001010000101000001100000110000000010100000000011100100001010000000010001100000000011111100000000100000000000100110000000000011100000011100000011100000000001100000011000
000000000000000000000000000000000000000000000000000000000000000000000000000000000000000000000000000010000000001111110110111000100010110101111010111000011111000111111101011000011100011011110101000011101110011111111100000011111000000111111111011001111111111100011111100011111100011111111110011111100111
111111111111111111111111111111111111111111111111111111111111111111111111111111111111111111111111111101111111110000001001000110011101001110000111000110000000001000001010100111100011100100001010111100010001100000000011111100000111011000011110100110000000000011100000011100000011100000000001100000011000
000000000000000000000000000000000000000000000000000000000000000000000000000000000000000000000000000010000000001111110110111001000000110011111100111001100000110111110101011000011100011011110101000011101110011111111100000011111000100111100001011001111111111100011111100011111100011111111110011111100111
111111111111111111111111111111111111111111111111111111111111111111111111111111111111111111111111111101111111110000001001000110100011001101111011000110011111001000001010100111100011100100001010111100010001100000000011111100000111011000011110100110000000000011100000011100000011100000000001100000011000
000000000000000000000000000000000000000000000000000000000000000000000000000000000000000000000000000010000000001111110110111001011100110010000100111001100000110111110101011000011100011011110101000011101110011111111100000011111000100111100001011001111111111100011111100011111100011111111110011111100111
111111111111111111111111111111111111111111111111111111111111111111111111111111111111111111111111111101111111110000001001000110100011001101111011000110011111001000001010100111100011100100001010111100010001100000000011111100000111011000011110100110000000000011100000011100000011100000000001100000011000
000000000000000000000000000000000000000000000000000000000000000000000000000000000000000000000000000010000000001111110111111001011100111111111111111001100000110111111111011000011100011111111101000011101110011111111100000011111000100111111111111001111111111100011111100011111100011111111110011111100111
000000000000000000000000000000000000000000000000000000000000000000000000000000000000000000000000000000000000000000000010110000000000000010000100100000000000000001110101000000000000001011110000000000000000000010000000000000000000000001100001010000000000000000000110000000000000000111111000000000000001
111111111111111111111111111111111111111111111111111111111111111111111111111111111111111111111111111101111111110000001001000110100011001101111011000110011111001000001010100111100011100100001010111100010001100000000011111100000111011000011110100110000000000011100000011100000011100000000001100000011000
000000000000000000000000000000000000000000000000000000000000000000000000000000000000000000000000000010000000001111110110111001011100110010000100111001100000110111110101011000011100011011110101000011101110011111111100000011111000100111100001011001111111111100011111100011111100011111111110011111100111
111111111111111111111111111111111111111111111111111111111111111111111111111111111111111111111111111101111111110000001001000110100011001101111011000110011111001000001010100111100011100100001010111100010001100000000011111100000111011000011110100110000000000011100000011100000011100000000001100000011000
000000000000000000000000000000000000000000000000000000000000000000000000000000000000000000000000000010000000001111110110111001000000110011111100111001100000110111110101011000011100011011110101000011101110011111111100000011111000100111100001011001111111111100011111100011111100011111111110011111100111
111111111111111111111111111111111111111111111111111111111111111111111111111111111111111111111111111101111111110000001001000110011101001110000111000110000000001000001010100111100011100100001010111100010001100000000011111100000111011000011110100110000000000011100000011100000011100000000001100000011000
000000000000000000000000000000000000000000000000000000000000000000000000000000000000000000000000000010000000001111110110111000100010110001111000111000011111000111110101011000011100011011110101000011101110011111111100000011111000000111100001011001111111111100011111100011111100011111111110011111100111
000000000000000000000000000000000000000000000000000000000000000000000000000000000000000000000000000001111111110000001001000101000000001110000111000001100000110000001010100000000011100100001010000000010001100000000011111100000000100000011110100110000000000011100000011100000011100000000001100000011000
111111111111111111111111111111111111111111111111111111111111111111111111111111111111111111111111111110000000001111110110111010011101110101111010111110000000001111111101011111111100011011110101111111101110011111111100000011111111011111111111011001111111111100011111100011111100011111111110011111100111
000000000000000000000000000000000000000000000000000000000000000000000000000000000000000000000000000001111111110000001001000101100010001011111101000001111111110000110110100000000011100111111010000000010001100000000011111100000000100000100001100110000000000011100000011100000011100000000001100000011000
111111111111111111111111111111111111111111111111111111111111111111111111111111111111111111111111111110000000000000000110111010011101010110000110110110000000001011001001000111100000011000000100111100000000011111111100000000000111011011011110011000000000000000011111100000000000011111111110000000000111
000000000000000000000000000000000000000000000000000000000000000000000000000000000000000000000000000001111111111111111001000100100010101001111001001000011111000100110110111000011111100111111011000011111111100000000011111111111000000100100001100111111111111111100000011111111111100000000001111111111000
111111111111111111111111111111111111111111111111111111111111111111111111111111111111111111111111111110000000000000000110111011000001010110000110110111100000111011001001000111100000011000000100111100000000011111111100000000000111111011011110011000000000000000011111100000000000011111111110000000000111
000000000000000000000000000000000000000000000000000000000000000000000000000000000000000000000000000001111111111111111001000100011100101101111011001000000000000100111110111000011111100111111011000011111111100000000011111111111000000100111111100111111111111111100000011111111111100000000001111111111000
000000000000000000000000000000000000000000000000000000000000000000000000000000000000000000000000000010000000000000000110111001100010010011111100110001111111110011000001000000000000011000000100000000000000011111111100000000000000100011000000011000000000000000011111100000000000011111111110000000000111
111111111111111111111111111111111111111111111111111111111111111111111111111111111111111111111111111101111111111111111001000110000001101100000011001110000000001100111110111111111111100111111011111111111111100000000011111111111111011100111111100111111111111111100000011111111111100000000001111111111000
000000000000000000000000000000000000000000000000000000000000000000000000000000000000000000000000000010000000000000000111111000111110011011111101110000011111000011000011000000000000011100001100000000000000011111111100000000000000000011000000111000000000000000011111100000000000011111111110000000000111
111111111111111111111111111111111111111111111111111111111111111111111111111111111111111111111111111100000000001111110000000011000001100111111110001111100000111100111100011111111100000011110001111111101110000000000000000011111111111100111111000001111111111100000000000011111100000000000000011111100000
000000000000000000000000000000000000000000000000000000000000000000000000000000000000000000000000000011111111110000001111111100000000011000000001110000000000000011000011100000000011111100001110000000010001111111111111111100000000000011000000111110000000000011111111111100000011111111111111100000011111
111111111111111111111111111111111111111111111111111111111111111111111111111111111111111111111111111100000000000000000000000011111111000111111110000111111111111000111100000111100000000011110000111100000000000000000000000000000111111000111111000000000000000000000000000000000000000000000000000000000000
000000000000000000000000000000000000000000000000000000000000000000000000000000000000000000000000000011111111111111111111111100000000111000000001111000000000000111110111111000011111111111111111000011111111111111111111111111111000000111100001111111111111111111111111111111111111111111111111111111111111
000000000000000000000000000000000000000000000000000000000000000000000000000000000000000000000000000000000000000000000000000000111110000111111110000000011111000000001000000000000000000000000000000000000000000000000000000000000000000000011110000000000000000000000000000000000000000000000000000000000000
111111111111111111111111111111111111111111111111111111111111111111111111111111111111111111111111111111111111111111111111111111000001111111111111111111100000111111111111111111111111111111111111111111111111111111111111111111111111111111111111111111111111111111111111111111111111111111111111111111111111
000000000000000000000000000000000000000000000000000000000000000000000000000000000000000000000000000000000000000000000000000000000000000000000000000000000000000000000000000000000000000000000000000000000000000000000000000000000000000000000000000000000000000000000000000000000000000000000000000000000000
111111111111111111111111111111111111111111111111111111111111111111111111111111111111111111111111111111111111111111111111111111111111111111111111111111111111111111111111111111111111111111111111111111111111111111111111111111111111111111111111111111111111111111111111111111111111111111111111111111111111
000000000000000000000000000000000000000000000000000000000000000000000000000000000000000000000000000000000000000000000000000000000000000000000000000000000000000000000000000000000000000000000000000000000000000000000000000000000000000000000000000000000000000000000000000000000000000000000000000000000000
000000000000000000000000000000000000000000000000000000000000000000000000000000000000000000000000000000000000000000000000000000000000000000000000000000000000000000000000000000000000000000000000000000000000000000000000000000000000000000000000000000000000000000000000000000000000000000000000000000000000
000000000000000000000000000000000000000000000000000000000000000000000000000000000000000000000000000000000000000000000000000000000000000000000000000000000000000000000000000000000000000000000000000000000000000000000000000000000000000000000000000000000000000000000000000000000000000000000000000000000000
000000000000000000000000000000000000000000000000000000000000000000000000000000000000000000000000000000000000000000000000000000000000000000000000000000000000000000000000000000000000000000000000000000000000000000000000000000000000000000000000000000000000000000000000000000000000000000000000000000000000
000000000000000000000000000000000000000000000000000000000000000000000000000000000000000000000000000000000000000000000000000000000000000000000000000000000000000000000000000000000000000000000000000000000000000000000000000000000000000000000000000000000000000000000000000000000000000000000000000000000000
000000000000000000000000000000000000000000000000000000000000000000000000000000000000000000000000000000000000000000000000000000000000000000000000000000000000000000000000000000000000000000000000000000000000000000000000000000000000000000000000000000000000000000000000000000000000000000000000000000000000
000000000000000000000000000000000000000000000000000000000000000000000000000000000000000000000000000000000000000000000000000000000000000000000000000000000000000000000000000000000000000000000000000000000000000000000000000000000000000000000000000000000000000000000000000000000000000000000000000000000000
000000000000000000000000000000000000000000000000000000000000000000000000000000000000000000000000000000000000000000000000000000000000000000000000000000000000000000000000000000000000000000000000000000000000000000000000000000000000000000000000000000000000000000000000000000000000000000000000000000000000
000000000000000000000000000000000000000000000000000000000000000000000000000000000000000000000000000000000000000000000000000000000000000000000000000000000000000000000000000000000000000000000000000000000000000000000000000000000000000000000000000000000000000000000000000000000000000000000000000000000000
000000000000000000000000000000000000000000000000000000000000000000000000000000000000000000000000000000000000000000000000000000000000000000000000000000000000000000000000000000000000000000000000000000000000000000000000000000000000000000000000000000000000000000000000000000000000000000000000000000000000
111111111111111111111111111111111111111111111111111111111111111111111111111111111111111111111111111111111111111111111111111111111111111111111111111111111111111111111111111111111111111111111111111111111111111111111111111111111111111111111111111111111111111111111111111111111111111111111111111111111111
000000000000000000000000000000000000000000000000000000000000000000000000000000000000000000000000000000000000000000000000000000000000000000000000000000000000000000000000000000000000000000000000000000000000000000000000000000000000000000000000000000000000000000000000000000000000000000000000000000000000
111111111111111111111111111111111111111111111111111111111111111111111111111111111111111111111111111111111111111111111111111111111111111100000111111111111111111110000011111111111111111111111111111111111111111111111111111111111111111111111111111111111111111111111111111111111111111111111111111111111111
000000000000000000000000000000000000000000000000000000000000000000000000000000000000000000000000000000000000000000000000000000000000000011111000001111110000000001111100000000000000000000000000000000000000000000000000000000000000000000000000000000000000000000000000000000000000000000000000000000000000
000000000000000000000000000000000000000000000000000000000000000000000000000000000000000000000000000001111111111111111111111111111111110000000011110000001111100000000000011111111111100001111111111111111111111111111111111111111111111111100000011111111111111111111111111111111111111111111111111111111111
111111111111111111111111111111111111111111111111111111111111111111111111111111111111111111111111111110000011000000000000000000000000001111111100011111111000011111111111100011110000011110000000001111000000000000000000000000000000000000011111100011111100000000000000000000000000000000000000000000000000
000000000000000000000000000000000000000000000000000000000000000000000000000000000000000000000000000000111100111111111111000000111111110000000001100000000111000000000000001100001110000000001111110000111111111111000111111111111111110000000000001100000011111000000000001111111111110000001111111111111110
111111111111111111111111111111111111111111111111111111111111111111111111111111111111111111111111111111000011000000000000111111000000001100000110011111111000111110000011110011110001111111110000001111000000000000111000000000000000001111111111110011111100000111111111110000000000001111110000000000000001
000000000000000000000000000000000000000000000000000000000000000000000000000000000000000000000000000000011100111000000000000000011111100011111001101111110111000001111100001100001100000000000001110000110111111100000001111111110000000000000000001100000011100000000000000001111110000000000001111111111000
111111111111111111111111111111111111111111111111111111111111111111111111111111111111111111111111111111100111100111111111111111100100011000000110110000001100111000000000110011111011111111111110011111101000000011111110000000001111111111111101110011111110011111111111111110000001111111111110000000000111
000000000000000000000000000000000000000000000000000000000000000000000000000000000000000000000000000000011000011000000000000000011011100110001001011111111011000111111111001100100100000000000001100000010111111100000001111111110000000000000010001101111001100000000000000001111110000000000001111111111000
000000000000000000000000000000000000000000000000000000000000000000000000000000000000000000000000000001100111100111111111111111100100010001110010100111100100100000000000010011011011100001111110011111101000000011111110000000001111111111100000010010000110011111111111111110000001111111111110000000000111
111111111111111111111111111111111111111111111111111111111111111111111111111111111111111111111111111110011000011000000000000000011011101100000101011000011011011110000011101100100100011110000001100000010111111100000001111111110000000000011111101101111001100000000000000001111110000000000001111111111000
000000000000000000000000000000000000000000000000000000000000000000000000000000000000000000000000000001100111100111111111111111100100010010001010100111100100100001111100010011011011100001111110011111101000000011111110000000001111111111100000010010000110011111111111111110000001111111111110000000000111
111111111111111111111111111111111111111111111111111111111111111111111111111111111111111111111111111110011000011000000000000000011011101001110101011000011011011000000000101100100100011110000001100000010111111100000001111111110000000000011101101101111001100000000000000001111110000000000001111111111000
000000000000000000000000000000000000000000000000000000000000000000000000000000000000000000000000000000100111100111111111000000100100010110001000101111110100000111111111000011011010000000001110011111101000000011000110000000001111110000000010000010000110011000000000001110000001110000001110000000000110
111111111111111111111111111111111111111111111111111111111111111111111111111111111111111111111111111111011011011000000000111111011011101001110111010111101011111000000000111111110101111111110001101111010111111100111001111111110000001111111101111111111101100111111111110001111110001111110001111111111001
000000000000000000000000000000000000000000000000000000000000000000000000000000000000000000000000000000100100100111111111000000100100010100000000101000010100000110000011000000001010000000001110010000101000000011000110000000001111110000000010000000000010011000000000001110000001110000001110000000000110
000000000000000000000000000000000000000000000000000000000000000000000000000000000000000000000000000001011011011000000000111111011011100010001011010111101011100001111100011111110101100001110001101111010111111100111001111111110000001111100000011111111101100111111111110001111110001111110001111111111001
111111111111111111111111111111111111111111111111111111111111111111111111111111111111111111111111111110100100100111111111000000100100011001110100111000011100011000000000100000101010011110001110010000101000000011000110000000001111110000011101100001111010011000000000001110000001110000001110000000000110
000000000000000000000000000000000000000000000000000000000000000000000000000000000000000000000000000001011011011000000000111111011011100100000011001111110011100110000011011111010101100001110001101111010111111100111001111111110000001111100010011110000101100111111111110001111110001111110001111111111001
111111111111111111111111111111111111111111111111111111111111111111111111111111111111111111111111111110100100100111111111000000100100011010001100110111101100011001111100100000101010011110001110010000101000000011000110000000001111110000011101100001111010011000000000001110000001110000001110000000000110
000000000000000000000000000000000000000000000000000000000000000000000000000000000000000000000000000001011011011000000000111111011011100101110011001000010011100110000011011111010101100001110001101111010111111100111001111111110000001111100010011110000101100111111111110001111110001111110001111111111001
111111111111111111111111111111111111111111111111111111111111111111111111111111111111111111111111111110100100100111111111000000100100011010001100110111101100011001111100100000101010011110001110010000101000000011000110000000001111110000011101100001111010011000000000001110000001110000001110000000000110
000000000000000000000000000000000000000000000000000000000000000000000000000000000000000000000000000001011111111000000000111111011111100101110011111111111111100110000011011111111101100001110001111111110111111100111001111111110000001111100010011111111111100111111111110001111110001111110001111111111001
000000000000000000000000000000000000000000000000000000000000000000000000000000000000000000000000000000001011010000000000000000001011000000000000001000010010000000000000000111010100000000000000101111000001110000000000001000000000000000000000000110000101000000000000000000011000000000000000011111100000
111111111111111111111111111111111111111111111111111111111111111111111111111111111111111111111111111110100100100111111111000000100100011010001100110111101100011001111100100000101010011110001110010000101000000011000110000000001111110000011101100001111010011000000000001110000001110000001110000000000110
000000000000000000000000000000000000000000000000000000000000000000000000000000000000000000000000000001011011011000000000111111011011100101110011001000010011100110000011011111010101100001110001101111010111111100111001111111110000001111100010011110000101100111111111110001111110001111110001111111111001
111111111111111111111111111111111111111111111111111111111111111111111111111111111111111111111111111110100100100111111111000000100100011010001100110111101100011001111100100000101010011110001110010000101000000011000110000000001111110000011101100001111010011000000000001110000001110000001110000000000110
000000000000000000000000000000000000000000000000000000000000000000000000000000000000000000000000000001011011011000000000111111011011100100000011001111110011100110000011011111010101100001110001101111010111111100111001111111110000001111100010011110000101100111111111110001111110001111110001111111111001
111111111111111111111111111111111111111111111111111111111111111111111111111111111111111111111111111110100100100111111111000000100100011001110100111000011100011000000000100000101010011110001110010000101000000011000110000000001111110000011101100001111010011000000000001110000001110000001110000000000110
000000000000000000000000000000000000000000000000000000000000000000000000000000000000000000000000000001011011011000000000111111011011100010001011000111100011100001111100011111010101100001110001101111010111111100111001111111110000001111100000011110000101100111111111110001111110001111110001111111111001
000000000000000000000000000000000000000000000000000000000000000000000000000000000000000000000000000000100100100111111111000000100100010100000000111000011100000110000011000000101010000000001110010000101000000011000110000000001111110000000010000001111010011000000000001110000001110000001110000000000110
111111111111111111111111111111111111111111111111111111111111111111111111111111111111111111111111111111011011011000000000111111011011101001110111010111101011111000000000111111110101111111110001101111010111111100111001111111110000001111111101111111111101100111111111110001111110001111110001111111111001
000000000000000000000000000000000000000000000000000000000000000000000000000000000000000000000000000000100111100111111111000000100100010110001000101111110100000111111111000011011010000000001110011111101000000011000110000000001111110000000010000010000110011000000000001110000001110000001110000000000110
111111111111111111111111111111111111111111111111111111111111111111111111111111111111111111111111111110011000011000000000000000011011101001110101011000011011011000000000101100100100011110000001100000010111111100000001111111110000000000011101101101111001100000000000000001111110000000000001111111111000
000000000000000000000000000000000000000000000000000000000000000000000000000000000000000000000000000001100111100111111111111111100100010010001010100111100100100001111100010011011011100001111110011111101000000011111110000000001111111111100000010010000110011111111111111110000001111111111110000000000111
111111111111111111111111111111111111111111111111111111111111111111111111111111111111111111111111111110011000011000000000000000011011101100000101011000011011011110000011101100100100011110000001100000010111111100000001111111110000000000011111101101111001100000000000000001111110000000000001111111111000
000000000000000000000000000000000000000000000000000000000000000000000000000000000000000000000000000001100111100111111111111111100100010001110010110111101100100000000000010011111011100001111110011111101000000011111110000000001111111111100000010011111110011111111111111110000001111111111110000000000111
000000000000000000000000000000000000000000000000000000000000000000000000000000000000000000000000000000011000011000000000000000011011100110001001001111110011000111111111001100000100000000000001100000010111111100000001111111110000000000000010001100000001100000000000000001111110000000000001111111111000
111111111111111111111111111111111111111111111111111111111111111111111111111111111111111111111111111111100111100111111111111111100100011000000110110000001100111000000000110011111011111111111110011111101000000011111110000000001111111111111101110011111110011111111111111110000001111111111110000000000111
000000000000000000000000000000000000000000000000000000000000000000000000000000000000000000000000000000011100111000000000000000011111100011111001101111110111000001111100001100001100000000000001110000110111111100000001111111110000000000000000001100000011100000000000000001111110000000000001111111111000
111111111111111111111111111111111111111111111111111111111111111111111111111111111111111111111111111111000011000000000000111111000000001100000110011111111000111110000011110011110001111111110000001111000000000000111000000000000000001111111111110011111100000111111111110000000000001111110000000000000001
000000000000000000000000000000000000000000000000000000000000000000000000000000000000000000000000000000111100111111111111000000111111110000000001100000000111000000000000001100001110000000001111110000111111111111000111111111111111110000000000001100000011111000000000001111111111110000001111111111111110
111111111111111111111111111111111111111111111111111111111111111111111111111111111111111111111111111110000011000000000000000000000000001111111100011111111000011111111111100011110000011110000000001111000000000000000000000000000000000000011111100011111100000000000000000000000000000000000000000000000000
000000000000000000000000000000000000000000000000000000000000000000000000000000000000000000000000000001111111111111111111111111111111110000000011100000000111100000000000011111011111100001111111111111111111111111111111111111111111111111100000011110000111111111111111111111111111111111111111111111111111
000000000000000000000000000000000000000000000000000000000000000000000000000000000000000000000000000000000000000000000000000000000000000011111000011111111000000001111100000000100000000000000000000000000000000000000000000000000000000000000000000001111000000000000000000000000000000000000000000000000000
111111111111111111111111111111111111111111111111111111111111111111111111111111111111111111111111111111111111111111111111111111111111111100000111111111111111111110000011111111111111111111111111111111111111111111111111111111111111111111111111111111111111111111111111111111111111111111111111111111111111
000000000000000000000000000000000000000000000000000000000000000000000000000000000000000000000000000000000000000000000000000000000000000000000000000000000000000000000000000000000000000000000000000000000000000000000000000000000000000000000000000000000000000000000000000000000000000000000000000000000000
111111111111111111111111111111111111111111111111111111111111111111111111111111111111111111111111111111111111111111111111111111111111111111111111111111111111111111111111111111111111111111111111111111111111111111111111111111111111111111111111111111111111111111111111111111111111111111111111111111111111
000000000000000000000000000000000000000000000000000000000000000000000000000000000000000000000000000000000000000000000000000000000000000000000000000000000000000000000000000000000000000000000000000000000000000000000000000000000000000000000000000000000000000000000000000000000000000000000000000000000000
000000000000000000000000000000000000000000000000000000000000000000000000000000000000000000000000000000000000000000000000000000000000000000000000000000000000000000000000000000000000000000000000000000000000000000000000000000000000000000000000000000000000000000000000000000000000000000000000000000000000
000000000000000000000000000000000000000000000000000000000000000000000000000000000000000000000000000000000000000000000000000000000000000000000000000000000000000000000000000000000000000000000000000000000000000000000000000000000000000000000000000000000000000000000000000000000000000000000000000000000000
000000000000000000000000000000000000000000000000000000000000000000000000000000000000000000000000000000000000000000000000000000000000000000000000000000000000000000000000000000000000000000000000000000000000000000000000000000000000000000000000000000000000000000000000000000000000000000000000000000000000
000000000000000000000000000000000000000000000000000000000000000000000000000000000000000000000000000000000000000000000000000000000000000000000000000000000000000000000000000000000000000000000000000000000000000000000000000000000000000000000000000000000000000000000000000000000000000000000000000000000000
000000000000000000000000000000000000000000000000000000000000000000000000000000000000000000000000000000000000000000000000000000000000000000000000000000000000000000000000000000000000000000000000000000000000000000000000000000000000000000000000000000000000000000000000000000000000000000000000000000000000
000000000000000000000000000000000000000000000000000000000000000000000000000000000000000000000000000000000000000000000000000000000000000000000000000000000000000000000000000000000000000000000000000000000000000000000000000000000000000000000000000000000000000000000000000000000000000000000000000000000000
000000000000000000000000000000000000000000000000000000000000000000000000000000000000000000000000000000000000000000000000000000000000000000000000000000000000000000000000000000000000000000000000000000000000000000000000000000000000000000000000000000000000000000000000000000000000000000000000000000000000
000000000000000000000000000000000000000000000000000000000000000000000000000000000000000000000000000000000000000000000000000000000000000000000000000000000000000000000000000000000000000000000000000000000000000000000000000000000000000000000000000000000000000000000000000000000000000000000000000000000000
000000000000000000000000000000000000000000000000000000000000000000000000000000000000000000000000000000000000000000000000000000000000000000000000000000000000000000000000000000000000000000000000000000000000000000000000000000000000000000000000000000000000000000000000000000000000000000000000000000000000
111111111111111111111111111111111111111111111111111111111111111111111111111111111111111111111111111111111111111111111111111111111111111111111111111111111111111111111111111111111111111111111111111111111111111111111111111111111111111111111111111111111111111111111111111111111111111111111111111111111111
000000000000000000000000000000000000000000000000000000000000000000000000000000000000000000000000000000000000000000000000000000000000000000000000000000000000000000000000000000000000000000000000000000000000000000000000000000000000000000000000000000000000000000000000000000000000000000000000000000000000
111111111111111111111111111111111111111111111111111111111111111111111111111111111111111111111111111111111101111111111111111111111111111111111111110000011111111111111111111000001111111111111111111111111111111111111111111111111111111111111111111111111111111111111111111111111111111111111111111111111111
000000000000000000000000000000000000000000000000000000000000000000000000000000000000000000000000000000000010000000000000000000000000000000000000001111100000111111000000000111110000000000000000000000000000000000000000000000000000000000000000000000000000000000000000000000000000000000000000000000000000
000000000000000000000000000000000000000000000000000000000000000000000000000000000000000000000000000011000000000111111111111111111111111111111111000000001111000000111110000000000001111111111110000111111100000011111111111111111111111111111111111110000001111111111111111111111111111111111111111111111111
111111111111111111111111111111111111111111111111111111111111111111111111111111111111111111111111111100111111111000001100000000000000000000000000111111110001111111100001111111111110001111000001111000000011111100000000000000000000000000000000000001111110001111110000000000000000000000000000000000000000
000000000000000000000000000000000000000000000000000000000000000000000000000000000000000000000000000011000000000011110011111111111100000011111111000000000110000000011100000000000000110000111000000000111000000000111111111100011111111111111111000000000000110000001111100000000000111111111111000000111111
111111111111111111111111111111111111111111111111111111111111111111111111111111111111111111111111111100111101111100001100000000000011111100000000110000011001111111100011111000001111001111000111111111000111111111000000000011100000000000000000111111111111001111110000011111111111000000000000111111000000
000000000000000000000000000000000000000000000000000000000000000000000000000000000000000000000000000010000010000001110011100000000000000001111110001111100110111111011100000111110000110000110000000000001000000000011111110000000111111111000000000000000000110000001110000000000000000111111000000000000111
111111111111111111111111111111111111111111111111111111111111111111111111111111111111111111111111111101100000001110011110011111111111111110010001100000011011000000110011100000000011001111101111111111110111011111100000001111111000000000111111111111110111001111111001111111111111111000000111111111111000
000000000000000000000000000000000000000000000000000000000000000000000000000000000000000000000000000010011111110001100001100000000000000001101110011000100101111111101100011111111100110010010000000000001000100000011111110000000111111111000000000000001000110111100110000000000000000111111000000000000111
000000000000000000000000000000000000000000000000000000000000000000000000000000000000000000000000000001000000000110011110011111111111111110010001000111001010011110010010000000000001001101101110000111110100000011100000001111111000000000111111111110000001001000011001111111111111111000000111111111111000
111111111111111111111111111111111111111111111111111111111111111111111111111111111111111111111111111110111101111001100001100000000000000001101110110000010101100001101101111000001110110010010001111000001011111100011111110000000111111111000000000001111110110111100110000000000000000111111000000000000111
000000000000000000000000000000000000000000000000000000000000000000000000000000000000000000000000000001000010000110011110011111111111111110010001001000101010011110010010000111110001001101101110000111110100000011100000001111111000000000111111111110000001001000011001111111111111111000000111111111111000
111111111111111111111111111111111111111111111111111111111111111111111111111111111111111111111111111110100000001001100001100000000000000001101110100111010101100001101101100000000010110010010001111000001011011100011111110000000111111111000000000001110110110111100110000000000000000111111000000000000111
000000000000000000000000000000000000000000000000000000000000000000000000000000000000000000000000000001011111110010011110011111111100000010010001011000100010111111010000011111111100001101101000000000110000100000100000001100011000000000111111000000001000001000011001100000000000111000000111000000111000
111111111111111111111111111111111111111111111111111111111111111111111111111111111111111111111111111110100000001101101101100000000011111101101110100111011101011110101111100000000011111111010111111111001111011111011111110011100111111111000000111111110111111111110110011111111111000111111000111111000111
000000000000000000000000000000000000000000000000000000000000000000000000000000000000000000000000000001011101110010010010011111111100000010010001010000000010100001010000011000001100000000101000000000110000100000100000001100011000000000111111000000001000000000001001100000000000111000000111000000111000
000000000000000000000000000000000000000000000000000000000000000000000000000000000000000000000000000010000010000101101101100000000011111101101110001000101101011110101110000111110001111111010110000111001100000011011111110011100111111111000000111110000001111111110110011111111111000111111000111111000111
111111111111111111111111111111111111111111111111111111111111111111111111111111111111111111111111111101100000001010010010011111111100000010010001100111010011100001110001100000000010000010101001111000110011011100100000001100011000000000111111000001110110000111101001100000000000111000000111000000111000
000000000000000000000000000000000000000000000000000000000000000000000000000000000000000000000000000010011101110101101101100000000011111101101110010000001100111111001110011000001101111101010110000111001100100011011111110011100111111111000000111110001001111000010110011111111111000111111000111111000111
111111111111111111111111111111111111111111111111111111111111111111111111111111111111111111111111111101100010001010010010011111111100000010010001101000110011011110110001100111110010000010101001111000110011011100100000001100011000000000111111000001110110000111101001100000000000111000000111000000111000
000000000000000000000000000000000000000000000000000000000000000000000000000000000000000000000000000010011101110101101101100000000011111101101110010111001100100001001110011000001101111101010110000111001100100011011111110011100111111111000000111110001001111000010110011111111111000111111000111111000111
111111111111111111111111111111111111111111111111111111111111111111111111111111111111111111111111111101100010001010010010011111111100000010010001101000110011011110110001100111110010000010101001111000110011011100100000001100011000000000111111000001110110000111101001100000000000111000000111000000111000
000000000000000000000000000000000000000000000000000000000000000000000000000000000000000000000000000010011101110101111111100000000011111101111110010111001111111111111110011000001101111111110110000111001100100011011111110011100111111111000000111110001001111111111110011111111111000111111000111111000111
000000000000000000000000000000000000000000000000000000000000000000000000000000000000000000000000000010000000000000101101000000000000000000101100000000000000100001001000000000000000011101010000000000000000000000000111000000000000100000000000000000000000011000010100000000000000000001100000000000000001
111111111111111111111111111111111111111111111111111111111111111111111111111111111111111111111111111101100010001010010010011111111100000010010001101000110011011110110001100111110010000010101001111000110011011100100000001100011000000000111111000001110110000111101001100000000000111000000111000000111000
000000000000000000000000000000000000000000000000000000000000000000000000000000000000000000000000000010011101110101101101100000000011111101101110010111001100100001001110011000001101111101010110000111001100100011011111110011100111111111000000111110001001111000010110011111111111000111111000111111000111
111111111111111111111111111111111111111111111111111111111111111111111111111111111111111111111111111101100010001010010010011111111100000010010001101000110011011110110001100111110010000010101001111000110011011100100000001100011000000000111111000001110110000111101001100000000000111000000111000000111000
000000000000000000000000000000000000000000000000000000000000000000000000000000000000000000000000000010011101110101101101100000000011111101101110010000001100111111001110011000001101111101010110000111001100100011011111110011100111111111000000111110001001111000010110011111111111000111111000111111000111
111111111111111111111111111111111111111111111111111111111111111111111111111111111111111111111111111101100000001010010010011111111100000010010001100111010011100001110001100000000010000010101001111000110011011100100000001100011000000000111111000001110110000111101001100000000000111000000111000000111000
000000000000000000000000000000000000000000000000000000000000000000000000000000000000000000000000000010000010000101101101100000000011111101101110001000101100011110001110000111110001111101010110000111001100000011011111110011100111111111000000111110000001111000010110011111111111000111111000111111000111
000000000000000000000000000000000000000000000000000000000000000000000000000000000000000000000000000001011101110010010010011111111100000010010001010000000011100001110000011000001100000010101000000000110000100000100000001100011000000000111111000000001000000111101001100000000000111000000111000000111000
111111111111111111111111111111111111111111111111111111111111111111111111111111111111111111111111111110100000001101101101100000000011111101101110100111011101011110101111100000000011111111010111111111001111011111011111110011100111111111000000111111110111111111110110011111111111000111111000111111000111
000000000000000000000000000000000000000000000000000000000000000000000000000000000000000000000000000001011111110010011110011111111100000010010001011000100010111111010000011111111100001101101000000000110000100000100000001100011000000000111111000000001000001000011001100000000000111000000111000000111000
111111111111111111111111111111111111111111111111111111111111111111111111111111111111111111111111111110100000001001100001100000000000000001101110100111010101100001101101100000000010110010010001111000001011011100011111110000000111111111000000000001110110110111100110000000000000000111111000000000000111
000000000000000000000000000000000000000000000000000000000000000000000000000000000000000000000000000001000010000110011110011111111111111110010001001000101010011110010010000111110001001101101110000111110100000011100000001111111000000000111111111110000001001000011001111111111111111000000111111111111000
111111111111111111111111111111111111111111111111111111111111111111111111111111111111111111111111111110111101111001100001100000000000000001101110110000010101100001101101111000001110110010010001111000001011111100011111110000000111111111000000000001111110110111100110000000000000000111111000000000000111
000000000000000000000000000000000000000000000000000000000000000000000000000000000000000000000000000001000000000110011110011111111111111110010001000111001011011110110010000000000001001111101110000111110100000011100000001111111000000000111111111110000001001111111001111111111111111000000111111111111000
000000000000000000000000000000000000000000000000000000000000000000000000000000000000000000000000000010011111110001100001100000000000000001101110011000100100111111001100011111111100110000010000000000001000100000011111110000000111111111000000000000001000110000000110000000000000000111111000000000000111
111111111111111111111111111111111111111111111111111111111111111111111111111111111111111111111111111101100000001110011110011111111111111110010001100000011011000000110011100000000011001111101111111111110111011111100000001111111000000000111111111111110111001111111001111111111111111000000111111111111000
000000000000000000000000000000000000000000000000000000000000000000000000000000000000000000000000000010000010000001110011100000000000000001111110001111100110111111011100000111110000110000110000000000001000000000011111110000000111111111000000000000000000110000001110000000000000000111111000000000000111
111111111111111111111111111111111111111111111111111111111111111111111111111111111111111111111111111100111101111100001100000000000011111100000000110000011001111111100011111000001111001111000111111111000111111111000000000011100000000000000000111111111111001111110000011111111111000000000000111111000000
000000000000000000000000000000000000000000000000000000000000000000000000000000000000000000000000000011000000000011110011111111111100000011111111000000000110000000011100000000000000110000111000000000111000000000111111111100011111111111111111000000000000110000001111100000000000111111111111000000111111
111111111111111111111111111111111111111111111111111111111111111111111111111111111111111111111111111100111111111000001100000000000000000000000000111111110001111111100001111111111110001111000001111000000011111100000000000000000000000000000000000001111110001111110000000000000000000000000000000000000000
000000000000000000000000000000000000000000000000000000000000000000000000000000000000000000000000000011000000000111111111111111111111111111111111000000001110000000011110000000000001111101111110000111111100000011111111111111111111111111111111111110000001111000011111111111111111111111111111111111111111
000000000000000000000000000000000000000000000000000000000000000000000000000000000000000000000000000000000010000000000000000000000000000000000000001111100001111111100000000111110000000010000000000000000000000000000000000000000000000000000000000000000000000111100000000000000000000000000000000000000000
111111111111111111111111111111111111111111111111111111111111111111111111111111111111111111111111111111111101111111111111111111111111111111111111110000011111111111111111111000001111111111111111111111111111111111111111111111111111111111111111111111111111111111111111111111111111111111111111111111111111
000000000000000000000000000000000000000000000000000000000000000000000000000000000000000000000000000000000000000000000000000000000000000000000000000000000000000000000000000000000000000000000000000000000000000000000000000000000000000000000000000000000000000000000000000000000000000000000000000000000000
111111111111111111111111111111111111111111111111111111111111111111111111111111111111111111111111111111111111111111111111111111111111111111111111111111111111111111111111111111111111111111111111111111111111111111111111111111111111111111111111111111111111111111111111111111111111111111111111111111111111
000000000000000000000000000000000000000000000000000000000000000000000000000000000000000000000000000000000000000000000000000000000000000000000000000000000000000000000000000000000000000000000000000000000000000000000000000000000000000000000000000000000000000000000000000000000000000000000000000000000000
000000000000000000000000000000000000000000000000000000000000000000000000000000000000000000000000000000000000000000000000000000000000000000000000000000000000000000000000000000000000000000000000000000000000000000000000000000000000000000000000000000000000000000000000000000000000000000000000000000000000
000000000000000000000000000000000000000000000000000000000000000000000000000000000000000000000000000000000000000000000000000000000000000000000000000000000000000000000000000000000000000000000000000000000000000000000000000000000000000000000000000000000000000000000000000000000000000000000000000000000000
000000000000000000000000000000000000000000000000000000000000000000000000000000000000000000000000000000000000000000000000000000000000000000000000000000000000000000000000000000000000000000000000000000000000000000000000000000000000000000000000000000000000000000000000000000000000000000000000000000000000
000000000000000000000000000000000000000000000000000000000000000000000000000000000000000000000000000000000000000000000000000000000000000000000000000000000000000000000000000000000000000000000000000000000000000000000000000000000000000000000000000000000000000000000000000000000000000000000000000000000000
000000000000000000000000000000000000000000000000000000000000000000000000000000000000000000000000000000000000000000000000000000000000000000000000000000000000000000000000000000000000000000000000000000000000000000000000000000000000000000000000000000000000000000000000000000000000000000000000000000000000
000000000000000000000000000000000000000000000000000000000000000000000000000000000000000000000000000000000000000000000000000000000000000000000000000000000000000000000000000000000000000000000000000000000000000000000000000000000000000000000000000000000000000000000000000000000000000000000000000000000000
000000000000000000000000000000000000000000000000000000000000000000000000000000000000000000000000000000000000000000000000000000000000000000000000000000000000000000000000000000000000000000000000000000000000000000000000000000000000000000000000000000000000000000000000000000000000000000000000000000000000
000000000000000000000000000000000000000000000000000000000000000000000000000000000000000000000000000000000000000000000000000000000000000000000000000000000000000000000000000000000000000000000000000000000000000000000000000000000000000000000000000000000000000000000000000000000000000000000000000000000000
000000000000000000000000000000000000000000000000000000000000000000000000000000000000000000000000000000000000000000000000000000000000000000000000000000000000000000000000000000000000000000000000000000000000000000000000000000000000000000000000000000000000000000000000000000000000000000000000000000000000
111111111111111111111111111111111111111111111111111111111111111111111111111111111111111111111111111111111111111111111111111111111111111111111111111111111111111111111111111111111111111111111111111111111111111111111111111111111111111111111111111111111111111111111111111111111111111111111111111111111111
000000000000000000000000000000000000000000000000000000000000000000000000000000000000000000000000000000000111000000000000000000000000000000000000000000000000000000000000000000000000000000000000000000000000000000000000000000000000000000000000000000000000000000000000000000000000000000000000000000000000
111111111111111111111111111111111111111111111111111111111111111111111111111111111111111111111111111111111000111111110111111111111111111111111111111111111111000001111111111111111111100000111111111111111111111111111111111111111111111111111111111111111111111111111111111111111111111111111111111111111111
000000000000000000000000000000000000000000000000000000000000000000000000000000000000000000000000000000011111100000001000000000000000000000000000000000000000111110000011111100000000011111000000000000000001111000000000000000000000000000000000000000000000000000000000000000000000000000000000000000000000
000000000000000000000000000000000000000000000000000000000000000000000000000000000000000000000000000011100111011100000000011111111111111111111111111111111100000000111100000011111000000000000111111111111110000111110000001111111111111111111111111111111111111000000111111111111111111111111111111111111111
111111111111111111111111111111111111111111111111111111111111111111111111111111111111111111111111111100111000110011111111100000110000000000000000000000000011111111000111111110000111111111111000111100000011111110001111110000000000000000000000000000000000000111111000111111000000000000000000000000000000
000000000000000000000000000000000000000000000000000000000000000000000000000000000000000000000000000011001111101100000000001111001111111111110000001111111100000000011000000001110000000000000011000011101100000001100000000011111111110001111111111111111100000000000011000000111110000000000011111111111100
111111111111111111111111111111111111111111111111111111111111111111111111111111111111111111111111111100110111010011110111110000110000000000001111110000000011000001100111111110001111100000111100111100010011111110011111111100000000001110000000000000000011111111111100111111000001111111111100000000000011
000000000000000000000000000000000000000000000000000000000000000000000000000000000000000000000000000001011000101000001000000111001110000000000000000111111000111110011011111101110000011111000011000011001101111001100000000001111111000000011111111100000000000000000011000000111000000000000000011111100000
111111111111111111111111111111111111111111111111111111111111111111111111111111111111111111111111111110101111110110000000111001111001111111111111111001000110000001101100000011001110000000001100111110110110000110011101111110000000111111100000000011111111111111011100111111100111111111111111100000011111
000000000000000000000000000000000000000000000000000000000000000000000000000000000000000000000000000001110111011001111111000110000110000000000000000110111001100010010111111110110001111111110011001001001001111101100010000001111111000000011111111100000000000000100011011110011000000000000000011111100000
000000000000000000000000000000000000000000000000000000000000000000000000000000000000000000000000000010011000100100000000011001111001111111111111111001000100011100101001111001001000000000000100110110110110000010010000001110000000111111100000000011111111111000000100100001100111111111111111100000011111
111111111111111111111111111111111111111111111111111111111111111111111111111111111111111111111111111101101111011011110111100110000110000000000000000110111011000001010110000110110111100000111011001001001001111101101111110001111111000000011111111100000000000111111011011110011000000000000000011111100000
000000000000000000000000000000000000000000000000000000000000000000000000000000000000000000000000000010010111100100001000011001111001111111111111111001000100100010101001111001001000011111000100110110110110000010010000001110000000111111100000000011111111111000000100100001100111111111111111100000011111
111111111111111111111111111111111111111111111111111111111111111111111111111111111111111111111111111101101110111010000000100110000110000000000000000110111010011101010110000110110110000000001011001001001001111101101101110001111111000000011111111100000000000111011011011110011000000000000000011111100000
000000000000000000000000000000000000000000000000000000000000000000000000000000000000000000000000000010011001000101111111001001111001111111110000001001000101100010001011111101000001111111110000110110100111111010000010000010000000110001100000000011111100000000100000100001100110000000000011100000011100
111111111111111111111111111111111111111111111111111111111111111111111111111111111111111111111111111101110111111010000000110110110110000000001111110110111010011101110101111010111110000000001111111101011010000111111101111101111111001110011111111100000011111111011111111111011001111111111100011111100011
000000000000000000000000000000000000000000000000000000000000000000000000000000000000000000000000000010001110100101110111001001001001111111110000001001000101000000001010000101000001100000110000000010100101111000000010000010000000110001100000000011111100000000100000000000100110000000000011100000011100
000000000000000000000000000000000000000000000000000000000000000000000000000000000000000000000000000001111001011000001000010110110110000000001111110110111000100010110101111010111000011111000111111101011010000111110000001101111111001110011111111100000011111000000111111111011001111111111100011111100011
111111111111111111111111111111111111111111111111111111111111111111111111111111111111111111111111111110100111110110000000101001001001111111110000001001000110011101001110000111000110000000001000001010100101111100001101110010000000110001100000000011111100000111011000011110100110000000000011100000011100
000000000000000000000000000000000000000000000000000000000000000000000000000000000000000000000000000001011110001001110111010110110110000000001111110110111001000000110011111100111001100000110111110101011011111011110010001101111111001110011111111100000011111000100111100001011001111111111100011111100011
111111111111111111111111111111111111111111111111111111111111111111111111111111111111111111111111111110111001110110001000101001001001111111110000001001000110100011001101111011000110011111001000001010100100000100001101110010000000110001100000000011111100000111011000011110100110000000000011100000011100
000000000000000000000000000000000000000000000000000000000000000000000000000000000000000000000000000001000111101001110111010110110110000000001111110110111001011100110010000100111001100000110111110101011011111011110010001101111111001110011111111100000011111000100111100001011001111111111100011111100011
111111111111111111111111111111111111111111111111111111111111111111111111111111111111111111111111111110111110010110001000101001001001111111110000001001000110100011001101111011000110011111001000001010100100000100001101110010000000110001100000000011111100000111011000011110100110000000000011100000011100
000000000000000000000000000000000000000000000000000000000000000000000000000000000000000000000000000001111111111001110111010111111110000000001111110111111001011100111111111111111001100000110111111111011111111111110010001101111111001110011111111100000011111000100111111111111001111111111100011111100011
000000000000000000000000000000000000000000000000000000000000000000000000000000000000000000000000000001000001101000000000000010110100000000000000000010110000000000000010000100100000000000000001110101001011111011000000000000011100000000000010000000000000000000000001100001010000000000000000000110000000
111111111111111111111111111111111111111111111111111111111111111111111111111111111111111111111111111110111110010110001000101001001001111111110000001001000110100011001101111011000110011111001000001010100100000100001101110010000000110001100000000011111100000111011000011110100110000000000011100000011100
000000000000000000000000000000000000000000000000000000000000000000000000000000000000000000000000000001000111101001110111010110110110000000001111110110111001011100110010000100111001100000110111110101011011111011110010001101111111001110011111111100000011111000100111100001011001111111111100011111100011
111111111111111111111111111111111111111111111111111111111111111111111111111111111111111111111111111110111001110110001000101001001001111111110000001001000110100011001101111011000110011111001000001010100100000100001101110010000000110001100000000011111100000111011000011110100110000000000011100000011100
000000000000000000000000000000000000000000000000000000000000000000000000000000000000000000000000000001011110001001110111010110110110000000001111110110111001000000110011111100111001100000110111110101011011111011110010001101111111001110011111111100000011111000100111100001011001111111111100011111100011
111111111111111111111111111111111111111111111111111111111111111111111111111111111111111111111111111110100111110110000000101001001001111111110000001001000110011101001110000111000110000000001000001010100101111100001101110010000000110001100000000011111100000111011000011110100110000000000011100000011100
000000000000000000000000000000000000000000000000000000000000000000000000000000000000000000000000000001011001001000001000010110110110000000001111110110111000100010110001111000111000011111000111110101011010000011110000001101111111001110011111111100000011111000000111100001011001111111111100011111100011
000000000000000000000000000000000000000000000000000000000000000000000000000000000000000000000000000010101110110101110111001001001001111111110000001001000101000000001110000111000001100000110000001010100101111100000010000010000000110001100000000011111100000000100000011110100110000000000011100000011100
111111111111111111111111111111111111111111111111111111111111111111111111111111111111111111111111111101110111111010000000110110110110000000001111110110111010011101110101111010111110000000001111111101011010000111111101111101111111001110011111111100000011111111011111111111011001111111111100011111100011
000000000000000000000000000000000000000000000000000000000000000000000000000000000000000000000000000010011001000101111111001001111001111111110000001001000101100010001011111101000001111111110000110110100111111010000010000010000000110001100000000011111100000000100000100001100110000000000011100000011100
111111111111111111111111111111111111111111111111111111111111111111111111111111111111111111111111111101101110111010000000100110000110000000000000000110111010011101010110000110110110000000001011001001001001111101101101110001111111000000011111111100000000000111011011011110011000000000000000011111100000
000000000000000000000000000000000000000000000000000000000000000000000000000000000000000000000000000010010111100100001000011001111001111111111111111001000100100010101001111001001000011111000100110110110110000010010000001110000000111111100000000011111111111000000100100001100111111111111111100000011111
111111111111111111111111111111111111111111111111111111111111111111111111111111111111111111111111111101101111011011110111100110000110000000000000000110111011000001010110000110110111100000111011001001001001111101101111110001111111000000011111111100000000000111111011011110011000000000000000011111100000
000000000000000000000000000000000000000000000000000000000000000000000000000000000000000000000000000010111000110100000000011001111001111111111111111001000100011100101101111011001000000000000100111110110110000110010000001110000000111111100000000011111111111000000100111111100111111111111111100000011111
000000000000000000000000000000000000000000000000000000000000000000000000000000000000000000000000000001010111001001111111000110000110000000000000000110111001100010010011111100110001111111110011000001001001111001100010000001111111000000011111111100000000000000100011000000011000000000000000011111100000
111111111111111111111111111111111111111111111111111111111111111111111111111111111111111111111111111110101111110110000000111001111001111111111111111001000110000001101100000011001110000000001100111110110110000110011101111110000000111111100000000011111111111111011100111111100111111111111111100000011111
000000000000000000000000000000000000000000000000000000000000000000000000000000000000000000000000000001011000101000001000000111001110000000000000000111111000111110011011111101110000011111000011000011001101111001100000000001111111000000011111111100000000000000000011000000111000000000000000011111100000
111111111111111111111111111111111111111111111111111111111111111111111111111111111111111111111111111100110111010011110111110000110000000000001111110000000011000001100111111110001111100000111100111100010011111110011111111100000000001110000000000000000011111111111100111111000001111111111100000000000011
000000000000000000000000000000000000000000000000000000000000000000000000000000000000000000000000000011001111101100000000001111001111111111110000001111111100000000011000000001110000000000000011000011101100000001100000000011111111110001111111111111111100000000000011000000111110000000000011111111111100
111111111111111111111111111111111111111111111111111111111111111111111111111111111111111111111111111100111000110011111111100000110000000000000000000000000011111111000111111110000111111111111000111100000011111110001111110000000000000000000000000000000000000111111000111111000000000000000000000000000000
000000000000000000000000000000000000000000000000000000000000000000000000000000000000000000000000000011000111001100000000011111111111111111111111111111111100000000111000000001111000000000000111110111111110000011110000001111111111111111111111111111111111111000000111100001111111111111111111111111111111
000000000000000000000000000000000000000000000000000000000000000000000000000000000000000000000000000000111111110000001000000000000000000000000000000000000000111110000111111110000000011111000000001000000001111100000000000000000000000000000000000000000000000000000000011110000000000000000000000000000000
111111111111111111111111111111111111111111111111111111111111111111111111111111111111111111111111111111111000111111110111111111111111111111111111111111111111000001111111111111111111100000111111111111111111111111111111111111111111111111111111111111111111111111111111111111111111111111111111111111111111
000000000000000000000000000000000000000000000000000000000000000000000000000000000000000000000000000000000111000000000000000000000000000000000000000000000000000000000000000000000000000000000000000000000000000000000000000000000000000000000000000000000000000000000000000000000000000000000000000000000000
111111111111111111111111111111111111111111111111111111111111111111111111111111111111111111111111111111111111111111111111111111111111111111111111111111111111111111111111111111111111111111111111111111111111111111111111111111111111111111111111111111111111111111111111111111111111111111111111111111111111
000000000000000000000000000000000000000000000000000000000000000000000000000000000000000000000000000000000000000000000000000000000000000000000000000000000000000000000000000000000000000000000000000000000000000000000000000000000000000000000000000000000000000000000000000000000000000000000000000000000000
000000000000000000000000000000000000000000000000000000000000000000000000000000000000000000000000000000000000000000000000000000000000000000000000000000000000000000000000000000000000000000000000000000000000000000000000000000000000000000000000000000000000000000000000000000000000000000000000000000000000
000000000000000000000000000000000000000000000000000000000000000000000000000000000000000000000000000000000000000000000000000000000000000000000000000000000000000000000000000000000000000000000000000000000000000000000000000000000000000000000000000000000000000000000000000000000000000000000000000000000000
000000000000000000000000000000000000000000000000000000000000000000000000000000000000000000000000000000000000000000000000000000000000000000000000000000000000000000000000000000000000000000000000000000000000000000000000000000000000000000000000000000000000000000000000000000000000000000000000000000000000
000000000000000000000000000000000000000000000000000000000000000000000000000000000000000000000000000000000000000000000000000000000000000000000000000000000000000000000000000000000000000000000000000000000000000000000000000000000000000000000000000000000000000000000000000000000000000000000000000000000000
000000000000000000000000000000000000000000000000000000000000000000000000000000000000000000000000000000000000000000000000000000000000000000000000000000000000000000000000000000000000000000000000000000000000000000000000000000000000000000000000000000000000000000000000000000000000000000000000000000000000
000000000000000000000000000000000000000000000000000000000000000000000000000000000000000000000000000000000000000000000000000000000000000000000000000000000000000000000000000000000000000000000000000000000000000000000000000000000000000000000000000000000000000000000000000000000000000000000000000000000000
000000000000000000000000000000000000000000000000000000000000000000000000000000000000000000000000000000000000000000000000000000000000000000000000000000000000000000000000000000000000000000000000000000000000000000000000000000000000000000000000000000000000000000000000000000000000000000000000000000000000
000000000000000000000000000000000000000000000000000000000000000000000000000000000000000000000000000000000000000000000000000000000000000000000000000000000000000000000000000000000000000000000000000000000000000000000000000000000000000000000000000000000000000000000000000000000000000000000000000000000000
000000000000000000000000000000000000000000000000000000000000000000000000000000000000000000000000000000000000000000000000000000000000000000000000000000000000000000000000000000000000000000000000000000000000000000000000000000000000000000000000000000000000000000000000000000000000000000000000000000000000
111111111111111111111111111111111111111111111111111111111111111111111111111111111111111111111111111111111111111111111111111111111111111111111111111111111111111111111111111111111111111111111111111111111111111111111111111111111111111111111111111111111111111111111111111111111111111111111111111111111111
000000000000000000000000000000000000000000000000000000000000000000000000000000000000000000000000000000000000000000011100000000000000000000000000000000000000000000000000000000000000000000000000000000000000000000000000000000000000000000000000000000000000000000000000000000000000000000000000000000000000
111111111111111111111111111111111111111111111111111111111111111111111111111111111111111111111111111100000000111111100011111111011111111111111111111111111111111111111100000111111111111111111110000011110000011111111111111111111111111111111111111111111111111111111111111111111111111111111111111111111111
000000000000000000000000000000000000000000000000000000000000000000000000000000000000000000000000000011111111000001111110000000100000000000000000000000000000000000000011111000001111110000000001111100001111100000000111100000000000000000000000000000000000000000000000000000000000000000000000000000000000
000000000000000000000000000000000000000000000000000000000000000000000000000000000000000000000000000000000000001110011101110000000001111111111111111111111111111111110000000011110000001111100000000000010000000011111000011111000000111111111111111111111111111111111111100000011111111111111111111111111111
111111111111111111111111111111111111111111111111111111111111111111111111111111111111111111111111111100000011110011100011001111111110000011000000000000000000000000001111111100011111111000011111111111101111111100001111111000111111000000000000000000000000000000000000011111100011111100000000000000000000
000000000000000000000000000000000000000000000000000000000000000000000000000000000000000000000000000011111100001100111110110000000000111100111111111111000000111111110000000001100000000111000000000000000000000001110000000110000000001111111111000111111111111111110000000000001100000011111000000000001111
111111111111111111111111111111111111111111111111111111111111111111111111111111111111111111111111111100000000110011011101001111011111000011000000000000111111000000001100000110011111111000111110000011110000011110001111111001111111110000000000111000000000000000001111111111110011111100000111111111110000
000000000000000000000000000000000000000000000000000000000000000000000000000000000000000000000000000000000011000101100010100000100000011100111000000000000000011111100011111001101111110111000001111100001111100001110111100110000000000111111100000001111111110000000000000000001100000011100000000000000001
111111111111111111111111111111111111111111111111111111111111111111111111111111111111111111111111111111111100011010111111011000000011100111100111111111111111100100011000000110110000001100111000000000110000000110011000011001110111111000000011111110000000001111111111111101110011111110011111111111111110
000000000000000000000000000000000000000000000000000000000000000000000000000000000000000000000000000000000001100111011101100111111100011000011000000000000000011011100110001001011111111011000111111111001000111001100111110110001000000111111100000001111111110000000000000010001101111001100000000000000001
000000000000000000000000000000000000000000000000000000000000000000000000000000000000000000000000000000000010001001100010010000000001100111100111111111111111100100010001110010100111100100100000000000010111000010011000001001000000111000000011111110000000001111111111100000010010000110011111111111111110
111111111111111111111111111111111111111111111111111111111111111111111111111111111111111111111111111111111100110110111101101111011110011000011000000000000000011011101100000101011000011011011110000011100000011101100111110110111111000111111100000001111111110000000000011111101101111001100000000000000001
000000000000000000000000000000000000000000000000000000000000000000000000000000000000000000000000000000000001001001011110010000100001100111100111111111111111100100010010001010100111100100100001111100011000100010011000001001000000111000000011111110000000001111111111100000010010000110011111111111111110
111111111111111111111111111111111111111111111111111111111111111111111111111111111111111111111111111110000110010110111011101000000010011000011000000000000000011011101001110101011000011011011000000000100111000101100111110110110111000111111100000001111111110000000000011101101101111001100000000000000001
000000000000000000000000000000000000000000000000000000000000000000000000000000000000000000000000000001111001101001100100010111111100100111100111111111000000100100010110001000101111110100000111111111001000111000011111101000001000001000000011000110000000001111110000000010000010000110011000000000001110
111111111111111111111111111111111111111111111111111111111111111111111111111111111111111111111111111100000010010111011111101000000011011011011000000000111111011011101001110111010111101011111000000000110111000111101000011111110111110111111100111001111111110000001111111101111111111101100111111111110001
000000000000000000000000000000000000000000000000000000000000000000000000000000000000000000000000000010000100101000111010010111011100100100100111111111000000100100010100000000101000010100000110000011000000011000010111100000001000001000000011000110000000001111110000000010000000000010011000000000001110
000000000000000000000000000000000000000000000000000000000000000000000000000000000000000000000000000001111001000111100101100000100001011011011000000000111111011011100010001011010111101011100001111100011000100011101000011111000000110111111100111001111111110000001111100000011111111101100111111111110001
111111111111111111111111111111111111111111111111111111111111111111111111111111111111111111111111111100000010011010011111011000000010100100100111111111000000100100011001110100111000011100011000000000100111000100010111110000110111001000000011000110000000001111110000011101100001111010011000000000001110
000000000000000000000000000000000000000000000000000000000000000000000000000000000000000000000000000010000100100101111000100111011101011011011000000000111111011011100100000011001111110011100110000011010000011011101111101111001000110111111100111001111111110000001111100010011110000101100111111111110001
111111111111111111111111111111111111111111111111111111111111111111111111111111111111111111111111111101111001011011100111011000100010100100100111111111000000100100011010001100110111101100011001111100101000100100010000010000110111001000000011000110000000001111110000011101100001111010011000000000001110
000000000000000000000000000000000000000000000000000000000000000000000000000000000000000000000000000000000010100100011110100111011101011011011000000000111111011011100101110011001000010011100110000011010111011011101111101111001000110111111100111001111111110000001111100010011110000101100111111111110001
111111111111111111111111111111111111111111111111111111111111111111111111111111111111111111111111111110000101011011111001011000100010100100100111111111000000100100011010001100110111101100011001111100101000100100010000010000110111001000000011000110000000001111110000011101100001111010011000000000001110
000000000000000000000000000000000000000000000000000000000000000000000000000000000000000000000000000001111010100111111111100111011101011111111000000000111111011111100101110011111111111111100110000011010111011011111111111111001000110111111100111001111111110000001111100010011111111111100111111111110001
000000000000000000000000000000000000000000000000000000000000000000000000000000000000000000000000000000000000000100000110100000000000001011010000000000000000001011000000000000001000010010000000000000000000000000101111101100000000000001110000000000001000000000000000000000000110000101000000000000000000
111111111111111111111111111111111111111111111111111111111111111111111111111111111111111111111111111110000101011011111001011000100010100100100111111111000000100100011010001100110111101100011001111100101000100100010000010000110111001000000011000110000000001111110000011101100001111010011000000000001110
000000000000000000000000000000000000000000000000000000000000000000000000000000000000000000000000000000000010100100011110100111011101011011011000000000111111011011100101110011001000010011100110000011010111011011101111101111001000110111111100111001111111110000001111100010011110000101100111111111110001
111111111111111111111111111111111111111111111111111111111111111111111111111111111111111111111111111101111001011011100111011000100010100100100111111111000000100100011010001100110111101100011001111100101000100100010000010000110111001000000011000110000000001111110000011101100001111010011000000000001110
000000000000000000000000000000000000000000000000000000000000000000000000000000000000000000000000000010000100100101111000100111011101011011011000000000111111011011100100000011001111110011100110000011010000011011101111101111001000110111111100111001111111110000001111100010011110000101100111111111110001
111111111111111111111111111111111111111111111111111111111111111111111111111111111111111111111111111100000010011010011111011000000010100100100111111111000000100100011001110100111000011100011000000000100111000100010111110000110111001000000011000110000000001111110000011101100001111010011000000000001110
000000000000000000000000000000000000000000000000000000000000000000000000000000000000000000000000000001111001000101100100100000100001011011011000000000111111011011100010001011000111100011100001111100011000100011101000001111000000110111111100111001111111110000001111100000011110000101100111111111110001
000000000000000000000000000000000000000000000000000000000000000000000000000000000000000000000000000010000100101010111011010111011100100100100111111111000000100100010100000000111000011100000110000011000000011000010111110000001000001000000011000110000000001111110000000010000001111010011000000000001110
111111111111111111111111111111111111111111111111111111111111111111111111111111111111111111111111111100000010010111011111101000000011011011011000000000111111011011101001110111010111101011111000000000110111000111101000011111110111110111111100111001111111110000001111111101111111111101100111111111110001
000000000000000000000000000000000000000000000000000000000000000000000000000000000000000000000000000001111001101001100100010111111100100111100111111111000000100100010110001000101111110100000111111111001000111000011111101000001000001000000011000110000000001111110000000010000010000110011000000000001110
111111111111111111111111111111111111111111111111111111111111111111111111111111111111111111111111111110000110010110111011101000000010011000011000000000000000011011101001110101011000011011011000000000100111000101100111110110110111000111111100000001111111110000000000011101101101111001100000000000000001
000000000000000000000000000000000000000000000000000000000000000000000000000000000000000000000000000000000001001001011110010000100001100111100111111111111111100100010010001010100111100100100001111100011000100010011000001001000000111000000011111110000000001111111111100000010010000110011111111111111110
111111111111111111111111111111111111111111111111111111111111111111111111111111111111111111111111111111111100110110111101101111011110011000011000000000000000011011101100000101011000011011011110000011100000011101100111110110111111000111111100000001111111110000000000011111101101111001100000000000000001
000000000000000000000000000000000000000000000000000000000000000000000000000000000000000000000000000000000010001011100011010000000001100111100111111111111111100100010001110010110111101100100000000000010111000010011000011001000000111000000011111110000000001111111111100000010011111110011111111111111110
000000000000000000000000000000000000000000000000000000000000000000000000000000000000000000000000000000000001100101011100100111111100011000011000000000000000011011100110001001001111110011000111111111001000111001100111100110001000000111111100000001111111110000000000000010001100000001100000000000000001
111111111111111111111111111111111111111111111111111111111111111111111111111111111111111111111111111111111100011010111111011000000011100111100111111111111111100100011000000110110000001100111000000000110000000110011000011001110111111000000011111110000000001111111111111101110011111110011111111111111110
000000000000000000000000000000000000000000000000000000000000000000000000000000000000000000000000000000000011000101100010100000100000011100111000000000000000011111100011111001101111110111000001111100001111100001110111100110000000000111111100000001111111110000000000000000001100000011100000000000000001
111111111111111111111111111111111111111111111111111111111111111111111111111111111111111111111111111100000000110011011101001111011111000011000000000000111111000000001100000110011111111000111110000011110000011110001111111001111111110000000000111000000000000000001111111111110011111100000111111111110000
000000000000000000000000000000000000000000000000000000000000000000000000000000000000000000000000000011111100001100111110110000000000111100111111111111000000111111110000000001100000000111000000000000000000000001110000000110000000001111111111000111111111111111110000000000001100000011111000000000001111
111111111111111111111111111111111111111111111111111111111111111111111111111111111111111111111111111100000011110011100011001111111110000011000000000000000000000000001111111100011111111000011111111111101111111100001111111000111111000000000000000000000000000000000000011111100011111100000000000000000000
000000000000000000000000000000000000000000000000000000000000000000000000000000000000000000000000000000000000001100011100110000000001111111111111111111111111111111110000000011100000000111100000000000010000000011111000001111000000111111111111111111111111111111111111100000011110000111111111111111111111
000000000000000000000000000000000000000000000000000000000000000000000000000000000000000000000000000011111111000011111111000000100000000000000000000000000000000000000011111000011111111000000001111100001111100000000111110000000000000000000000000000000000000000000000000000000001111000000000000000000000
111111111111111111111111111111111111111111111111111111111111111111111111111111111111111111111111111100000000111111100011111111011111111111111111111111111111111111111100000111111111111111111110000011110000011111111111111111111111111111111111111111111111111111111111111111111111111111111111111111111111
000000000000000000000000000000000000000000000000000000000000000000000000000000000000000000000000000000000000000000011100000000000000000000000000000000000000000000000000000000000000000000000000000000000000000000000000000000000000000000000000000000000000000000000000000000000000000000000000000000000000
111111111111111111111111111111111111111111111111111111111111111111111111111111111111111111111111111111111111111111111111111111111111111111111111111111111111111111111111111111111111111111111111111111111111111111111111111111111111111111111111111111111111111111111111111111111111111111111111111111111111
000000000000000000000000000000000000000000000000000000000000000000000000000000000000000000000000000000000000000000000000000000000000000000000000000000000000000000000000000000000000000000000000000000000000000000000000000000000000000000000000000000000000000000000000000000000000000000000000000000000000
000000000000000000000000000000000000000000000000000000000000000000000000000000000000000000000000000000000000000000000000000000000000000000000000000000000000000000000000000000000000000000000000000000000000000000000000000000000000000000000000000000000000000000000000000000000000000000000000000000000000
000000000000000000000000000000000000000000000000000000000000000000000000000000000000000000000000000000000000000000000000000000000000000000000000000000000000000000000000000000000000000000000000000000000000000000000000000000000000000000000000000000000000000000000000000000000000000000000000000000000000
000000000000000000000000000000000000000000000000000000000000000000000000000000000000000000000000000000000000000000000000000000000000000000000000000000000000000000000000000000000000000000000000000000000000000000000000000000000000000000000000000000000000000000000000000000000000000000000000000000000000
000000000000000000000000000000000000000000000000000000000000000000000000000000000000000000000000000000000000000000000000000000000000000000000000000000000000000000000000000000000000000000000000000000000000000000000000000000000000000000000000000000000000000000000000000000000000000000000000000000000000
000000000000000000000000000000000000000000000000000000000000000000000000000000000000000000000000000000000000000000000000000000000000000000000000000000000000000000000000000000000000000000000000000000000000000000000000000000000000000000000000000000000000000000000000000000000000000000000000000000000000
000000000000000000000000000000000000000000000000000000000000000000000000000000000000000000000000000000000000000000000000000000000000000000000000000000000000000000000000000000000000000000000000000000000000000000000000000000000000000000000000000000000000000000000000000000000000000000000000000000000000
000000000000000000000000000000000000000000000000000000000000000000000000000000000000000000000000000000000000000000000000000000000000000000000000000000000000000000000000000000000000000000000000000000000000000000000000000000000000000000000000000000000000000000000000000000000000000000000000000000000000
000000000000000000000000000000000000000000000000000000000000000000000000000000000000000000000000000000000000000000000000000000000000000000000000000000000000000000000000000000000000000000000000000000000000000000000000000000000000000000000000000000000000000000000000000000000000000000000000000000000000
000000000000000000000000000000000000000000000000000000000000000000000000000000000000000000000000000000000000000000000000000000000000000000000000000000000000000000000000000000000000000000000000000000000000000000000000000000000000000000000000000000000000000000000000000000000000000000000000000000000000
111111111111111111111111111111111111111111111111111111111111111111111111111111111111111111111111111111111111111111111111111111111111111111111111111111111111111111111111111111111111111111111111111111111111111111111111111111111111111111111111111111111111111111111111111111111111111111111111111111111111
000000000000000000000000000000000000000000000000000000000000000000000000000000000000000000000000000000000000000000000000000001110000000000000000000000000000000000000000000000000000000000000000000000000000000000000000000000000000000000000000000000000000000000000000000000000000000000000000000000000000
111111111111111111111111111111111111111111111111111111111111111111111111111111111111111111111111111111111111100000000011111110001111111101111111111111111111111111111111111111110000011111111111111111111111111110000001111111111111111111111111111111111111111111111111111111111111111111111111111111111111
000000000000000000000000000000000000000000000000000000000000000000000000000000000000000000000000000000000000011111111100000111111000000010000000000000000000000000000000000000001111100000111111000000000000000001111110000000011110000000000000000000000000000000000000000000000000000000000000000000000000
000000000000000000000000000000000000000000000000000000000000000000000000000000000000000000000000000011111110000000000000111001110111000000000111111111111111111111111111111111000000001111000000111110001111110000000000001111100001111100000011111111111111111111111111111111111110000001111111111111111111
111111111111111111111111111111111111111111111111111111111111111111111111111111111111111111111111111100000001110000001111001110001100111111111000001100000000000000000000000000111111110001111111100001110000001111111111110000111111100011111100000000000000000000000000000000000001111110001111110000000000
000000000000000000000000000000000000000000000000000000000000000000000000000000000000000000000000000001111110001111110000110011111011000000000011110011111111111100000011111111000000000110000000011100001111100000000000000111000000011000000000111111111100011111111111111111000000000000110000001111100000
111111111111111111111111111111111111111111111111111111111111111111111111111111111111111111111111111110000001100000000011001101110100111101111100001100000000000011111100000000110000011001111111100011110000011110000001111000111111100111111111000000000011100000000000000000111111111111001111110000011111
000000000000000000000000000000000000000000000000000000000000000000000000000000000000000000000000000001111100010000001100010110001010000010000001110011100000000000000001111110001111100110111111011100000110000001111110000111011110011000000000011111110000000111111111000000000000000000110000001110000000
111111111111111111111111111111111111111111111111111111111111111111111111111111111111111111111111111110000011001111110001101011111101100000001110011110011111111111111110010001100000011011000000110011101001111100000000011001100001100111011111100000001111111000000000111111111111110111001111111001111111
000000000000000000000000000000000000000000000000000000000000000000000000000000000000000000000000000001111100100000000110011101110110011111110001100001100000000000000001101110011000100101111111101100010110000011100011100110011111011000100000011111110000000111111111000000000000001000110111100110000000
000000000000000000000000000000000000000000000000000000000000000000000000000000000000000000000000000010000010010000001000100110001001000000000110011110011111111111111110010001000111001010011110010010001001110000011100001001100000100100000011100000001111111000000000111111111110000001001000011001111111
111111111111111111111111111111111111111111111111111111111111111111111111111111111111111111111111111101111101101111110011011011110110111101111001100001100000000000000001101110110000010101100001101101110110001110000001110110011111011011111100011111110000000111111111000000000001111110110111100110000000
000000000000000000000000000000000000000000000000000000000000000000000000000000000000000000000000000010000010000000000100100101111001000010000110011110011111111111111110010001001000101010011110010010001001110001100010001001100000100100000011100000001111111000000000111111111110000001001000011001111111
111111111111111111111111111111111111111111111111111111111111111111111111111111111111111111111111111101111101011000011001011011101110100000001001100001100000000000000001101110100111010101100001101101100110001100011100010110011111011011011100011111110000000111111111000000000001110110110111100110000000
000000000000000000000000000000000000000000000000000000000000000000000000000000000000000000000000000000000010100111100110100110010001011111110010011110011111111100000010010001011000100010111111010000011001100011100011100001111110100000100000100000001100011000000000111111000000001000001000011001100000
111111111111111111111111111111111111111111111111111111111111111111111111111111111111111111111111111111111101010000001001011101111110100000001101101101100000000011111101101110100111011101011110101111100110011100011100011110100001111111011111011111110011100111111111000000111111110111111111110110011111
000000000000000000000000000000000000000000000000000000000000000000000000000000000000000000000000000000000010101000010010100011101001011101110010010010011111111100000010010001010000000010100001010000011001100010000001100001011110000000100000100000001100011000000000111111000000001000000000001001100000
000000000000000000000000000000000000000000000000000000000000000000000000000000000000000000000000000011111100000111100100011110010110000010000101101101100000000011111101101110001000101101011110101110000110010001100010001110100001111100000011011111110011100111111111000000111110000001111111110110011111
111111111111111111111111111111111111111111111111111111111111111111111111111111111111111111111111111100000011010000001001101001111101100000001010010010011111111100000010010001100111010011100001110001101001101100011100010001011111000011011100100000001100011000000000111111000001110110000111101001100000
000000000000000000000000000000000000000000000000000000000000000000000000000000000000000000000000000011111100101000010010010111100010011101110101101101100000000011111101101110010000001100111111001110010110010010000001101110111110111100100011011111110011100111111111000000111110001001111000010110011111
111111111111111111111111111111111111111111111111111111111111111111111111111111111111111111111111111100000011000111100101101110011101100010001010010010011111111100000010010001101000110011011110110001101001101101100010010001000001000011011100100000001100011000000000111111000001110110000111101001100000
000000000000000000000000000000000000000000000000000000000000000000000000000000000000000000000000000011111100110000001010010001111010011101110101101101100000000011111101101110010111001100100001001110010110010010011101101110111110111100100011011111110011100111111111000000111110001001111000010110011111
111111111111111111111111111111111111111111111111111111111111111111111111111111111111111111111111111100000011001000010101101111100101100010001010010010011111111100000010010001101000110011011110110001101001101101100010010001000001000011011100100000001100011000000000111111000001110110000111101001100000
000000000000000000000000000000000000000000000000000000000000000000000000000000000000000000000000000011111100110111101010011111111110011101110101111111100000000011111101111110010111001111111111111110010110010010011101101111111111111100100011011111110011100111111111000000111110001001111111111110011111
000000000000000000000000000000000000000000000000000000000000000000000000000000000000000000000000000000111000000000000000010000011010000000000000101101000000000000000000101100000000000000100001001000000000000000000000000010111110110000000000000111000000000000100000000000000000000000011000010100000000
111111111111111111111111111111111111111111111111111111111111111111111111111111111111111111111111111100000011001000010101101111100101100010001010010010011111111100000010010001101000110011011110110001101001101101100010010001000001000011011100100000001100011000000000111111000001110110000111101001100000
000000000000000000000000000000000000000000000000000000000000000000000000000000000000000000000000000011111100110000001010010001111010011101110101101101100000000011111101101110010111001100100001001110010110010010011101101110111110111100100011011111110011100111111111000000111110001001111000010110011111
111111111111111111111111111111111111111111111111111111111111111111111111111111111111111111111111111100000011000111100101101110011101100010001010010010011111111100000010010001101000110011011110110001101001101101100010010001000001000011011100100000001100011000000000111111000001110110000111101001100000
000000000000000000000000000000000000000000000000000000000000000000000000000000000000000000000000000011111100101000010010010111100010011101110101101101100000000011111101101110010000001100111111001110010110010010000001101110111110111100100011011111110011100111111111000000111110001001111000010110011111
111111111111111111111111111111111111111111111111111111111111111111111111111111111111111111111111111100000011010000001001101001111101100000001010010010011111111100000010010001100111010011100001110001101001101100011100010001011111000011011100100000001100011000000000111111000001110110000111101001100000
000000000000000000000000000000000000000000000000000000000000000000000000000000000000000000000000000011111100000111100100010110010010000010000101101101100000000011111101101110001000101100011110001110000110010001100010001110100000111100000011011111110011100111111111000000111110000001111000010110011111
000000000000000000000000000000000000000000000000000000000000000000000000000000000000000000000000000000000010101000010010101011101101011101110010010010011111111100000010010001010000000011100001110000011001100010000001100001011111000000100000100000001100011000000000111111000000001000000111101001100000
111111111111111111111111111111111111111111111111111111111111111111111111111111111111111111111111111111111101010000001001011101111110100000001101101101100000000011111101101110100111011101011110101111100110011100011100011110100001111111011111011111110011100111111111000000111111110111111111110110011111
000000000000000000000000000000000000000000000000000000000000000000000000000000000000000000000000000000000010100111100110100110010001011111110010011110011111111100000010010001011000100010111111010000011001100011100011100001111110100000100000100000001100011000000000111111000000001000001000011001100000
111111111111111111111111111111111111111111111111111111111111111111111111111111111111111111111111111101111101011000011001011011101110100000001001100001100000000000000001101110100111010101100001101101100110001100011100010110011111011011011100011111110000000111111111000000000001110110110111100110000000
000000000000000000000000000000000000000000000000000000000000000000000000000000000000000000000000000010000010000000000100100101111001000010000110011110011111111111111110010001001000101010011110010010001001110001100010001001100000100100000011100000001111111000000000111111111110000001001000011001111111
111111111111111111111111111111111111111111111111111111111111111111111111111111111111111111111111111101111101101111110011011011110110111101111001100001100000000000000001101110110000010101100001101101110110001110000001110110011111011011111100011111110000000111111111000000000001111110110111100110000000
000000000000000000000000000000000000000000000000000000000000000000000000000000000000000000000000000010000010010000001000101110001101000000000110011110011111111111111110010001000111001011011110110010001001110000011100001001100001100100000011100000001111111000000000111111111110000001001111111001111111
000000000000000000000000000000000000000000000000000000000000000000000000000000000000000000000000000001111100100000000110010101110010011111110001100001100000000000000001101110011000100100111111001100010110000011100011100110011110011000100000011111110000000111111111000000000000001000110000000110000000
111111111111111111111111111111111111111111111111111111111111111111111111111111111111111111111111111110000011001111110001101011111101100000001110011110011111111111111110010001100000011011000000110011101001111100000000011001100001100111011111100000001111111000000000111111111111110111001111111001111111
000000000000000000000000000000000000000000000000000000000000000000000000000000000000000000000000000001111100010000001100010110001010000010000001110011100000000000000001111110001111100110111111011100000110000001111110000111011110011000000000011111110000000111111111000000000000000000110000001110000000
111111111111111111111111111111111111111111111111111111111111111111111111111111111111111111111111111110000001100000000011001101110100111101111100001100000000000011111100000000110000011001111111100011110000011110000001111000111111100111111111000000000011100000000000000000111111111111001111110000011111
000000000000000000000000000000000000000000000000000000000000000000000000000000000000000000000000000001111110001111110000110011111011000000000011110011111111111100000011111111000000000110000000011100001111100000000000000111000000011000000000111111111100011111111111111111000000000000110000001111100000
111111111111111111111111111111111111111111111111111111111111111111111111111111111111111111111111111100000001110000001111001110001100111111111000001100000000000000000000000000111111110001111111100001110000001111111111110000111111100011111100000000000000000000000000000000000001111110001111110000000000
000000000000000000000000000000000000000000000000000000000000000000000000000000000000000000000000000011111110000000000000110001110011000000000111111111111111111111111111111111000000001110000000011110001111110000000000001111100000111100000011111111111111111111111111111111111110000001111000011111111111
000000000000000000000000000000000000000000000000000000000000000000000000000000000000000000000000000000000000011111111100001111111100000010000000000000000000000000000000000000001111100001111111100000000000000001111110000000011111000000000000000000000000000000000000000000000000000000000111100000000000
111111111111111111111111111111111111111111111111111111111111111111111111111111111111111111111111111111111111100000000011111110001111111101111111111111111111111111111111111111110000011111111111111111111111111110000001111111111111111111111111111111111111111111111111111111111111111111111111111111111111
000000000000000000000000000000000000000000000000000000000000000000000000000000000000000000000000000000000000000000000000000001110000000000000000000000000000000000000000000000000000000000000000000000000000000000000000000000000000000000000000000000000000000000000000000000000000000000000000000000000000
111111111111111111111111111111111111111111111111111111111111111111111111111111111111111111111111111111111111111111111111111111111111111111111111111111111111111111111111111111111111111111111111111111111111111111111111111111111111111111111111111111111111111111111111111111111111111111111111111111111111
000000000000000000000000000000000000000000000000000000000000000000000000000000000000000000000000000000000000000000000000000000000000000000000000000000000000000000000000000000000000000000000000000000000000000000000000000000000000000000000000000000000000000000000000000000000000000000000000000000000000
000000000000000000000000000000000000000000000000000000000000000000000000000000000000000000000000000000000000000000000000000000000000000000000000000000000000000000000000000000000000000000000000000000000000000000000000000000000000000000000000000000000000000000000000000000000000000000000000000000000000
000000000000000000000000000000000000000000000000000000000000000000000000000000000000000000000000000000000000000000000000000000000000000000000000000000000000000000000000000000000000000000000000000000000000000000000000000000000000000000000000000000000000000000000000000000000000000000000000000000000000
000000000000000000000000000000000000000000000000000000000000000000000000000000000000000000000000000000000000000000000000000000000000000000000000000000000000000000000000000000000000000000000000000000000000000000000000000000000000000000000000000000000000000000000000000000000000000000000000000000000000
000000000000000000000000000000000000000000000000000000000000000000000000000000000000000000000000000000000000000000000000000000000000000000000000000000000000000000000000000000000000000000000000000000000000000000000000000000000000000000000000000000000000000000000000000000000000000000000000000000000000
000000000000000000000000000000000000000000000000000000000000000000000000000000000000000000000000000000000000000000000000000000000000000000000000000000000000000000000000000000000000000000000000000000000000000000000000000000000000000000000000000000000000000000000000000000000000000000000000000000000000
000000000000000000000000000000000000000000000000000000000000000000000000000000000000000000000000000000000000000000000000000000000000000000000000000000000000000000000000000000000000000000000000000000000000000000000000000000000000000000000000000000000000000000000000000000000000000000000000000000000000
000000000000000000000000000000000000000000000000000000000000000000000000000000000000000000000000000000000000000000000000000000000000000000000000000000000000000000000000000000000000000000000000000000000000000000000000000000000000000000000000000000000000000000000000000000000000000000000000000000000000
000000000000000000000000000000000000000000000000000000000000000000000000000000000000000000000000000000000000000000000000000000000000000000000000000000000000000000000000000000000000000000000000000000000000000000000000000000000000000000000000000000000000000000000000000000000000000000000000000000000000
000000000000000000000000000000000000000000000000000000000000000000000000000000000000000000000000000000000000000000000000000000000000000000000000000000000000000000000000000000000000000000000000000000000000000000000000000000000000000000000000000000000000000000000000000000000000000000000000000000000000
111111111111111111111111111111111111111111111111111111111111111111111111111111111111111111111111111111111111111111111111111111111111111111111111111111111111111111111111111111111111111111111111111111111111111111111111111111111111111111111111111111111111111111111111111111111111111111111111111111111111
000000000000000000000000000000000000000000000000000000000000000000000000000000000000000000000000000000000000000000000000000000000000000111000000000000000000000000000000000000000000000000000000000000000000000000000000000000000000000000000000000000000000000000000000000000000000000000000000000000000000
111111111111111111111111111111111111111111111111111111111111111111111111111111111111111111111111111111110000011111111110000000001111111000111111110111111111111111111111111111111111111111000001111111111111111111111111111000000111111111111111111111111111111111111111111111111111111111111111111111111111
000000000000000000000000000000000000000000000000000000000000000000000000000000000000000000000000000010001111100000000001111111110000011111100000001000000000000000000000000000000000000000111110000011111000000000000000000111111000000001111000000000000000000000000000000000000000000000000000000000000000
000000000000000000000000000000000000000000000000000000000000000000000000000000000000000000000000000001100000001111111000000000000011100111011100000000011111111111111111111111111111111100000000111100000111000011111111000000000000111110000111110000001111111111111111111111111111111111111000000111111111
111111111111111111111111111111111111111111111111111111111111111111111111111111111111111111111111111111011001110000000111000000111100111000110011111111100000110000000000000000000000000011111111000111111100111100000000111111111111000011111110001111110000000000000000000000000000000000000111111000111111
000000000000000000000000000000000000000000000000000000000000000000000000000000000000000000000000000000100110000111111000111111000011001111101100000000001111001111111111110000001111111100000000011000000011000001111110000000000000011100000001100000000011111111110001111111111111111100000000000011000000
111111111111111111111111111111111111111111111111111111111111111111111111111111111111111111111111111111010000011000000110000000001100110111010011110111110000110000000000001111110000000011000001100111111100111110000001111000000111100011111110011111111100000000001110000000000000000011111111111100111111
000000000000000000000000000000000000000000000000000000000000000000000000000000000000000000000000000010001001100111110001000000110001011000101000001000000111001110000000000000000111111000111110011011111010000000011000000111111000011101111001100000000001111111000000011111111100000000000000000011000000
111111111111111111111111111111111111111111111111111111111111111111111111111111111111111111111111111101100110011000001100111111000110101111110110000000111001111001111111111111111001000110000001101100000101111111100111110000000001100110000110011101111110000000111111100000000011111111111111011100111111
000000000000000000000000000000000000000000000000000000000000000000000000000000000000000000000000000010010000100111110010000000011001110111011001111111000110000110000000000000000110111001100010010111111010000000011000001110001110011001111101100010000001111111000000011111111100000000000000100011011110
000000000000000000000000000000000000000000000000000000000000000000000000000000000000000000000000000011101001001000001001000000100010011000100100000000011001111001111111111111111001000100011100101001110101000011100111000001110000100110000010010000001110000000111111100000000011111111111000000100100001
111111111111111111111111111111111111111111111111111111111111111111111111111111111111111111111111111100010110010111110110111111001101101111011011110111100110000110000000000000000110111011000001010110001010111100011000111000000111011001111101101111110001111111000000011111111100000000000111111011011110
000000000000000000000000000000000000000000000000000000000000000000000000000000000000000000000000000011100000101000001000000000010010010111100100001000011001111001111111111111111001000100100010101001110101000011100111000110001000100110000010010000001110000000111111100000000011111111111000000100100001
111111111111111111111111111111111111111111111111111111111111111111111111111111111111111111111111111100001111010111110101100001100101101110111010000000100110000110000000000000000110111010011101010110001010111100011000110001110001011001111101101101110001111111000000011111111100000000000111011011011110
000000000000000000000000000000000000000000000000000000000000000000000000000000000000000000000000000011110000100000001010011110011010011001000101111111001001111001111111110000001001000101100010001011111101000001100110001110001110000111111010000010000010000000110001100000000011111100000000100000100001
111111111111111111111111111111111111111111111111111111111111111111111111111111111111111111111111111111001001011111110101000000100101110111111010000000110110110110000000001111110110111010011101110101110110111110011001110001110001111010000111111101111101111111001110011111111100000011111111011111111111
000000000000000000000000000000000000000000000000000000000000000000000000000000000000000000000000000000110110000000001010100001001010001110100101110111001001001001111111110000001001000101000000001010001001000001100110001000000110000101111000000010000010000000110001100000000011111100000000100000000000
000000000000000000000000000000000000000000000000000000000000000000000000000000000000000000000000000011000000101111110000011110010001111001011000001000010110110110000000001111110110111000100010110101110110000010011001000110001000111010000111110000001101111111001110011111111100000011111000000111111111
111111111111111111111111111111111111111111111111111111111111111111111111111111111111111111111111111100101001010000001101000000100110100111110110000000101001001001111111110000001001000110011101001110001001111101100110110001110001000101111100001101110010000000110001100000000011111100000111011000011110
000000000000000000000000000000000000000000000000000000000000000000000000000000000000000000000000000011010110001111110010100001001001011110001001110111010110110110000000001111110110111001000000110011111110000010011001001000000110111011111011110010001101111111001110011111111100000011111000100111100001
111111111111111111111111111111111111111111111111111111111111111111111111111111111111111111111111111110100000110000001100011110010110111001110110001000101001001001111111110000001001000110100011001101110001111101100110110110001001000100000100001101110010000000110001100000000011111100000111011000011110
000000000000000000000000000000000000000000000000000000000000000000000000000000000000000000000000000001011001001111110011000000101001000111101001110111010110110110000000001111110110111001011100110010001110000010011001001001110110111011111011110010001101111111001110011111111100000011111000100111100001
111111111111111111111111111111111111111111111111111111111111111111111111111111111111111111111111111110100110110000001100100001010110111110010110001000101001001001111111110000001001000110100011001101110001111101100110110110001001000100000100001101110010000000110001100000000011111100000111011000011110
000000000000000000000000000000000000000000000000000000000000000000000000000000000000000000000000000011011001001111110011011110101001111111111001110111010111111110000000001111110111111001011100111111111110000010011001001001110110111111111111110010001101111111001110011111111100000011111000100111111111
000000000000000000000000000000000000000000000000000000000000000000000000000000000000000000000000000001000000000011100000000000000001000001101000000000000010110100000000000000000010110000000000000010001110000000000000000000000000001011111011000000000000011100000000000010000000000000000000000001100001
111111111111111111111111111111111111111111111111111111111111111111111111111111111111111111111111111110100110110000001100100001010110111110010110001000101001001001111111110000001001000110100011001101110001111101100110110110001001000100000100001101110010000000110001100000000011111100000111011000011110
000000000000000000000000000000000000000000000000000000000000000000000000000000000000000000000000000001011001001111110011000000101001000111101001110111010110110110000000001111110110111001011100110010001110000010011001001001110110111011111011110010001101111111001110011111111100000011111000100111100001
111111111111111111111111111111111111111111111111111111111111111111111111111111111111111111111111111110100000110000001100011110010110111001110110001000101001001001111111110000001001000110100011001101110001111101100110110110001001000100000100001101110010000000110001100000000011111100000111011000011110
000000000000000000000000000000000000000000000000000000000000000000000000000000000000000000000000000011010110001111110010100001001001011110001001110111010110110110000000001111110110111001000000110011111110000010011001001000000110111011111011110010001101111111001110011111111100000011111000100111100001
111111111111111111111111111111111111111111111111111111111111111111111111111111111111111111111111111100101001010000001101000000100110100111110110000000101001001001111111110000001001000110011101001110001001111101100110110001110001000101111100001101110010000000110001100000000011111100000111011000011110
000000000000000000000000000000000000000000000000000000000000000000000000000000000000000000000000000011000000101111110000011110010001011001001000001000010110110110000000001111110110111000100010110001110110000010011001000110001000111010000011110000001101111111001110011111111100000011111000000111100001
000000000000000000000000000000000000000000000000000000000000000000000000000000000000000000000000000000110110000000001010100001001010101110110101110111001001001001111111110000001001000101000000001110001001000001100110001000000110000101111100000010000010000000110001100000000011111100000000100000011110
111111111111111111111111111111111111111111111111111111111111111111111111111111111111111111111111111111001001011111110101000000100101110111111010000000110110110110000000001111110110111010011101110101110110111110011001110001110001111010000111111101111101111111001110011111111100000011111111011111111111
000000000000000000000000000000000000000000000000000000000000000000000000000000000000000000000000000011110000100000001010011110011010011001000101111111001001111001111111110000001001000101100010001011111101000001100110001110001110000111111010000010000010000000110001100000000011111100000000100000100001
111111111111111111111111111111111111111111111111111111111111111111111111111111111111111111111111111100001111010111110101100001100101101110111010000000100110000110000000000000000110111010011101010110001010111100011000110001110001011001111101101101110001111111000000011111111100000000000111011011011110
000000000000000000000000000000000000000000000000000000000000000000000000000000000000000000000000000011100000101000001000000000010010010111100100001000011001111001111111111111111001000100100010101001110101000011100111000110001000100110000010010000001110000000111111100000000011111111111000000100100001
111111111111111111111111111111111111111111111111111111111111111111111111111111111111111111111111111100010110010111110110111111001101101111011011110111100110000110000000000000000110111011000001010110001010111100011000111000000111011001111101101111110001111111000000011111111100000000000111111011011110
000000000000000000000000000000000000000000000000000000000000000000000000000000000000000000000000000011101001001000001001000000100010111000110100000000011001111001111111111111111001000100011100101101110101000011100111000001110000100110000110010000001110000000111111100000000011111111111000000100111111
000000000000000000000000000000000000000000000000000000000000000000000000000000000000000000000000000010010000100111110010000000011001010111001001111111000110000110000000000000000110111001100010010011111010000000011000001110001110011001111001100010000001111111000000011111111100000000000000100011000000
111111111111111111111111111111111111111111111111111111111111111111111111111111111111111111111111111101100110011000001100111111000110101111110110000000111001111001111111111111111001000110000001101100000101111111100111110000000001100110000110011101111110000000111111100000000011111111111111011100111111
000000000000000000000000000000000000000000000000000000000000000000000000000000000000000000000000000010001001100111110001000000110001011000101000001000000111001110000000000000000111111000111110011011111010000000011000000111111000011101111001100000000001111111000000011111111100000000000000000011000000
111111111111111111111111111111111111111111111111111111111111111111111111111111111111111111111111111111010000011000000110000000001100110111010011110111110000110000000000001111110000000011000001100111111100111110000001111000000111100011111110011111111100000000001110000000000000000011111111111100111111
000000000000000000000000000000000000000000000000000000000000000000000000000000000000000000000000000000100110000111111000111111000011001111101100000000001111001111111111110000001111111100000000011000000011000001111110000000000000011100000001100000000011111111110001111111111111111100000000000011000000
111111111111111111111111111111111111111111111111111111111111111111111111111111111111111111111111111111011001110000000111000000111100111000110011111111100000110000000000000000000000000011111111000111111100111100000000111111111111000011111110001111110000000000000000000000000000000000000111111000111111
000000000000000000000000000000000000000000000000000000000000000000000000000000000000000000000000000001100000001111111000000000000011000111001100000000011111111111111111111111111111111100000000111000000111000011111111000000000000111110000011110000001111111111111111111111111111111111111000000111100001
000000000000000000000000000000000000000000000000000000000000000000000000000000000000000000000000000010001111100000000001111111110000111111110000001000000000000000000000000000000000000000111110000111111000000000000000000111111000000001111100000000000000000000000000000000000000000000000000000000011110
111111111111111111111111111111111111111111111111111111111111111111111111111111111111111111111111111111110000011111111110000000001111111000111111110111111111111111111111111111111111111111000001111111111111111111111111111000000111111111111111111111111111111111111111111111111111111111111111111111111111
000000000000000000000000000000000000000000000000000000000000000000000000000000000000000000000000000000000000000000000000000000000000000111000000000000000000000000000000000000000000000000000000000000000000000000000000000000000000000000000000000000000000000000000000000000000000000000000000000000000000
111111111111111111111111111111111111111111111111111111111111111111111111111111111111111111111111111111111111111111111111111111111111111111111111111111111111111111111111111111111111111111111111111111111111111111111111111111111111111111111111111111111111111111111111111111111111111111111111111111111111
000000000000000000000000000000000000000000000000000000000000000000000000000000000000000000000000000000000000000000000000000000000000000000000000000000000000000000000000000000000000000000000000000000000000000000000000000000000000000000000000000000000000000000000000000000000000000000000000000000000000
000000000000000000000000000000000000000000000000000000000000000000000000000000000000000000000000000000000000000000000000000000000000000000000000000000000000000000000000000000000000000000000000000000000000000000000000000000000000000000000000000000000000000000000000000000000000000000000000000000000000
000000000000000000000000000000000000000000000000000000000000000000000000000000000000000000000000000000000000000000000000000000000000000000000000000000000000000000000000000000000000000000000000000000000000000000000000000000000000000000000000000000000000000000000000000000000000000000000000000000000000
000000000000000000000000000000000000000000000000000000000000000000000000000000000000000000000000000000000000000000000000000000000000000000000000000000000000000000000000000000000000000000000000000000000000000000000000000000000000000000000000000000000000000000000000000000000000000000000000000000000000
000000000000000000000000000000000000000000000000000000000000000000000000000000000000000000000000000000000000000000000000000000000000000000000000000000000000000000000000000000000000000000000000000000000000000000000000000000000000000000000000000000000000000000000000000000000000000000000000000000000000
000000000000000000000000000000000000000000000000000000000000000000000000000000000000000000000000000000000000000000000000000000000000000000000000000000000000000000000000000000000000000000000000000000000000000000000000000000000000000000000000000000000000000000000000000000000000000000000000000000000000
000000000000000000000000000000000000000000000000000000000000000000000000000000000000000000000000000000000000000000000000000000000000000000000000000000000000000000000000000000000000000000000000000000000000000000000000000000000000000000000000000000000000000000000000000000000000000000000000000000000000
000000000000000000000000000000000000000000000000000000000000000000000000000000000000000000000000000000000000000000000000000000000000000000000000000000000000000000000000000000000000000000000000000000000000000000000000000000000000000000000000000000000000000000000000000000000000000000000000000000000000
000000000000000000000000000000000000000000000000000000000000000000000000000000000000000000000000000000000000000000000000000000000000000000000000000000000000000000000000000000000000000000000000000000000000000000000000000000000000000000000000000000000000000000000000000000000000000000000000000000000000
000000000000000000000000000000000000000000000000000000000000000000000000000000000000000000000000000000000000000000000000000000000000000000000000000000000000000000000000000000000000000000000000000000000000000000000000000000000000000000000000000000000000000000000000000000000000000000000000000000000000
111111111111111111111111111111111111111111111111111111111111111111111111111111111111111111111111111111111111111111111111111111111111111111111111111111111111111111111111111111111111111111111111111111111111111111111111111111111111111111111111111111111111111111111111111111111111111111111111111111111111
000000000000000000000000000000000000000000000000000000000000000000000000000000000000000000000000000011111111110000000000000000000000000000000000011100000000000000000000000000000000000000000000000000001111111000000000000000000000000000000000000000000000000000000000000000000000000000000000000000000000
111111111111111111111111111111111111111111111111111111111111111111111111111111111111111111111111111111111110001111000001111111111000000000111111100011111111011111111111111111111111111111111111111100000000000111111111111111111111100000011111111111111111111111111111111111111111111111111111111111111111
000000000000000000000000000000000000000000000000000000000000000000000000000000000000000000000000000001111001111000111110000000000111111111000001111110000000100000000000000000000000000000000000000011111111111111100000000000000000011111100000000111100000000000000000000000000000000000000000000000000000
000000000000000000000000000000000000000000000000000000000000000000000000000000000000000000000000000011110111110110000000111111100000000000001110011101110000000001111111111111111111111111111111110000001111111000011100001111111100000000000011111000011111000000111111111111111111111111111111111111100000
111111111111111111111111111111111111111111111111111111111111111111111111111111111111111111111111111110101111101101100111000000011100000011110011100011001111111110000011000000000000000000000000001111110000000111110011110000000011111111111100001111111000111111000000000000000000000000000000000000011111
000000000000000000000000000000000000000000000000000000000000000000000000000000000000000000000000000011011111010010011000011111100011111100001100111110110000000000111100111111111111000000111111110000001111111110001100000111111000000000000001110000000110000000001111111111000111111111111111110000000000
111111111111111111111111111111111111111111111111111111111111111111111111111111111111111111111111111111111110111101000001100000011000000000110011011101001111011111000011000000000000111111000000001100001111111001110011111000000111100000011110001111111001111111110000000000111000000000000000001111111111
000000000000000000000000000000000000000000000000000000000000000000000000000000000000000000000000000001111101101000100110011111000100000011000101100010100000100000011100111000000000000000011111100011110000000111101000000001100000011111100001110111100110000000000111111100000001111111110000000000000000
111111111111111111111111111111111111111111111111111111111111111111111111111111111111111111111111111111111011010110011001100000110011111100011010111111011000000011100111100111111111111111100100011000001111111110010111111110011111000000000110011000011001110111111000000011111110000000001111111111111101
000000000000000000000000000000000000000000000000000000000000000000000000000000000000000000000000000011111111111001000010011111001000000001100111011101100111111100011000011000000000000000011011100110001111111001101000000001100000111000111001100111110110001000000111111100000001111111110000000000000010
000000000000000000000000000000000000000000000000000000000000000000000000000000000000000000000000000011111110101110100100100000100100000010001001100010010000000001100111100111111111111111100100010001110000000111010100001110011100000111000010011000001001000000111000000011111110000000001111111111100000
111111111111111111111111111111111111111111111111111111111111111111111111111111111111111111111111111111110111110001011001011111011011111100110110111101101111011110011000011000000000000000011011101100001111111110101011110001100011100000011101100111110110111111000111111100000001111111110000000000011111
000000000000000000000000000000000000000000000000000000000000000000000000000000000000000000000000000011111111011110000010100000100000000001001001011110010000100001100111100111111111111111100100010010001111111001010100001110011100011000100010011000001001000000111000000011111110000000001111111111100000
111111111111111111111111111111111111111111111111111111111111111111111111111111111111111111111111111101111101100000111101011111010110000110010110111011101000000010011000011000000000000000011011101001110111100110101011110001100011000111000101100111110110110111000111111100000001111111110000000000011101
000000000000000000000000000000000000000000000000000000000000000000000000000000000000000000000000000010101011111111000010000000101001111001101001100100010111111100100111100111111111000000100100010110001000011111110100000110011000111000111000011111101000001000001000000011000110000000001111110000000010
111111111111111111111111111111111111111111111111111111111111111111111111111111111111111111111111111111111110111100100101111111010100000010010111011111101000000011011011011000000000111111011011101001111111111001011011111001100111000111000111101000011111110111110111111100111001111111110000001111111101
000000000000000000000000000000000000000000000000000000000000000000000000000000000000000000000000000011111111000011011000000000101010000100101000111010010111011100100100100111111111000000100100010100000111100110100100000110011000100000011000010111100000001000001000000011000110000000001111110000000010
000000000000000000000000000000000000000000000000000000000000000000000000000000000000000000000000000011011111111100000010111111000001111001000111100101100000100001011011011000000000111111011011100010001000011111011000001001100100011000100011101000011111000000110111111100111001111111110000001111100000
111111111111111111111111111111111111111111111111111111111111111111111111111111111111111111111111111101111101110010100101000000110100000010011010011111011000000010100100100111111111000000100100011001111111111000100111110110011011000111000100010111110000110111001000000011000110000000001111110000011101
000000000000000000000000000000000000000000000000000000000000000000000000000000000000000000000000000011110110101101011000111111001010000100100101111000100111011101011011011000000000111111011011100100000111100111111000001001100100100000011011101111101111001000110111111100111001111111110000001111100010
111111111111111111111111111111111111111111111111111111111111111111111111111111111111111111111111111111111011011010000011000000110001111001011011100111011000100010100100100111111111000000100100011010001000011111000111110110011011011000100100010000010000110111001000000011000110000000001111110000011101
000000000000000000000000000000000000000000000000000000000000000000000000000000000000000000000000000011111111110101100100111111001100000010100100011110100111011101011011011000000000111111011011100101111111111000111000001001100100100111011011101111101111001000110111111100111001111111110000001111100010
111111111111111111111111111111111111111111111111111111111111111111111111111111111111111111111111111111111111101010011011000000110010000101011011111001011000100010100100100111111111000000100100011010000111100111000111110110011011011000100100010000010000110111001000000011000110000000001111110000011101
000000000000000000000000000000000000000000000000000000000000000000000000000000000000000000000000000011111111111101100100111111001101111010100111111111100111011101011111111000000000111111011111100101111111111111111000001001100100100111011011111111111111001000110111111100111001111111110000001111100010
000000000000000000000000000000000000000000000000000000000000000000000000000000000000000000000000000000101100010100000000001110000000000000000100000110100000000000001011010000000000000000001011000000001000011000111000000000000000000000000000101111101100000000000001110000000000001000000000000000000000
111111111111111111111111111111111111111111111111111111111111111111111111111111111111111111111111111111111111101010011011000000110010000101011011111001011000100010100100100111111111000000100100011010000111100111000111110110011011011000100100010000010000110111001000000011000110000000001111110000011101
000000000000000000000000000000000000000000000000000000000000000000000000000000000000000000000000000011111111110101100100111111001100000010100100011110100111011101011011011000000000111111011011100101111111111000111000001001100100100111011011101111101111001000110111111100111001111111110000001111100010
111111111111111111111111111111111111111111111111111111111111111111111111111111111111111111111111111111111011011010000011000000110001111001011011100111011000100010100100100111111111000000100100011010001000011111000111110110011011011000100100010000010000110111001000000011000110000000001111110000011101
000000000000000000000000000000000000000000000000000000000000000000000000000000000000000000000000000011110110101101011000111111001010000100100101111000100111011101011011011000000000111111011011100100000111100111111000001001100100100000011011101111101111001000110111111100111001111111110000001111100010
111111111111111111111111111111111111111111111111111111111111111111111111111111111111111111111111111101111101110010100101000000110100000010011010011111011000000010100100100111111111000000100100011001111111111000100111110110011011000111000100010111110000110111001000000011000110000000001111110000011101
000000000000000000000000000000000000000000000000000000000000000000000000000000000000000000000000000011011111111100000010111111000001111001000101100100100000100001011011011000000000111111011011100010001000011111011000001001100100011000100011101000001111000000110111111100111001111111110000001111100000
000000000000000000000000000000000000000000000000000000000000000000000000000000000000000000000000000011111111000011011000000000101010000100101010111011010111011100100100100111111111000000100100010100000111100110100100000110011000100000011000010111110000001000001000000011000110000000001111110000000010
111111111111111111111111111111111111111111111111111111111111111111111111111111111111111111111111111111111110111100100101111111010100000010010111011111101000000011011011011000000000111111011011101001111111111001011011111001100111000111000111101000011111110111110111111100111001111111110000001111111101
000000000000000000000000000000000000000000000000000000000000000000000000000000000000000000000000000010101011111111000010000000101001111001101001100100010111111100100111100111111111000000100100010110001000011111110100000110011000111000111000011111101000001000001000000011000110000000001111110000000010
111111111111111111111111111111111111111111111111111111111111111111111111111111111111111111111111111101111101100000111101011111010110000110010110111011101000000010011000011000000000000000011011101001110111100110101011110001100011000111000101100111110110110111000111111100000001111111110000000000011101
000000000000000000000000000000000000000000000000000000000000000000000000000000000000000000000000000011111111011110000010100000100000000001001001011110010000100001100111100111111111111111100100010010001111111001010100001110011100011000100010011000001001000000111000000011111110000000001111111111100000
111111111111111111111111111111111111111111111111111111111111111111111111111111111111111111111111111111110111110001011001011111011011111100110110111101101111011110011000011000000000000000011011101100001111111110101011110001100011100000011101100111110110111111000111111100000001111111110000000000011111
000000000000000000000000000000000000000000000000000000000000000000000000000000000000000000000000000011111110101110100100100000100100000010001011100011010000000001100111100111111111111111100100010001110000000111010100001110011100000111000010011000011001000000111000000011111110000000001111111111100000
000000000000000000000000000000000000000000000000000000000000000000000000000000000000000000000000000011111111111001000010011111001000000001100101011100100111111100011000011000000000000000011011100110001111111001101000000001100000111000111001100111100110001000000111111100000001111111110000000000000010
111111111111111111111111111111111111111111111111111111111111111111111111111111111111111111111111111111111011010110011001100000110011111100011010111111011000000011100111100111111111111111100100011000001111111110010111111110011111000000000110011000011001110111111000000011111110000000001111111111111101
000000000000000000000000000000000000000000000000000000000000000000000000000000000000000000000000000001111101101000100110011111000100000011000101100010100000100000011100111000000000000000011111100011110000000111101000000001100000011111100001110111100110000000000111111100000001111111110000000000000000
111111111111111111111111111111111111111111111111111111111111111111111111111111111111111111111111111111111110111101000001100000011000000000110011011101001111011111000011000000000000111111000000001100001111111001110011111000000111100000011110001111111001111111110000000000111000000000000000001111111111
000000000000000000000000000000000000000000000000000000000000000000000000000000000000000000000000000011011111010010011000011111100011111100001100111110110000000000111100111111111111000000111111110000001111111110001100000111111000000000000001110000000110000000001111111111000111111111111111110000000000
111111111111111111111111111111111111111111111111111111111111111111111111111111111111111111111111111110101111101101100111000000011100000011110011100011001111111110000011000000000000000000000000001111110000000111110011110000000011111111111100001111111000111111000000000000000000000000000000000000011111
000000000000000000000000000000000000000000000000000000000000000000000000000000000000000000000000000011110111110110000000111111100000000000001100011100110000000001111111111111111111111111111111110000001111111000011100001111111100000000000011111000001111000000111111111111111111111111111111111111100000
000000000000000000000000000000000000000000000000000000000000000000000000000000000000000000000000000001111001111000111110000000000111111111000011111111000000100000000000000000000000000000000000000011111111111111100000000000000000011111100000000111110000000000000000000000000000000000000000000000000000
111111111111111111111111111111111111111111111111111111111111111111111111111111111111111111111111111111111110001111000001111111111000000000111111100011111111011111111111111111111111111111111111111100000000000111111111111111111111100000011111111111111111111111111111111111111111111111111111111111111111
000000000000000000000000000000000000000000000000000000000000000000000000000000000000000000000000000011111111110000000000000000000000000000000000011100000000000000000000000000000000000000000000000000001111111000000000000000000000000000000000000000000000000000000000000000000000000000000000000000000000
111111111111111111111111111111111111111111111111111111111111111111111111111111111111111111111111111111111111111111111111111111111111111111111111111111111111111111111111111111111111111111111111111111111111111111111111111111111111111111111111111111111111111111111111111111111111111111111111111111111111
000000000000000000000000000000000000000000000000000000000000000000000000000000000000000000000000000000000000000000000000000000000000000000000000000000000000000000000000000000000000000000000000000000000000000000000000000000000000000000000000000000000000000000000000000000000000000000000000000000000000
000000000000000000000000000000000000000000000000000000000000000000000000000000000000000000000000000000000000000000000000000000000000000000000000000000000000000000000000000000000000000000000000000000000000000000000000000000000000000000000000000000000000000000000000000000000000000000000000000000000000
000000000000000000000000000000000000000000000000000000000000000000000000000000000000000000000000000000000000000000000000000000000000000000000000000000000000000000000000000000000000000000000000000000000000000000000000000000000000000000000000000000000000000000000000000000000000000000000000000000000000
000000000000000000000000000000000000000000000000000000000000000000000000000000000000000000000000000000000000000000000000000000000000000000000000000000000000000000000000000000000000000000000000000000000000000000000000000000000000000000000000000000000000000000000000000000000000000000000000000000000000
000000000000000000000000000000000000000000000000000000000000000000000000000000000000000000000000000000000000000000000000000000000000000000000000000000000000000000000000000000000000000000000000000000000000000000000000000000000000000000000000000000000000000000000000000000000000000000000000000000000000
000000000000000000000000000000000000000000000000000000000000000000000000000000000000000000000000000000000000000000000000000000000000000000000000000000000000000000000000000000000000000000000000000000000000000000000000000000000000000000000000000000000000000000000000000000000000000000000000000000000000
000000000000000000000000000000000000000000000000000000000000000000000000000000000000000000000000000000000000000000000000000000000000000000000000000000000000000000000000000000000000000000000000000000000000000000000000000000000000000000000000000000000000000000000000000000000000000000000000000000000000
000000000000000000000000000000000000000000000000000000000000000000000000000000000000000000000000000000000000000000000000000000000000000000000000000000000000000000000000000000000000000000000000000000000000000000000000000000000000000000000000000000000000000000000000000000000000000000000000000000000000
000000000000000000000000000000000000000000000000000000000000000000000000000000000000000000000000000000000000000000000000000000000000000000000000000000000000000000000000000000000000000000000000000000000000000000000000000000000000000000000000000000000000000000000000000000000000000000000000000000000000
000000000000000000000000000000000000000000000000000000000000000000000000000000000000000000000000000000000000000000000000000000000000000000000000000000000000000000000000000000000000000000000000000000000000000000000000000000000000000000000000000000000000000000000000000000000000000000000000000000000000
111111111111111111111111111111111111111111111111111111111111111111111111111111111111111111111111111100001111111111111111111111111111111111111111111111111111111111111111111111111111111111111111111111111111111111111111111111111111111111111111111111111111111111111111111111111111111111111111111111111111
000000000000000000000000000000000000000000000000000000000000000000000000000000000000000000000000000000000000011111111111000000000000000000000000000000000001110000000000000000000000000000000000000000000000000000111111100000000000000000000000000000000000000000000000000000000000000000000000000000000000
111111111111111111111111111111111111111111111111111111111111111111111111111111111111111111111111111100000000101111111000111100000111111111100000000011111110001111111101111111111111111111111111111111110000000111000000011111111111111111111110000001111111111111111111111111111111111111111111111111111111
000000000000000000000000000000000000000000000000000000000000000000000000000000000000000000000000000000000001010111100111100011111000000000011111111100000111111000000010000000000000000000000000000000000000001001111111111110000000000000000001111110000000011110000000000000000000000000000000000000000000
000000000000000000000000000000000000000000000000000000000000000000000000000000000000000000000000000000000010111111011111011000000011111110000000000000111001110111000000000111111111111111111111111111110000010110111111100001110000111111110000000000001111100001111100000011111111111111111111111111111111
111111111111111111111111111111111111111111111111111111111111111111111111111111111111111111111111111100000001101010111110110110011100000001110000001111001110001100111111111000001100000000000000000000000001100001000000011111001111000000001111111111110000111111100011111100000000000000000000000000000000
000000000000000000000000000000000000000000000000000000000000000000000000000000000000000000000000000000000000011101111101001001100001111110001111110000110011111011000000000011110011111111111100000011111110001010111111111000110000011111100000000000000111000000011000000000111111111100011111111111111111
111111111111111111111111111111111111111111111111111111111111111111111111111111111111111111111111111100000000111111111011110100000110000001100000000011001101110100111101111100001100000000000011111100000000000101111111100111001111100000011110000001111000111111100111111111000000000011100000000000000000
000000000000000000000000000000000000000000000000000000000000000000000000000000000000000000000000000000000001010111110110100010011001111100010000001100010110001010000010000001110011100000000000000001110000010011000000011110100000000110000001111110000111011110011000000000011111110000000111111111000000
111111111111111111111111111111111111111111111111111111111111111111111111111111111111111111111111111100000010101111101101011001100110000011001111110001101011111101100000001110011110011111111111111110010000001110111111111001011111111001111100000000011001100001100111011111100000001111111000000000111111
000000000000000000000000000000000000000000000000000000000000000000000000000000000000000000000000000000000101011111111111100100001001111100100000000110011101110110011111110001100001100000000000000001100000100001111111100110100000000110000011100011100110011111011000100000011111110000000111111111000000
000000000000000000000000000000000000000000000000000000000000000000000000000000000000000000000000000000000000111111111010111010010010000010010000001000100110001001000000000110011110011111111111111110010001010111000000011101010000111001110000011100001001100000100100000011100000001111111000000000111111
111111111111111111111111111111111111111111111111111111111111111111111111111111111111111111111111111100000000001111011111000101100101111101101111110011011011110110111101111001100001100000000000000001101110001000111111111010101111000110001110000001110110011111011011111100011111110000000111111111000000
000000000000000000000000000000000000000000000000000000000000000000000000000000000000000000000000000000000011111111111101111000001010000010000000000100100101111001000010000110011110011111111111111110010000000111111111100101010000111001110001100010001001100000100100000011100000001111111000000000111111
111111111111111111111111111111111111111111111111111111111111111111111111111111111111111111111111111100000000010111110110000011110101111101011000011001011011101110100000001001100001100000000000000001100000001000011110011010101111000110001100011100010110011111011011011100011111110000000111111111000000
000000000000000000000000000000000000000000000000000000000000000000000000000000000000000000000000000000000001111010101111111100001000000010100111100110100110010001011111110010011110011111111100000010010000110011100001111111010000011001100011100011100001111110100000100000100000001100011000000000111111
111111111111111111111111111111111111111111111111111111111111111111111111111111111111111111111111111100000000101111111011110010010111111101010000001001011101111110100000001101101101100000000011111101100001000101111111100101101111100110011100011100011110100001111111011111011111110011100111111111000000
000000000000000000000000000000000000000000000000000000000000000000000000000000000000000000000000000000000000011111111100001101100000000010101000010010100011101001011101110010010010011111111100000010010000001010011110011010010000011001100010000001100001011110000000100000100000001100011000000000111111
000000000000000000000000000000000000000000000000000000000000000000000000000000000000000000000000000000000011111101111111110000001011111100000111100100011110010110000010000101101101100000000011111101101110000101100001111101100000100110010001100010001110100001111100000011011111110011100111111111000000
111111111111111111111111111111111111111111111111111111111111111111111111111111111111111111111111111100000000000111110111001010010100000011010000001001101001111101100000001010010010011111111100000010010000010010111111100010011111011001101100011100010001011111000011011100100000001100011000000000111111
000000000000000000000000000000000000000000000000000000000000000000000000000000000000000000000000000000000100111111011010110101100011111100101000010010010111100010011101110101101101100000000011111101100000101101011110011111100000100110010010000001101110111110111100100011011111110011100111111111000000
111111111111111111111111111111111111111111111111111111111111111111111111111111111111111111111111111100000001011111101101101000001100000011000111100101101110011101100010001010010010011111111100000010010000000011100001111100011111011001101101100010010001000001000011011100100000001100011000000000111111
000000000000000000000000000000000000000000000000000000000000000000000000000000000000000000000000000000000010111111111111010110010011111100110000001010010001111010011101110101101101100000000011111101100001000100111111100011100000100110010010011101101110111110111100100011011111110011100111111111000000
111111111111111111111111111111111111111111111111111111111111111111111111111111111111111111111111111100000001001111111110101001101100000011001000010101101111100101100010001010010010011111111100000010010000011011011110011100011111011001101101100010010001000001000011011100100000001100011000000000111111
000000000000000000000000000000000000000000000000000000000000000000000000000000000000000000000000000000000000111111111111110110010011111100110111101010011111111110011101110101111111100000000011111101111110100111111111111111100000100110010010011101101111111111111100100011011111110011100111111111000000
000000000000000000000000000000000000000000000000000000000000000000000000000000000000000000000000000000000000110010110001010000000000111000000000000000010000011010000000000000101101000000000000000000100000000000100001100011100000000000000000000000000010111110110000000000000111000000000000100000000000
111111111111111111111111111111111111111111111111111111111111111111111111111111111111111111111111111100000001001111111110101001101100000011001000010101101111100101100010001010010010011111111100000010010000011011011110011100011111011001101101100010010001000001000011011100100000001100011000000000111111
000000000000000000000000000000000000000000000000000000000000000000000000000000000000000000000000000000000010111111111111010110010011111100110000001010010001111010011101110101101101100000000011111101100001000100111111100011100000100110010010011101101110111110111100100011011111110011100111111111000000
111111111111111111111111111111111111111111111111111111111111111111111111111111111111111111111111111100000001011111101101101000001100000011000111100101101110011101100010001010010010011111111100000010010000000011100001111100011111011001101101100010010001000001000011011100100000001100011000000000111111
000000000000000000000000000000000000000000000000000000000000000000000000000000000000000000000000000000000100111111011010110101100011111100101000010010010111100010011101110101101101100000000011111101100000101101011110011111100000100110010010000001101110111110111100100011011111110011100111111111000000
111111111111111111111111111111111111111111111111111111111111111111111111111111111111111111111111111100000000000111110111001010010100000011010000001001101001111101100000001010010010011111111100000010010000010010111111100010011111011001101100011100010001011111000011011100100000001100011000000000111111
000000000000000000000000000000000000000000000000000000000000000000000000000000000000000000000000000000000011111101111111110000001011111100000111100100010110010010000010000101101101100000000011111101101110000101100001111101100000100110010001100010001110100000111100000011011111110011100111111111000000
000000000000000000000000000000000000000000000000000000000000000000000000000000000000000000000000000000000000011111111100001101100000000010101000010010101011101101011101110010010010011111111100000010010000001010011110011010010000011001100010000001100001011111000000100000100000001100011000000000111111
111111111111111111111111111111111111111111111111111111111111111111111111111111111111111111111111111100000000101111111011110010010111111101010000001001011101111110100000001101101101100000000011111101100001000101111111100101101111100110011100011100011110100001111111011111011111110011100111111111000000
000000000000000000000000000000000000000000000000000000000000000000000000000000000000000000000000000000000001111010101111111100001000000010100111100110100110010001011111110010011110011111111100000010010000110011100001111111010000011001100011100011100001111110100000100000100000001100011000000000111111
111111111111111111111111111111111111111111111111111111111111111111111111111111111111111111111111111100000000010111110110000011110101111101011000011001011011101110100000001001100001100000000000000001100000001000011110011010101111000110001100011100010110011111011011011100011111110000000111111111000000
000000000000000000000000000000000000000000000000000000000000000000000000000000000000000000000000000000000011111111111101111000001010000010000000000100100101111001000010000110011110011111111111111110010000000111111111100101010000111001110001100010001001100000100100000011100000001111111000000000111111
111111111111111111111111111111111111111111111111111111111111111111111111111111111111111111111111111100000000001111011111000101100101111101101111110011011011110110111101111001100001100000000000000001101110001000111111111010101111000110001110000001110110011111011011111100011111110000000111111111000000
000000000000000000000000000000000000000000000000000000000000000000000000000000000000000000000000000000000000111111111010111010010010000010010000001000101110001101000000000110011110011111111111111110010001010111000000011101010000111001110000011100001001100001100100000011100000001111111000000000111111
000000000000000000000000000000000000000000000000000000000000000000000000000000000000000000000000000000000101011111111111100100001001111100100000000110010101110010011111110001100001100000000000000001100000100001111111100110100000000110000011100011100110011110011000100000011111110000000111111111000000
111111111111111111111111111111111111111111111111111111111111111111111111111111111111111111111111111100000010101111101101011001100110000011001111110001101011111101100000001110011110011111111111111110010000001110111111111001011111111001111100000000011001100001100111011111100000001111111000000000111111
000000000000000000000000000000000000000000000000000000000000000000000000000000000000000000000000000000000001010111110110100010011001111100010000001100010110001010000010000001110011100000000000000001110000010011000000011110100000000110000001111110000111011110011000000000011111110000000111111111000000
111111111111111111111111111111111111111111111111111111111111111111111111111111111111111111111111111100000000111111111011110100000110000001100000000011001101110100111101111100001100000000000011111100000000000101111111100111001111100000011110000001111000111111100111111111000000000011100000000000000000
000000000000000000000000000000000000000000000000000000000000000000000000000000000000000000000000000000000000011101111101001001100001111110001111110000110011111011000000000011110011111111111100000011111110001010111111111000110000011111100000000000000111000000011000000000111111111100011111111111111111
111111111111111111111111111111111111111111111111111111111111111111111111111111111111111111111111111100000001101010111110110110011100000001110000001111001110001100111111111000001100000000000000000000000001100001000000011111001111000000001111111111110000111111100011111100000000000000000000000000000000
000000000000000000000000000000000000000000000000000000000000000000000000000000000000000000000000000000000010111111011111011000000011111110000000000000110001110011000000000111111111111111111111111111110000010110111111100001110000111111110000000000001111100000111100000011111111111111111111111111111111
000000000000000000000000000000000000000000000000000000000000000000000000000000000000000000000000000000000001010111100111100011111000000000011111111100001111111100000010000000000000000000000000000000000000001001111111111110000000000000000001111110000000011111000000000000000000000000000000000000000000
111111111111111111111111111111111111111111111111111111111111111111111111111111111111111111111111111100000000101111111000111100000111111111100000000011111110001111111101111111111111111111111111111111110000000111000000011111111111111111111110000001111111111111111111111111111111111111111111111111111111
000000000000000000000000000000000000000000000000000000000000000000000000000000000000000000000000000000000000011111111111000000000000000000000000000000000001110000000000000000000000000000000000000000000000000000111111100000000000000000000000000000000000000000000000000000000000000000000000000000000000
111111111111111111111111111111111111111111111111111111111111111111111111111111111111111111111111111100001111111111111111111111111111111111111111111111111111111111111111111111111111111111111111111111111111111111111111111111111111111111111111111111111111111111111111111111111111111111111111111111111111
000000000000000000000000000000000000000000000000000000000000000000000000000000000000000000000000000000000000000000000000000000000000000000000000000000000000000000000000000000000000000000000000000000000000000000000000000000000000000000000000000000000000000000000000000000000000000000000000000000000000
000000000000000000000000000000000000000000000000000000000000000000000000000000000000000000000000000000000000000000000000000000000000000000000000000000000000000000000000000000000000000000000000000000000000000000000000000000000000000000000000000000000000000000000000000000000000000000000000000000000000
000000000000000000000000000000000000000000000000000000000000000000000000000000000000000000000000000000000000000000000000000000000000000000000000000000000000000000000000000000000000000000000000000000000000000000000000000000000000000000000000000000000000000000000000000000000000000000000000000000000000
000000000000000000000000000000000000000000000000000000000000000000000000000000000000000000000000000000000000000000000000000000000000000000000000000000000000000000000000000000000000000000000000000000000000000000000000000000000000000000000000000000000000000000000000000000000000000000000000000000000000
000000000000000000000000000000000000000000000000000000000000000000000000000000000000000000000000000000000000000000000000000000000000000000000000000000000000000000000000000000000000000000000000000000000000000000000000000000000000000000000000000000000000000000000000000000000000000000000000000000000000
000000000000000000000000000000000000000000000000000000000000000000000000000000000000000000000000000000000000000000000000000000000000000000000000000000000000000000000000000000000000000000000000000000000000000000000000000000000000000000000000000000000000000000000000000000000000000000000000000000000000
000000000000000000000000000000000000000000000000000000000000000000000000000000000000000000000000000000000000000000000000000000000000000000000000000000000000000000000000000000000000000000000000000000000000000000000000000000000000000000000000000000000000000000000000000000000000000000000000000000000000
000000000000000000000000000000000000000000000000000000000000000000000000000000000000000000000000000000000000000000000000000000000000000000000000000000000000000000000000000000000000000000000000000000000000000000000000000000000000000000000000000000000000000000000000000000000000000000000000000000000000
000000000000000000000000000000000000000000000000000000000000000000000000000000000000000000000000000000000000000000000000000000000000000000000000000000000000000000000000000000000000000000000000000000000000000000000000000000000000000000000000000000000000000000000000000000000000000000000000000000000000
000000000000000000000000000000000000000000000000000000000000000000000000000000000000000000000000000000000000000000000000000000000000000000000000000000000000000000000000000000000000000000000000000000000000000000000000000000000000000000000000000000000000000000000000000000000000000000000000000000000000
111111111111111111111111111111111111111111111111111111111111111111111111111111111111111111111111111111111111111111111111111111111111111111111111111111111111111111111111111111111111111111111111111111111111111111111111111111111111111111111111111111111111111111111111111111111111111111111111111111111111
000000000000000000000000000000000000000000000000000000000000000000000000000000000000000000000000000000000000000000000000000000000000000000000000000000000000000000000000000000000000000000000000000000000000000000000000000000000000000000000000000000000000000000000000000000000000000000000000000000000000
000000000000000000000000000000000000000000000000000000000000000000000000000000000000000000000000000011111111111111111111111111111111111111111111111111111111111111111111111111111111111111111111111111111111111111111111111111111111111111111111111111111111111111111111111111111111111111111111111111111111
111111111111111111111111111111111111111111111111111111111111111111111111111111111111111111111111111100000000000000000000000000000000000000000000000000000000000000000000000000000000000000000000000000000000000000000000000000000000000000000000000000000000000000000000000000000000000000000000000000000000
000000000000000000000000000000000000000000000000000000000000000000000000000000000000000000000000000011111111111111111111111111111111111111111111111111111111111111111111111111111111111111111111111100001111111111111111111111111111111111111111111111111111111111111111111111111111111111111111111111111100
000000000000000000000000000000000000000000000000000000000000000000000000000000000000000000000000000000000000000000000000000000000000000000000000000000000000000000000000000000000000000000000000000011110000000000000000000000000000000000000000000000000000000000000000000000000000000000000000000000000011
111111111111111111111111111111111111111111111111111111111111111111111111111111111111111111111111111111111111111111111111111111111111111111111100011111111111111100001111111111111111111111111111100000001111111111111111111111111111111111111111111111111111111111111111111111111111111111111111111111100000
000000000000000000000000000000000000000000000000000000000000000000000000000000000000000000000000000000000000000000000000000000000000000000000011100000000000000011110000000000000000000000000000011111110000000000000000000000000000000000000000000000000000000000000000000000000000000000000000000000011111
000000000000000000000000000000000000000000000000000000000000000000000000000000000000000000000000000000000000000011111000000000000011111111100000000011110000000000000011111111111111111111111110000000000001111000000000000000000000111111111100000000000000000000000000000111111111111111111111110000000000
111111111111111111111111111111111111111111111111111111111111111111111111111111111111111111111111111111111111111100000111111111111100000000011111111100001111111111111100000000000000000000000001111111111110000111111111111111111111000000000011111111111111111111111111111000000000000000000000001111111111
000000000000000000000000000000000000000000000000000000000000000000000000000000000000000000000000000000000000000011111000000000000011111111100000000011110000000000000011111111111111111111111110000000000001111000000000000000000000111111111100000000000000000000000000000111111111111111111111110000000000
000000000000000000000000000000000000000000000000000000000000000000000000000000000000000000000000000011111111111100000111111111111100000000011111111100001111111111111100000000000000000000000001111100001110000111111111111111111111000000000011111111111111111111111111111000000000000000000000001111111100
111111111111111111111111111111111111111111111111111111111111111111111111111111111111111111111111111100000000000011111000000000000011111111100000000011110000000000000011111111111111111111111110000011110001111000000000000000000000111111111100000000000000000000000000000111111111111111111111110000000011
000000000000000000000000000000000000000000000000000000000000000000000000000000000000000000000000000011111111111100000111111111111100000000011111111100001111111111111100000000000000000000000001111100001110000111111111111111111111000000000011111111111111111111111111111000000000000000000000001111111100
111111111111111111111111111111111111111111111111111111111111111111111111111111111111111111111111111100000000000011111000000000000011111111100000000011110000000000000011111111111111111111111110000011110001111000000000000000000000111111111100000000000000000000000000000111111111111111111111110000000011
000000000000000000000000000000000000000000000000000000000000000000000000000000000000000000000000000011111111111100000111111111111100000000011100011100001111111100001100000000000000000000000001100000001110000111111111111111111111000000000011111111111111111111111111111000000000000000000000001111100000
000000000000000000000000000000000000000000000000000000000000000000000000000000000000000000000000000000000000000011111000000000000011111111100011100011110000000011110011111111111111111111111110011111110001111000000000000000000000111111111100000000000000000000000000000111111111111111111111110000011111
111111111111111111111111111111111111111111111111111111111111111111111111111111111111111111111111111111111111111100000111111111111100000000011100011100001111111100001100000000000000000000000001100000001110000111111111111111111111000000000011111111111111111111111111111000000000000000000000001111100000
000000000000000000000000000000000000000000000000000000000000000000000000000000000000000000000000000000000000000011111000000000000011111111100011100011110000000011110011111111111111111111111110011100000001111000000000000000000000111111111100000000000000000000000000000111111111111111111111110000011100
000000000000000000000000000000000000000000000000000000000000000000000000000000000000000000000000000011111111111100000111111111111100000000011100011100001111111100001100000000000000000000000001100011111110000111111111111111111111000000000011111111111111111111111111111000000000000000000000001111100011
111111111111111111111111111111111111111111111111111111111111111111111111111111111111111111111111111100000000000011111000000000000011111111100011100011110000000011110011111111111111111111111110011100000001111000000000000000000000111111111100000000000000000000000000000111111111111111111111110000011100
000000000000000000000000000000000000000000000000000000000000000000000000000000000000000000000000000011111111111100000111111111111100000000011100011100001111111100001100000000000000000000000001100011111110000111111111111111111111000000000011111111111111111111111111111000000000000000000000001111100011
000000000000000000000000000000000000000000000000000000000000000000000000000000000000000000000000000000000000000011111000000000000011111111100011100011110000000011110011111111111111111111111110011100000001111000000000000000000000111111111100000000000000000000000000000111111111111111111111110000011100
111111111111111111111111111111111111111111111111111111111111111111111111111111111111111111111111111111111111111100000111111111111100000000011100011100001111111100001100000000000000000000000001100011111110000111111111111111111111000000000011111111111111111111111111111000000000000000000000001111100011
000000000000000000000000000000000000000000000000000000000000000000000000000000000000000000000000000000000000000011111000000000000011111111100011100011110000000011110011111111111111111111111110011100000001111000000000000000000000111111111100000000000000000000000000000111111111111111111111110000011100
000000000000000000000000000000000000000000000000000000000000000000000000000000000000000000000000000000000000000000000000000000000000011110000000000000000000000000000000010000000000000011111100000000000000000000000000000000000000000000000000000000000000000000000000000000000000000000001111000000000000
111111111111111111111111111111111111111111111111111111111111111111111111111111111111111111111111111111111111111100000111111111111100000000011100011100001111111100001100000000000000000000000001100011111110000111111111111111111111000000000011111111111111111111111111111000000000000000000000001111100011
000000000000000000000000000000000000000000000000000000000000000000000000000000000000000000000000000000000000000011111000000000000011111111100011100011110000000011110011111111111111111111111110011100000001111000000000000000000000111111111100000000000000000000000000000111111111111111111111110000011100
000000000000000000000000000000000000000000000000000000000000000000000000000000000000000000000000000011111111111100000111111111111100000000011100011100001111111100001100000000000000000000000001100011111110000111111111111111111111000000000011111111111111111111111111111000000000000000000000001111100011
111111111111111111111111111111111111111111111111111111111111111111111111111111111111111111111111111100000000000011111000000000000011111111100011100011110000000011110011111111111111111111111110011100000001111000000000000000000000111111111100000000000000000000000000000111111111111111111111110000011100
000000000000000000000000000000000000000000000000000000000000000000000000000000000000000000000000000011111111111100000111111111111100000000011100011100001111111100001100000000000000000000000001100011111110000111111111111111111111000000000011111111111111111111111111111000000000000000000000001111100011
000000000000000000000000000000000000000000000000000000000000000000000000000000000000000000000000000000000000000011111000000000000011111111100011100011110000000011110011111111111111111111111110011100000001111000000000000000000000111111111100000000000000000000000000000111111111111111111111110000011100
111111111111111111111111111111111111111111111111111111111111111111111111111111111111111111111111111111111111111100000111111111111100000000011100011100001111111100001100000000000000000000000001100000001110000111111111111111111111000000000011111111111111111111111111111000000000000000000000001111100000
000000000000000000000000000000000000000000000000000000000000000000000000000000000000000000000000000000000000000011111000000000000011111111100011100011110000000011110011111111111111111111111110011111110001111000000000000000000000111111111100000000000000000000000000000111111111111111111111110000011111
000000000000000000000000000000000000000000000000000000000000000000000000000000000000000000000000000011111111111100000111111111111100000000011100011100001111111100001100000000000000000000000001100000001110000111111111111111111111000000000011111111111111111111111111111000000000000000000000001111100000
111111111111111111111111111111111111111111111111111111111111111111111111111111111111111111111111111100000000000011111000000000000011111111100000000011110000000000000011111111111111111111111110000011110001111000000000000000000000111111111100000000000000000000000000000111111111111111111111110000000011
000000000000000000000000000000000000000000000000000000000000000000000000000000000000000000000000000011111111111100000111111111111100000000011111111100001111111111111100000000000000000000000001111100001110000111111111111111111111000000000011111111111111111111111111111000000000000000000000001111111100
111111111111111111111111111111111111111111111111111111111111111111111111111111111111111111111111111100000000000011111000000000000011111111100000000011110000000000000011111111111111111111111110000011110001111000000000000000000000111111111100000000000000000000000000000111111111111111111111110000000011
000000000000000000000000000000000000000000000000000000000000000000000000000000000000000000000000000011111111111100000111111111111100000000011111111100001111111111111100000000000000000000000001111100001110000111111111111111111111000000000011111111111111111111111111111000000000000000000000001111111100
000000000000000000000000000000000000000000000000000000000000000000000000000000000000000000000000000000000000000011111000000000000011111111100000000011110000000000000011111111111111111111111110000000000001111000000000000000000000111111111100000000000000000000000000000111111111111111111111110000000000
111111111111111111111111111111111111111111111111111111111111111111111111111111111111111111111111111111111111111100000111111111111100000000011111111100001111111111111100000000000000000000000001111111111110000111111111111111111111000000000011111111111111111111111111111000000000000000000000001111111111
000000000000000000000000000000000000000000000000000000000000000000000000000000000000000000000000000000000000000011111000000000000011111111100000000011110000000000000011111111111111111111111110000000000001111000000000000000000000111111111100000000000000000000000000000111111111111111111111110000000000
000000000000000000000000000000000000000000000000000000000000000000000000000000000000000000000000000000000000000000000000000000000000000000000011100000000000000011110000000000000000000000000000011111110000000000000000000000000000000000000000000000000000000000000000000000000000000000000000000000011111
111111111111111111111111111111111111111111111111111111111111111111111111111111111111111111111111111111111111111111111111111111111111111111111100011111111111111100001111111111111111111111111111100000001111111111111111111111111111111111111111111111111111111111111111111111111111111111111111111111100000
000000000000000000000000000000000000000000000000000000000000000000000000000000000000000000000000000000000000000000000000000000000000000000000000000000000000000000000000000000000000000000000000000011110000000000000000000000000000000000000000000000000000000000000000000000000000000000000000000000000011
000000000000000000000000000000000000000000000000000000000000000000000000000000000000000000000000000011111111111111111111111111111111111111111111111111111111111111111111111111111111111111111111111100001111111111111111111111111111111111111111111111111111111111111111111111111111111111111111111111111100
111111111111111111111111111111111111111111111111111111111111111111111111111111111111111111111111111100000000000000000000000000000000000000000000000000000000000000000000000000000000000000000000000000000000000000000000000000000000000000000000000000000000000000000000000000000000000000000000000000000000
000000000000000000000000000000000000000000000000000000000000000000000000000000000000000000000000000011111111111111111111111111111111111111111111111111111111111111111111111111111111111111111111111111111111111111111111111111111111111111111111111111111111111111111111111111111111111111111111111111111111
000000000000000000000000000000000000000000000000000000000000000000000000000000000000000000000000000000000000000000000000000000000000000000000000000000000000000000000000000000000000000000000000000000000000000000000000000000000000000000000000000000000000000000000000000000000000000000000000000000000000
111111111111111111111111111111111111111111111111111111111111111111111111111111111111111111111111111111111111111111111111111111111111111111111111111111111111111111111111111111111111111111111111111111111111111111111111111111111111111111111111111111111111111111111111111111111111111111111111111111111111
000000000000000000000000000000000000000000000000000000000000000000000000000000000000000000000000000000000000000000000000000000000000000000000000000000000000000000000000000000000000000000000000000000000000000000000000000000000000000000000000000000000000000000000000000000000000000000000000000000000000
000000000000000000000000000000000000000000000000000000000000000000000000000000000000000000000000000000000000000000000000000000000000000000000000000000000000000000000000000000000000000000000000000000000000000000000000000000000000000000000000000000000000000000000000000000000000000000000000000000000000
000000000000000000000000000000000000000000000000000000000000000000000000000000000000000000000000000000000000000000000000000000000000000000000000000000000000000000000000000000000000000000000000000000000000000000000000000000000000000000000000000000000000000000000000000000000000000000000000000000000000
000000000000000000000000000000000000000000000000000000000000000000000000000000000000000000000000000000000000000000000000000000000000000000000000000000000000000000000000000000000000000000000000000000000000000000000000000000000000000000000000000000000000000000000000000000000000000000000000000000000000
000000000000000000000000000000000000000000000000000000000000000000000000000000000000000000000000000000000000000000000000000000000000000000000000000000000000000000000000000000000000000000000000000000000000000000000000000000000000000000000000000000000000000000000000000000000000000000000000000000000000
000000000000000000000000000000000000000000000000000000000000000000000000000000000000000000000000000000000000000000000000000000000000000000000000000000000000000000000000000000000000000000000000000000000000000000000000000000000000000000000000000000000000000000000000000000000000000000000000000000000000
000000000000000000000000000000000000000000000000000000000000000000000000000000000000000000000000000000000000000000000000000000000000000000000000000000000000000000000000000000000000000000000000000000000000000000000000000000000000000000000000000000000000000000000000000000000000000000000000000000000000
000000000000000000000000000000000000000000000000000000000000000000000000000000000000000000000000000000000000000000000000000000000000000000000000000000000000000000000000000000000000000000000000000000000000000000000000000000000000000000000000000000000000000000000000000000000000000000000000000000000000
000000000000000000000000000000000000000000000000000000000000000000000000000000000000000000000000000000000000000000000000000000000000000000000000000000000000000000000000000000000000000000000000000000000000000000000000000000000000000000000000000000000000000000000000000000000000000000000000000000000000
000000000000000000000000000000000000000000000000000000000000000000000000000000000000000000000000000000000000000000000000000000000000000000000000000000000000000000000000000000000000000000000000000000000000000000000000000000000000000000000000000000000000000000000000000000000000000000000000000000000000
111111111111111111111111111111111111111111111111111111111111111111111111111111111111111111111111111111111111111111111111111111111111111111111111111111111111111111111111111111111111111111111111111111111111111111111111111111111111111111111111111111111111111111111111111111111111111111111111111111111111
000000000000000000000000000000000000000000000000000000000000000000000000000000000000000000000000000000000000000000000000000000000000000000000000000000000000000000000000000000000000000000000000000000000000000000000000000000000000000000000000000000000000000000000000000000000000000000000000000000000000
000000000000000000000000000000000000000000000000000000000000000000000000000000000000000000000000000011111111111111111111111111111111111111111111111111111111111111111111111111111111111111111111111111111111111111111111111111111111111111111111111111111111111111111111111111111111111111111111111111111111
111111111111111111111111111111111111111111111111111111111111111111111111111111111111111111111111111100000000000000000000000000000000000000000000000000000000000000000000000000000000000000000000000000000000000000000000000000000000000000000000000000000000000000000000000000000000000000000000000000000000
000000000000000000000000000000000000000000000000000000000000000000000000000000000000000000000000000011111111111111111111111111111111111111111111111111111111111111111111111111111111111111111111111111111111111111111111111111111111111111111111111111111111111111111111111111111111111111111111111111111111
000000000000000000000000000000000000000000000000000000000000000000000000000000000000000000000000000000000000000000000000000000000000000000000000000000000000000000000000000000000000000000000000000000000000000000000000000000000000000000000000000000000000000000000000000000000000000000000000000000000000
111111111111111111111111111111111111111111111111111111111111111111111111111111111111111111111111111111111111111111111111111111111111111111111111111111110001111111111111110000111111111111111111111111111111111111111111111111111111111111111111111111111111111111111111111111111111111111111111111111111111
000000000000000000000000000000000000000000000000000000000000000000000000000000000000000000000000000000000000000000000000000000000000000000000000000000001110000000000000001111000000000000000000000000000000000000000000000000000000000000000000000000000000000000000000000000000000000000000000000000000000
000000000000000000000000000000000000000000000000000000000000000000000000000000000000000000000000000000111111110000000000001111100000000000001111111110000000001111000000000000001111111111111111111111110111111100000111100000000000000000000011111111110000000000000000000000000000011111111111111111111111
111111111111111111111111111111111111111111111111111111111111111111111111111111111111111111111111111111000000001111111111110000011111111111110000000001111111110000111111111111110000000000000000000000001000000011111000011111111111111111111100000000001111111111111111111111111111100000000000000000000000
000000000000000000000000000000000000000000000000000000000000000000000000000000000000000000000000000000111111110000000000001111100000000000001111111110000000001111000000000000001111111111111111111111110111111100000111100000000000000000000011111111110000000000000000000000000000011111111111111111111111
000000000000000000000000000000000000000000000000000000000000000000000000000000000000000000000000000011000000001111111111110000011111111111110000000001111111110000111111111111110000000000000000000000001000000011111000011111111111111111111100000000001111111111111111111111111111100000000000000000000000
111111111111111111111111111111111111111111111111111111111111111111111111111111111111111111111111111100111111110000000000001111100000000000001111111110000000001111000000000000001111111111111111111111110111111100000111100000000000000000000011111111110000000000000000000000000000011111111111111111111111
000000000000000000000000000000000000000000000000000000000000000000000000000000000000000000000000000011000000001111111111110000011111111111110000000001111111110000111111111111110000000000000000000000001000000011111000011111111111111111111100000000001111111111111111111111111111100000000000000000000000
111111111111111111111111111111111111111111111111111111111111111111111111111111111111111111111111111100111111110000000000001111100000000000001111111110000000001111000000000000001111111111111111111111110111111100000111100000000000000000000011111111110000000000000000000000000000011111111111111111111111
000000000000000000000000000000000000000000000000000000000000000000000000000000000000000000000000000011000000001111111111110000011111111111110000000001110001110000111111110000110000000000000000000000001000000011111000011111111111111111111100000000001111111111111111111111111111100000000000000000000000
000000000000000000000000000000000000000000000000000000000000000000000000000000000000000000000000000000111111110000000000001111100000000000001111111110001110001111000000001111001111111111111111111111110111111100000111100000000000000000000011111111110000000000000000000000000000011111111111111111111111
111111111111111111111111111111111111111111111111111111111111111111111111111111111111111111111111111111000000001111111111110000011111111111110000000001110001110000111111110000110000000000000000000000001000000011111000011111111111111111111100000000001111111111111111111111111111100000000000000000000000
000000000000000000000000000000000000000000000000000000000000000000000000000000000000000000000000000000111111110000000000001111100000000000001111111110001110001111000000001111001111111111111111111111110111111100000111100000000000000000000011111111110000000000000000000000000000011111111111111111111111
000000000000000000000000000000000000000000000000000000000000000000000000000000000000000000000000000011000000001111111111110000011111111111110000000001110001110000111111110000110000000000000000000000001000000011111000011111111111111111111100000000001111111111111111111111111111100000000000000000000000
111111111111111111111111111111111111111111111111111111111111111111111111111111111111111111111111111100111111110000000000001111100000000000001111111110001110001111000000001111001111111111111111111111110111111100000111100000000000000000000011111111110000000000000000000000000000011111111111111111111111
000000000000000000000000000000000000000000000000000000000000000000000000000000000000000000000000000011000000001111111111110000011111111111110000000001110001110000111111110000110000000000000000000000001000000011111000011111111111111111111100000000001111111111111111111111111111100000000000000000000000
000000000000000000000000000000000000000000000000000000000000000000000000000000000000000000000000000000111111110000000000001111100000000000001111111110001110001111000000001111001111111111111111111111110111111100000111100000000000000000000011111111110000000000000000000000000000011111111111111111111111
111111111111111111111111111111111111111111111111111111111111111111111111111111111111111111111111111111000000001111111111110000011111111111110000000001110001110000111111110000110000000000000000000000001000000011111000011111111111111111111100000000001111111111111111111111111111100000000000000000000000
000000000000000000000000000000000000000000000000000000000000000000000000000000000000000000000000000000111111110000000000001111100000000000001111111110001110001111000000001111001111111111111111111111110111111100000111100000000000000000000011111111110000000000000000000000000000011111111111111111111111
000000000000000000000000000000000000000000000000000000000000000000000000000000000000000000000000000000011111000000000000000000000000000000000001111000000000000000000000000000000001000000000000001111110000000000000000000000000000000000000000000000000000000000000000000000000000000000000000000000111100
111111111111111111111111111111111111111111111111111111111111111111111111111111111111111111111111111111000000001111111111110000011111111111110000000001110001110000111111110000110000000000000000000000001000000011111000011111111111111111111100000000001111111111111111111111111111100000000000000000000000
000000000000000000000000000000000000000000000000000000000000000000000000000000000000000000000000000000111111110000000000001111100000000000001111111110001110001111000000001111001111111111111111111111110111111100000111100000000000000000000011111111110000000000000000000000000000011111111111111111111111
000000000000000000000000000000000000000000000000000000000000000000000000000000000000000000000000000011000000001111111111110000011111111111110000000001110001110000111111110000110000000000000000000000001000000011111000011111111111111111111100000000001111111111111111111111111111100000000000000000000000
111111111111111111111111111111111111111111111111111111111111111111111111111111111111111111111111111100111111110000000000001111100000000000001111111110001110001111000000001111001111111111111111111111110111111100000111100000000000000000000011111111110000000000000000000000000000011111111111111111111111
000000000000000000000000000000000000000000000000000000000000000000000000000000000000000000000000000011000000001111111111110000011111111111110000000001110001110000111111110000110000000000000000000000001000000011111000011111111111111111111100000000001111111111111111111111111111100000000000000000000000
000000000000000000000000000000000000000000000000000000000000000000000000000000000000000000000000000000111111110000000000001111100000000000001111111110001110001111000000001111001111111111111111111111110111111100000111100000000000000000000011111111110000000000000000000000000000011111111111111111111111
111111111111111111111111111111111111111111111111111111111111111111111111111111111111111111111111111111000000001111111111110000011111111111110000000001110001110000111111110000110000000000000000000000001000000011111000011111111111111111111100000000001111111111111111111111111111100000000000000000000000
000000000000000000000000000000000000000000000000000000000000000000000000000000000000000000000000000000111111110000000000001111100000000000001111111110001110001111000000001111001111111111111111111111110111111100000111100000000000000000000011111111110000000000000000000000000000011111111111111111111111
000000000000000000000000000000000000000000000000000000000000000000000000000000000000000000000000000011000000001111111111110000011111111111110000000001110001110000111111110000110000000000000000000000001000000011111000011111111111111111111100000000001111111111111111111111111111100000000000000000000000
111111111111111111111111111111111111111111111111111111111111111111111111111111111111111111111111111100111111110000000000001111100000000000001111111110000000001111000000000000001111111111111111111111110111111100000111100000000000000000000011111111110000000000000000000000000000011111111111111111111111
000000000000000000000000000000000000000000000000000000000000000000000000000000000000000000000000000011000000001111111111110000011111111111110000000001111111110000111111111111110000000000000000000000001000000011111000011111111111111111111100000000001111111111111111111111111111100000000000000000000000
111111111111111111111111111111111111111111111111111111111111111111111111111111111111111111111111111100111111110000000000001111100000000000001111111110000000001111000000000000001111111111111111111111110111111100000111100000000000000000000011111111110000000000000000000000000000011111111111111111111111
000000000000000000000000000000000000000000000000000000000000000000000000000000000000000000000000000011000000001111111111110000011111111111110000000001111111110000111111111111110000000000000000000000001000000011111000011111111111111111111100000000001111111111111111111111111111100000000000000000000000
000000000000000000000000000000000000000000000000000000000000000000000000000000000000000000000000000000111111110000000000001111100000000000001111111110000000001111000000000000001111111111111111111111110111111100000111100000000000000000000011111111110000000000000000000000000000011111111111111111111111
111111111111111111111111111111111111111111111111111111111111111111111111111111111111111111111111111111000000001111111111110000011111111111110000000001111111110000111111111111110000000000000000000000001000000011111000011111111111111111111100000000001111111111111111111111111111100000000000000000000000
000000000000000000000000000000000000000000000000000000000000000000000000000000000000000000000000000000111111110000000000001111100000000000001111111110000000001111000000000000001111111111111111111111110111111100000111100000000000000000000011111111110000000000000000000000000000011111111111111111111111
000000000000000000000000000000000000000000000000000000000000000000000000000000000000000000000000000000000000000000000000000000000000000000000000000000001110000000000000001111000000000000000000000000000000000000000000000000000000000000000000000000000000000000000000000000000000000000000000000000000000
111111111111111111111111111111111111111111111111111111111111111111111111111111111111111111111111111111111111111111111111111111111111111111111111111111110001111111111111110000111111111111111111111111111111111111111111111111111111111111111111111111111111111111111111111111111111111111111111111111111111
000000000000000000000000000000000000000000000000000000000000000000000000000000000000000000000000000000000000000000000000000000000000000000000000000000000000000000000000000000000000000000000000000000000000000000000000000000000000000000000000000000000000000000000000000000000000000000000000000000000000
000000000000000000000000000000000000000000000000000000000000000000000000000000000000000000000000000011111111111111111111111111111111111111111111111111111111111111111111111111111111111111111111111111111111111111111111111111111111111111111111111111111111111111111111111111111111111111111111111111111111
111111111111111111111111111111111111111111111111111111111111111111111111111111111111111111111111111100000000000000000000000000000000000000000000000000000000000000000000000000000000000000000000000000000000000000000000000000000000000000000000000000000000000000000000000000000000000000000000000000000000
000000000000000000000000000000000000000000000000000000000000000000000000000000000000000000000000000011111111111111111111111111111111111111111111111111111111111111111111111111111111111111111111111111111111111111111111111111111111111111111111111111111111111111111111111111111111111111111111111111111111
000000000000000000000000000000000000000000000000000000000000000000000000000000000000000000000000000000000000000000000000000000000000000000000000000000000000000000000000000000000000000000000000000000000000000000000000000000000000000000000000000000000000000000000000000000000000000000000000000000000000
111111111111111111111111111111111111111111111111111111111111111111111111111111111111111111111111111111111111111111111111111111111111111111111111111111111111111111111111111111111111111111111111111111111111111111111111111111111111111111111111111111111111111111111111111111111111111111111111111111111111
000000000000000000000000000000000000000000000000000000000000000000000000000000000000000000000000000000000000000000000000000000000000000000000000000000000000000000000000000000000000000000000000000000000000000000000000000000000000000000000000000000000000000000000000000000000000000000000000000000000000
000000000000000000000000000000000000000000000000000000000000000000000000000000000000000000000000000000000000000000000000000000000000000000000000000000000000000000000000000000000000000000000000000000000000000000000000000000000000000000000000000000000000000000000000000000000000000000000000000000000000
000000000000000000000000000000000000000000000000000000000000000000000000000000000000000000000000000000000000000000000000000000000000000000000000000000000000000000000000000000000000000000000000000000000000000000000000000000000000000000000000000000000000000000000000000000000000000000000000000000000000
000000000000000000000000000000000000000000000000000000000000000000000000000000000000000000000000000000000000000000000000000000000000000000000000000000000000000000000000000000000000000000000000000000000000000000000000000000000000000000000000000000000000000000000000000000000000000000000000000000000000
000000000000000000000000000000000000000000000000000000000000000000000000000000000000000000000000000000000000000000000000000000000000000000000000000000000000000000000000000000000000000000000000000000000000000000000000000000000000000000000000000000000000000000000000000000000000000000000000000000000000
000000000000000000000000000000000000000000000000000000000000000000000000000000000000000000000000000000000000000000000000000000000000000000000000000000000000000000000000000000000000000000000000000000000000000000000000000000000000000000000000000000000000000000000000000000000000000000000000000000000000
000000000000000000000000000000000000000000000000000000000000000000000000000000000000000000000000000000000000000000000000000000000000000000000000000000000000000000000000000000000000000000000000000000000000000000000000000000000000000000000000000000000000000000000000000000000000000000000000000000000000
000000000000000000000000000000000000000000000000000000000000000000000000000000000000000000000000000000000000000000000000000000000000000000000000000000000000000000000000000000000000000000000000000000000000000000000000000000000000000000000000000000000000000000000000000000000000000000000000000000000000
000000000000000000000000000000000000000000000000000000000000000000000000000000000000000000000000000000000000000000000000000000000000000000000000000000000000000000000000000000000000000000000000000000000000000000000000000000000000000000000000000000000000000000000000000000000000000000000000000000000000
000000000000000000000000000000000000000000000000000000000000000000000000000000000000000000000000000000000000000000000000000000000000000000000000000000000000000000000000000000000000000000000000000000000000000000000000000000000000000000000000000000000000000000000000000000000000000000000000000000000000
111111111111111111111111111111111111111111111111111111111111111111111111111111111111111111111111111111111111111111111111111111111111111111111111111111111111111111111111111111111111111111111111111111111111111111111111111111111111111111111111111111111111111111111111111111111111111111111111111111111111
000000000000000000000000000000000000000000000000000000000000000000000000000000000000000000000000000000000000000000000000000000000000000000000000000000000000000000000000000000000000000000000000000000000000000000000000000000000000000000000000000000000000000000000000000000000000000000000000000000000000
000000000000000000000000000000000000000000000000000000000000000000000000000000000000000000000000000011111111111111111111111111111111111111111111111111111111111111111111111111111111111111111111111111111111111111111111111111111111111111111111111111111111111111111111111111111111111111111111111111111111
111111111111111111111111111111111111111111111111111111111111111111111111111111111111111111111111111100000000000000000000000000000000000000000000000000000000000000000000000000000000000000000000000000000000000000000000000000000000000000000000000000000000000000000000000000000000000000000000000000000000
000000000000000000000000000000000000000000000000000000000000000000000000000000000000000000000000000011111111111111111111111111111111111111111111111111111111111111111111111111111111111111111111111111111111111111111111111111111111111111111111111111111111111111111111111111111111111111111111111111111111
000000000000000000000000000000000000000000000000000000000000000000000000000000000000000000000000000000000000000000000000000000000000000000000000000000000000000000000000000000000000000000000000000000000000000000000000000000000000000000000000000000000000000000000000000000000000000000000000000000000000
111111111111111111111111111111111111111111111111111111111111111111111111111111111111111111111111111111110000001111111111111111111111111111111111111111111111111111000111111111111111000011111111111111111111111111111111111111111111111111111111111111111111111111111111111111111111111111111111111111111111
000000000000000000000000000000000000000000000000000000000000000000000000000000000000000000000000000000001111110000000000000000000000000000000000000000000000000000111000000000000000111100000000000000000000000000000000000000000000000000000000000000000000000000000000000000000000000000000000000000000000
000000000000000000000000000000000000000000000000000000000000000000000000000000000000000000000000000010000000000011111111000000000000111110000000000000111111111000000000111100000000000000111111111111111100000000011111110000011110000000000000000000001111111111000000000000000000000000000001111111111111
111111111111111111111111111111111111111111111111111111111111111111111111111111111111111111111111111101111111111100000000111111111111000001111111111111000000000111111111000011111111111111000000000000000011111111100000001111100001111111111111111111110000000000111111111111111111111111111110000000000000
000000000000000000000000000000000000000000000000000000000000000000000000000000000000000000000000000010000000000011111111000000000000111110000000000000111111111000000000111100000000000000111111111111111100000000011111110000011110000000000000000000001111111111000000000000000000000000000001111111111111
000000000000000000000000000000000000000000000000000000000000000000000000000000000000000000000000000001111111111100000000111111111111000001111111111111000000000111111111000011111111111111000000000000000011111111100000001111100001111111111111111111110000000000111111111111111111111111111110000000000000
111111111111111111111111111111111111111111111111111111111111111111111111111111111111111111111111111110000000000011111111000000000000111110000000000000111111111000000000111100000000000000111111111111111100000000011111110000011110000000000000000000001111111111000000000000000000000000000001111111111111
000000000000000000000000000000000000000000000000000000000000000000000000000000000000000000000000000001111111111100000000111111111111000001111111111111000000000111111111000011111111111111000000000000000011111111100000001111100001111111111111111111110000000000111111111111111111111111111110000000000000
111111111111111111111111111111111111111111111111111111111111111111111111111111111111111111111111111110000000000011111111000000000000111110000000000000111111111000000000111100000000000000111111111111111100000000011111110000011110000000000000000000001111111111000000000000000000000000000001111111111111
000000000000000000000000000000000000000000000000000000000000000000000000000000000000000000000000000001110000001100000000111111111111000001111111111111000000000111000111000011111111000011000000000000000011111111100000001111100001111111111111111111110000000000111111111111111111111111111110000000000000
000000000000000000000000000000000000000000000000000000000000000000000000000000000000000000000000000010001111110011111111000000000000111110000000000000111111111000111000111100000000111100111111111111111100000000011111110000011110000000000000000000001111111111000000000000000000000000000001111111111111
111111111111111111111111111111111111111111111111111111111111111111111111111111111111111111111111111101110000001100000000111111111111000001111111111111000000000111000111000011111111000011000000000000000011111111100000001111100001111111111111111111110000000000111111111111111111111111111110000000000000
000000000000000000000000000000000000000000000000000000000000000000000000000000000000000000000000000010001111110011111111000000000000111110000000000000111111111000111000111100000000111100111111111111111100000000011111110000011110000000000000000000001111111111000000000000000000000000000001111111111111
000000000000000000000000000000000000000000000000000000000000000000000000000000000000000000000000000001110000001100000000111111111111000001111111111111000000000111000111000011111111000011000000000000000011111111100000001111100001111111111111111111110000000000111111111111111111111111111110000000000000
111111111111111111111111111111111111111111111111111111111111111111111111111111111111111111111111111110001111110011111111000000000000111110000000000000111111111000111000111100000000111100111111111111111100000000011111110000011110000000000000000000001111111111000000000000000000000000000001111111111111
000000000000000000000000000000000000000000000000000000000000000000000000000000000000000000000000000001110000001100000000111111111111000001111111111111000000000111000111000011111111000011000000000000000011111111100000001111100001111111111111111111110000000000111111111111111111111111111110000000000000
000000000000000000000000000000000000000000000000000000000000000000000000000000000000000000000000000010001111110011111111000000000000111110000000000000111111111000111000111100000000111100111111111111111100000000011111110000011110000000000000000000001111111111000000000000000000000000000001111111111111
111111111111111111111111111111111111111111111111111111111111111111111111111111111111111111111111111101110000001100000000111111111111000001111111111111000000000111000111000011111111000011000000000000000011111111100000001111100001111111111111111111110000000000111111111111111111111111111110000000000000
000000000000000000000000000000000000000000000000000000000000000000000000000000000000000000000000000010001111110011111111000000000000111110000000000000111111111000111000111100000000111100111111111111111100000000011111110000011110000000000000000000001111111111000000000000000000000000000001111111111111
000000000000000000000000000000000000000000000000000000000000000000000000000000000000000000000000000000000000000001111100000000000000000000000000000000000111100000000000000000000000000000000100000000000000000000000000000000000000000000000000000000000000000000000000000000000000000000000000000000000000
111111111111111111111111111111111111111111111111111111111111111111111111111111111111111111111111111101110000001100000000111111111111000001111111111111000000000111000111000011111111000011000000000000000011111111100000001111100001111111111111111111110000000000111111111111111111111111111110000000000000
000000000000000000000000000000000000000000000000000000000000000000000000000000000000000000000000000010001111110011111111000000000000111110000000000000111111111000111000111100000000111100111111111111111100000000011111110000011110000000000000000000001111111111000000000000000000000000000001111111111111
000000000000000000000000000000000000000000000000000000000000000000000000000000000000000000000000000001110000001100000000111111111111000001111111111111000000000111000111000011111111000011000000000000000011111111100000001111100001111111111111111111110000000000111111111111111111111111111110000000000000
111111111111111111111111111111111111111111111111111111111111111111111111111111111111111111111111111110001111110011111111000000000000111110000000000000111111111000111000111100000000111100111111111111111100000000011111110000011110000000000000000000001111111111000000000000000000000000000001111111111111
000000000000000000000000000000000000000000000000000000000000000000000000000000000000000000000000000001110000001100000000111111111111000001111111111111000000000111000111000011111111000011000000000000000011111111100000001111100001111111111111111111110000000000111111111111111111111111111110000000000000
000000000000000000000000000000000000000000000000000000000000000000000000000000000000000000000000000010001111110011111111000000000000111110000000000000111111111000111000111100000000111100111111111111111100000000011111110000011110000000000000000000001111111111000000000000000000000000000001111111111111
111111111111111111111111111111111111111111111111111111111111111111111111111111111111111111111111111101110000001100000000111111111111000001111111111111000000000111000111000011111111000011000000000000000011111111100000001111100001111111111111111111110000000000111111111111111111111111111110000000000000
000000000000000000000000000000000000000000000000000000000000000000000000000000000000000000000000000010001111110011111111000000000000111110000000000000111111111000111000111100000000111100111111111111111100000000011111110000011110000000000000000000001111111111000000000000000000000000000001111111111111
000000000000000000000000000000000000000000000000000000000000000000000000000000000000000000000000000001110000001100000000111111111111000001111111111111000000000111000111000011111111000011000000000000000011111111100000001111100001111111111111111111110000000000111111111111111111111111111110000000000000
111111111111111111111111111111111111111111111111111111111111111111111111111111111111111111111111111110000000000011111111000000000000111110000000000000111111111000000000111100000000000000111111111111111100000000011111110000011110000000000000000000001111111111000000000000000000000000000001111111111111
000000000000000000000000000000000000000000000000000000000000000000000000000000000000000000000000000001111111111100000000111111111111000001111111111111000000000111111111000011111111111111000000000000000011111111100000001111100001111111111111111111110000000000111111111111111111111111111110000000000000
111111111111111111111111111111111111111111111111111111111111111111111111111111111111111111111111111110000000000011111111000000000000111110000000000000111111111000000000111100000000000000111111111111111100000000011111110000011110000000000000000000001111111111000000000000000000000000000001111111111111
000000000000000000000000000000000000000000000000000000000000000000000000000000000000000000000000000001111111111100000000111111111111000001111111111111000000000111111111000011111111111111000000000000000011111111100000001111100001111111111111111111110000000000111111111111111111111111111110000000000000
000000000000000000000000000000000000000000000000000000000000000000000000000000000000000000000000000010000000000011111111000000000000111110000000000000111111111000000000111100000000000000111111111111111100000000011111110000011110000000000000000000001111111111000000000000000000000000000001111111111111
111111111111111111111111111111111111111111111111111111111111111111111111111111111111111111111111111101111111111100000000111111111111000001111111111111000000000111111111000011111111111111000000000000000011111111100000001111100001111111111111111111110000000000111111111111111111111111111110000000000000
000000000000000000000000000000000000000000000000000000000000000000000000000000000000000000000000000010000000000011111111000000000000111110000000000000111111111000000000111100000000000000111111111111111100000000011111110000011110000000000000000000001111111111000000000000000000000000000001111111111111
000000000000000000000000000000000000000000000000000000000000000000000000000000000000000000000000000000001111110000000000000000000000000000000000000000000000000000111000000000000000111100000000000000000000000000000000000000000000000000000000000000000000000000000000000000000000000000000000000000000000
111111111111111111111111111111111111111111111111111111111111111111111111111111111111111111111111111111110000001111111111111111111111111111111111111111111111111111000111111111111111000011111111111111111111111111111111111111111111111111111111111111111111111111111111111111111111111111111111111111111111
000000000000000000000000000000000000000000000000000000000000000000000000000000000000000000000000000000000000000000000000000000000000000000000000000000000000000000000000000000000000000000000000000000000000000000000000000000000000000000000000000000000000000000000000000000000000000000000000000000000000
000000000000000000000000000000000000000000000000000000000000000000000000000000000000000000000000000011111111111111111111111111111111111111111111111111111111111111111111111111111111111111111111111111111111111111111111111111111111111111111111111111111111111111111111111111111111111111111111111111111111
111111111111111111111111111111111111111111111111111111111111111111111111111111111111111111111111111100000000000000000000000000000000000000000000000000000000000000000000000000000000000000000000000000000000000000000000000000000000000000000000000000000000000000000000000000000000000000000000000000000000
000000000000000000000000000000000000000000000000000000000000000000000000000000000000000000000000000011111111111111111111111111111111111111111111111111111111111111111111111111111111111111111111111111111111111111111111111111111111111111111111111111111111111111111111111111111111111111111111111111111111
000000000000000000000000000000000000000000000000000000000000000000000000000000000000000000000000000000000000000000000000000000000000000000000000000000000000000000000000000000000000000000000000000000000000000000000000000000000000000000000000000000000000000000000000000000000000000000000000000000000000
111111111111111111111111111111111111111111111111111111111111111111111111111111111111111111111111111111111111111111111111111111111111111111111111111111111111111111111111111111111111111111111111111111111111111111111111111111111111111111111111111111111111111111111111111111111111111111111111111111111111
000000000000000000000000000000000000000000000000000000000000000000000000000000000000000000000000000000000000000000000000000000000000000000000000000000000000000000000000000000000000000000000000000000000000000000000000000000000000000000000000000000000000000000000000000000000000000000000000000000000000
000000000000000000000000000000000000000000000000000000000000000000000000000000000000000000000000000000000000000000000000000000000000000000000000000000000000000000000000000000000000000000000000000000000000000000000000000000000000000000000000000000000000000000000000000000000000000000000000000000000000
000000000000000000000000000000000000000000000000000000000000000000000000000000000000000000000000000000000000000000000000000000000000000000000000000000000000000000000000000000000000000000000000000000000000000000000000000000000000000000000000000000000000000000000000000000000000000000000000000000000000
000000000000000000000000000000000000000000000000000000000000000000000000000000000000000000000000000000000000000000000000000000000000000000000000000000000000000000000000000000000000000000000000000000000000000000000000000000000000000000000000000000000000000000000000000000000000000000000000000000000000
000000000000000000000000000000000000000000000000000000000000000000000000000000000000000000000000000000000000000000000000000000000000000000000000000000000000000000000000000000000000000000000000000000000000000000000000000000000000000000000000000000000000000000000000000000000000000000000000000000000000
000000000000000000000000000000000000000000000000000000000000000000000000000000000000000000000000000000000000000000000000000000000000000000000000000000000000000000000000000000000000000000000000000000000000000000000000000000000000000000000000000000000000000000000000000000000000000000000000000000000000
000000000000000000000000000000000000000000000000000000000000000000000000000000000000000000000000000000000000000000000000000000000000000000000000000000000000000000000000000000000000000000000000000000000000000000000000000000000000000000000000000000000000000000000000000000000000000000000000000000000000
000000000000000000000000000000000000000000000000000000000000000000000000000000000000000000000000000000000000000000000000000000000000000000000000000000000000000000000000000000000000000000000000000000000000000000000000000000000000000000000000000000000000000000000000000000000000000000000000000000000000
000000000000000000000000000000000000000000000000000000000000000000000000000000000000000000000000000000000000000000000000000000000000000000000000000000000000000000000000000000000000000000000000000000000000000000000000000000000000000000000000000000000000000000000000000000000000000000000000000000000000
000000000000000000000000000000000000000000000000000000000000000000000000000000000000000000000000000000000000000000000000000000000000000000000000000000000000000000000000000000000000000000000000000000000000000000000000000000000000000000000000000000000000000000000000000000000000000000000000000000000000
111111111111111111111111111111111111111111111111111111111111111111111111111111111111111111111111111111111111111111111111111111111111111111111111111111111111111111111111111111111111111111111111111111111111111111111111111111111111111111111111111111111111111111111111111111111111111111111111111111111111
000000000000000000000000000000000000000000000000000000000000000000000000000000000000000000000000000000000000000000000000000000000000000000000000000000000000000000000000000000000000000000000000000000000000000000000000000000000000000000000000000000000000000000000000000000000000000000000000000000000000
000000000000000000000000000000000000000000000000000000000000000000000000000000000000000000000000000011111111111111111111111111111111111111111111111111111111111111111111111111111111111111111111111111111111111111111111111111111111111111111111111111111111111111111111111111111111111111111111111111111111
111111111111111111111111111111111111111111111111111111111111111111111111111111111111111111111111111100000000000000000000000000000000000000000000000000000000000000000000000000000000000000000000000000000000000000000000000000000000000000000000000000000000000000000000000000000000000000000000000000000000
000000000000000000000000000000000000000000000000000000000000000000000000000000000000000000000000000011111111111111111111111111111111111111111111111111111111111111111111111111111111111111111111111111111111111111111111111111111111111111111111111111111111111111111111111111111111111111111111111111111111
000000000000000000000000000000000000000000000000000000000000000000000000000000000000000000000000000000000000000000000000000000000000000000000000000000000000000000000000000000000000000000000000000000000000000000000000000000000000000000000000000000000000000000000000000000000000000000000000000000000000
111111111111111111111111111111111111111111111111111111111111111111111111111111111111111111111111111111111111111111000000111111111111111111111111111111111111111111111111111100011111111111111100001111111111111111111111111111111111111111111111111111111111111111111111111111111111111111111111111111111111
000000000000000000000000000000000000000000000000000000000000000000000000000000000000000000000000000000000000000000111111000000000000000000000000000000000000000000000000000011100000000000000011110000000000000000000000000000000000000000000000000000000000000000000000000000000000000000000000000000000000
000000000000000000000000000000000000000000000000000000000000000000000000000000000000000000000000000000001111111000000000001111111100000000000011111000000000000011111111100000000011110000000000000011110000111111110000000001111111000001111000000000000000000000111111111100000000000000000000000000000111
111111111111111111111111111111111111111111111111111111111111111111111111111111111111111111111111111111110000000111111111110000000011111111111100000111111111111100000000011111111100001111111111111100001111000000001111111110000000111110000111111111111111111111000000000011111111111111111111111111111000
000000000000000000000000000000000000000000000000000000000000000000000000000000000000000000000000000000001111111000000000001111111100000000000011111000000000000011111111100000000011110000000000000011110000111111110000000001111111000001111000000000000000000000111111111100000000000000000000000000000111
000000000000000000000000000000000000000000000000000000000000000000000000000000000000000000000000000011110000000111111111110000000011111111111100000111111111111100000000011111111100001111111111111100001111000000001111111110000000111110000111111111111111111111000000000011111111111111111111111111111000
111111111111111111111111111111111111111111111111111111111111111111111111111111111111111111111111111100001111111000000000001111111100000000000011111000000000000011111111100000000011110000000000000011110000111111110000000001111111000001111000000000000000000000111111111100000000000000000000000000000111
000000000000000000000000000000000000000000000000000000000000000000000000000000000000000000000000000011110000000111111111110000000011111111111100000111111111111100000000011111111100001111111111111100001111000000001111111110000000111110000111111111111111111111000000000011111111111111111111111111111000
111111111111111111111111111111111111111111111111111111111111111111111111111111111111111111111111111100001111111000000000001111111100000000000011111000000000000011111111100000000011110000000000000011110000111111110000000001111111000001111000000000000000000000111111111100000000000000000000000000000111
000000000000000000000000000000000000000000000000000000000000000000000000000000000000000000000000000011110000000111000000110000000011111111111100000111111111111100000000011100011100001111111100001100001111000000001111111110000000111110000111111111111111111111000000000011111111111111111111111111111000
000000000000000000000000000000000000000000000000000000000000000000000000000000000000000000000000000000001111111000111111001111111100000000000011111000000000000011111111100011100011110000000011110011110000111111110000000001111111000001111000000000000000000000111111111100000000000000000000000000000111
111111111111111111111111111111111111111111111111111111111111111111111111111111111111111111111111111111110000000111000000110000000011111111111100000111111111111100000000011100011100001111111100001100001111000000001111111110000000111110000111111111111111111111000000000011111111111111111111111111111000
000000000000000000000000000000000000000000000000000000000000000000000000000000000000000000000000000000001111111000111111001111111100000000000011111000000000000011111111100011100011110000000011110011110000111111110000000001111111000001111000000000000000000000111111111100000000000000000000000000000111
000000000000000000000000000000000000000000000000000000000000000000000000000000000000000000000000000011110000000111000000110000000011111111111100000111111111111100000000011100011100001111111100001100001111000000001111111110000000111110000111111111111111111111000000000011111111111111111111111111111000
111111111111111111111111111111111111111111111111111111111111111111111111111111111111111111111111111100001111111000111111001111111100000000000011111000000000000011111111100011100011110000000011110011110000111111110000000001111111000001111000000000000000000000111111111100000000000000000000000000000111
000000000000000000000000000000000000000000000000000000000000000000000000000000000000000000000000000011110000000111000000110000000011111111111100000111111111111100000000011100011100001111111100001100001111000000001111111110000000111110000111111111111111111111000000000011111111111111111111111111111000
000000000000000000000000000000000000000000000000000000000000000000000000000000000000000000000000000000001111111000111111001111111100000000000011111000000000000011111111100011100011110000000011110011110000111111110000000001111111000001111000000000000000000000111111111100000000000000000000000000000111
111111111111111111111111111111111111111111111111111111111111111111111111111111111111111111111111111111110000000111000000110000000011111111111100000111111111111100000000011100011100001111111100001100001111000000001111111110000000111110000111111111111111111111000000000011111111111111111111111111111000
000000000000000000000000000000000000000000000000000000000000000000000000000000000000000000000000000000001111111000111111001111111100000000000011111000000000000011111111100011100011110000000011110011110000111111110000000001111111000001111000000000000000000000111111111100000000000000000000000000000111
000000000000000000000000000000000000000000000000000000000000000000000000000000000000000000000000000000000011100000000000000111110000000000000000000000000000000000011110000000000000000000000000000000010000000000000000000000000000000000000000000000000000000000000000000000000000000000000000000000000000
111111111111111111111111111111111111111111111111111111111111111111111111111111111111111111111111111111110000000111000000110000000011111111111100000111111111111100000000011100011100001111111100001100001111000000001111111110000000111110000111111111111111111111000000000011111111111111111111111111111000
000000000000000000000000000000000000000000000000000000000000000000000000000000000000000000000000000000001111111000111111001111111100000000000011111000000000000011111111100011100011110000000011110011110000111111110000000001111111000001111000000000000000000000111111111100000000000000000000000000000111
000000000000000000000000000000000000000000000000000000000000000000000000000000000000000000000000000011110000000111000000110000000011111111111100000111111111111100000000011100011100001111111100001100001111000000001111111110000000111110000111111111111111111111000000000011111111111111111111111111111000
111111111111111111111111111111111111111111111111111111111111111111111111111111111111111111111111111100001111111000111111001111111100000000000011111000000000000011111111100011100011110000000011110011110000111111110000000001111111000001111000000000000000000000111111111100000000000000000000000000000111
000000000000000000000000000000000000000000000000000000000000000000000000000000000000000000000000000011110000000111000000110000000011111111111100000111111111111100000000011100011100001111111100001100001111000000001111111110000000111110000111111111111111111111000000000011111111111111111111111111111000
000000000000000000000000000000000000000000000000000000000000000000000000000000000000000000000000000000001111111000111111001111111100000000000011111000000000000011111111100011100011110000000011110011110000111111110000000001111111000001111000000000000000000000111111111100000000000000000000000000000111
111111111111111111111111111111111111111111111111111111111111111111111111111111111111111111111111111111110000000111000000110000000011111111111100000111111111111100000000011100011100001111111100001100001111000000001111111110000000111110000111111111111111111111000000000011111111111111111111111111111000
000000000000000000000000000000000000000000000000000000000000000000000000000000000000000000000000000000001111111000111111001111111100000000000011111000000000000011111111100011100011110000000011110011110000111111110000000001111111000001111000000000000000000000111111111100000000000000000000000000000111
000000000000000000000000000000000000000000000000000000000000000000000000000000000000000000000000000011110000000111000000110000000011111111111100000111111111111100000000011100011100001111111100001100001111000000001111111110000000111110000111111111111111111111000000000011111111111111111111111111111000
111111111111111111111111111111111111111111111111111111111111111111111111111111111111111111111111111100001111111000000000001111111100000000000011111000000000000011111111100000000011110000000000000011110000111111110000000001111111000001111000000000000000000000111111111100000000000000000000000000000111
000000000000000000000000000000000000000000000000000000000000000000000000000000000000000000000000000011110000000111111111110000000011111111111100000111111111111100000000011111111100001111111111111100001111000000001111111110000000111110000111111111111111111111000000000011111111111111111111111111111000
111111111111111111111111111111111111111111111111111111111111111111111111111111111111111111111111111100001111111000000000001111111100000000000011111000000000000011111111100000000011110000000000000011110000111111110000000001111111000001111000000000000000000000111111111100000000000000000000000000000111
000000000000000000000000000000000000000000000000000000000000000000000000000000000000000000000000000011110000000111111111110000000011111111111100000111111111111100000000011111111100001111111111111100001111000000001111111110000000111110000111111111111111111111000000000011111111111111111111111111111000
000000000000000000000000000000000000000000000000000000000000000000000000000000000000000000000000000000001111111000000000001111111100000000000011111000000000000011111111100000000011110000000000000011110000111111110000000001111111000001111000000000000000000000111111111100000000000000000000000000000111
111111111111111111111111111111111111111111111111111111111111111111111111111111111111111111111111111111110000000111111111110000000011111111111100000111111111111100000000011111111100001111111111111100001111000000001111111110000000111110000111111111111111111111000000000011111111111111111111111111111000
000000000000000000000000000000000000000000000000000000000000000000000000000000000000000000000000000000001111111000000000001111111100000000000011111000000000000011111111100000000011110000000000000011110000111111110000000001111111000001111000000000000000000000111111111100000000000000000000000000000111
000000000000000000000000000000000000000000000000000000000000000000000000000000000000000000000000000000000000000000111111000000000000000000000000000000000000000000000000000011100000000000000011110000000000000000000000000000000000000000000000000000000000000000000000000000000000000000000000000000000000
111111111111111111111111111111111111111111111111111111111111111111111111111111111111111111111111111111111111111111000000111111111111111111111111111111111111111111111111111100011111111111111100001111111111111111111111111111111111111111111111111111111111111111111111111111111111111111111111111111111111
000000000000000000000000000000000000000000000000000000000000000000000000000000000000000000000000000000000000000000000000000000000000000000000000000000000000000000000000000000000000000000000000000000000000000000000000000000000000000000000000000000000000000000000000000000000000000000000000000000000000
000000000000000000000000000000000000000000000000000000000000000000000000000000000000000000000000000011111111111111111111111111111111111111111111111111111111111111111111111111111111111111111111111111111111111111111111111111111111111111111111111111111111111111111111111111111111111111111111111111111111
111111111111111111111111111111111111111111111111111111111111111111111111111111111111111111111111111100000000000000000000000000000000000000000000000000000000000000000000000000000000000000000000000000000000000000000000000000000000000000000000000000000000000000000000000000000000000000000000000000000000
000000000000000000000000000000000000000000000000000000000000000000000000000000000000000000000000000011111111111111111111111111111111111111111111111111111111111111111111111111111111111111111111111111111111111111111111111111111111111111111111111111111111111111111111111111111111111111111111111111111111
000000000000000000000000000000000000000000000000000000000000000000000000000000000000000000000000000000000000000000000000000000000000000000000000000000000000000000000000000000000000000000000000000000000000000000000000000000000000000000000000000000000000000000000000000000000000000000000000000000000000
111111111111111111111111111111111111111111111111111111111111111111111111111111111111111111111111111111111111111111111111111111111111111111111111111111111111111111111111111111111111111111111111111111111111111111111111111111111111111111111111111111111111111111111111111111111111111111111111111111111111
000000000000000000000000000000000000000000000000000000000000000000000000000000000000000000000000000000000000000000000000000000000000000000000000000000000000000000000000000000000000000000000000000000000000000000000000000000000000000000000000000000000000000000000000000000000000000000000000000000000000
000000000000000000000000000000000000000000000000000000000000000000000000000000000000000000000000000000000000000000000000000000000000000000000000000000000000000000000000000000000000000000000000000000000000000000000000000000000000000000000000000000000000000000000000000000000000000000000000000000000000
000000000000000000000000000000000000000000000000000000000000000000000000000000000000000000000000000000000000000000000000000000000000000000000000000000000000000000000000000000000000000000000000000000000000000000000000000000000000000000000000000000000000000000000000000000000000000000000000000000000000
000000000000000000000000000000000000000000000000000000000000000000000000000000000000000000000000000000000000000000000000000000000000000000000000000000000000000000000000000000000000000000000000000000000000000000000000000000000000000000000000000000000000000000000000000000000000000000000000000000000000
000000000000000000000000000000000000000000000000000000000000000000000000000000000000000000000000000000000000000000000000000000000000000000000000000000000000000000000000000000000000000000000000000000000000000000000000000000000000000000000000000000000000000000000000000000000000000000000000000000000000
000000000000000000000000000000000000000000000000000000000000000000000000000000000000000000000000000000000000000000000000000000000000000000000000000000000000000000000000000000000000000000000000000000000000000000000000000000000000000000000000000000000000000000000000000000000000000000000000000000000000
000000000000000000000000000000000000000000000000000000000000000000000000000000000000000000000000000000000000000000000000000000000000000000000000000000000000000000000000000000000000000000000000000000000000000000000000000000000000000000000000000000000000000000000000000000000000000000000000000000000000
000000000000000000000000000000000000000000000000000000000000000000000000000000000000000000000000000000000000000000000000000000000000000000000000000000000000000000000000000000000000000000000000000000000000000000000000000000000000000000000000000000000000000000000000000000000000000000000000000000000000
000000000000000000000000000000000000000000000000000000000000000000000000000000000000000000000000000000000000000000000000000000000000000000000000000000000000000000000000000000000000000000000000000000000000000000000000000000000000000000000000000000000000000000000000000000000000000000000000000000000000
000000000000000000000000000000000000000000000000000000000000000000000000000000000000000000000000000000000000000000000000000000000000000000000000000000000000000000000000000000000000000000000000000000000000000000000000000000000000000000000000000000000000000000000000000000000000000000000000000000000000
111111111111111111111111111111111111111111111111111111111111111111111111111111111111111111111111111111111111111111111111111111111111111111111111111111111111111111111111111111111111111111111111111111111111111111111111111111111111111111111111111111111111111111111111111111111111111111111111111111111111
000000000000000000000000000000000000000000000000000000000000000000000000000000000000000000000000000000000000000000000000000000000000000000000000000000000000000000000000000000000000000000000000000000000000000000000000000000000000000000000000000000000000000000000000000000000000000000000000000000000000
000000000000000000000000000000000000000000000000000000000000000000000000000000000000000000000000000011111111111111111111111111111111111111111111111111111111111111111111111111111111111111111111111111111111111111111111111111111111111111111111111111111111111111111111111111111111111111111111111111111111
111111111111111111111111111111111111111111111111111111111111111111111111111111111111111111111111111100000000000000000000000000000000000000000000000000000000000000000000000000000000000000000000000000000000000000000000000000000000000000000000000000000000000000000000000000000000000000000000000000000000
000000000000000000000000000000000000000000000000000000000000000000000000000000000000000000000000000011111111111111111111111111111111111111111111111111111111111111111111111111111111111111111111111111111111111111111111111111111111111111111111111111111111111111111111111111111111111111111111111111111111
000000000000000000000000000000000000000000000000000000000000000000000000000000000000000000000000000000000000000000000000000000000000000000000000000000000000000000000000000000000000000000000000000000000000000000000000000000000000000000000000000000000000000000000000000000000000000000000000000000000000
111111111111111111111111111111111111111111111111111111111111111111111111111111111111111111111111111111111100011111111111111100000011111111111111111111111111111111111111111111111111110001111111111111111111111111111111111111111111111111111111111111111111111111111111111111111111111111111111111111111111
000000000000000000000000000000000000000000000000000000000000000000000000000000000000000000000000000000000011100000000000000011111100000000000000000000000000000000000000000000000000001110000000000000000000000000000000000000000000000000000000000000000000000000000000000000000000000000000000000000000000
000000000000000000000000000000000000000000000000000000000000000000000000000000000000000000000000000011100000000000111111100000000000111111110000000000001111100000000000001111111110000000001111000000001111000000000011111111000000000111111100000111100000000000000000000011111111110000000000000000000000
111111111111111111111111111111111111111111111111111111111111111111111111111111111111111111111111111100011111111111000000011111111111000000001111111111110000011111111111110000000001111111110000111111110000111111111100000000111111111000000011111000011111111111111111111100000000001111111111111111111111
000000000000000000000000000000000000000000000000000000000000000000000000000000000000000000000000000011100000000000111111100000000000111111110000000000001111100000000000001111111110000000001111000000001111000000000011111111000000000111111100000111100000000000000000000011111111110000000000000000000000
000000000000000000000000000000000000000000000000000000000000000000000000000000000000000000000000000000011111111111000000011111111111000000001111111111110000011111111111110000000001111111110000111111110000111111111100000000111111111000000011111000011111111111111111111100000000001111111111111111111111
111111111111111111111111111111111111111111111111111111111111111111111111111111111111111111111111111111100000000000111111100000000000111111110000000000001111100000000000001111111110000000001111000000001111000000000011111111000000000111111100000111100000000000000000000011111111110000000000000000000000
000000000000000000000000000000000000000000000000000000000000000000000000000000000000000000000000000000011111111111000000011111111111000000001111111111110000011111111111110000000001111111110000111111110000111111111100000000111111111000000011111000011111111111111111111100000000001111111111111111111111
111111111111111111111111111111111111111111111111111111111111111111111111111111111111111111111111111111100000000000111111100000000000111111110000000000001111100000000000001111111110000000001111000000001111000000000011111111000000000111111100000111100000000000000000000011111111110000000000000000000000
000000000000000000000000000000000000000000000000000000000000000000000000000000000000000000000000000000011100011111000000011100000011000000001111111111110000011111111111110000000001110001110000111111110000111111111100000000111111111000000011111000011111111111111111111100000000001111111111111111111111
000000000000000000000000000000000000000000000000000000000000000000000000000000000000000000000000000011100011100000111111100011111100111111110000000000001111100000000000001111111110001110001111000000001111000000000011111111000000000111111100000111100000000000000000000011111111110000000000000000000000
111111111111111111111111111111111111111111111111111111111111111111111111111111111111111111111111111100011100011111000000011100000011000000001111111111110000011111111111110000000001110001110000111111110000111111111100000000111111111000000011111000011111111111111111111100000000001111111111111111111111
000000000000000000000000000000000000000000000000000000000000000000000000000000000000000000000000000011100011100000111111100011111100111111110000000000001111100000000000001111111110001110001111000000001111000000000011111111000000000111111100000111100000000000000000000011111111110000000000000000000000
000000000000000000000000000000000000000000000000000000000000000000000000000000000000000000000000000000011100011111000000011100000011000000001111111111110000011111111111110000000001110001110000111111110000111111111100000000111111111000000011111000011111111111111111111100000000001111111111111111111111
111111111111111111111111111111111111111111111111111111111111111111111111111111111111111111111111111111100011100000111111100011111100111111110000000000001111100000000000001111111110001110001111000000001111000000000011111111000000000111111100000111100000000000000000000011111111110000000000000000000000
000000000000000000000000000000000000000000000000000000000000000000000000000000000000000000000000000000011100011111000000011100000011000000001111111111110000011111111111110000000001110001110000111111110000111111111100000000111111111000000011111000011111111111111111111100000000001111111111111111111111
000000000000000000000000000000000000000000000000000000000000000000000000000000000000000000000000000011100011100000111111100011111100111111110000000000001111100000000000001111111110001110001111000000001111000000000011111111000000000111111100000111100000000000000000000011111111110000000000000000000000
111111111111111111111111111111111111111111111111111111111111111111111111111111111111111111111111111100011100011111000000011100000011000000001111111111110000011111111111110000000001110001110000111111110000111111111100000000111111111000000011111000011111111111111111111100000000001111111111111111111111
000000000000000000000000000000000000000000000000000000000000000000000000000000000000000000000000000011100011100000111111100011111100111111110000000000001111100000000000001111111110001110001111000000001111000000000011111111000000000111111100000111100000000000000000000011111111110000000000000000000000
000000000000000000000000000000000000000000000000000000000000000000000000000000000000000000000000000011000000000000001110000000000000011111000000000000000000000000000000000001111000000000000000000000000000000000000000000000000000000000000000000000000000000000000000000000000000000000000000000000000000
111111111111111111111111111111111111111111111111111111111111111111111111111111111111111111111111111100011100011111000000011100000011000000001111111111110000011111111111110000000001110001110000111111110000111111111100000000111111111000000011111000011111111111111111111100000000001111111111111111111111
000000000000000000000000000000000000000000000000000000000000000000000000000000000000000000000000000011100011100000111111100011111100111111110000000000001111100000000000001111111110001110001111000000001111000000000011111111000000000111111100000111100000000000000000000011111111110000000000000000000000
000000000000000000000000000000000000000000000000000000000000000000000000000000000000000000000000000000011100011111000000011100000011000000001111111111110000011111111111110000000001110001110000111111110000111111111100000000111111111000000011111000011111111111111111111100000000001111111111111111111111
111111111111111111111111111111111111111111111111111111111111111111111111111111111111111111111111111111100011100000111111100011111100111111110000000000001111100000000000001111111110001110001111000000001111000000000011111111000000000111111100000111100000000000000000000011111111110000000000000000000000
000000000000000000000000000000000000000000000000000000000000000000000000000000000000000000000000000000011100011111000000011100000011000000001111111111110000011111111111110000000001110001110000111111110000111111111100000000111111111000000011111000011111111111111111111100000000001111111111111111111111
000000000000000000000000000000000000000000000000000000000000000000000000000000000000000000000000000011100011100000111111100011111100111111110000000000001111100000000000001111111110001110001111000000001111000000000011111111000000000111111100000111100000000000000000000011111111110000000000000000000000
111111111111111111111111111111111111111111111111111111111111111111111111111111111111111111111111111100011100011111000000011100000011000000001111111111110000011111111111110000000001110001110000111111110000111111111100000000111111111000000011111000011111111111111111111100000000001111111111111111111111
000000000000000000000000000000000000000000000000000000000000000000000000000000000000000000000000000011100011100000111111100011111100111111110000000000001111100000000000001111111110001110001111000000001111000000000011111111000000000111111100000111100000000000000000000011111111110000000000000000000000
000000000000000000000000000000000000000000000000000000000000000000000000000000000000000000000000000000011100011111000000011100000011000000001111111111110000011111111111110000000001110001110000111111110000111111111100000000111111111000000011111000011111111111111111111100000000001111111111111111111111
111111111111111111111111111111111111111111111111111111111111111111111111111111111111111111111111111111100000000000111111100000000000111111110000000000001111100000000000001111111110000000001111000000001111000000000011111111000000000111111100000111100000000000000000000011111111110000000000000000000000
000000000000000000000000000000000000000000000000000000000000000000000000000000000000000000000000000000011111111111000000011111111111000000001111111111110000011111111111110000000001111111110000111111110000111111111100000000111111111000000011111000011111111111111111111100000000001111111111111111111111
111111111111111111111111111111111111111111111111111111111111111111111111111111111111111111111111111111100000000000111111100000000000111111110000000000001111100000000000001111111110000000001111000000001111000000000011111111000000000111111100000111100000000000000000000011111111110000000000000000000000
000000000000000000000000000000000000000000000000000000000000000000000000000000000000000000000000000000011111111111000000011111111111000000001111111111110000011111111111110000000001111111110000111111110000111111111100000000111111111000000011111000011111111111111111111100000000001111111111111111111111
000000000000000000000000000000000000000000000000000000000000000000000000000000000000000000000000000011100000000000111111100000000000111111110000000000001111100000000000001111111110000000001111000000001111000000000011111111000000000111111100000111100000000000000000000011111111110000000000000000000000
111111111111111111111111111111111111111111111111111111111111111111111111111111111111111111111111111100011111111111000000011111111111000000001111111111110000011111111111110000000001111111110000111111110000111111111100000000111111111000000011111000011111111111111111111100000000001111111111111111111111
000000000000000000000000000000000000000000000000000000000000000000000000000000000000000000000000000011100000000000111111100000000000111111110000000000001111100000000000001111111110000000001111000000001111000000000011111111000000000111111100000111100000000000000000000011111111110000000000000000000000
000000000000000000000000000000000000000000000000000000000000000000000000000000000000000000000000000000000011100000000000000011111100000000000000000000000000000000000000000000000000001110000000000000000000000000000000000000000000000000000000000000000000000000000000000000000000000000000000000000000000
111111111111111111111111111111111111111111111111111111111111111111111111111111111111111111111111111111111100011111111111111100000011111111111111111111111111111111111111111111111111110001111111111111111111111111111111111111111111111111111111111111111111111111111111111111111111111111111111111111111111
000000000000000000000000000000000000000000000000000000000000000000000000000000000000000000000000000000000000000000000000000000000000000000000000000000000000000000000000000000000000000000000000000000000000000000000000000000000000000000000000000000000000000000000000000000000000000000000000000000000000
000000000000000000000000000000000000000000000000000000000000000000000000000000000000000000000000000011111111111111111111111111111111111111111111111111111111111111111111111111111111111111111111111111111111111111111111111111111111111111111111111111111111111111111111111111111111111111111111111111111111
111111111111111111111111111111111111111111111111111111111111111111111111111111111111111111111111111100000000000000000000000000000000000000000000000000000000000000000000000000000000000000000000000000000000000000000000000000000000000000000000000000000000000000000000000000000000000000000000000000000000
000000000000000000000000000000000000000000000000000000000000000000000000000000000000000000000000000011111111111111111111111111111111111111111111111111111111111111111111111111111111111111111111111111111111111111111111111111111111111111111111111111111111111111111111111111111111111111111111111111111111
000000000000000000000000000000000000000000000000000000000000000000000000000000000000000000000000000000000000000000000000000000000000000000000000000000000000000000000000000000000000000000000000000000000000000000000000000000000000000000000000000000000000000000000000000000000000000000000000000000000000
111111111111111111111111111111111111111111111111111111111111111111111111111111111111111111111111111111111111111111111111111111111111111111111111111111111111111111111111111111111111111111111111111111111111111111111111111111111111111111111111111111111111111111111111111111111111111111111111111111111111
000000000000000000000000000000000000000000000000000000000000000000000000000000000000000000000000000000000000000000000000000000000000000000000000000000000000000000000000000000000000000000000000000000000000000000000000000000000000000000000000000000000000000000000000000000000000000000000000000000000000
000000000000000000000000000000000000000000000000000000000000000000000000000000000000000000000000000000000000000000000000000000000000000000000000000000000000000000000000000000000000000000000000000000000000000000000000000000000000000000000000000000000000000000000000000000000000000000000000000000000000
000000000000000000000000000000000000000000000000000000000000000000000000000000000000000000000000000000000000000000000000000000000000000000000000000000000000000000000000000000000000000000000000000000000000000000000000000000000000000000000000000000000000000000000000000000000000000000000000000000000000
000000000000000000000000000000000000000000000000000000000000000000000000000000000000000000000000000000000000000000000000000000000000000000000000000000000000000000000000000000000000000000000000000000000000000000000000000000000000000000000000000000000000000000000000000000000000000000000000000000000000
000000000000000000000000000000000000000000000000000000000000000000000000000000000000000000000000000000000000000000000000000000000000000000000000000000000000000000000000000000000000000000000000000000000000000000000000000000000000000000000000000000000000000000000000000000000000000000000000000000000000
000000000000000000000000000000000000000000000000000000000000000000000000000000000000000000000000000000000000000000000000000000000000000000000000000000000000000000000000000000000000000000000000000000000000000000000000000000000000000000000000000000000000000000000000000000000000000000000000000000000000
000000000000000000000000000000000000000000000000000000000000000000000000000000000000000000000000000000000000000000000000000000000000000000000000000000000000000000000000000000000000000000000000000000000000000000000000000000000000000000000000000000000000000000000000000000000000000000000000000000000000
000000000000000000000000000000000000000000000000000000000000000000000000000000000000000000000000000000000000000000000000000000000000000000000000000000000000000000000000000000000000000000000000000000000000000000000000000000000000000000000000000000000000000000000000000000000000000000000000000000000000
000000000000000000000000000000000000000000000000000000000000000000000000000000000000000000000000000000000000000000000000000000000000000000000000000000000000000000000000000000000000000000000000000000000000000000000000000000000000000000000000000000000000000000000000000000000000000000000000000000000000
000000000000000000000000000000000000000000000000000000000000000000000000000000000000000000000000000000000000000000000000000000000000000000000000000000000000000000000000000000000000000000000000000000000000000000000000000000000000000000000000000000000000000000000000000000000000000000000000000000000000
111111111111111111111111111111111111111111111111111111111111111111111111111111111111111111111111111111111111111111111111111111111111111111111111111111111111111111111111111111111111111111111111111111111111111111111111111111111111111111111111111111111111111111111111111111111111111111111111111111111111
000000000000000000000000000000000000000000000000000000000000000000000000000000000000000000000000000000000000000000000000000000000000000000000000000000000000000000000000000000000000000000000000000000000000000000000000000000000000000000000000000000000000000000000000000000000000000000000000000000000000
000000000000000000000000000000000000000000000000000000000000000000000000000000000000000000000000000011111111111111111111111111111111111111111111111111111111111111111111111111111111111111111111111111111111111111111111111111111111111111111111111111111111111111111111111111111111111111111111111111111111
111111111111111111111111111111111111111111111111111111111111111111111111111111111111111111111111111100000000000000000000000000000000000000000000000000000000000000000000000000000000000000000000000000000000000000000000000000000000000000000000000000000000000000000000000000000000000000000000000000000000
000000000000000000000000000000000000000000000000000000000000000000000000000000000000000000000000000011111111111111111111111111111111111111111111111111111111111111111111111111111111111111111111111111111111111111111111111111111111111111111111111111111111111111111111111111111111111111111111111111111111
000000000000000000000000000000000000000000000000000000000000000000000000000000000000000000000000000000000000000000000000000000000000000000000000000000000000000000000000000000000000000000000000000000000000000000000000000000000000000000000000000000000000000000000000000000000000000000000000000000000000
111111111111111111111111111111111111111111111111111111111111111111111111111111111111111111111111111100001111111111110001111111111111110000001111111111111111111111111111111111111111111111111111000111111111111111111111111111111111111111111111111111111111111111111111111111111111111111111111111111111111
000000000000000000000000000000000000000000000000000000000000000000000000000000000000000000000000000011110000000000001110000000000000001111110000000000000000000000000000000000000000000000000000111000000000000000000000000000000000000000000000000000000000000000000000000000000000000000000000000000000000
000000000000000000000000000000000000000000000000000000000000000000000000000000000000000000000000000000000011111110000000000011111110000000000011111111000000000000111110000000000000111111111000000000110000001111111100000000001111111100000000011111110000011110000000000000000000001111111111000000000000
111111111111111111111111111111111111111111111111111111111111111111111111111111111111111111111111111111111100000001111111111100000001111111111100000000111111111111000001111111111111000000000111111111001111110000000011111111110000000011111111100000001111100001111111111111111111110000000000111111111111
000000000000000000000000000000000000000000000000000000000000000000000000000000000000000000000000000000000011111110000000000011111110000000000011111111000000000000111110000000000000111111111000000000110000001111111100000000001111111100000000011111110000011110000000000000000000001111111111000000000000
000000000000000000000000000000000000000000000000000000000000000000000000000000000000000000000000000011111100000001111111111100000001111111111100000000111111111111000001111111111111000000000111111111001111110000000011111111110000000011111111100000001111100001111111111111111111110000000000111111111111
111111111111111111111111111111111111111111111111111111111111111111111111111111111111111111111111111100000011111110000000000011111110000000000011111111000000000000111110000000000000111111111000000000110000001111111100000000001111111100000000011111110000011110000000000000000000001111111111000000000000
000000000000000000000000000000000000000000000000000000000000000000000000000000000000000000000000000011111100000001111111111100000001111111111100000000111111111111000001111111111111000000000111111111001111110000000011111111110000000011111111100000001111100001111111111111111111110000000000111111111111
111111111111111111111111111111111111111111111111111111111111111111111111111111111111111111111111111100000011111110000000000011111110000000000011111111000000000000111110000000000000111111111000000000110000001111111100000000001111111100000000011111110000011110000000000000000000001111111111000000000000
000000000000000000000000000000000000000000000000000000000000000000000000000000000000000000000000000000001100000001110001111100000001110000001100000000111111111111000001111111111111000000000111000111001111110000000011111111110000000011111111100000001111100001111111111111111111110000000000111111111111
000000000000000000000000000000000000000000000000000000000000000000000000000000000000000000000000000011110011111110001110000011111110001111110011111111000000000000111110000000000000111111111000111000110000001111111100000000001111111100000000011111110000011110000000000000000000001111111111000000000000
111111111111111111111111111111111111111111111111111111111111111111111111111111111111111111111111111100001100000001110001111100000001110000001100000000111111111111000001111111111111000000000111000111001111110000000011111111110000000011111111100000001111100001111111111111111111110000000000111111111111
000000000000000000000000000000000000000000000000000000000000000000000000000000000000000000000000000011110011111110001110000011111110001111110011111111000000000000111110000000000000111111111000111000110000001111111100000000001111111100000000011111110000011110000000000000000000001111111111000000000000
000000000000000000000000000000000000000000000000000000000000000000000000000000000000000000000000000000001100000001110001111100000001110000001100000000111111111111000001111111111111000000000111000111001111110000000011111111110000000011111111100000001111100001111111111111111111110000000000111111111111
111111111111111111111111111111111111111111111111111111111111111111111111111111111111111111111111111111110011111110001110000011111110001111110011111111000000000000111110000000000000111111111000111000110000001111111100000000001111111100000000011111110000011110000000000000000000001111111111000000000000
000000000000000000000000000000000000000000000000000000000000000000000000000000000000000000000000000000001100000001110001111100000001110000001100000000111111111111000001111111111111000000000111000111001111110000000011111111110000000011111111100000001111100001111111111111111111110000000000111111111111
000000000000000000000000000000000000000000000000000000000000000000000000000000000000000000000000000011110011111110001110000011111110001111110011111111000000000000111110000000000000111111111000111000110000001111111100000000001111111100000000011111110000011110000000000000000000001111111111000000000000
111111111111111111111111111111111111111111111111111111111111111111111111111111111111111111111111111100001100000001110001111100000001110000001100000000111111111111000001111111111111000000000111000111001111110000000011111111110000000011111111100000001111100001111111111111111111110000000000111111111111
000000000000000000000000000000000000000000000000000000000000000000000000000000000000000000000000000011110011111110001110000011111110001111110011111111000000000000111110000000000000111111111000111000110000001111111100000000001111111100000000011111110000011110000000000000000000001111111111000000000000
000000000000000000000000000000000000000000000000000000000000000000000000000000000000000000000000000000000001111100000000000000111000000000000001111100000000000000000000000000000000000111100000000000000000000000000000000000000000000000000000000000000000000000000000000000000000000000000000000000000000
111111111111111111111111111111111111111111111111111111111111111111111111111111111111111111111111111100001100000001110001111100000001110000001100000000111111111111000001111111111111000000000111000111001111110000000011111111110000000011111111100000001111100001111111111111111111110000000000111111111111
000000000000000000000000000000000000000000000000000000000000000000000000000000000000000000000000000011110011111110001110000011111110001111110011111111000000000000111110000000000000111111111000111000110000001111111100000000001111111100000000011111110000011110000000000000000000001111111111000000000000
000000000000000000000000000000000000000000000000000000000000000000000000000000000000000000000000000000001100000001110001111100000001110000001100000000111111111111000001111111111111000000000111000111001111110000000011111111110000000011111111100000001111100001111111111111111111110000000000111111111111
111111111111111111111111111111111111111111111111111111111111111111111111111111111111111111111111111111110011111110001110000011111110001111110011111111000000000000111110000000000000111111111000111000110000001111111100000000001111111100000000011111110000011110000000000000000000001111111111000000000000
000000000000000000000000000000000000000000000000000000000000000000000000000000000000000000000000000000001100000001110001111100000001110000001100000000111111111111000001111111111111000000000111000111001111110000000011111111110000000011111111100000001111100001111111111111111111110000000000111111111111
000000000000000000000000000000000000000000000000000000000000000000000000000000000000000000000000000011110011111110001110000011111110001111110011111111000000000000111110000000000000111111111000111000110000001111111100000000001111111100000000011111110000011110000000000000000000001111111111000000000000
111111111111111111111111111111111111111111111111111111111111111111111111111111111111111111111111111100001100000001110001111100000001110000001100000000111111111111000001111111111111000000000111000111001111110000000011111111110000000011111111100000001111100001111111111111111111110000000000111111111111
000000000000000000000000000000000000000000000000000000000000000000000000000000000000000000000000000011110011111110001110000011111110001111110011111111000000000000111110000000000000111111111000111000110000001111111100000000001111111100000000011111110000011110000000000000000000001111111111000000000000
000000000000000000000000000000000000000000000000000000000000000000000000000000000000000000000000000000001100000001110001111100000001110000001100000000111111111111000001111111111111000000000111000111001111110000000011111111110000000011111111100000001111100001111111111111111111110000000000111111111111
111111111111111111111111111111111111111111111111111111111111111111111111111111111111111111111111111100000011111110000000000011111110000000000011111111000000000000111110000000000000111111111000000000110000001111111100000000001111111100000000011111110000011110000000000000000000001111111111000000000000
000000000000000000000000000000000000000000000000000000000000000000000000000000000000000000000000000011111100000001111111111100000001111111111100000000111111111111000001111111111111000000000111111111001111110000000011111111110000000011111111100000001111100001111111111111111111110000000000111111111111
111111111111111111111111111111111111111111111111111111111111111111111111111111111111111111111111111100000011111110000000000011111110000000000011111111000000000000111110000000000000111111111000000000110000001111111100000000001111111100000000011111110000011110000000000000000000001111111111000000000000
000000000000000000000000000000000000000000000000000000000000000000000000000000000000000000000000000011111100000001111111111100000001111111111100000000111111111111000001111111111111000000000111111111001111110000000011111111110000000011111111100000001111100001111111111111111111110000000000111111111111
000000000000000000000000000000000000000000000000000000000000000000000000000000000000000000000000000000000011111110000000000011111110000000000011111111000000000000111110000000000000111111111000000000110000001111111100000000001111111100000000011111110000011110000000000000000000001111111111000000000000
111111111111111111111111111111111111111111111111111111111111111111111111111111111111111111111111111111111100000001111111111100000001111111111100000000111111111111000001111111111111000000000111111111001111110000000011111111110000000011111111100000001111100001111111111111111111110000000000111111111111
000000000000000000000000000000000000000000000000000000000000000000000000000000000000000000000000000000000011111110000000000011111110000000000011111111000000000000111110000000000000111111111000000000110000001111111100000000001111111100000000011111110000011110000000000000000000001111111111000000000000
000000000000000000000000000000000000000000000000000000000000000000000000000000000000000000000000000011110000000000001110000000000000001111110000000000000000000000000000000000000000000000000000111000000000000000000000000000000000000000000000000000000000000000000000000000000000000000000000000000000000
111111111111111111111111111111111111111111111111111111111111111111111111111111111111111111111111111100001111111111110001111111111111110000001111111111111111111111111111111111111111111111111111000111111111111111111111111111111111111111111111111111111111111111111111111111111111111111111111111111111111
000000000000000000000000000000000000000000000000000000000000000000000000000000000000000000000000000000000000000000000000000000000000000000000000000000000000000000000000000000000000000000000000000000000000000000000000000000000000000000000000000000000000000000000000000000000000000000000000000000000000
000000000000000000000000000000000000000000000000000000000000000000000000000000000000000000000000000011111111111111111111111111111111111111111111111111111111111111111111111111111111111111111111111111111111111111111111111111111111111111111111111111111111111111111111111111111111111111111111111111111111
111111111111111111111111111111111111111111111111111111111111111111111111111111111111111111111111111100000000000000000000000000000000000000000000000000000000000000000000000000000000000000000000000000000000000000000000000000000000000000000000000000000000000000000000000000000000000000000000000000000000
000000000000000000000000000000000000000000000000000000000000000000000000000000000000000000000000000011111111111111111111111111111111111111111111111111111111111111111111111111111111111111111111111111111111111111111111111111111111111111111111111111111111111111111111111111111111111111111111111111111111
000000000000000000000000000000000000000000000000000000000000000000000000000000000000000000000000000000000000000000000000000000000000000000000000000000000000000000000000000000000000000000000000000000000000000000000000000000000000000000000000000000000000000000000000000000000000000000000000000000000000
111111111111111111111111111111111111111111111111111111111111111111111111111111111111111111111111111111111111111111111111111111111111111111111111111111111111111111111111111111111111111111111111111111111111111111111111111111111111111111111111111111111111111111111111111111111111111111111111111111111111
000000000000000000000000000000000000000000000000000000000000000000000000000000000000000000000000000000000000000000000000000000000000000000000000000000000000000000000000000000000000000000000000000000000000000000000000000000000000000000000000000000000000000000000000000000000000000000000000000000000000
000000000000000000000000000000000000000000000000000000000000000000000000000000000000000000000000000000000000000000000000000000000000000000000000000000000000000000000000000000000000000000000000000000000000000000000000000000000000000000000000000000000000000000000000000000000000000000000000000000000000
000000000000000000000000000000000000000000000000000000000000000000000000000000000000000000000000000000000000000000000000000000000000000000000000000000000000000000000000000000000000000000000000000000000000000000000000000000000000000000000000000000000000000000000000000000000000000000000000000000000000
000000000000000000000000000000000000000000000000000000000000000000000000000000000000000000000000000000000000000000000000000000000000000000000000000000000000000000000000000000000000000000000000000000000000000000000000000000000000000000000000000000000000000000000000000000000000000000000000000000000000
000000000000000000000000000000000000000000000000000000000000000000000000000000000000000000000000000000000000000000000000000000000000000000000000000000000000000000000000000000000000000000000000000000000000000000000000000000000000000000000000000000000000000000000000000000000000000000000000000000000000
000000000000000000000000000000000000000000000000000000000000000000000000000000000000000000000000000000000000000000000000000000000000000000000000000000000000000000000000000000000000000000000000000000000000000000000000000000000000000000000000000000000000000000000000000000000000000000000000000000000000
000000000000000000000000000000000000000000000000000000000000000000000000000000000000000000000000000000000000000000000000000000000000000000000000000000000000000000000000000000000000000000000000000000000000000000000000000000000000000000000000000000000000000000000000000000000000000000000000000000000000
000000000000000000000000000000000000000000000000000000000000000000000000000000000000000000000000000000000000000000000000000000000000000000000000000000000000000000000000000000000000000000000000000000000000000000000000000000000000000000000000000000000000000000000000000000000000000000000000000000000000
000000000000000000000000000000000000000000000000000000000000000000000000000000000000000000000000000000000000000000000000000000000000000000000000000000000000000000000000000000000000000000000000000000000000000000000000000000000000000000000000000000000000000000000000000000000000000000000000000000000000
000000000000000000000000000000000000000000000000000000000000000000000000000000000000000000000000000000000000000000000000000000000000000000000000000000000000000000000000000000000000000000000000000000000000000000000000000000000000000000000000000000000000000000000000000000000000000000000000000000000000
111111111111111111111111111111111111111111111111111111111111111111111111111111111111111111111111111111111111111111111111111111111111111111111111111111111111111111111111111111111111111111111111111111111111111111111111111111111111111111111111111111111111111111111111111111111111111111111111111111111111
000000000000000000000000000000000000000000000000000000000000000000000000000000000000000000000000000000000000000000000000000000000000000000000000000000000000000000000000000000000000000000000000000000000000000000000000000000000000000000000000000000000000000000000000000000000000000000000000000000000000
000000000000000000000000000000000000000000000000000000000000000000000000000000000000000000000000000011111111111111111111111111111111111111111111111111111111111111111111111111111111111111111111111111111111111111111111111111111111111111111111111111111111111111111111111111111111111111111111111111111111
111111111111111111111111111111111111111111111111111111111111111111111111111111111111111111111111111100000000000000000000000000000000000000000000000000000000000000000000000000000000000000000000000000000000000000000000000000000000000000000000000000000000000000000000000000000000000000000000000000000000
000000000000000000000000000000000000000000000000000000000000000000000000000000000000000000000000000011111111111111111111111111111111111111111111111111111111111111111111111111111111111111111111111111111111111111111111111111111111111111111111111111111111111111111111111111111111111111111111111111111111
000000000000000000000000000000000000000000000000000000000000000000000000000000000000000000000000000000000000000000000000000000000000000000000000000000000000000000000000000000000000000000000000000000000000000000000000000000000000000000000000000000000000000000000000000000000000000000000000000000000000
111111111111111111111111111111111111111111111111111111111111111111111111111111111111111111111111111111111000000000111111111111000111111111111111000000111111111111111111111111111111111111111111111111111111111111111111111111111111111111111111111111111111111111111111111111111111111111111111111111111111
000000000000000000000000000000000000000000000000000000000000000000000000000000000000000000000000000000000111111111000000000000111000000000000000111111000000000000000000000000000000000000000000000000000000000000000000000000000000000000000000000000000000000000000000000000000000000000000000000000000000
000000000000000000000000000000000000000000000000000000000000000000000000000000000000000000000000000011100000000000001111111000000000001111111000000000001111111100000000000011111000000000000011111111101110000000000000111111110000000000111111110000000001111111000001111000000000000000000000111111111100
111111111111111111111111111111111111111111111111111111111111111111111111111111111111111111111111111100011111111111110000000111111111110000000111111111110000000011111111111100000111111111111100000000010001111111111111000000001111111111000000001111111110000000111110000111111111111111111111000000000011
000000000000000000000000000000000000000000000000000000000000000000000000000000000000000000000000000011100000000000001111111000000000001111111000000000001111111100000000000011111000000000000011111111101110000000000000111111110000000000111111110000000001111111000001111000000000000000000000111111111100
000000000000000000000000000000000000000000000000000000000000000000000000000000000000000000000000000000011111111111110000000111111111110000000111111111110000000011111111111100000111111111111100000000010001111111111111000000001111111111000000001111111110000000111110000111111111111111111111000000000011
111111111111111111111111111111111111111111111111111111111111111111111111111111111111111111111111111111100000000000001111111000000000001111111000000000001111111100000000000011111000000000000011111111101110000000000000111111110000000000111111110000000001111111000001111000000000000000000000111111111100
000000000000000000000000000000000000000000000000000000000000000000000000000000000000000000000000000000011111111111110000000111111111110000000111111111110000000011111111111100000111111111111100000000010001111111111111000000001111111111000000001111111110000000111110000111111111111111111111000000000011
111111111111111111111111111111111111111111111111111111111111111111111111111111111111111111111111111111100000000000001111111000000000001111111000000000001111111100000000000011111000000000000011111111101110000000000000111111110000000000111111110000000001111111000001111000000000000000000000111111111100
000000000000000000000000000000000000000000000000000000000000000000000000000000000000000000000000000000011000000000110000000111000111110000000111000000110000000011111111111100000111111111111100000000010001111111111111000000001111111111000000001111111110000000111110000111111111111111111111000000000011
000000000000000000000000000000000000000000000000000000000000000000000000000000000000000000000000000011100111111111001111111000111000001111111000111111001111111100000000000011111000000000000011111111101110000000000000111111110000000000111111110000000001111111000001111000000000000000000000111111111100
111111111111111111111111111111111111111111111111111111111111111111111111111111111111111111111111111100011000000000110000000111000111110000000111000000110000000011111111111100000111111111111100000000010001111111111111000000001111111111000000001111111110000000111110000111111111111111111111000000000011
000000000000000000000000000000000000000000000000000000000000000000000000000000000000000000000000000011100111111111001111111000111000001111111000111111001111111100000000000011111000000000000011111111101110000000000000111111110000000000111111110000000001111111000001111000000000000000000000111111111100
000000000000000000000000000000000000000000000000000000000000000000000000000000000000000000000000000000011000000000110000000111000111110000000111000000110000000011111111111100000111111111111100000000010001111111111111000000001111111111000000001111111110000000111110000111111111111111111111000000000011
111111111111111111111111111111111111111111111111111111111111111111111111111111111111111111111111111111100111111111001111111000111000001111111000111111001111111100000000000011111000000000000011111111101110000000000000111111110000000000111111110000000001111111000001111000000000000000000000111111111100
000000000000000000000000000000000000000000000000000000000000000000000000000000000000000000000000000000011000000000110000000111000111110000000111000000110000000011111111111100000111111111111100000000010001111111111111000000001111111111000000001111111110000000111110000111111111111111111111000000000011
000000000000000000000000000000000000000000000000000000000000000000000000000000000000000000000000000011100111111111001111111000111000001111111000111111001111111100000000000011111000000000000011111111101110000000000000111111110000000000111111110000000001111111000001111000000000000000000000111111111100
111111111111111111111111111111111111111111111111111111111111111111111111111111111111111111111111111100011000000000110000000111000111110000000111000000110000000011111111111100000111111111111100000000010001111111111111000000001111111111000000001111111110000000111110000111111111111111111111000000000011
000000000000000000000000000000000000000000000000000000000000000000000000000000000000000000000000000011100111111111001111111000111000001111111000111111001111111100000000000011111000000000000011111111101110000000000000111111110000000000111111110000000001111111000001111000000000000000000000111111111100
000000000000000000000000000000000000000000000000000000000000000000000000000000000000000000000000000010000000000000000111110000000000000011100000000000000111110000000000000000000000000000000000011110000000000000000000000000000000000000000000000000000000000000000000000000000000000000000000000000000000
111111111111111111111111111111111111111111111111111111111111111111111111111111111111111111111111111100011000000000110000000111000111110000000111000000110000000011111111111100000111111111111100000000010001111111111111000000001111111111000000001111111110000000111110000111111111111111111111000000000011
000000000000000000000000000000000000000000000000000000000000000000000000000000000000000000000000000011100111111111001111111000111000001111111000111111001111111100000000000011111000000000000011111111101110000000000000111111110000000000111111110000000001111111000001111000000000000000000000111111111100
000000000000000000000000000000000000000000000000000000000000000000000000000000000000000000000000000000011000000000110000000111000111110000000111000000110000000011111111111100000111111111111100000000010001111111111111000000001111111111000000001111111110000000111110000111111111111111111111000000000011
111111111111111111111111111111111111111111111111111111111111111111111111111111111111111111111111111111100111111111001111111000111000001111111000111111001111111100000000000011111000000000000011111111101110000000000000111111110000000000111111110000000001111111000001111000000000000000000000111111111100
000000000000000000000000000000000000000000000000000000000000000000000000000000000000000000000000000000011000000000110000000111000111110000000111000000110000000011111111111100000111111111111100000000010001111111111111000000001111111111000000001111111110000000111110000111111111111111111111000000000011
000000000000000000000000000000000000000000000000000000000000000000000000000000000000000000000000000011100111111111001111111000111000001111111000111111001111111100000000000011111000000000000011111111101110000000000000111111110000000000111111110000000001111111000001111000000000000000000000111111111100
111111111111111111111111111111111111111111111111111111111111111111111111111111111111111111111111111100011000000000110000000111000111110000000111000000110000000011111111111100000111111111111100000000010001111111111111000000001111111111000000001111111110000000111110000111111111111111111111000000000011
000000000000000000000000000000000000000000000000000000000000000000000000000000000000000000000000000011100111111111001111111000111000001111111000111111001111111100000000000011111000000000000011111111101110000000000000111111110000000000111111110000000001111111000001111000000000000000000000111111111100
000000000000000000000000000000000000000000000000000000000000000000000000000000000000000000000000000000011000000000110000000111000111110000000111000000110000000011111111111100000111111111111100000000010001111111111111000000001111111111000000001111111110000000111110000111111111111111111111000000000011
111111111111111111111111111111111111111111111111111111111111111111111111111111111111111111111111111111100000000000001111111000000000001111111000000000001111111100000000000011111000000000000011111111101110000000000000111111110000000000111111110000000001111111000001111000000000000000000000111111111100
000000000000000000000000000000000000000000000000000000000000000000000000000000000000000000000000000000011111111111110000000111111111110000000111111111110000000011111111111100000111111111111100000000010001111111111111000000001111111111000000001111111110000000111110000111111111111111111111000000000011
111111111111111111111111111111111111111111111111111111111111111111111111111111111111111111111111111111100000000000001111111000000000001111111000000000001111111100000000000011111000000000000011111111101110000000000000111111110000000000111111110000000001111111000001111000000000000000000000111111111100
000000000000000000000000000000000000000000000000000000000000000000000000000000000000000000000000000000011111111111110000000111111111110000000111111111110000000011111111111100000111111111111100000000010001111111111111000000001111111111000000001111111110000000111110000111111111111111111111000000000011
000000000000000000000000000000000000000000000000000000000000000000000000000000000000000000000000000011100000000000001111111000000000001111111000000000001111111100000000000011111000000000000011111111101110000000000000111111110000000000111111110000000001111111000001111000000000000000000000111111111100
111111111111111111111111111111111111111111111111111111111111111111111111111111111111111111111111111100011111111111110000000111111111110000000111111111110000000011111111111100000111111111111100000000010001111111111111000000001111111111000000001111111110000000111110000111111111111111111111000000000011
000000000000000000000000000000000000000000000000000000000000000000000000000000000000000000000000000011100000000000001111111000000000001111111000000000001111111100000000000011111000000000000011111111101110000000000000111111110000000000111111110000000001111111000001111000000000000000000000111111111100
000000000000000000000000000000000000000000000000000000000000000000000000000000000000000000000000000000000111111111000000000000111000000000000000111111000000000000000000000000000000000000000000000000000000000000000000000000000000000000000000000000000000000000000000000000000000000000000000000000000000
111111111111111111111111111111111111111111111111111111111111111111111111111111111111111111111111111111111000000000111111111111000111111111111111000000111111111111111111111111111111111111111111111111111111111111111111111111111111111111111111111111111111111111111111111111111111111111111111111111111111
000000000000000000000000000000000000000000000000000000000000000000000000000000000000000000000000000000000000000000000000000000000000000000000000000000000000000000000000000000000000000000000000000000000000000000000000000000000000000000000000000000000000000000000000000000000000000000000000000000000000
000000000000000000000000000000000000000000000000000000000000000000000000000000000000000000000000000011111111111111111111111111111111111111111111111111111111111111111111111111111111111111111111111111111111111111111111111111111111111111111111111111111111111111111111111111111111111111111111111111111111
111111111111111111111111111111111111111111111111111111111111111111111111111111111111111111111111111100000000000000000000000000000000000000000000000000000000000000000000000000000000000000000000000000000000000000000000000000000000000000000000000000000000000000000000000000000000000000000000000000000000
000000000000000000000000000000000000000000000000000000000000000000000000000000000000000000000000000011111111111111111111111111111111111111111111111111111111111111111111111111111111111111111111111111111111111111111111111111111111111111111111111111111111111111111111111111111111111111111111111111111111
000000000000000000000000000000000000000000000000000000000000000000000000000000000000000000000000000000000000000000000000000000000000000000000000000000000000000000000000000000000000000000000000000000000000000000000000000000000000000000000000000000000000000000000000000000000000000000000000000000000000
111111111111111111111111111111111111111111111111111111111111111111111111111111111111111111111111111111111111111111111111111111111111111111111111111111111111111111111111111111111111111111111111111111111111111111111111111111111111111111111111111111111111111111111111111111111111111111111111111111111111
000000000000000000000000000000000000000000000000000000000000000000000000000000000000000000000000000000000000000000000000000000000000000000000000000000000000000000000000000000000000000000000000000000000000000000000000000000000000000000000000000000000000000000000000000000000000000000000000000000000000
000000000000000000000000000000000000000000000000000000000000000000000000000000000000000000000000000000000000000000000000000000000000000000000000000000000000000000000000000000000000000000000000000000000000000000000000000000000000000000000000000000000000000000000000000000000000000000000000000000000000
000000000000000000000000000000000000000000000000000000000000000000000000000000000000000000000000000000000000000000000000000000000000000000000000000000000000000000000000000000000000000000000000000000000000000000000000000000000000000000000000000000000000000000000000000000000000000000000000000000000000
000000000000000000000000000000000000000000000000000000000000000000000000000000000000000000000000000000000000000000000000000000000000000000000000000000000000000000000000000000000000000000000000000000000000000000000000000000000000000000000000000000000000000000000000000000000000000000000000000000000000
000000000000000000000000000000000000000000000000000000000000000000000000000000000000000000000000000000000000000000000000000000000000000000000000000000000000000000000000000000000000000000000000000000000000000000000000000000000000000000000000000000000000000000000000000000000000000000000000000000000000
000000000000000000000000000000000000000000000000000000000000000000000000000000000000000000000000000000000000000000000000000000000000000000000000000000000000000000000000000000000000000000000000000000000000000000000000000000000000000000000000000000000000000000000000000000000000000000000000000000000000
000000000000000000000000000000000000000000000000000000000000000000000000000000000000000000000000000000000000000000000000000000000000000000000000000000000000000000000000000000000000000000000000000000000000000000000000000000000000000000000000000000000000000000000000000000000000000000000000000000000000
000000000000000000000000000000000000000000000000000000000000000000000000000000000000000000000000000000000000000000000000000000000000000000000000000000000000000000000000000000000000000000000000000000000000000000000000000000000000000000000000000000000000000000000000000000000000000000000000000000000000
000000000000000000000000000000000000000000000000000000000000000000000000000000000000000000000000000000000000000000000000000000000000000000000000000000000000000000000000000000000000000000000000000000000000000000000000000000000000000000000000000000000000000000000000000000000000000000000000000000000000
000000000000000000000000000000000000000000000000000000000000000000000000000000000000000000000000000000000000000000000000000000000000000000000000000000000000000000000000000000000000000000000000000000000000000000000000000000000000000000000000000000000000000000000000000000000000000000000000000000000000
111111111111111111111111111111111111111111111111111111111111111111111111111111111111111111111111111111111111111111111111111111111111111111111111111111111111111111111111111111111111111111111111111111111111111111111111111111111111111111111111111111111111111111111111111111111111111111111111111111111111
000000000000000000000000000000000000000000000000000000000000000000000000000000000000000000000000000000000000000000000000000000000000000000000000000000000000000000000000000000000000000000000000000000000000000000000000000000000000000000000000000000000000000000000000000000000000000000000000000000000000
000000000000000000000000000000000000000000000000000000000000000000000000000000000000000000000000000011111111111111111111111111111111111111111111111111111111111111111111111111111111111111111111111111111111111111111111111111111111111111111111111111111111111111111111111111111111111111111111111111111111
111111111111111111111111111111111111111111111111111111111111111111111111111111111111111111111111111100000000000000000000000000000000000000000000000000000000000000000000000000000000000000000000000000000000000000000000000000000000000000000000000000000000000000000000000000000000000000000000000000000000
000000000000000000000000000000000000000000000000000000000000000000000000000000000000000000000000000011111111111111111111111111111111111111111111111111111111111111111111111111111111111111111111111111111111111111111111111111111111111111111111111111111111111111111111111111111111111111111111111111111111
000000000000000000000000000000000000000000000000000000000000000000000000000000000000000000000000000000000000000000000000000000000000000000000000000000000000000000000000000000000000000000000000000000000000000000000000000000000000000000000000000000000000000000000000000000000000000000000000000000000000
111111111111111111111111111111111111111111111111111111111111111111111111111111111111111111111111111111111111111111100000000011111111111100011111111111111100000011111111111111111111111111111111111111111111111111111111111111111111111111111111111111111111111111111111111111111111111111111111111111111111
000000000000000000000000000000000000000000000000000000000000000000000000000000000000000000000000000000000000000000011111111100000000000011100000000000000011111100000000000000000000000000000000000000000000000000000000000000000000000000000000000000000000000000000000000000000000000000000000000000000000
000000000000000000000000000000000000000000000000000000000000000000000000000000000000000000000000000000000011111110000000000000111111100000000000111111100000000000111111110000000000001111100000000000000000011111111000000000000011111111000000000011111111000000000111111100000111100000000000000000000011
111111111111111111111111111111111111111111111111111111111111111111111111111111111111111111111111111111111100000001111111111111000000011111111111000000011111111111000000001111111111110000011111111111111111100000000111111111111100000000111111111100000000111111111000000011111000011111111111111111111100
000000000000000000000000000000000000000000000000000000000000000000000000000000000000000000000000000000000011111110000000000000111111100000000000111111100000000000111111110000000000001111100000000000000000011111111000000000000011111111000000000011111111000000000111111100000111100000000000000000000011
000000000000000000000000000000000000000000000000000000000000000000000000000000000000000000000000000011111100000001111111111111000000011111111111000000011111111111000000001111111111110000011111111111111111100000000111111111111100000000111111111100000000111111111000000011111000011111111111111111111100
111111111111111111111111111111111111111111111111111111111111111111111111111111111111111111111111111100000011111110000000000000111111100000000000111111100000000000111111110000000000001111100000000000000000011111111000000000000011111111000000000011111111000000000111111100000111100000000000000000000011
000000000000000000000000000000000000000000000000000000000000000000000000000000000000000000000000000011111100000001111111111111000000011111111111000000011111111111000000001111111111110000011111111111111111100000000111111111111100000000111111111100000000111111111000000011111000011111111111111111111100
111111111111111111111111111111111111111111111111111111111111111111111111111111111111111111111111111100000011111110000000000000111111100000000000111111100000000000111111110000000000001111100000000000000000011111111000000000000011111111000000000011111111000000000111111100000111100000000000000000000011
000000000000000000000000000000000000000000000000000000000000000000000000000000000000000000000000000011111100000001100000000011000000011100011111000000011100000011000000001111111111110000011111111111111111100000000111111111111100000000111111111100000000111111111000000011111000011111111111111111111100
000000000000000000000000000000000000000000000000000000000000000000000000000000000000000000000000000000000011111110011111111100111111100011100000111111100011111100111111110000000000001111100000000000000000011111111000000000000011111111000000000011111111000000000111111100000111100000000000000000000011
111111111111111111111111111111111111111111111111111111111111111111111111111111111111111111111111111111111100000001100000000011000000011100011111000000011100000011000000001111111111110000011111111111111111100000000111111111111100000000111111111100000000111111111000000011111000011111111111111111111100
000000000000000000000000000000000000000000000000000000000000000000000000000000000000000000000000000000000011111110011111111100111111100011100000111111100011111100111111110000000000001111100000000000000000011111111000000000000011111111000000000011111111000000000111111100000111100000000000000000000011
000000000000000000000000000000000000000000000000000000000000000000000000000000000000000000000000000011111100000001100000000011000000011100011111000000011100000011000000001111111111110000011111111111111111100000000111111111111100000000111111111100000000111111111000000011111000011111111111111111111100
111111111111111111111111111111111111111111111111111111111111111111111111111111111111111111111111111100000011111110011111111100111111100011100000111111100011111100111111110000000000001111100000000000000000011111111000000000000011111111000000000011111111000000000111111100000111100000000000000000000011
000000000000000000000000000000000000000000000000000000000000000000000000000000000000000000000000000011111100000001100000000011000000011100011111000000011100000011000000001111111111110000011111111111111111100000000111111111111100000000111111111100000000111111111000000011111000011111111111111111111100
000000000000000000000000000000000000000000000000000000000000000000000000000000000000000000000000000000000011111110011111111100111111100011100000111111100011111100111111110000000000001111100000000000000000011111111000000000000011111111000000000011111111000000000111111100000111100000000000000000000011
111111111111111111111111111111111111111111111111111111111111111111111111111111111111111111111111111111111100000001100000000011000000011100011111000000011100000011000000001111111111110000011111111111111111100000000111111111111100000000111111111100000000111111111000000011111000011111111111111111111100
000000000000000000000000000000000000000000000000000000000000000000000000000000000000000000000000000000000011111110011111111100111111100011100000111111100011111100111111110000000000001111100000000000000000011111111000000000000011111111000000000011111111000000000111111100000111100000000000000000000011
000000000000000000000000000000000000000000000000000000000000000000000000000000000000000000000000000000000000111000000000000000011111000000000000001110000000000000011111000000000000000000000000000000000000000000000000000000000000000000000000000000000000000000000000000000000000000000000000000000000000
111111111111111111111111111111111111111111111111111111111111111111111111111111111111111111111111111111111100000001100000000011000000011100011111000000011100000011000000001111111111110000011111111111111111100000000111111111111100000000111111111100000000111111111000000011111000011111111111111111111100
000000000000000000000000000000000000000000000000000000000000000000000000000000000000000000000000000000000011111110011111111100111111100011100000111111100011111100111111110000000000001111100000000000000000011111111000000000000011111111000000000011111111000000000111111100000111100000000000000000000011
000000000000000000000000000000000000000000000000000000000000000000000000000000000000000000000000000011111100000001100000000011000000011100011111000000011100000011000000001111111111110000011111111111111111100000000111111111111100000000111111111100000000111111111000000011111000011111111111111111111100
111111111111111111111111111111111111111111111111111111111111111111111111111111111111111111111111111100000011111110011111111100111111100011100000111111100011111100111111110000000000001111100000000000000000011111111000000000000011111111000000000011111111000000000111111100000111100000000000000000000011
000000000000000000000000000000000000000000000000000000000000000000000000000000000000000000000000000011111100000001100000000011000000011100011111000000011100000011000000001111111111110000011111111111111111100000000111111111111100000000111111111100000000111111111000000011111000011111111111111111111100
000000000000000000000000000000000000000000000000000000000000000000000000000000000000000000000000000000000011111110011111111100111111100011100000111111100011111100111111110000000000001111100000000000000000011111111000000000000011111111000000000011111111000000000111111100000111100000000000000000000011
111111111111111111111111111111111111111111111111111111111111111111111111111111111111111111111111111111111100000001100000000011000000011100011111000000011100000011000000001111111111110000011111111111111111100000000111111111111100000000111111111100000000111111111000000011111000011111111111111111111100
000000000000000000000000000000000000000000000000000000000000000000000000000000000000000000000000000000000011111110011111111100111111100011100000111111100011111100111111110000000000001111100000000000000000011111111000000000000011111111000000000011111111000000000111111100000111100000000000000000000011
000000000000000000000000000000000000000000000000000000000000000000000000000000000000000000000000000011111100000001100000000011000000011100011111000000011100000011000000001111111111110000011111111111111111100000000111111111111100000000111111111100000000111111111000000011111000011111111111111111111100
111111111111111111111111111111111111111111111111111111111111111111111111111111111111111111111111111100000011111110000000000000111111100000000000111111100000000000111111110000000000001111100000000000000000011111111000000000000011111111000000000011111111000000000111111100000111100000000000000000000011
000000000000000000000000000000000000000000000000000000000000000000000000000000000000000000000000000011111100000001111111111111000000011111111111000000011111111111000000001111111111110000011111111111111111100000000111111111111100000000111111111100000000111111111000000011111000011111111111111111111100
111111111111111111111111111111111111111111111111111111111111111111111111111111111111111111111111111100000011111110000000000000111111100000000000111111100000000000111111110000000000001111100000000000000000011111111000000000000011111111000000000011111111000000000111111100000111100000000000000000000011
000000000000000000000000000000000000000000000000000000000000000000000000000000000000000000000000000011111100000001111111111111000000011111111111000000011111111111000000001111111111110000011111111111111111100000000111111111111100000000111111111100000000111111111000000011111000011111111111111111111100
000000000000000000000000000000000000000000000000000000000000000000000000000000000000000000000000000000000011111110000000000000111111100000000000111111100000000000111111110000000000001111100000000000000000011111111000000000000011111111000000000011111111000000000111111100000111100000000000000000000011
111111111111111111111111111111111111111111111111111111111111111111111111111111111111111111111111111111111100000001111111111111000000011111111111000000011111111111000000001111111111110000011111111111111111100000000111111111111100000000111111111100000000111111111000000011111000011111111111111111111100
000000000000000000000000000000000000000000000000000000000000000000000000000000000000000000000000000000000011111110000000000000111111100000000000111111100000000000111111110000000000001111100000000000000000011111111000000000000011111111000000000011111111000000000111111100000111100000000000000000000011
000000000000000000000000000000000000000000000000000000000000000000000000000000000000000000000000000000000000000000011111111100000000000011100000000000000011111100000000000000000000000000000000000000000000000000000000000000000000000000000000000000000000000000000000000000000000000000000000000000000000
111111111111111111111111111111111111111111111111111111111111111111111111111111111111111111111111111111111111111111100000000011111111111100011111111111111100000011111111111111111111111111111111111111111111111111111111111111111111111111111111111111111111111111111111111111111111111111111111111111111111
000000000000000000000000000000000000000000000000000000000000000000000000000000000000000000000000000000000000000000000000000000000000000000000000000000000000000000000000000000000000000000000000000000000000000000000000000000000000000000000000000000000000000000000000000000000000000000000000000000000000
000000000000000000000000000000000000000000000000000000000000000000000000000000000000000000000000000011111111111111111111111111111111111111111111111111111111111111111111111111111111111111111111111111111111111111111111111111111111111111111111111111111111111111111111111111111111111111111111111111111111
111111111111111111111111111111111111111111111111111111111111111111111111111111111111111111111111111100000000000000000000000000000000000000000000000000000000000000000000000000000000000000000000000000000000000000000000000000000000000000000000000000000000000000000000000000000000000000000000000000000000
000000000000000000000000000000000000000000000000000000000000000000000000000000000000000000000000000011111111111111111111111111111111111111111111111111111111111111111111111111111111111111111111111111111111111111111111111111111111111111111111111111111111111111111111111111111111111111111111111111111111
000000000000000000000000000000000000000000000000000000000000000000000000000000000000000000000000000000000000000000000000000000000000000000000000000000000000000000000000000000000000000000000000000000000000000000000000000000000000000000000000000000000000000000000000000000000000000000000000000000000000
111111111111111111111111111111111111111111111111111111111111111111111111111111111111111111111111111111111111111111111111111111111111111111111111111111111111111111111111111111111111111111111111111111111111111111111111111111111111111111111111111111111111111111111111111111111111111111111111111111111111
000000000000000000000000000000000000000000000000000000000000000000000000000000000000000000000000000000000000000000000000000000000000000000000000000000000000000000000000000000000000000000000000000000000000000000000000000000000000000000000000000000000000000000000000000000000000000000000000000000000000
000000000000000000000000000000000000000000000000000000000000000000000000000000000000000000000000000000000000000000000000000000000000000000000000000000000000000000000000000000000000000000000000000000000000000000000000000000000000000000000000000000000000000000000000000000000000000000000000000000000000
000000000000000000000000000000000000000000000000000000000000000000000000000000000000000000000000000000000000000000000000000000000000000000000000000000000000000000000000000000000000000000000000000000000000000000000000000000000000000000000000000000000000000000000000000000000000000000000000000000000000
000000000000000000000000000000000000000000000000000000000000000000000000000000000000000000000000000000000000000000000000000000000000000000000000000000000000000000000000000000000000000000000000000000000000000000000000000000000000000000000000000000000000000000000000000000000000000000000000000000000000
000000000000000000000000000000000000000000000000000000000000000000000000000000000000000000000000000000000000000000000000000000000000000000000000000000000000000000000000000000000000000000000000000000000000000000000000000000000000000000000000000000000000000000000000000000000000000000000000000000000000
000000000000000000000000000000000000000000000000000000000000000000000000000000000000000000000000000000000000000000000000000000000000000000000000000000000000000000000000000000000000000000000000000000000000000000000000000000000000000000000000000000000000000000000000000000000000000000000000000000000000
000000000000000000000000000000000000000000000000000000000000000000000000000000000000000000000000000000000000000000000000000000000000000000000000000000000000000000000000000000000000000000000000000000000000000000000000000000000000000000000000000000000000000000000000000000000000000000000000000000000000
000000000000000000000000000000000000000000000000000000000000000000000000000000000000000000000000000000000000000000000000000000000000000000000000000000000000000000000000000000000000000000000000000000000000000000000000000000000000000000000000000000000000000000000000000000000000000000000000000000000000
000000000000000000000000000000000000000000000000000000000000000000000000000000000000000000000000000000000000000000000000000000000000000000000000000000000000000000000000000000000000000000000000000000000000000000000000000000000000000000000000000000000000000000000000000000000000000000000000000000000000
000000000000000000000000000000000000000000000000000000000000000000000000000000000000000000000000000000000000000000000000000000000000000000000000000000000000000000000000000000000000000000000000000000000000000000000000000000000000000000000000000000000000000000000000000000000000000000000000000000000000
111111111111111111111111111111111111111111111111111111111111111111111111111111111111111111111111111111111111111111111111111111111111111111111111111111111111111111111111111111111111111111111111111111111111111111111111111111111111111111111111111111111111111111111111111111111111111111111111111111111111
000000000000000000000000000000000000000000000000000000000000000000000000000000000000000000000000000000000000000000000000000000000000000000000000000000000000000000000000000000000000000000000000000000000000000000000000000000000000000000000000000000000000000000000000000000000000000000000000000000000000
000000000000000000000000000000000000000000000000000000000000000000000000000000000000000000000000000011111111111111111111111111111111111111111111111111111111111111111111111111111111111111111111111111111111111111111111111111111111111111111111111111111111111111111111111111111111111111111111111111111111
111111111111111111111111111111111111111111111111111111111111111111111111111111111111111111111111111100000000000000000000000000000000000000000000000000000000000000000000000000000000000000000000000000000000000000000000000000000000000000000000000000000000000000000000000000000000000000000000000000000000
000000000000000000000000000000000000000000000000000000000000000000000000000000000000000000000000000011111111111111111111111111111111111111111111111111111111111111111111111111111111111111111111111111111111111111111111111111111111111111111111111111111111111111111111111111111111111111111111111111111111
000000000000000000000000000000000000000000000000000000000000000000000000000000000000000000000000000000000000000000000000000000000000000000000000000000000000000000000000000000000000000000000000000000000000000000000000000000000000000000000000000000000000000000000000000000000000000000000000000000000000
111111111111111111111111111111111111111111111111111111111111111111111111111111111111111111111111111111111111111111111111111110000000001111111111110001111111111111110000001111111111111111111111111111111111111111111111111111111111111111111111111111111111111111111111111111111111111111111111111111111111
000000000000000000000000000000000000000000000000000000000000000000000000000000000000000000000000000000000000000000000000000001111111110000000000001110000000000000001111110000000000000000000000000000000000000000000000000000000000000000000000000000000000000000000000000000000000000000000000000000000000
000000000000000000000000000000000000000000000000000000000000000000000000000000000000000000000000000011111000000000001111111000000000000011111110000000000011111110000000000011111111000000000000111110001111000000000001111111100000000000001111111100000000001111111100000000011111110000011110000000000000
111111111111111111111111111111111111111111111111111111111111111111111111111111111111111111111111111100000111111111110000000111111111111100000001111111111100000001111111111100000000111111111111000001110000111111111110000000011111111111110000000011111111110000000011111111100000001111100001111111111111
000000000000000000000000000000000000000000000000000000000000000000000000000000000000000000000000000011111000000000001111111000000000000011111110000000000011111110000000000011111111000000000000111110001111000000000001111111100000000000001111111100000000001111111100000000011111110000011110000000000000
000000000000000000000000000000000000000000000000000000000000000000000000000000000000000000000000000000000111111111110000000111111111111100000001111111111100000001111111111100000000111111111111000001110000111111111110000000011111111111110000000011111111110000000011111111100000001111100001111111111111
111111111111111111111111111111111111111111111111111111111111111111111111111111111111111111111111111111111000000000001111111000000000000011111110000000000011111110000000000011111111000000000000111110001111000000000001111111100000000000001111111100000000001111111100000000011111110000011110000000000000
000000000000000000000000000000000000000000000000000000000000000000000000000000000000000000000000000000000111111111110000000111111111111100000001111111111100000001111111111100000000111111111111000001110000111111111110000000011111111111110000000011111111110000000011111111100000001111100001111111111111
111111111111111111111111111111111111111111111111111111111111111111111111111111111111111111111111111111111000000000001111111000000000000011111110000000000011111110000000000011111111000000000000111110001111000000000001111111100000000000001111111100000000001111111100000000011111110000011110000000000000
000000000000000000000000000000000000000000000000000000000000000000000000000000000000000000000000000000000111111111110000000110000000001100000001110001111100000001110000001100000000111111111111000001110000111111111110000000011111111111110000000011111111110000000011111111100000001111100001111111111111
000000000000000000000000000000000000000000000000000000000000000000000000000000000000000000000000000011111000000000001111111001111111110011111110001110000011111110001111110011111111000000000000111110001111000000000001111111100000000000001111111100000000001111111100000000011111110000011110000000000000
111111111111111111111111111111111111111111111111111111111111111111111111111111111111111111111111111100000111111111110000000110000000001100000001110001111100000001110000001100000000111111111111000001110000111111111110000000011111111111110000000011111111110000000011111111100000001111100001111111111111
000000000000000000000000000000000000000000000000000000000000000000000000000000000000000000000000000011111000000000001111111001111111110011111110001110000011111110001111110011111111000000000000111110001111000000000001111111100000000000001111111100000000001111111100000000011111110000011110000000000000
000000000000000000000000000000000000000000000000000000000000000000000000000000000000000000000000000000000111111111110000000110000000001100000001110001111100000001110000001100000000111111111111000001110000111111111110000000011111111111110000000011111111110000000011111111100000001111100001111111111111
111111111111111111111111111111111111111111111111111111111111111111111111111111111111111111111111111111111000000000001111111001111111110011111110001110000011111110001111110011111111000000000000111110001111000000000001111111100000000000001111111100000000001111111100000000011111110000011110000000000000
000000000000000000000000000000000000000000000000000000000000000000000000000000000000000000000000000000000111111111110000000110000000001100000001110001111100000001110000001100000000111111111111000001110000111111111110000000011111111111110000000011111111110000000011111111100000001111100001111111111111
000000000000000000000000000000000000000000000000000000000000000000000000000000000000000000000000000011111000000000001111111001111111110011111110001110000011111110001111110011111111000000000000111110001111000000000001111111100000000000001111111100000000001111111100000000011111110000011110000000000000
111111111111111111111111111111111111111111111111111111111111111111111111111111111111111111111111111100000111111111110000000110000000001100000001110001111100000001110000001100000000111111111111000001110000111111111110000000011111111111110000000011111111110000000011111111100000001111100001111111111111
000000000000000000000000000000000000000000000000000000000000000000000000000000000000000000000000000011111000000000001111111001111111110011111110001110000011111110001111110011111111000000000000111110001111000000000001111111100000000000001111111100000000001111111100000000011111110000011110000000000000
000000000000000000000000000000000000000000000000000000000000000000000000000000000000000000000000000011100000000000000011100000000000000001111100000000000000111000000000000001111100000000000000000000000000000000000000000000000000000000000000000000000000000000000000000000000000000000000000000000000000
111111111111111111111111111111111111111111111111111111111111111111111111111111111111111111111111111100000111111111110000000110000000001100000001110001111100000001110000001100000000111111111111000001110000111111111110000000011111111111110000000011111111110000000011111111100000001111100001111111111111
000000000000000000000000000000000000000000000000000000000000000000000000000000000000000000000000000011111000000000001111111001111111110011111110001110000011111110001111110011111111000000000000111110001111000000000001111111100000000000001111111100000000001111111100000000011111110000011110000000000000
000000000000000000000000000000000000000000000000000000000000000000000000000000000000000000000000000000000111111111110000000110000000001100000001110001111100000001110000001100000000111111111111000001110000111111111110000000011111111111110000000011111111110000000011111111100000001111100001111111111111
111111111111111111111111111111111111111111111111111111111111111111111111111111111111111111111111111111111000000000001111111001111111110011111110001110000011111110001111110011111111000000000000111110001111000000000001111111100000000000001111111100000000001111111100000000011111110000011110000000000000
000000000000000000000000000000000000000000000000000000000000000000000000000000000000000000000000000000000111111111110000000110000000001100000001110001111100000001110000001100000000111111111111000001110000111111111110000000011111111111110000000011111111110000000011111111100000001111100001111111111111
000000000000000000000000000000000000000000000000000000000000000000000000000000000000000000000000000011111000000000001111111001111111110011111110001110000011111110001111110011111111000000000000111110001111000000000001111111100000000000001111111100000000001111111100000000011111110000011110000000000000
111111111111111111111111111111111111111111111111111111111111111111111111111111111111111111111111111100000111111111110000000110000000001100000001110001111100000001110000001100000000111111111111000001110000111111111110000000011111111111110000000011111111110000000011111111100000001111100001111111111111
000000000000000000000000000000000000000000000000000000000000000000000000000000000000000000000000000011111000000000001111111001111111110011111110001110000011111110001111110011111111000000000000111110001111000000000001111111100000000000001111111100000000001111111100000000011111110000011110000000000000
000000000000000000000000000000000000000000000000000000000000000000000000000000000000000000000000000000000111111111110000000110000000001100000001110001111100000001110000001100000000111111111111000001110000111111111110000000011111111111110000000011111111110000000011111111100000001111100001111111111111
111111111111111111111111111111111111111111111111111111111111111111111111111111111111111111111111111111111000000000001111111000000000000011111110000000000011111110000000000011111111000000000000111110001111000000000001111111100000000000001111111100000000001111111100000000011111110000011110000000000000
000000000000000000000000000000000000000000000000000000000000000000000000000000000000000000000000000000000111111111110000000111111111111100000001111111111100000001111111111100000000111111111111000001110000111111111110000000011111111111110000000011111111110000000011111111100000001111100001111111111111
111111111111111111111111111111111111111111111111111111111111111111111111111111111111111111111111111111111000000000001111111000000000000011111110000000000011111110000000000011111111000000000000111110001111000000000001111111100000000000001111111100000000001111111100000000011111110000011110000000000000
000000000000000000000000000000000000000000000000000000000000000000000000000000000000000000000000000000000111111111110000000111111111111100000001111111111100000001111111111100000000111111111111000001110000111111111110000000011111111111110000000011111111110000000011111111100000001111100001111111111111
000000000000000000000000000000000000000000000000000000000000000000000000000000000000000000000000000011111000000000001111111000000000000011111110000000000011111110000000000011111111000000000000111110001111000000000001111111100000000000001111111100000000001111111100000000011111110000011110000000000000
111111111111111111111111111111111111111111111111111111111111111111111111111111111111111111111111111100000111111111110000000111111111111100000001111111111100000001111111111100000000111111111111000001110000111111111110000000011111111111110000000011111111110000000011111111100000001111100001111111111111
000000000000000000000000000000000000000000000000000000000000000000000000000000000000000000000000000011111000000000001111111000000000000011111110000000000011111110000000000011111111000000000000111110001111000000000001111111100000000000001111111100000000001111111100000000011111110000011110000000000000
000000000000000000000000000000000000000000000000000000000000000000000000000000000000000000000000000000000000000000000000000001111111110000000000001110000000000000001111110000000000000000000000000000000000000000000000000000000000000000000000000000000000000000000000000000000000000000000000000000000000
111111111111111111111111111111111111111111111111111111111111111111111111111111111111111111111111111111111111111111111111111110000000001111111111110001111111111111110000001111111111111111111111111111111111111111111111111111111111111111111111111111111111111111111111111111111111111111111111111111111111
000000000000000000000000000000000000000000000000000000000000000000000000000000000000000000000000000000000000000000000000000000000000000000000000000000000000000000000000000000000000000000000000000000000000000000000000000000000000000000000000000000000000000000000000000000000000000000000000000000000000
000000000000000000000000000000000000000000000000000000000000000000000000000000000000000000000000000011111111111111111111111111111111111111111111111111111111111111111111111111111111111111111111111111111111111111111111111111111111111111111111111111111111111111111111111111111111111111111111111111111111
111111111111111111111111111111111111111111111111111111111111111111111111111111111111111111111111111100000000000000000000000000000000000000000000000000000000000000000000000000000000000000000000000000000000000000000000000000000000000000000000000000000000000000000000000000000000000000000000000000000000
000000000000000000000000000000000000000000000000000000000000000000000000000000000000000000000000000011111111111111111111111111111111111111111111111111111111111111111111111111111111111111111111111111111111111111111111111111111111111111111111111111111111111111111111111111111111111111111111111111111111
000000000000000000000000000000000000000000000000000000000000000000000000000000000000000000000000000000000000000000000000000000000000000000000000000000000000000000000000000000000000000000000000000000000000000000000000000000000000000000000000000000000000000000000000000000000000000000000000000000000000
111111111111111111111111111111111111111111111111111111111111111111111111111111111111111111111111111111111111111111111111111111111111111111111111111111111111111111111111111111111111111111111111111111111111111111111111111111111111111111111111111111111111111111111111111111111111111111111111111111111111
000000000000000000000000000000000000000000000000000000000000000000000000000000000000000000000000000000000000000000000000000000000000000000000000000000000000000000000000000000000000000000000000000000000000000000000000000000000000000000000000000000000000000000000000000000000000000000000000000000000000
000000000000000000000000000000000000000000000000000000000000000000000000000000000000000000000000000000000000000000000000000000000000000000000000000000000000000000000000000000000000000000000000000000000000000000000000000000000000000000000000000000000000000000000000000000000000000000000000000000000000
000000000000000000000000000000000000000000000000000000000000000000000000000000000000000000000000000000000000000000000000000000000000000000000000000000000000000000000000000000000000000000000000000000000000000000000000000000000000000000000000000000000000000000000000000000000000000000000000000000000000
000000000000000000000000000000000000000000000000000000000000000000000000000000000000000000000000000000000000000000000000000000000000000000000000000000000000000000000000000000000000000000000000000000000000000000000000000000000000000000000000000000000000000000000000000000000000000000000000000000000000
000000000000000000000000000000000000000000000000000000000000000000000000000000000000000000000000000000000000000000000000000000000000000000000000000000000000000000000000000000000000000000000000000000000000000000000000000000000000000000000000000000000000000000000000000000000000000000000000000000000000
000000000000000000000000000000000000000000000000000000000000000000000000000000000000000000000000000000000000000000000000000000000000000000000000000000000000000000000000000000000000000000000000000000000000000000000000000000000000000000000000000000000000000000000000000000000000000000000000000000000000
000000000000000000000000000000000000000000000000000000000000000000000000000000000000000000000000000000000000000000000000000000000000000000000000000000000000000000000000000000000000000000000000000000000000000000000000000000000000000000000000000000000000000000000000000000000000000000000000000000000000
000000000000000000000000000000000000000000000000000000000000000000000000000000000000000000000000000000000000000000000000000000000000000000000000000000000000000000000000000000000000000000000000000000000000000000000000000000000000000000000000000000000000000000000000000000000000000000000000000000000000
000000000000000000000000000000000000000000000000000000000000000000000000000000000000000000000000000000000000000000000000000000000000000000000000000000000000000000000000000000000000000000000000000000000000000000000000000000000000000000000000000000000000000000000000000000000000000000000000000000000000
000000000000000000000000000000000000000000000000000000000000000000000000000000000000000000000000000000000000000000000000000000000000000000000000000000000000000000000000000000000000000000000000000000000000000000000000000000000000000000000000000000000000000000000000000000000000000000000000000000000000
111111111111111111111111111111111111111111111111111111111111111111111111111111111111111111111111111111111111111111111111111111111111111111111111111111111111111111111111111111111111111111111111111111111111111111111111111111111111111111111111111111111111111111111111111111111111111111111111111111111111
000000000000000000000000000000000000000000000000000000000000000000000000000000000000000000000000000000000000000000000000000000000000000000000000000000000000000000000000000000000000000000000000000000000000000000000000000000000000000000000000000000000000000000000000000000000000000000000000000000000000
000000000000000000000000000000000000000000000000000000000000000000000000000000000000000000000000000011111111111111111111111111111111111111111111111111111111111111111111111111111111111111111111111111111111111111111111111111111111111111111111111111111111111111111111111111111111111111111111111111111111
111111111111111111111111111111111111111111111111111111111111111111111111111111111111111111111111111100000000000000000000000000000000000000000000000000000000000000000000000000000000000000000000000000000000000000000000000000000000000000000000000000000000000000000000000000000000000000000000000000000000
000000000000000000000000000000000000000000000000000000000000000000000000000000000000000000000000000011111111111111111111111111111111111111111111111111111111111111111111111111111111111111111111111111111111111111111111111111111111111111111111111111111111111111111111111111111111111111111111111111111111
000000000000000000000000000000000000000000000000000000000000000000000000000000000000000000000000000000000000000000000000000000000000000000000000000000000000000000000000000000000000000000000000000000000000000000000000000000000000000000000000000000000000000000000000000000000000000000000000000000000000
111111111111111111111111111111111111111111111111111111111111111111111111111111111111111111111111111100001111111111111111111111111111111000000000111111111111000111111111111111000000111111111111111111111111111111111111111111111111111111111111111111111111111111111111111111111111111111111111111111111111
000000000000000000000000000000000000000000000000000000000000000000000000000000000000000000000000000011110000000000000000000000000000000111111111000000000000111000000000000000111111000000000000000000000000000000000000000000000000000000000000000000000000000000000000000000000000000000000000000000000000
000000000000000000000000000000000000000000000000000000000000000000000000000000000000000000000000000000000011111111100000000000111111100000000000001111111000000000001111111000000000001111111100000000000000011111111100000000000111111110000000000000111111110000000000111111110000000001111111000001111000
111111111111111111111111111111111111111111111111111111111111111111111111111111111111111111111111111111111100000000011111111111000000011111111111110000000111111111110000000111111111110000000011111111111111100000000011111111111000000001111111111111000000001111111111000000001111111110000000111110000111
000000000000000000000000000000000000000000000000000000000000000000000000000000000000000000000000000000000011111111100000000000111111100000000000001111111000000000001111111000000000001111111100000000000000011111111100000000000111111110000000000000111111110000000000111111110000000001111111000001111000
000000000000000000000000000000000000000000000000000000000000000000000000000000000000000000000000000011111100000000011111111111000000011111111111110000000111111111110000000111111111110000000011111111111111100000000011111111111000000001111111111111000000001111111111000000001111111110000000111110000111
111111111111111111111111111111111111111111111111111111111111111111111111111111111111111111111111111100000011111111100000000000111111100000000000001111111000000000001111111000000000001111111100000000000000011111111100000000000111111110000000000000111111110000000000111111110000000001111111000001111000
000000000000000000000000000000000000000000000000000000000000000000000000000000000000000000000000000011111100000000011111111111000000011111111111110000000111111111110000000111111111110000000011111111111111100000000011111111111000000001111111111111000000001111111111000000001111111110000000111110000111
111111111111111111111111111111111111111111111111111111111111111111111111111111111111111111111111111100000011111111100000000000111111100000000000001111111000000000001111111000000000001111111100000000000000011111111100000000000111111110000000000000111111110000000000111111110000000001111111000001111000
000000000000000000000000000000000000000000000000000000000000000000000000000000000000000000000000000000001100000000011111111111000000011000000000110000000111000111110000000111000000110000000011111111111111100000000011111111111000000001111111111111000000001111111111000000001111111110000000111110000111
000000000000000000000000000000000000000000000000000000000000000000000000000000000000000000000000000011110011111111100000000000111111100111111111001111111000111000001111111000111111001111111100000000000000011111111100000000000111111110000000000000111111110000000000111111110000000001111111000001111000
111111111111111111111111111111111111111111111111111111111111111111111111111111111111111111111111111100001100000000011111111111000000011000000000110000000111000111110000000111000000110000000011111111111111100000000011111111111000000001111111111111000000001111111111000000001111111110000000111110000111
000000000000000000000000000000000000000000000000000000000000000000000000000000000000000000000000000011110011111111100000000000111111100111111111001111111000111000001111111000111111001111111100000000000000011111111100000000000111111110000000000000111111110000000000111111110000000001111111000001111000
000000000000000000000000000000000000000000000000000000000000000000000000000000000000000000000000000000001100000000011111111111000000011000000000110000000111000111110000000111000000110000000011111111111111100000000011111111111000000001111111111111000000001111111111000000001111111110000000111110000111
111111111111111111111111111111111111111111111111111111111111111111111111111111111111111111111111111111110011111111100000000000111111100111111111001111111000111000001111111000111111001111111100000000000000011111111100000000000111111110000000000000111111110000000000111111110000000001111111000001111000
000000000000000000000000000000000000000000000000000000000000000000000000000000000000000000000000000000001100000000011111111111000000011000000000110000000111000111110000000111000000110000000011111111111111100000000011111111111000000001111111111111000000001111111111000000001111111110000000111110000111
000000000000000000000000000000000000000000000000000000000000000000000000000000000000000000000000000011110011111111100000000000111111100111111111001111111000111000001111111000111111001111111100000000000000011111111100000000000111111110000000000000111111110000000000111111110000000001111111000001111000
111111111111111111111111111111111111111111111111111111111111111111111111111111111111111111111111111100001100000000011111111111000000011000000000110000000111000111110000000111000000110000000011111111111111100000000011111111111000000001111111111111000000001111111111000000001111111110000000111110000111
000000000000000000000000000000000000000000000000000000000000000000000000000000000000000000000000000011110011111111100000000000111111100111111111001111111000111000001111111000111111001111111100000000000000011111111100000000000111111110000000000000111111110000000000111111110000000001111111000001111000
000000000000000000000000000000000000000000000000000000000000000000000000000000000000000000000000000000000000111110000000000000001110000000000000000111110000000000000011100000000000000111110000000000000000000000000000000000000000000000000000000000000000000000000000000000000000000000000000000000000000
111111111111111111111111111111111111111111111111111111111111111111111111111111111111111111111111111100001100000000011111111111000000011000000000110000000111000111110000000111000000110000000011111111111111100000000011111111111000000001111111111111000000001111111111000000001111111110000000111110000111
000000000000000000000000000000000000000000000000000000000000000000000000000000000000000000000000000011110011111111100000000000111111100111111111001111111000111000001111111000111111001111111100000000000000011111111100000000000111111110000000000000111111110000000000111111110000000001111111000001111000
000000000000000000000000000000000000000000000000000000000000000000000000000000000000000000000000000000001100000000011111111111000000011000000000110000000111000111110000000111000000110000000011111111111111100000000011111111111000000001111111111111000000001111111111000000001111111110000000111110000111
111111111111111111111111111111111111111111111111111111111111111111111111111111111111111111111111111111110011111111100000000000111111100111111111001111111000111000001111111000111111001111111100000000000000011111111100000000000111111110000000000000111111110000000000111111110000000001111111000001111000
000000000000000000000000000000000000000000000000000000000000000000000000000000000000000000000000000000001100000000011111111111000000011000000000110000000111000111110000000111000000110000000011111111111111100000000011111111111000000001111111111111000000001111111111000000001111111110000000111110000111
000000000000000000000000000000000000000000000000000000000000000000000000000000000000000000000000000011110011111111100000000000111111100111111111001111111000111000001111111000111111001111111100000000000000011111111100000000000111111110000000000000111111110000000000111111110000000001111111000001111000
111111111111111111111111111111111111111111111111111111111111111111111111111111111111111111111111111100001100000000011111111111000000011000000000110000000111000111110000000111000000110000000011111111111111100000000011111111111000000001111111111111000000001111111111000000001111111110000000111110000111
000000000000000000000000000000000000000000000000000000000000000000000000000000000000000000000000000011110011111111100000000000111111100111111111001111111000111000001111111000111111001111111100000000000000011111111100000000000111111110000000000000111111110000000000111111110000000001111111000001111000
000000000000000000000000000000000000000000000000000000000000000000000000000000000000000000000000000000001100000000011111111111000000011000000000110000000111000111110000000111000000110000000011111111111111100000000011111111111000000001111111111111000000001111111111000000001111111110000000111110000111
111111111111111111111111111111111111111111111111111111111111111111111111111111111111111111111111111100000011111111100000000000111111100000000000001111111000000000001111111000000000001111111100000000000000011111111100000000000111111110000000000000111111110000000000111111110000000001111111000001111000
000000000000000000000000000000000000000000000000000000000000000000000000000000000000000000000000000011111100000000011111111111000000011111111111110000000111111111110000000111111111110000000011111111111111100000000011111111111000000001111111111111000000001111111111000000001111111110000000111110000111
111111111111111111111111111111111111111111111111111111111111111111111111111111111111111111111111111100000011111111100000000000111111100000000000001111111000000000001111111000000000001111111100000000000000011111111100000000000111111110000000000000111111110000000000111111110000000001111111000001111000
000000000000000000000000000000000000000000000000000000000000000000000000000000000000000000000000000011111100000000011111111111000000011111111111110000000111111111110000000111111111110000000011111111111111100000000011111111111000000001111111111111000000001111111111000000001111111110000000111110000111
000000000000000000000000000000000000000000000000000000000000000000000000000000000000000000000000000000000011111111100000000000111111100000000000001111111000000000001111111000000000001111111100000000000000011111111100000000000111111110000000000000111111110000000000111111110000000001111111000001111000
111111111111111111111111111111111111111111111111111111111111111111111111111111111111111111111111111111111100000000011111111111000000011111111111110000000111111111110000000111111111110000000011111111111111100000000011111111111000000001111111111111000000001111111111000000001111111110000000111110000111
000000000000000000000000000000000000000000000000000000000000000000000000000000000000000000000000000000000011111111100000000000111111100000000000001111111000000000001111111000000000001111111100000000000000011111111100000000000111111110000000000000111111110000000000111111110000000001111111000001111000
000000000000000000000000000000000000000000000000000000000000000000000000000000000000000000000000000011110000000000000000000000000000000111111111000000000000111000000000000000111111000000000000000000000000000000000000000000000000000000000000000000000000000000000000000000000000000000000000000000000000
111111111111111111111111111111111111111111111111111111111111111111111111111111111111111111111111111100001111111111111111111111111111111000000000111111111111000111111111111111000000111111111111111111111111111111111111111111111111111111111111111111111111111111111111111111111111111111111111111111111111
000000000000000000000000000000000000000000000000000000000000000000000000000000000000000000000000000000000000000000000000000000000000000000000000000000000000000000000000000000000000000000000000000000000000000000000000000000000000000000000000000000000000000000000000000000000000000000000000000000000000
000000000000000000000000000000000000000000000000000000000000000000000000000000000000000000000000000011111111111111111111111111111111111111111111111111111111111111111111111111111111111111111111111111111111111111111111111111111111111111111111111111111111111111111111111111111111111111111111111111111111
111111111111111111111111111111111111111111111111111111111111111111111111111111111111111111111111111100000000000000000000000000000000000000000000000000000000000000000000000000000000000000000000000000000000000000000000000000000000000000000000000000000000000000000000000000000000000000000000000000000000
000000000000000000000000000000000000000000000000000000000000000000000000000000000000000000000000000011111111111111111111111111111111111111111111111111111111111111111111111111111111111111111111111111111111111111111111111111111111111111111111111111111111111111111111111111111111111111111111111111111111
000000000000000000000000000000000000000000000000000000000000000000000000000000000000000000000000000000000000000000000000000000000000000000000000000000000000000000000000000000000000000000000000000000000000000000000000000000000000000000000000000000000000000000000000000000000000000000000000000000000000
111111111111111111111111111111111111111111111111111111111111111111111111111111111111111111111111111111111111111111111111111111111111111111111111111111111111111111111111111111111111111111111111111111111111111111111111111111111111111111111111111111111111111111111111111111111111111111111111111111111111
000000000000000000000000000000000000000000000000000000000000000000000000000000000000000000000000000000000000000000000000000000000000000000000000000000000000000000000000000000000000000000000000000000000000000000000000000000000000000000000000000000000000000000000000000000000000000000000000000000000000
000000000000000000000000000000000000000000000000000000000000000000000000000000000000000000000000000000000000000000000000000000000000000000000000000000000000000000000000000000000000000000000000000000000000000000000000000000000000000000000000000000000000000000000000000000000000000000000000000000000000
000000000000000000000000000000000000000000000000000000000000000000000000000000000000000000000000000000000000000000000000000000000000000000000000000000000000000000000000000000000000000000000000000000000000000000000000000000000000000000000000000000000000000000000000000000000000000000000000000000000000
000000000000000000000000000000000000000000000000000000000000000000000000000000000000000000000000000000000000000000000000000000000000000000000000000000000000000000000000000000000000000000000000000000000000000000000000000000000000000000000000000000000000000000000000000000000000000000000000000000000000
000000000000000000000000000000000000000000000000000000000000000000000000000000000000000000000000000000000000000000000000000000000000000000000000000000000000000000000000000000000000000000000000000000000000000000000000000000000000000000000000000000000000000000000000000000000000000000000000000000000000
000000000000000000000000000000000000000000000000000000000000000000000000000000000000000000000000000000000000000000000000000000000000000000000000000000000000000000000000000000000000000000000000000000000000000000000000000000000000000000000000000000000000000000000000000000000000000000000000000000000000
000000000000000000000000000000000000000000000000000000000000000000000000000000000000000000000000000000000000000000000000000000000000000000000000000000000000000000000000000000000000000000000000000000000000000000000000000000000000000000000000000000000000000000000000000000000000000000000000000000000000
000000000000000000000000000000000000000000000000000000000000000000000000000000000000000000000000000000000000000000000000000000000000000000000000000000000000000000000000000000000000000000000000000000000000000000000000000000000000000000000000000000000000000000000000000000000000000000000000000000000000
000000000000000000000000000000000000000000000000000000000000000000000000000000000000000000000000000000000000000000000000000000000000000000000000000000000000000000000000000000000000000000000000000000000000000000000000000000000000000000000000000000000000000000000000000000000000000000000000000000000000
000000000000000000000000000000000000000000000000000000000000000000000000000000000000000000000000000000000000000000000000000000000000000000000000000000000000000000000000000000000000000000000000000000000000000000000000000000000000000000000000000000000000000000000000000000000000000000000000000000000000
111111111111111111111111111111111111111111111111111111111111111111111111111111111111111111111111111111111111111111111111111111111111111111111111111111111111111111111111111111111111111111111111111111111111111111111111111111111111111111111111111111111111111111111111111111111111111111111111111111111111
000000000000000000000000000000000000000000000000000000000000000000000000000000000000000000000000000000000000000000000000000000000000000000000000000000000000000000000000000000000000000000000000000000000000000000000000000000000000000000000000000000000000000000000000000000000000000000000000000000000000
000000000000000000000000000000000000000000000000000000000000000000000000000000000000000000000000000011111111111111111111111111111111111111111111111111111111111111111111111111111111111111111111111111111111111111111111111111111111111111111111111111111111111111111111111111111111111111111111111111111111
111111111111111111111111111111111111111111111111111111111111111111111111111111111111111111111111111100000000000000000000000000000000000000000000000000000000000000000000000000000000000000000000000000000000000000000000000000000000000000000000000000000000000000000000000000000000000000000000000000000000
000000000000000000000000000000000000000000000000000000000000000000000000000000000000000000000000000011111111111111111111111111111111111111111111111111111111111111111111111111111111111111111111111111111111111111111111111111111111111111111111111111111111111111111111111111111111111111111111111111111111
000000000000000000000000000000000000000000000000000000000000000000000000000000000000000000000000000000000000000000000000000000000000000000000000000000000000000000000000000000000000000000000000000000000000000000000000000000000000000000000000000000000000000000000000000000000000000000000000000000000000
111111111111111111111111111111111111111111111111111111111111111111111111111111111111111111111111111111111111110000111111111111111111111111111111100000000011111111111100011111111111111100000011111111111111111111111111111111111111111111111111111111111111111111111111111111111111111111111111111111111111
000000000000000000000000000000000000000000000000000000000000000000000000000000000000000000000000000000000000001111000000000000000000000000000000011111111100000000000011100000000000000011111100000000000000000000000000000000000000000000000000000000000000000000000000000000000000000000000000000000000000
000000000000000000000000000000000000000000000000000000000000000000000000000000000000000000000000000000111111000000001111111110000000000011111110000000000000111111100000000000111111100000000000111111110001110000000001111111110000000000011111111000000000000011111111000000000011111111000000000111111100
111111111111111111111111111111111111111111111111111111111111111111111111111111111111111111111111111111000000111111110000000001111111111100000001111111111111000000011111111111000000011111111111000000001110001111111110000000001111111111100000000111111111111100000000111111111100000000111111111000000011
000000000000000000000000000000000000000000000000000000000000000000000000000000000000000000000000000000111111000000001111111110000000000011111110000000000000111111100000000000111111100000000000111111110001110000000001111111110000000000011111111000000000000011111111000000000011111111000000000111111100
000000000000000000000000000000000000000000000000000000000000000000000000000000000000000000000000000011000000111111110000000001111111111100000001111111111111000000011111111111000000011111111111000000001110001111111110000000001111111111100000000111111111111100000000111111111100000000111111111000000011
111111111111111111111111111111111111111111111111111111111111111111111111111111111111111111111111111100111111000000001111111110000000000011111110000000000000111111100000000000111111100000000000111111110001110000000001111111110000000000011111111000000000000011111111000000000011111111000000000111111100
000000000000000000000000000000000000000000000000000000000000000000000000000000000000000000000000000011000000111111110000000001111111111100000001111111111111000000011111111111000000011111111111000000001110001111111110000000001111111111100000000111111111111100000000111111111100000000111111111000000011
111111111111111111111111111111111111111111111111111111111111111111111111111111111111111111111111111100111111000000001111111110000000000011111110000000000000111111100000000000111111100000000000111111110001110000000001111111110000000000011111111000000000000011111111000000000011111111000000000111111100
000000000000000000000000000000000000000000000000000000000000000000000000000000000000000000000000000011000000110000110000000001111111111100000001100000000011000000011100011111000000011100000011000000001110001111111110000000001111111111100000000111111111111100000000111111111100000000111111111000000011
000000000000000000000000000000000000000000000000000000000000000000000000000000000000000000000000000000111111001111001111111110000000000011111110011111111100111111100011100000111111100011111100111111110001110000000001111111110000000000011111111000000000000011111111000000000011111111000000000111111100
111111111111111111111111111111111111111111111111111111111111111111111111111111111111111111111111111111000000110000110000000001111111111100000001100000000011000000011100011111000000011100000011000000001110001111111110000000001111111111100000000111111111111100000000111111111100000000111111111000000011
000000000000000000000000000000000000000000000000000000000000000000000000000000000000000000000000000000111111001111001111111110000000000011111110011111111100111111100011100000111111100011111100111111110001110000000001111111110000000000011111111000000000000011111111000000000011111111000000000111111100
000000000000000000000000000000000000000000000000000000000000000000000000000000000000000000000000000011000000110000110000000001111111111100000001100000000011000000011100011111000000011100000011000000001110001111111110000000001111111111100000000111111111111100000000111111111100000000111111111000000011
111111111111111111111111111111111111111111111111111111111111111111111111111111111111111111111111111100111111001111001111111110000000000011111110011111111100111111100011100000111111100011111100111111110001110000000001111111110000000000011111111000000000000011111111000000000011111111000000000111111100
000000000000000000000000000000000000000000000000000000000000000000000000000000000000000000000000000011000000110000110000000001111111111100000001100000000011000000011100011111000000011100000011000000001110001111111110000000001111111111100000000111111111111100000000111111111100000000111111111000000011
000000000000000000000000000000000000000000000000000000000000000000000000000000000000000000000000000000111111001111001111111110000000000011111110011111111100111111100011100000111111100011111100111111110001110000000001111111110000000000011111111000000000000011111111000000000011111111000000000111111100
111111111111111111111111111111111111111111111111111111111111111111111111111111111111111111111111111111000000110000110000000001111111111100000001100000000011000000011100011111000000011100000011000000001110001111111110000000001111111111100000000111111111111100000000111111111100000000111111111000000011
000000000000000000000000000000000000000000000000000000000000000000000000000000000000000000000000000000111111001111001111111110000000000011111110011111111100111111100011100000111111100011111100111111110001110000000001111111110000000000011111111000000000000011111111000000000011111111000000000111111100
000000000000000000000000000000000000000000000000000000000000000000000000000000000000000000000000000000000100000000000011111000000000000000111000000000000000011111000000000000001110000000000000011111000000000000000000000000000000000000000000000000000000000000000000000000000000000000000000000000000000
111111111111111111111111111111111111111111111111111111111111111111111111111111111111111111111111111111000000110000110000000001111111111100000001100000000011000000011100011111000000011100000011000000001110001111111110000000001111111111100000000111111111111100000000111111111100000000111111111000000011
000000000000000000000000000000000000000000000000000000000000000000000000000000000000000000000000000000111111001111001111111110000000000011111110011111111100111111100011100000111111100011111100111111110001110000000001111111110000000000011111111000000000000011111111000000000011111111000000000111111100
000000000000000000000000000000000000000000000000000000000000000000000000000000000000000000000000000011000000110000110000000001111111111100000001100000000011000000011100011111000000011100000011000000001110001111111110000000001111111111100000000111111111111100000000111111111100000000111111111000000011
111111111111111111111111111111111111111111111111111111111111111111111111111111111111111111111111111100111111001111001111111110000000000011111110011111111100111111100011100000111111100011111100111111110001110000000001111111110000000000011111111000000000000011111111000000000011111111000000000111111100
000000000000000000000000000000000000000000000000000000000000000000000000000000000000000000000000000011000000110000110000000001111111111100000001100000000011000000011100011111000000011100000011000000001110001111111110000000001111111111100000000111111111111100000000111111111100000000111111111000000011
000000000000000000000000000000000000000000000000000000000000000000000000000000000000000000000000000000111111001111001111111110000000000011111110011111111100111111100011100000111111100011111100111111110001110000000001111111110000000000011111111000000000000011111111000000000011111111000000000111111100
111111111111111111111111111111111111111111111111111111111111111111111111111111111111111111111111111111000000110000110000000001111111111100000001100000000011000000011100011111000000011100000011000000001110001111111110000000001111111111100000000111111111111100000000111111111100000000111111111000000011
000000000000000000000000000000000000000000000000000000000000000000000000000000000000000000000000000000111111001111001111111110000000000011111110011111111100111111100011100000111111100011111100111111110001110000000001111111110000000000011111111000000000000011111111000000000011111111000000000111111100
000000000000000000000000000000000000000000000000000000000000000000000000000000000000000000000000000011000000110000110000000001111111111100000001100000000011000000011100011111000000011100000011000000001110001111111110000000001111111111100000000111111111111100000000111111111100000000111111111000000011
111111111111111111111111111111111111111111111111111111111111111111111111111111111111111111111111111100111111000000001111111110000000000011111110000000000000111111100000000000111111100000000000111111110001110000000001111111110000000000011111111000000000000011111111000000000011111111000000000111111100
000000000000000000000000000000000000000000000000000000000000000000000000000000000000000000000000000011000000111111110000000001111111111100000001111111111111000000011111111111000000011111111111000000001110001111111110000000001111111111100000000111111111111100000000111111111100000000111111111000000011
111111111111111111111111111111111111111111111111111111111111111111111111111111111111111111111111111100111111000000001111111110000000000011111110000000000000111111100000000000111111100000000000111111110001110000000001111111110000000000011111111000000000000011111111000000000011111111000000000111111100
000000000000000000000000000000000000000000000000000000000000000000000000000000000000000000000000000011000000111111110000000001111111111100000001111111111111000000011111111111000000011111111111000000001110001111111110000000001111111111100000000111111111111100000000111111111100000000111111111000000011
000000000000000000000000000000000000000000000000000000000000000000000000000000000000000000000000000000111111000000001111111110000000000011111110000000000000111111100000000000111111100000000000111111110001110000000001111111110000000000011111111000000000000011111111000000000011111111000000000111111100
111111111111111111111111111111111111111111111111111111111111111111111111111111111111111111111111111111000000111111110000000001111111111100000001111111111111000000011111111111000000011111111111000000001110001111111110000000001111111111100000000111111111111100000000111111111100000000111111111000000011
000000000000000000000000000000000000000000000000000000000000000000000000000000000000000000000000000000111111000000001111111110000000000011111110000000000000111111100000000000111111100000000000111111110001110000000001111111110000000000011111111000000000000011111111000000000011111111000000000111111100
000000000000000000000000000000000000000000000000000000000000000000000000000000000000000000000000000000000000001111000000000000000000000000000000011111111100000000000011100000000000000011111100000000000000000000000000000000000000000000000000000000000000000000000000000000000000000000000000000000000000
111111111111111111111111111111111111111111111111111111111111111111111111111111111111111111111111111111111111110000111111111111111111111111111111100000000011111111111100011111111111111100000011111111111111111111111111111111111111111111111111111111111111111111111111111111111111111111111111111111111111
000000000000000000000000000000000000000000000000000000000000000000000000000000000000000000000000000000000000000000000000000000000000000000000000000000000000000000000000000000000000000000000000000000000000000000000000000000000000000000000000000000000000000000000000000000000000000000000000000000000000
000000000000000000000000000000000000000000000000000000000000000000000000000000000000000000000000000011111111111111111111111111111111111111111111111111111111111111111111111111111111111111111111111111111111111111111111111111111111111111111111111111111111111111111111111111111111111111111111111111111111
111111111111111111111111111111111111111111111111111111111111111111111111111111111111111111111111111100000000000000000000000000000000000000000000000000000000000000000000000000000000000000000000000000000000000000000000000000000000000000000000000000000000000000000000000000000000000000000000000000000000
000000000000000000000000000000000000000000000000000000000000000000000000000000000000000000000000000011111111111111111111111111111111111111111111111111111111111111111111111111111111111111111111111111111111111111111111111111111111111111111111111111111111111111111111111111111111111111111111111111111111
000000000000000000000000000000000000000000000000000000000000000000000000000000000000000000000000000000000000000000000000000000000000000000000000000000000000000000000000000000000000000000000000000000000000000000000000000000000000000000000000000000000000000000000000000000000000000000000000000000000000
111111111111111111111111111111111111111111111111111111111111111111111111111111111111111111111111111111111111111111111111111111111111111111111111111111111111111111111111111111111111111111111111111111111111111111111111111111111111111111111111111111111111111111111111111111111111111111111111111111111111
000000000000000000000000000000000000000000000000000000000000000000000000000000000000000000000000000000000000000000000000000000000000000000000000000000000000000000000000000000000000000000000000000000000000000000000000000000000000000000000000000000000000000000000000000000000000000000000000000000000000
000000000000000000000000000000000000000000000000000000000000000000000000000000000000000000000000000000000000000000000000000000000000000000000000000000000000000000000000000000000000000000000000000000000000000000000000000000000000000000000000000000000000000000000000000000000000000000000000000000000000
000000000000000000000000000000000000000000000000000000000000000000000000000000000000000000000000000000000000000000000000000000000000000000000000000000000000000000000000000000000000000000000000000000000000000000000000000000000000000000000000000000000000000000000000000000000000000000000000000000000000
000000000000000000000000000000000000000000000000000000000000000000000000000000000000000000000000000000000000000000000000000000000000000000000000000000000000000000000000000000000000000000000000000000000000000000000000000000000000000000000000000000000000000000000000000000000000000000000000000000000000
000000000000000000000000000000000000000000000000000000000000000000000000000000000000000000000000000000000000000000000000000000000000000000000000000000000000000000000000000000000000000000000000000000000000000000000000000000000000000000000000000000000000000000000000000000000000000000000000000000000000
000000000000000000000000000000000000000000000000000000000000000000000000000000000000000000000000000000000000000000000000000000000000000000000000000000000000000000000000000000000000000000000000000000000000000000000000000000000000000000000000000000000000000000000000000000000000000000000000000000000000
000000000000000000000000000000000000000000000000000000000000000000000000000000000000000000000000000000000000000000000000000000000000000000000000000000000000000000000000000000000000000000000000000000000000000000000000000000000000000000000000000000000000000000000000000000000000000000000000000000000000
000000000000000000000000000000000000000000000000000000000000000000000000000000000000000000000000000000000000000000000000000000000000000000000000000000000000000000000000000000000000000000000000000000000000000000000000000000000000000000000000000000000000000000000000000000000000000000000000000000000000
000000000000000000000000000000000000000000000000000000000000000000000000000000000000000000000000000000000000000000000000000000000000000000000000000000000000000000000000000000000000000000000000000000000000000000000000000000000000000000000000000000000000000000000000000000000000000000000000000000000000
000000000000000000000000000000000000000000000000000000000000000000000000000000000000000000000000000000000000000000000000000000000000000000000000000000000000000000000000000000000000000000000000000000000000000000000000000000000000000000000000000000000000000000000000000000000000000000000000000000000000
111111111111111111111111111111111111111111111111111111111111111111111111111111111111111111111111111111111111111111111111111111111111111111111111111111111111111111111111111111111111111111111111111111111111111111111111111111111111111111111111111111111111111111111111111111111111111111111111111111111111
000000000000000000000000000000000000000000000000000000000000000000000000000000000000000000000000000000000000000000000000000000000000000000000000000000000000000000000000000000000000000000000000000000000000000000000000000000000000000000000000000000000000000000000000000000000000000000000000000000000000
000000000000000000000000000000000000000000000000000000000000000000000000000000000000000000000000000011111111111111111111111111111111111111111111111111111111111111111111111111111111111111111111111111111111111111111111111111111111111111111111111111111111111111111111111111111111111111111111111111111111
111111111111111111111111111111111111111111111111111111111111111111111111111111111111111111111111111100000000000000000000000000000000000000000000000000000000000000000000000000000000000000000000000000000000000000000000000000000000000000000000000000000000000000000000000000000000000000000000000000000000
000000000000000000000000000000000000000000000000000000000000000000000000000000000000000000000000000011111111111111111111111111111111111111111111111111111111111111111111111111111111111111111111111111111111111111111111111111111111111111111111111111111111111111111111111111111111111111111111111111111111
000000000000000000000000000000000000000000000000000000000000000000000000000000000000000000000000000000000000000000000000000000000000000000000000000000000000000000000000000000000000000000000000000000000000000000000000000000000000000000000000000000000000000000000000000000000000000000000000000000000000
111111111111111111111111111111111111111111111111111111111111111111111111111111111111111111111111111111111111001111111111000011111111111111111111111111111110000000001111111111110001111111111111110000001111111111111111111111111111111111111111111111111111111111111111111111111111111111111111111111111111
000000000000000000000000000000000000000000000000000000000000000000000000000000000000000000000000000000000000110000000000111100000000000000000000000000000001111111110000000000001110000000000000001111110000000000000000000000000000000000000000000000000000000000000000000000000000000000000000000000000000
000000000000000000000000000000000000000000000000000000000000000000000000000000000000000000000000000000000000000011111100000000111111111000000000001111111000000000000011111110000000000011111110000000000000000000000111000000000111111111000000000001111111100000000000001111111100000000001111111100000000
111111111111111111111111111111111111111111111111111111111111111111111111111111111111111111111111111111111111111100000011111111000000000111111111110000000111111111111100000001111111111100000001111111111111111111111000111111111000000000111111111110000000011111111111110000000011111111110000000011111111
000000000000000000000000000000000000000000000000000000000000000000000000000000000000000000000000000000000000000011111100000000111111111000000000001111111000000000000011111110000000000011111110000000000000000000000111000000000111111111000000000001111111100000000000001111111100000000001111111100000000
000000000000000000000000000000000000000000000000000000000000000000000000000000000000000000000000000011111111111100000011111111000000000111111111110000000111111111111100000001111111111100000001111111111111111111111000111111111000000000111111111110000000011111111111110000000011111111110000000011111111
111111111111111111111111111111111111111111111111111111111111111111111111111111111111111111111111111100000000000011111100000000111111111000000000001111111000000000000011111110000000000011111110000000000000000000000111000000000111111111000000000001111111100000000000001111111100000000001111111100000000
000000000000000000000000000000000000000000000000000000000000000000000000000000000000000000000000000011111111111100000011111111000000000111111111110000000111111111111100000001111111111100000001111111111111111111111000111111111000000000111111111110000000011111111111110000000011111111110000000011111111
111111111111111111111111111111111111111111111111111111111111111111111111111111111111111111111111111100000000000011111100000000111111111000000000001111111000000000000011111110000000000011111110000000000000000000000111000000000111111111000000000001111111100000000000001111111100000000001111111100000000
000000000000000000000000000000000000000000000000000000000000000000000000000000000000000000000000000011111111001100000011000011000000000111111111110000000110000000001100000001110001111100000001110000001111111111111000111111111000000000111111111110000000011111111111110000000011111111110000000011111111
000000000000000000000000000000000000000000000000000000000000000000000000000000000000000000000000000000000000110011111100111100111111111000000000001111111001111111110011111110001110000011111110001111110000000000000111000000000111111111000000000001111111100000000000001111111100000000001111111100000000
111111111111111111111111111111111111111111111111111111111111111111111111111111111111111111111111111111111111001100000011000011000000000111111111110000000110000000001100000001110001111100000001110000001111111111111000111111111000000000111111111110000000011111111111110000000011111111110000000011111111
000000000000000000000000000000000000000000000000000000000000000000000000000000000000000000000000000000000000110011111100111100111111111000000000001111111001111111110011111110001110000011111110001111110000000000000111000000000111111111000000000001111111100000000000001111111100000000001111111100000000
000000000000000000000000000000000000000000000000000000000000000000000000000000000000000000000000000011111111001100000011000011000000000111111111110000000110000000001100000001110001111100000001110000001111111111111000111111111000000000111111111110000000011111111111110000000011111111110000000011111111
111111111111111111111111111111111111111111111111111111111111111111111111111111111111111111111111111100000000110011111100111100111111111000000000001111111001111111110011111110001110000011111110001111110000000000000111000000000111111111000000000001111111100000000000001111111100000000001111111100000000
000000000000000000000000000000000000000000000000000000000000000000000000000000000000000000000000000011111111001100000011000011000000000111111111110000000110000000001100000001110001111100000001110000001111111111111000111111111000000000111111111110000000011111111111110000000011111111110000000011111111
000000000000000000000000000000000000000000000000000000000000000000000000000000000000000000000000000000000000110011111100111100111111111000000000001111111001111111110011111110001110000011111110001111110000000000000111000000000111111111000000000001111111100000000000001111111100000000001111111100000000
111111111111111111111111111111111111111111111111111111111111111111111111111111111111111111111111111111111111001100000011000011000000000111111111110000000110000000001100000001110001111100000001110000001111111111111000111111111000000000111111111110000000011111111111110000000011111111110000000011111111
000000000000000000000000000000000000000000000000000000000000000000000000000000000000000000000000000000000000110011111100111100111111111000000000001111111001111111110011111110001110000011111110001111110000000000000111000000000111111111000000000001111111100000000000001111111100000000001111111100000000
000000000000000000000000000000000000000000000000000000000000000000000000000000000000000000000000000000000000000000010000000000001111100000000000000011100000000000000001111100000000000000111000000000000000000000000000000000000000000000000000000000000000000000000000000000000000000000000000000000000000
111111111111111111111111111111111111111111111111111111111111111111111111111111111111111111111111111111111111001100000011000011000000000111111111110000000110000000001100000001110001111100000001110000001111111111111000111111111000000000111111111110000000011111111111110000000011111111110000000011111111
000000000000000000000000000000000000000000000000000000000000000000000000000000000000000000000000000000000000110011111100111100111111111000000000001111111001111111110011111110001110000011111110001111110000000000000111000000000111111111000000000001111111100000000000001111111100000000001111111100000000
000000000000000000000000000000000000000000000000000000000000000000000000000000000000000000000000000011111111001100000011000011000000000111111111110000000110000000001100000001110001111100000001110000001111111111111000111111111000000000111111111110000000011111111111110000000011111111110000000011111111
111111111111111111111111111111111111111111111111111111111111111111111111111111111111111111111111111100000000110011111100111100111111111000000000001111111001111111110011111110001110000011111110001111110000000000000111000000000111111111000000000001111111100000000000001111111100000000001111111100000000
000000000000000000000000000000000000000000000000000000000000000000000000000000000000000000000000000011111111001100000011000011000000000111111111110000000110000000001100000001110001111100000001110000001111111111111000111111111000000000111111111110000000011111111111110000000011111111110000000011111111
000000000000000000000000000000000000000000000000000000000000000000000000000000000000000000000000000000000000110011111100111100111111111000000000001111111001111111110011111110001110000011111110001111110000000000000111000000000111111111000000000001111111100000000000001111111100000000001111111100000000
111111111111111111111111111111111111111111111111111111111111111111111111111111111111111111111111111111111111001100000011000011000000000111111111110000000110000000001100000001110001111100000001110000001111111111111000111111111000000000111111111110000000011111111111110000000011111111110000000011111111
000000000000000000000000000000000000000000000000000000000000000000000000000000000000000000000000000000000000110011111100111100111111111000000000001111111001111111110011111110001110000011111110001111110000000000000111000000000111111111000000000001111111100000000000001111111100000000001111111100000000
000000000000000000000000000000000000000000000000000000000000000000000000000000000000000000000000000011111111001100000011000011000000000111111111110000000110000000001100000001110001111100000001110000001111111111111000111111111000000000111111111110000000011111111111110000000011111111110000000011111111
111111111111111111111111111111111111111111111111111111111111111111111111111111111111111111111111111100000000000011111100000000111111111000000000001111111000000000000011111110000000000011111110000000000000000000000111000000000111111111000000000001111111100000000000001111111100000000001111111100000000
000000000000000000000000000000000000000000000000000000000000000000000000000000000000000000000000000011111111111100000011111111000000000111111111110000000111111111111100000001111111111100000001111111111111111111111000111111111000000000111111111110000000011111111111110000000011111111110000000011111111
111111111111111111111111111111111111111111111111111111111111111111111111111111111111111111111111111100000000000011111100000000111111111000000000001111111000000000000011111110000000000011111110000000000000000000000111000000000111111111000000000001111111100000000000001111111100000000001111111100000000
000000000000000000000000000000000000000000000000000000000000000000000000000000000000000000000000000011111111111100000011111111000000000111111111110000000111111111111100000001111111111100000001111111111111111111111000111111111000000000111111111110000000011111111111110000000011111111110000000011111111
000000000000000000000000000000000000000000000000000000000000000000000000000000000000000000000000000000000000000011111100000000111111111000000000001111111000000000000011111110000000000011111110000000000000000000000111000000000111111111000000000001111111100000000000001111111100000000001111111100000000
111111111111111111111111111111111111111111111111111111111111111111111111111111111111111111111111111111111111111100000011111111000000000111111111110000000111111111111100000001111111111100000001111111111111111111111000111111111000000000111111111110000000011111111111110000000011111111110000000011111111
000000000000000000000000000000000000000000000000000000000000000000000000000000000000000000000000000000000000000011111100000000111111111000000000001111111000000000000011111110000000000011111110000000000000000000000111000000000111111111000000000001111111100000000000001111111100000000001111111100000000
000000000000000000000000000000000000000000000000000000000000000000000000000000000000000000000000000000000000110000000000111100000000000000000000000000000001111111110000000000001110000000000000001111110000000000000000000000000000000000000000000000000000000000000000000000000000000000000000000000000000
111111111111111111111111111111111111111111111111111111111111111111111111111111111111111111111111111111111111001111111111000011111111111111111111111111111110000000001111111111110001111111111111110000001111111111111111111111111111111111111111111111111111111111111111111111111111111111111111111111111111
000000000000000000000000000000000000000000000000000000000000000000000000000000000000000000000000000000000000000000000000000000000000000000000000000000000000000000000000000000000000000000000000000000000000000000000000000000000000000000000000000000000000000000000000000000000000000000000000000000000000
000000000000000000000000000000000000000000000000000000000000000000000000000000000000000000000000000011111111111111111111111111111111111111111111111111111111111111111111111111111111111111111111111111111111111111111111111111111111111111111111111111111111111111111111111111111111111111111111111111111111
111111111111111111111111111111111111111111111111111111111111111111111111111111111111111111111111111100000000000000000000000000000000000000000000000000000000000000000000000000000000000000000000000000000000000000000000000000000000000000000000000000000000000000000000000000000000000000000000000000000000
000000000000000000000000000000000000000000000000000000000000000000000000000000000000000000000000000011111111111111111111111111111111111111111111111111111111111111111111111111111111111111111111111111111111111111111111111111111111111111111111111111111111111111111111111111111111111111111111111111111111
000000000000000000000000000000000000000000000000000000000000000000000000000000000000000000000000000000000000000000000000000000000000000000000000000000000000000000000000000000000000000000000000000000000000000000000000000000000000000000000000000000000000000000000000000000000000000000000000000000000000
111111111111111111111111111111111111111111111111111111111111111111111111111111111111111111111111111111111111111111111111111111111111111111111111111111111111111111111111111111111111111111111111111111111111111111111111111111111111111111111111111111111111111111111111111111111111111111111111111111111111
000000000000000000000000000000000000000000000000000000000000000000000000000000000000000000000000000000000000000000000000000000000000000000000000000000000000000000000000000000000000000000000000000000000000000000000000000000000000000000000000000000000000000000000000000000000000000000000000000000000000
000000000000000000000000000000000000000000000000000000000000000000000000000000000000000000000000000000000000000000000000000000000000000000000000000000000000000000000000000000000000000000000000000000000000000000000000000000000000000000000000000000000000000000000000000000000000000000000000000000000000
000000000000000000000000000000000000000000000000000000000000000000000000000000000000000000000000000000000000000000000000000000000000000000000000000000000000000000000000000000000000000000000000000000000000000000000000000000000000000000000000000000000000000000000000000000000000000000000000000000000000
000000000000000000000000000000000000000000000000000000000000000000000000000000000000000000000000000000000000000000000000000000000000000000000000000000000000000000000000000000000000000000000000000000000000000000000000000000000000000000000000000000000000000000000000000000000000000000000000000000000000
000000000000000000000000000000000000000000000000000000000000000000000000000000000000000000000000000000000000000000000000000000000000000000000000000000000000000000000000000000000000000000000000000000000000000000000000000000000000000000000000000000000000000000000000000000000000000000000000000000000000
000000000000000000000000000000000000000000000000000000000000000000000000000000000000000000000000000000000000000000000000000000000000000000000000000000000000000000000000000000000000000000000000000000000000000000000000000000000000000000000000000000000000000000000000000000000000000000000000000000000000
000000000000000000000000000000000000000000000000000000000000000000000000000000000000000000000000000000000000000000000000000000000000000000000000000000000000000000000000000000000000000000000000000000000000000000000000000000000000000000000000000000000000000000000000000000000000000000000000000000000000
000000000000000000000000000000000000000000000000000000000000000000000000000000000000000000000000000000000000000000000000000000000000000000000000000000000000000000000000000000000000000000000000000000000000000000000000000000000000000000000000000000000000000000000000000000000000000000000000000000000000
000000000000000000000000000000000000000000000000000000000000000000000000000000000000000000000000000000000000000000000000000000000000000000000000000000000000000000000000000000000000000000000000000000000000000000000000000000000000000000000000000000000000000000000000000000000000000000000000000000000000
000000000000000000000000000000000000000000000000000000000000000000000000000000000000000000000000000000000000000000000000000000000000000000000000000000000000000000000000000000000000000000000000000000000000000000000000000000000000000000000000000000000000000000000000000000000000000000000000000000000000
111111111111111111111111111111111111111111111111111111111111111111111111111111111111111111111111111111111111111111111111111111111111111111111111111111111111111111111111111111111111111111111111111111111111111111111111111111111111111111111111111111111111111111111111111111111111111111111111111111111111
000000000000000000000000000000000000000000000000000000000000000000000000000000000000000000000000000000000000000000000000000000000000000000000000000000000000000000000000000000000000000000000000000000000000000000000000000000000000000000000000000000000000000000000000000000000000000000000000000000000000
000000000000000000000000000000000000000000000000000000000000000000000000000000000000000000000000000011111111111111111111111111111111111111111111111111111111111111111111111111111111111111111111111111111111111111111111111111111111111111111111111111111111111111111111111111111111111111111111111111111111
111111111111111111111111111111111111111111111111111111111111111111111111111111111111111111111111111100000000000000000000000000000000000000000000000000000000000000000000000000000000000000000000000000000000000000000000000000000000000000000000000000000000000000000000000000000000000000000000000000000000
000000000000000000000000000000000000000000000000000000000000000000000000000000000000000000000000000011111111111111111111111111111111111111111111111111111111111111111111111111111111111111111111111111111111111111111111111111111111111111111111111111111111111111111111111111111111111111111111111111111111
000000000000000000000000000000000000000000000000000000000000000000000000000000000000000000000000000000000000000000000000000000000000000000000000000000000000000000000000000000000000000000000000000000000000000000000000000000000000000000000000000000000000000000000000000000000000000000000000000000000000
111111111111111111111111111111111111111111111111111111111111111111111111111111111111111111111111111101111111111111111100111111111100001111111111111111111111111111111000000000111111111111000111111111111111111111111111111111111111111111111111111111111111111111111111111111111111111111111111111111111111
000000000000000000000000000000000000000000000000000000000000000000000000000000000000000000000000000010000000000000000011000000000011110000000000000000000000000000000111111111000000000000111000000000000000000000000000000000000000000000000000000000000000000000000000000000000000000000000000000000000000
000000000000000000000000000000000000000000000000000000000000000000000000000000000000000000000000000000011111110000000000001111110000000011111111100000000000111111100000000000001111111000000000001111110001111110000000000000011100000000011111111100000000000111111110000000000000111111110000000000111111
111111111111111111111111111111111111111111111111111111111111111111111111111111111111111111111111111111100000001111111111110000001111111100000000011111111111000000011111111111110000000111111111110000001110000001111111111111100011111111100000000011111111111000000001111111111111000000001111111111000000
000000000000000000000000000000000000000000000000000000000000000000000000000000000000000000000000000000011111110000000000001111110000000011111111100000000000111111100000000000001111111000000000001111110001111110000000000000011100000000011111111100000000000111111110000000000000111111110000000000111111
000000000000000000000000000000000000000000000000000000000000000000000000000000000000000000000000000011100000001111111111110000001111111100000000011111111111000000011111111111110000000111111111110000001110000001111111111111100011111111100000000011111111111000000001111111111111000000001111111111000000
111111111111111111111111111111111111111111111111111111111111111111111111111111111111111111111111111100011111110000000000001111110000000011111111100000000000111111100000000000001111111000000000001111110001111110000000000000011100000000011111111100000000000111111110000000000000111111110000000000111111
000000000000000000000000000000000000000000000000000000000000000000000000000000000000000000000000000011100000001111111111110000001111111100000000011111111111000000011111111111110000000111111111110000001110000001111111111111100011111111100000000011111111111000000001111111111111000000001111111111000000
111111111111111111111111111111111111111111111111111111111111111111111111111111111111111111111111111100011111110000000000001111110000000011111111100000000000111111100000000000001111111000000000001111110001111110000000000000011100000000011111111100000000000111111110000000000000111111110000000000111111
000000000000000000000000000000000000000000000000000000000000000000000000000000000000000000000000000001100000001111111100110000001100001100000000011111111111000000011000000000110000000111000111110000001110000001111111111111100011111111100000000011111111111000000001111111111111000000001111111111000000
000000000000000000000000000000000000000000000000000000000000000000000000000000000000000000000000000010011111110000000011001111110011110011111111100000000000111111100111111111001111111000111000001111110001111110000000000000011100000000011111111100000000000111111110000000000000111111110000000000111111
111111111111111111111111111111111111111111111111111111111111111111111111111111111111111111111111111101100000001111111100110000001100001100000000011111111111000000011000000000110000000111000111110000001110000001111111111111100011111111100000000011111111111000000001111111111111000000001111111111000000
000000000000000000000000000000000000000000000000000000000000000000000000000000000000000000000000000010011111110000000011001111110011110011111111100000000000111111100111111111001111111000111000001111110001111110000000000000011100000000011111111100000000000111111110000000000000111111110000000000111111
000000000000000000000000000000000000000000000000000000000000000000000000000000000000000000000000000001100000001111111100110000001100001100000000011111111111000000011000000000110000000111000111110000001110000001111111111111100011111111100000000011111111111000000001111111111111000000001111111111000000
111111111111111111111111111111111111111111111111111111111111111111111111111111111111111111111111111110011111110000000011001111110011110011111111100000000000111111100111111111001111111000111000001111110001111110000000000000011100000000011111111100000000000111111110000000000000111111110000000000111111
000000000000000000000000000000000000000000000000000000000000000000000000000000000000000000000000000001100000001111111100110000001100001100000000011111111111000000011000000000110000000111000111110000001110000001111111111111100011111111100000000011111111111000000001111111111111000000001111111111000000
000000000000000000000000000000000000000000000000000000000000000000000000000000000000000000000000000010011111110000000011001111110011110011111111100000000000111111100111111111001111111000111000001111110001111110000000000000011100000000011111111100000000000111111110000000000000111111110000000000111111
111111111111111111111111111111111111111111111111111111111111111111111111111111111111111111111111111101100000001111111100110000001100001100000000011111111111000000011000000000110000000111000111110000001110000001111111111111100011111111100000000011111111111000000001111111111111000000001111111111000000
000000000000000000000000000000000000000000000000000000000000000000000000000000000000000000000000000010011111110000000011001111110011110011111111100000000000111111100111111111001111111000111000001111110001111110000000000000011100000000011111111100000000000111111110000000000000111111110000000000111111
000000000000000000000000000000000000000000000000000000000000000000000000000000000000000000000000000000001111000000000000000001000000000000111110000000000000001110000000000000000111110000000000000011100000000000000000000000000000000000000000000000000000000000000000000000000000000000000000000000000000
111111111111111111111111111111111111111111111111111111111111111111111111111111111111111111111111111101100000001111111100110000001100001100000000011111111111000000011000000000110000000111000111110000001110000001111111111111100011111111100000000011111111111000000001111111111111000000001111111111000000
000000000000000000000000000000000000000000000000000000000000000000000000000000000000000000000000000010011111110000000011001111110011110011111111100000000000111111100111111111001111111000111000001111110001111110000000000000011100000000011111111100000000000111111110000000000000111111110000000000111111
000000000000000000000000000000000000000000000000000000000000000000000000000000000000000000000000000001100000001111111100110000001100001100000000011111111111000000011000000000110000000111000111110000001110000001111111111111100011111111100000000011111111111000000001111111111111000000001111111111000000
111111111111111111111111111111111111111111111111111111111111111111111111111111111111111111111111111110011111110000000011001111110011110011111111100000000000111111100111111111001111111000111000001111110001111110000000000000011100000000011111111100000000000111111110000000000000111111110000000000111111
000000000000000000000000000000000000000000000000000000000000000000000000000000000000000000000000000001100000001111111100110000001100001100000000011111111111000000011000000000110000000111000111110000001110000001111111111111100011111111100000000011111111111000000001111111111111000000001111111111000000
000000000000000000000000000000000000000000000000000000000000000000000000000000000000000000000000000010011111110000000011001111110011110011111111100000000000111111100111111111001111111000111000001111110001111110000000000000011100000000011111111100000000000111111110000000000000111111110000000000111111
111111111111111111111111111111111111111111111111111111111111111111111111111111111111111111111111111101100000001111111100110000001100001100000000011111111111000000011000000000110000000111000111110000001110000001111111111111100011111111100000000011111111111000000001111111111111000000001111111111000000
000000000000000000000000000000000000000000000000000000000000000000000000000000000000000000000000000010011111110000000011001111110011110011111111100000000000111111100111111111001111111000111000001111110001111110000000000000011100000000011111111100000000000111111110000000000000111111110000000000111111
000000000000000000000000000000000000000000000000000000000000000000000000000000000000000000000000000001100000001111111100110000001100001100000000011111111111000000011000000000110000000111000111110000001110000001111111111111100011111111100000000011111111111000000001111111111111000000001111111111000000
111111111111111111111111111111111111111111111111111111111111111111111111111111111111111111111111111100011111110000000000001111110000000011111111100000000000111111100000000000001111111000000000001111110001111110000000000000011100000000011111111100000000000111111110000000000000111111110000000000111111
000000000000000000000000000000000000000000000000000000000000000000000000000000000000000000000000000011100000001111111111110000001111111100000000011111111111000000011111111111110000000111111111110000001110000001111111111111100011111111100000000011111111111000000001111111111111000000001111111111000000
111111111111111111111111111111111111111111111111111111111111111111111111111111111111111111111111111100011111110000000000001111110000000011111111100000000000111111100000000000001111111000000000001111110001111110000000000000011100000000011111111100000000000111111110000000000000111111110000000000111111
000000000000000000000000000000000000000000000000000000000000000000000000000000000000000000000000000011100000001111111111110000001111111100000000011111111111000000011111111111110000000111111111110000001110000001111111111111100011111111100000000011111111111000000001111111111111000000001111111111000000
000000000000000000000000000000000000000000000000000000000000000000000000000000000000000000000000000000011111110000000000001111110000000011111111100000000000111111100000000000001111111000000000001111110001111110000000000000011100000000011111111100000000000111111110000000000000111111110000000000111111
111111111111111111111111111111111111111111111111111111111111111111111111111111111111111111111111111111100000001111111111110000001111111100000000011111111111000000011111111111110000000111111111110000001110000001111111111111100011111111100000000011111111111000000001111111111111000000001111111111000000
000000000000000000000000000000000000000000000000000000000000000000000000000000000000000000000000000000011111110000000000001111110000000011111111100000000000111111100000000000001111111000000000001111110001111110000000000000011100000000011111111100000000000111111110000000000000111111110000000000111111
000000000000000000000000000000000000000000000000000000000000000000000000000000000000000000000000000010000000000000000011000000000011110000000000000000000000000000000111111111000000000000111000000000000000000000000000000000000000000000000000000000000000000000000000000000000000000000000000000000000000
111111111111111111111111111111111111111111111111111111111111111111111111111111111111111111111111111101111111111111111100111111111100001111111111111111111111111111111000000000111111111111000111111111111111111111111111111111111111111111111111111111111111111111111111111111111111111111111111111111111111
000000000000000000000000000000000000000000000000000000000000000000000000000000000000000000000000000000000000000000000000000000000000000000000000000000000000000000000000000000000000000000000000000000000000000000000000000000000000000000000000000000000000000000000000000000000000000000000000000000000000
000000000000000000000000000000000000000000000000000000000000000000000000000000000000000000000000000011111111111111111111111111111111111111111111111111111111111111111111111111111111111111111111111111111111111111111111111111111111111111111111111111111111111111111111111111111111111111111111111111111111
111111111111111111111111111111111111111111111111111111111111111111111111111111111111111111111111111100000000000000000000000000000000000000000000000000000000000000000000000000000000000000000000000000000000000000000000000000000000000000000000000000000000000000000000000000000000000000000000000000000000
000000000000000000000000000000000000000000000000000000000000000000000000000000000000000000000000000011111111111111111111111111111111111111111111111111111111111111111111111111111111111111111111111111111111111111111111111111111111111111111111111111111111111111111111111111111111111111111111111111111111
000000000000000000000000000000000000000000000000000000000000000000000000000000000000000000000000000000000000000000000000000000000000000000000000000000000000000000000000000000000000000000000000000000000000000000000000000000000000000000000000000000000000000000000000000000000000000000000000000000000000
111111111111111111111111111111111111111111111111111111111111111111111111111111111111111111111111111111111111111111111111111111111111111111111111111111111111111111111111111111111111111111111111111111111111111111111111111111111111111111111111111111111111111111111111111111111111111111111111111111111111
000000000000000000000000000000000000000000000000000000000000000000000000000000000000000000000000000000000000000000000000000000000000000000000000000000000000000000000000000000000000000000000000000000000000000000000000000000000000000000000000000000000000000000000000000000000000000000000000000000000000
000000000000000000000000000000000000000000000000000000000000000000000000000000000000000000000000000000000000000000000000000000000000000000000000000000000000000000000000000000000000000000000000000000000000000000000000000000000000000000000000000000000000000000000000000000000000000000000000000000000000
000000000000000000000000000000000000000000000000000000000000000000000000000000000000000000000000000000000000000000000000000000000000000000000000000000000000000000000000000000000000000000000000000000000000000000000000000000000000000000000000000000000000000000000000000000000000000000000000000000000000
000000000000000000000000000000000000000000000000000000000000000000000000000000000000000000000000000000000000000000000000000000000000000000000000000000000000000000000000000000000000000000000000000000000000000000000000000000000000000000000000000000000000000000000000000000000000000000000000000000000000
000000000000000000000000000000000000000000000000000000000000000000000000000000000000000000000000000000000000000000000000000000000000000000000000000000000000000000000000000000000000000000000000000000000000000000000000000000000000000000000000000000000000000000000000000000000000000000000000000000000000
000000000000000000000000000000000000000000000000000000000000000000000000000000000000000000000000000000000000000000000000000000000000000000000000000000000000000000000000000000000000000000000000000000000000000000000000000000000000000000000000000000000000000000000000000000000000000000000000000000000000
000000000000000000000000000000000000000000000000000000000000000000000000000000000000000000000000000000000000000000000000000000000000000000000000000000000000000000000000000000000000000000000000000000000000000000000000000000000000000000000000000000000000000000000000000000000000000000000000000000000000
000000000000000000000000000000000000000000000000000000000000000000000000000000000000000000000000000000000000000000000000000000000000000000000000000000000000000000000000000000000000000000000000000000000000000000000000000000000000000000000000000000000000000000000000000000000000000000000000000000000000
000000000000000000000000000000000000000000000000000000000000000000000000000000000000000000000000000000000000000000000000000000000000000000000000000000000000000000000000000000000000000000000000000000000000000000000000000000000000000000000000000000000000000000000000000000000000000000000000000000000000
000000000000000000000000000000000000000000000000000000000000000000000000000000000000000000000000000000000000000000000000000000000000000000000000000000000000000000000000000000000000000000000000000000000000000000000000000000000000000000000000000000000000000000000000000000000000000000000000000000000000
111111111111111111111111111111111111111111111111111111111111111111111111111111111111111111111111111111111111111111111111111111111111111111111111111111111111111111111111111111111111111111111111111111111111111111111111111111111111111111111111111111111111111111111111111111111111111111111111111111111111
000000000000000000000000000000000000000000000000000000000000000000000000000000000000000000000000000000000000000000000000000000000000000000000000000000000000000000000000000000000000000000000000000000000000000000000000000000000000000000000000000000000000000000000000000000000000000000000000000000000000
000000000000000000000000000000000000000000000000000000000000000000000000000000000000000000000000000011111111111111111111111111111111111111111111111111111111111111111111111111111111111111111111111111111111111111111111111111111111111111111111111111111111111111111111111111111111111111111111111111111111
111111111111111111111111111111111111111111111111111111111111111111111111111111111111111111111111111100000000000000000000000000000000000000000000000000000000000000000000000000000000000000000000000000000000000000000000000000000000000000000000000000000000000000000000000000000000000000000000000000000000
000000000000000000000000000000000000000000000000000000000000000000000000000000000000000000000000000011111111111111111111111111111111111111111111111111111111111111111111111111111111111111111111111111111111111111111111111111111111111111111111111111111111111111111111111111111111111111111111111111111111
000000000000000000000000000000000000000000000000000000000000000000000000000000000000000000000000000000000000000000000000000000000000000000000000000000000000000000000000000000000000000000000000000000000000000000000000000000000000000000000000000000000000000000000000000000000000000000000000000000000000
111111111111111111111111111111111111111111111111111111111111111111111111111111111111111111111111111111111000000111111111111111110011111111110000111111111111111111111111111111100000000011111111111100011111111111111111111111111111111111111111111111111111111111111111111111111111111111111111111111111111
000000000000000000000000000000000000000000000000000000000000000000000000000000000000000000000000000000000111111000000000000000001100000000001111000000000000000000000000000000011111111100000000000011100000000000000000000000000000000000000000000000000000000000000000000000000000000000000000000000000000
000000000000000000000000000000000000000000000000000000000000000000000000000000000000000000000000000010000000000001111111000000000000111111000000001111111110000000000011111110000000000000111111100000000000000000000111111000000000000001110000000001111111110000000000011111111000000000000011111111000000
111111111111111111111111111111111111111111111111111111111111111111111111111111111111111111111111111101111111111110000000111111111111000000111111110000000001111111111100000001111111111111000000011111111111111111111000000111111111111110001111111110000000001111111111100000000111111111111100000000111111
000000000000000000000000000000000000000000000000000000000000000000000000000000000000000000000000000010000000000001111111000000000000111111000000001111111110000000000011111110000000000000111111100000000000000000000111111000000000000001110000000001111111110000000000011111111000000000000011111111000000
000000000000000000000000000000000000000000000000000000000000000000000000000000000000000000000000000001111111111110000000111111111111000000111111110000000001111111111100000001111111111111000000011111111111111111111000000111111111111110001111111110000000001111111111100000000111111111111100000000111111
111111111111111111111111111111111111111111111111111111111111111111111111111111111111111111111111111110000000000001111111000000000000111111000000001111111110000000000011111110000000000000111111100000000000000000000111111000000000000001110000000001111111110000000000011111111000000000000011111111000000
000000000000000000000000000000000000000000000000000000000000000000000000000000000000000000000000000001111111111110000000111111111111000000111111110000000001111111111100000001111111111111000000011111111111111111111000000111111111111110001111111110000000001111111111100000000111111111111100000000111111
111111111111111111111111111111111111111111111111111111111111111111111111111111111111111111111111111110000000000001111111000000000000111111000000001111111110000000000011111110000000000000111111100000000000000000000111111000000000000001110000000001111111110000000000011111111000000000000011111111000000
000000000000000000000000000000000000000000000000000000000000000000000000000000000000000000000000000001111000000110000000111111110011000000110000110000000001111111111100000001100000000011000000011100011111111111111000000111111111111110001111111110000000001111111111100000000111111111111100000000111111
000000000000000000000000000000000000000000000000000000000000000000000000000000000000000000000000000010000111111001111111000000001100111111001111001111111110000000000011111110011111111100111111100011100000000000000111111000000000000001110000000001111111110000000000011111111000000000000011111111000000
111111111111111111111111111111111111111111111111111111111111111111111111111111111111111111111111111101111000000110000000111111110011000000110000110000000001111111111100000001100000000011000000011100011111111111111000000111111111111110001111111110000000001111111111100000000111111111111100000000111111
000000000000000000000000000000000000000000000000000000000000000000000000000000000000000000000000000010000111111001111111000000001100111111001111001111111110000000000011111110011111111100111111100011100000000000000111111000000000000001110000000001111111110000000000011111111000000000000011111111000000
000000000000000000000000000000000000000000000000000000000000000000000000000000000000000000000000000001111000000110000000111111110011000000110000110000000001111111111100000001100000000011000000011100011111111111111000000111111111111110001111111110000000001111111111100000000111111111111100000000111111
111111111111111111111111111111111111111111111111111111111111111111111111111111111111111111111111111110000111111001111111000000001100111111001111001111111110000000000011111110011111111100111111100011100000000000000111111000000000000001110000000001111111110000000000011111111000000000000011111111000000
000000000000000000000000000000000000000000000000000000000000000000000000000000000000000000000000000001111000000110000000111111110011000000110000110000000001111111111100000001100000000011000000011100011111111111111000000111111111111110001111111110000000001111111111100000000111111111111100000000111111
000000000000000000000000000000000000000000000000000000000000000000000000000000000000000000000000000010000111111001111111000000001100111111001111001111111110000000000011111110011111111100111111100011100000000000000111111000000000000001110000000001111111110000000000011111111000000000000011111111000000
111111111111111111111111111111111111111111111111111111111111111111111111111111111111111111111111111101111000000110000000111111110011000000110000110000000001111111111100000001100000000011000000011100011111111111111000000111111111111110001111111110000000001111111111100000000111111111111100000000111111
000000000000000000000000000000000000000000000000000000000000000000000000000000000000000000000000000010000111111001111111000000001100111111001111001111111110000000000011111110011111111100111111100011100000000000000111111000000000000001110000000001111111110000000000011111111000000000000011111111000000
000000000000000000000000000000000000000000000000000000000000000000000000000000000000000000000000000000000000000000111100000000000000000100000000000011111000000000000000111000000000000000011111000000000000000000000000000000000000000000000000000000000000000000000000000000000000000000000000000000000000
111111111111111111111111111111111111111111111111111111111111111111111111111111111111111111111111111101111000000110000000111111110011000000110000110000000001111111111100000001100000000011000000011100011111111111111000000111111111111110001111111110000000001111111111100000000111111111111100000000111111
000000000000000000000000000000000000000000000000000000000000000000000000000000000000000000000000000010000111111001111111000000001100111111001111001111111110000000000011111110011111111100111111100011100000000000000111111000000000000001110000000001111111110000000000011111111000000000000011111111000000
000000000000000000000000000000000000000000000000000000000000000000000000000000000000000000000000000001111000000110000000111111110011000000110000110000000001111111111100000001100000000011000000011100011111111111111000000111111111111110001111111110000000001111111111100000000111111111111100000000111111
111111111111111111111111111111111111111111111111111111111111111111111111111111111111111111111111111110000111111001111111000000001100111111001111001111111110000000000011111110011111111100111111100011100000000000000111111000000000000001110000000001111111110000000000011111111000000000000011111111000000
000000000000000000000000000000000000000000000000000000000000000000000000000000000000000000000000000001111000000110000000111111110011000000110000110000000001111111111100000001100000000011000000011100011111111111111000000111111111111110001111111110000000001111111111100000000111111111111100000000111111
000000000000000000000000000000000000000000000000000000000000000000000000000000000000000000000000000010000111111001111111000000001100111111001111001111111110000000000011111110011111111100111111100011100000000000000111111000000000000001110000000001111111110000000000011111111000000000000011111111000000
111111111111111111111111111111111111111111111111111111111111111111111111111111111111111111111111111101111000000110000000111111110011000000110000110000000001111111111100000001100000000011000000011100011111111111111000000111111111111110001111111110000000001111111111100000000111111111111100000000111111
000000000000000000000000000000000000000000000000000000000000000000000000000000000000000000000000000010000111111001111111000000001100111111001111001111111110000000000011111110011111111100111111100011100000000000000111111000000000000001110000000001111111110000000000011111111000000000000011111111000000
000000000000000000000000000000000000000000000000000000000000000000000000000000000000000000000000000001111000000110000000111111110011000000110000110000000001111111111100000001100000000011000000011100011111111111111000000111111111111110001111111110000000001111111111100000000111111111111100000000111111
111111111111111111111111111111111111111111111111111111111111111111111111111111111111111111111111111110000000000001111111000000000000111111000000001111111110000000000011111110000000000000111111100000000000000000000111111000000000000001110000000001111111110000000000011111111000000000000011111111000000
000000000000000000000000000000000000000000000000000000000000000000000000000000000000000000000000000001111111111110000000111111111111000000111111110000000001111111111100000001111111111111000000011111111111111111111000000111111111111110001111111110000000001111111111100000000111111111111100000000111111
111111111111111111111111111111111111111111111111111111111111111111111111111111111111111111111111111110000000000001111111000000000000111111000000001111111110000000000011111110000000000000111111100000000000000000000111111000000000000001110000000001111111110000000000011111111000000000000011111111000000
000000000000000000000000000000000000000000000000000000000000000000000000000000000000000000000000000001111111111110000000111111111111000000111111110000000001111111111100000001111111111111000000011111111111111111111000000111111111111110001111111110000000001111111111100000000111111111111100000000111111
000000000000000000000000000000000000000000000000000000000000000000000000000000000000000000000000000010000000000001111111000000000000111111000000001111111110000000000011111110000000000000111111100000000000000000000111111000000000000001110000000001111111110000000000011111111000000000000011111111000000
111111111111111111111111111111111111111111111111111111111111111111111111111111111111111111111111111101111111111110000000111111111111000000111111110000000001111111111100000001111111111111000000011111111111111111111000000111111111111110001111111110000000001111111111100000000111111111111100000000111111
000000000000000000000000000000000000000000000000000000000000000000000000000000000000000000000000000010000000000001111111000000000000111111000000001111111110000000000011111110000000000000111111100000000000000000000111111000000000000001110000000001111111110000000000011111111000000000000011111111000000
000000000000000000000000000000000000000000000000000000000000000000000000000000000000000000000000000000000111111000000000000000001100000000001111000000000000000000000000000000011111111100000000000011100000000000000000000000000000000000000000000000000000000000000000000000000000000000000000000000000000
111111111111111111111111111111111111111111111111111111111111111111111111111111111111111111111111111111111000000111111111111111110011111111110000111111111111111111111111111111100000000011111111111100011111111111111111111111111111111111111111111111111111111111111111111111111111111111111111111111111111
000000000000000000000000000000000000000000000000000000000000000000000000000000000000000000000000000000000000000000000000000000000000000000000000000000000000000000000000000000000000000000000000000000000000000000000000000000000000000000000000000000000000000000000000000000000000000000000000000000000000
000000000000000000000000000000000000000000000000000000000000000000000000000000000000000000000000000011111111111111111111111111111111111111111111111111111111111111111111111111111111111111111111111111111111111111111111111111111111111111111111111111111111111111111111111111111111111111111111111111111111
111111111111111111111111111111111111111111111111111111111111111111111111111111111111111111111111111100000000000000000000000000000000000000000000000000000000000000000000000000000000000000000000000000000000000000000000000000000000000000000000000000000000000000000000000000000000000000000000000000000000
000000000000000000000000000000000000000000000000000000000000000000000000000000000000000000000000000011111111111111111111111111111111111111111111111111111111111111111111111111111111111111111111111111111111111111111111111111111111111111111111111111111111111111111111111111111111111111111111111111111111
000000000000000000000000000000000000000000000000000000000000000000000000000000000000000000000000000000000000000000000000000000000000000000000000000000000000000000000000000000000000000000000000000000000000000000000000000000000000000000000000000000000000000000000000000000000000000000000000000000000000
111111111111111111111111111111111111111111111111111111111111111111111111111111111111111111111111111111111111111111111111111111111111111111111111111111111111111111111111111111111111111111111111111111111111111111111111111111111111111111111111111111111111111111111111111111111111111111111111111111111111
000000000000000000000000000000000000000000000000000000000000000000000000000000000000000000000000000000000000000000000000000000000000000000000000000000000000000000000000000000000000000000000000000000000000000000000000000000000000000000000000000000000000000000000000000000000000000000000000000000000000
000000000000000000000000000000000000000000000000000000000000000000000000000000000000000000000000000000000000000000000000000000000000000000000000000000000000000000000000000000000000000000000000000000000000000000000000000000000000000000000000000000000000000000000000000000000000000000000000000000000000
000000000000000000000000000000000000000000000000000000000000000000000000000000000000000000000000000000000000000000000000000000000000000000000000000000000000000000000000000000000000000000000000000000000000000000000000000000000000000000000000000000000000000000000000000000000000000000000000000000000000
000000000000000000000000000000000000000000000000000000000000000000000000000000000000000000000000000000000000000000000000000000000000000000000000000000000000000000000000000000000000000000000000000000000000000000000000000000000000000000000000000000000000000000000000000000000000000000000000000000000000
000000000000000000000000000000000000000000000000000000000000000000000000000000000000000000000000000000000000000000000000000000000000000000000000000000000000000000000000000000000000000000000000000000000000000000000000000000000000000000000000000000000000000000000000000000000000000000000000000000000000
000000000000000000000000000000000000000000000000000000000000000000000000000000000000000000000000000000000000000000000000000000000000000000000000000000000000000000000000000000000000000000000000000000000000000000000000000000000000000000000000000000000000000000000000000000000000000000000000000000000000
000000000000000000000000000000000000000000000000000000000000000000000000000000000000000000000000000000000000000000000000000000000000000000000000000000000000000000000000000000000000000000000000000000000000000000000000000000000000000000000000000000000000000000000000000000000000000000000000000000000000
000000000000000000000000000000000000000000000000000000000000000000000000000000000000000000000000000000000000000000000000000000000000000000000000000000000000000000000000000000000000000000000000000000000000000000000000000000000000000000000000000000000000000000000000000000000000000000000000000000000000
000000000000000000000000000000000000000000000000000000000000000000000000000000000000000000000000000000000000000000000000000000000000000000000000000000000000000000000000000000000000000000000000000000000000000000000000000000000000000000000000000000000000000000000000000000000000000000000000000000000000
000000000000000000000000000000000000000000000000000000000000000000000000000000000000000000000000000000000000000000000000000000000000000000000000000000000000000000000000000000000000000000000000000000000000000000000000000000000000000000000000000000000000000000000000000000000000000000000000000000000000
111111111111111111111111111111111111111111111111111111111111111111111111111111111111111111111111111111111111111111111111111111111111111111111111111111111111111111111111111111111111111111111111111111111111111111111111111111111111111111111111111111111111111111111111111111111111111111111111111111111111
000000000000000000000000000000000000000000000000000000000000000000000000000000000000000000000000000000000000000000000000000000000000000000000000000000000000000000000000000000000000000000000000000000000000000000000000000000000000000000000000000000000000000000000000000000000000000000000000000000000000
000000000000000000000000000000000000000000000000000000000000000000000000000000000000000000000000000011111111111111111111111111111111111111111111111111111111111111111111111111111111111111111111111111111111111111111111111111111111111111111111111111111111111111111111111111111111111111111111111111111111
111111111111111111111111111111111111111111111111111111111111111111111111111111111111111111111111111100000000000000000000000000000000000000000000000000000000000000000000000000000000000000000000000000000000000000000000000000000000000000000000000000000000000000000000000000000000000000000000000000000000
000000000000000000000000000000000000000000000000000000000000000000000000000000000000000000000000000011111111111111111111111111111111111111111111111111111111111111111111111111111111111111111111111111111111111111111111111111111111111111111111111111111111111111111111111111111111111111111111111111111111
000000000000000000000000000000000000000000000000000000000000000000000000000000000000000000000000000000000000000000000000000000000000000000000000000000000000000000000000000000000000000000000000000000000000000000000000000000000000000000000000000000000000000000000000000000000000000000000000000000000000
111111111111111111111111111111111111111111111111111111111111111111111111111111111111111111111111111111111111111111100000011111111111111111001111111111000011111111111111111111111111111110000000001111111111111111111111111111111111111111111111111111111111111111111111111111111111111111111111111111111111
000000000000000000000000000000000000000000000000000000000000000000000000000000000000000000000000000000000000000000011111100000000000000000110000000000111100000000000000000000000000000001111111110000000000000000000000000000000000000000000000000000000000000000000000000000000000000000000000000000000000
000000000000000000000000000000000000000000000000000000000000000000000000000000000000000000000000000000011111111000000000000111111100000000000011111100000000111111111000000000001111111000000000000011110111111110000000000000011111100000000000000111000000000111111111000000000001111111100000000000001111
111111111111111111111111111111111111111111111111111111111111111111111111111111111111111111111111111111100000000111111111111000000011111111111100000011111111000000000111111111110000000111111111111100001000000001111111111111100000011111111111111000111111111000000000111111111110000000011111111111110000
000000000000000000000000000000000000000000000000000000000000000000000000000000000000000000000000000000011111111000000000000111111100000000000011111100000000111111111000000000001111111000000000000011110111111110000000000000011111100000000000000111000000000111111111000000000001111111100000000000001111
000000000000000000000000000000000000000000000000000000000000000000000000000000000000000000000000000011100000000111111111111000000011111111111100000011111111000000000111111111110000000111111111111100001000000001111111111111100000011111111111111000111111111000000000111111111110000000011111111111110000
111111111111111111111111111111111111111111111111111111111111111111111111111111111111111111111111111100011111111000000000000111111100000000000011111100000000111111111000000000001111111000000000000011110111111110000000000000011111100000000000000111000000000111111111000000000001111111100000000000001111
000000000000000000000000000000000000000000000000000000000000000000000000000000000000000000000000000011100000000111111111111000000011111111111100000011111111000000000111111111110000000111111111111100001000000001111111111111100000011111111111111000111111111000000000111111111110000000011111111111110000
111111111111111111111111111111111111111111111111111111111111111111111111111111111111111111111111111100011111111000000000000111111100000000000011111100000000111111111000000000001111111000000000000011110111111110000000000000011111100000000000000111000000000111111111000000000001111111100000000000001111
000000000000000000000000000000000000000000000000000000000000000000000000000000000000000000000000000011100000000111100000011000000011111111001100000011000011000000000111111111110000000110000000001100001000000001111111111111100000011111111111111000111111111000000000111111111110000000011111111111110000
000000000000000000000000000000000000000000000000000000000000000000000000000000000000000000000000000000011111111000011111100111111100000000110011111100111100111111111000000000001111111001111111110011110111111110000000000000011111100000000000000111000000000111111111000000000001111111100000000000001111
111111111111111111111111111111111111111111111111111111111111111111111111111111111111111111111111111111100000000111100000011000000011111111001100000011000011000000000111111111110000000110000000001100001000000001111111111111100000011111111111111000111111111000000000111111111110000000011111111111110000
000000000000000000000000000000000000000000000000000000000000000000000000000000000000000000000000000000011111111000011111100111111100000000110011111100111100111111111000000000001111111001111111110011110111111110000000000000011111100000000000000111000000000111111111000000000001111111100000000000001111
000000000000000000000000000000000000000000000000000000000000000000000000000000000000000000000000000011100000000111100000011000000011111111001100000011000011000000000111111111110000000110000000001100001000000001111111111111100000011111111111111000111111111000000000111111111110000000011111111111110000
111111111111111111111111111111111111111111111111111111111111111111111111111111111111111111111111111100011111111000011111100111111100000000110011111100111100111111111000000000001111111001111111110011110111111110000000000000011111100000000000000111000000000111111111000000000001111111100000000000001111
000000000000000000000000000000000000000000000000000000000000000000000000000000000000000000000000000011100000000111100000011000000011111111001100000011000011000000000111111111110000000110000000001100001000000001111111111111100000011111111111111000111111111000000000111111111110000000011111111111110000
000000000000000000000000000000000000000000000000000000000000000000000000000000000000000000000000000000011111111000011111100111111100000000110011111100111100111111111000000000001111111001111111110011110111111110000000000000011111100000000000000111000000000111111111000000000001111111100000000000001111
111111111111111111111111111111111111111111111111111111111111111111111111111111111111111111111111111111100000000111100000011000000011111111001100000011000011000000000111111111110000000110000000001100001000000001111111111111100000011111111111111000111111111000000000111111111110000000011111111111110000
000000000000000000000000000000000000000000000000000000000000000000000000000000000000000000000000000000011111111000011111100111111100000000110011111100111100111111111000000000001111111001111111110011110111111110000000000000011111100000000000000111000000000111111111000000000001111111100000000000001111
000000000000000000000000000000000000000000000000000000000000000000000000000000000000000000000000000000000111100000000000000011110000000000000000010000000000001111100000000000000011100000000000000001110000000000000000000000000000000000000000000000000000000000000000000000000000000000000000000000000000
111111111111111111111111111111111111111111111111111111111111111111111111111111111111111111111111111111100000000111100000011000000011111111001100000011000011000000000111111111110000000110000000001100001000000001111111111111100000011111111111111000111111111000000000111111111110000000011111111111110000
000000000000000000000000000000000000000000000000000000000000000000000000000000000000000000000000000000011111111000011111100111111100000000110011111100111100111111111000000000001111111001111111110011110111111110000000000000011111100000000000000111000000000111111111000000000001111111100000000000001111
000000000000000000000000000000000000000000000000000000000000000000000000000000000000000000000000000011100000000111100000011000000011111111001100000011000011000000000111111111110000000110000000001100001000000001111111111111100000011111111111111000111111111000000000111111111110000000011111111111110000
111111111111111111111111111111111111111111111111111111111111111111111111111111111111111111111111111100011111111000011111100111111100000000110011111100111100111111111000000000001111111001111111110011110111111110000000000000011111100000000000000111000000000111111111000000000001111111100000000000001111
000000000000000000000000000000000000000000000000000000000000000000000000000000000000000000000000000011100000000111100000011000000011111111001100000011000011000000000111111111110000000110000000001100001000000001111111111111100000011111111111111000111111111000000000111111111110000000011111111111110000
000000000000000000000000000000000000000000000000000000000000000000000000000000000000000000000000000000011111111000011111100111111100000000110011111100111100111111111000000000001111111001111111110011110111111110000000000000011111100000000000000111000000000111111111000000000001111111100000000000001111
111111111111111111111111111111111111111111111111111111111111111111111111111111111111111111111111111111100000000111100000011000000011111111001100000011000011000000000111111111110000000110000000001100001000000001111111111111100000011111111111111000111111111000000000111111111110000000011111111111110000
000000000000000000000000000000000000000000000000000000000000000000000000000000000000000000000000000000011111111000011111100111111100000000110011111100111100111111111000000000001111111001111111110011110111111110000000000000011111100000000000000111000000000111111111000000000001111111100000000000001111
000000000000000000000000000000000000000000000000000000000000000000000000000000000000000000000000000011100000000111100000011000000011111111001100000011000011000000000111111111110000000110000000001100001000000001111111111111100000011111111111111000111111111000000000111111111110000000011111111111110000
111111111111111111111111111111111111111111111111111111111111111111111111111111111111111111111111111100011111111000000000000111111100000000000011111100000000111111111000000000001111111000000000000011110111111110000000000000011111100000000000000111000000000111111111000000000001111111100000000000001111
000000000000000000000000000000000000000000000000000000000000000000000000000000000000000000000000000011100000000111111111111000000011111111111100000011111111000000000111111111110000000111111111111100001000000001111111111111100000011111111111111000111111111000000000111111111110000000011111111111110000
111111111111111111111111111111111111111111111111111111111111111111111111111111111111111111111111111100011111111000000000000111111100000000000011111100000000111111111000000000001111111000000000000011110111111110000000000000011111100000000000000111000000000111111111000000000001111111100000000000001111
000000000000000000000000000000000000000000000000000000000000000000000000000000000000000000000000000011100000000111111111111000000011111111111100000011111111000000000111111111110000000111111111111100001000000001111111111111100000011111111111111000111111111000000000111111111110000000011111111111110000
000000000000000000000000000000000000000000000000000000000000000000000000000000000000000000000000000000011111111000000000000111111100000000000011111100000000111111111000000000001111111000000000000011110111111110000000000000011111100000000000000111000000000111111111000000000001111111100000000000001111
111111111111111111111111111111111111111111111111111111111111111111111111111111111111111111111111111111100000000111111111111000000011111111111100000011111111000000000111111111110000000111111111111100001000000001111111111111100000011111111111111000111111111000000000111111111110000000011111111111110000
000000000000000000000000000000000000000000000000000000000000000000000000000000000000000000000000000000011111111000000000000111111100000000000011111100000000111111111000000000001111111000000000000011110111111110000000000000011111100000000000000111000000000111111111000000000001111111100000000000001111
000000000000000000000000000000000000000000000000000000000000000000000000000000000000000000000000000000000000000000011111100000000000000000110000000000111100000000000000000000000000000001111111110000000000000000000000000000000000000000000000000000000000000000000000000000000000000000000000000000000000
111111111111111111111111111111111111111111111111111111111111111111111111111111111111111111111111111111111111111111100000011111111111111111001111111111000011111111111111111111111111111110000000001111111111111111111111111111111111111111111111111111111111111111111111111111111111111111111111111111111111
000000000000000000000000000000000000000000000000000000000000000000000000000000000000000000000000000000000000000000000000000000000000000000000000000000000000000000000000000000000000000000000000000000000000000000000000000000000000000000000000000000000000000000000000000000000000000000000000000000000000
000000000000000000000000000000000000000000000000000000000000000000000000000000000000000000000000000011111111111111111111111111111111111111111111111111111111111111111111111111111111111111111111111111111111111111111111111111111111111111111111111111111111111111111111111111111111111111111111111111111111
111111111111111111111111111111111111111111111111111111111111111111111111111111111111111111111111111100000000000000000000000000000000000000000000000000000000000000000000000000000000000000000000000000000000000000000000000000000000000000000000000000000000000000000000000000000000000000000000000000000000
000000000000000000000000000000000000000000000000000000000000000000000000000000000000000000000000000011111111111111111111111111111111111111111111111111111111111111111111111111111111111111111111111111111111111111111111111111111111111111111111111111111111111111111111111111111111111111111111111111111111
000000000000000000000000000000000000000000000000000000000000000000000000000000000000000000000000000000000000000000000000000000000000000000000000000000000000000000000000000000000000000000000000000000000000000000000000000000000000000000000000000000000000000000000000000000000000000000000000000000000000
111111111111111111111111111111111111111111111111111111111111111111111111111111111111111111111111111111111111111111111111111111111111111111111111111111111111111111111111111111111111111111111111111111111111111111111111111111111111111111111111111111111111111111111111111111111111111111111111111111111111
000000000000000000000000000000000000000000000000000000000000000000000000000000000000000000000000000000000000000000000000000000000000000000000000000000000000000000000000000000000000000000000000000000000000000000000000000000000000000000000000000000000000000000000000000000000000000000000000000000000000
000000000000000000000000000000000000000000000000000000000000000000000000000000000000000000000000000000000000000000000000000000000000000000000000000000000000000000000000000000000000000000000000000000000000000000000000000000000000000000000000000000000000000000000000000000000000000000000000000000000000
000000000000000000000000000000000000000000000000000000000000000000000000000000000000000000000000000000000000000000000000000000000000000000000000000000000000000000000000000000000000000000000000000000000000000000000000000000000000000000000000000000000000000000000000000000000000000000000000000000000000
000000000000000000000000000000000000000000000000000000000000000000000000000000000000000000000000000000000000000000000000000000000000000000000000000000000000000000000000000000000000000000000000000000000000000000000000000000000000000000000000000000000000000000000000000000000000000000000000000000000000
000000000000000000000000000000000000000000000000000000000000000000000000000000000000000000000000000000000000000000000000000000000000000000000000000000000000000000000000000000000000000000000000000000000000000000000000000000000000000000000000000000000000000000000000000000000000000000000000000000000000
000000000000000000000000000000000000000000000000000000000000000000000000000000000000000000000000000000000000000000000000000000000000000000000000000000000000000000000000000000000000000000000000000000000000000000000000000000000000000000000000000000000000000000000000000000000000000000000000000000000000
000000000000000000000000000000000000000000000000000000000000000000000000000000000000000000000000000000000000000000000000000000000000000000000000000000000000000000000000000000000000000000000000000000000000000000000000000000000000000000000000000000000000000000000000000000000000000000000000000000000000
000000000000000000000000000000000000000000000000000000000000000000000000000000000000000000000000000000000000000000000000000000000000000000000000000000000000000000000000000000000000000000000000000000000000000000000000000000000000000000000000000000000000000000000000000000000000000000000000000000000000
000000000000000000000000000000000000000000000000000000000000000000000000000000000000000000000000000000000000000000000000000000000000000000000000000000000000000000000000000000000000000000000000000000000000000000000000000000000000000000000000000000000000000000000000000000000000000000000000000000000000
000000000000000000000000000000000000000000000000000000000000000000000000000000000000000000000000000000000000000000000000000000000000000000000000000000000000000000000000000000000000000000000000000000000000000000000000000000000000000000000000000000000000000000000000000000000000000000000000000000000000
111111111111111111111111111111111111111111111111111111111111111111111111111111111111111111111111111111111111111111111111111111111111111111111111111111111111111111111111111111111111111111111111111111111111111111111111111111111111111111111111111111111111111111111111111111111111111111111111111111111111
000000000000000000000000000000000000000000000000000000000000000000000000000000000000000000000000000000000000000000000000000000000000000000000000000000000000000000000000000000000000000000000000000000000000000000000000000000000000000000000000000000000000000000000000000000000000000000000000000000000000
000000000000000000000000000000000000000000000000000000000000000000000000000000000000000000000000000011111111111111111111111111111111111111111111111111111111111111111111111111111111111111111111111111111111111111111111111111111111111111111111111111111111111111111111111111111111111111111111111111111111
111111111111111111111111111111111111111111111111111111111111111111111111111111111111111111111111111100000000000000000000000000000000000000000000000000000000000000000000000000000000000000000000000000000000000000000000000000000000000000000000000000000000000000000000000000000000000000000000000000000000
000000000000000000000000000000000000000000000000000000000000000000000000000000000000000000000000000011111111111111111111111111111111111111111111111111111111111111111111111111111111111111111111111111111111111111111111111111111111111111111111111111111111111111111111111111111111111111111111111111111111
000000000000000000000000000000000000000000000000000000000000000000000000000000000000000000000000000000000000000000000000000000000000000000000000000000000000000000000000000000000000000000000000000000000000000000000000000000000000000000000000000000000000000000000000000000000000000000000000000000000000
111111111111111111111111111111111111111111111111111111111111111111111111111111111111111111111111111111111111111111111111111110000001111111111111111100111111111100001111111111111111111111111111111000001111111111111111111111111111111111111111111111111111111111111111111111111111111111111111111111111111
000000000000000000000000000000000000000000000000000000000000000000000000000000000000000000000000000000000000000000000000000001111110000000000000000011000000000011110000000000000000000000000000000111110000000000000000000000000000000000000000000000000000000000000000000000000000000000000000000000000000
000000000000000000000000000000000000000000000000000000000000000000000000000000000000000000000000000011000000000001111111100000000000011111110000000000001111110000000011111111100000000000111111100000001100000000011111111000000000000001111110000000000000011100000000011111111100000000000111111110000000
111111111111111111111111111111111111111111111111111111111111111111111111111111111111111111111111111100111111111110000000011111111111100000001111111111110000001111111100000000011111111111000000011111110011111111100000000111111111111110000001111111111111100011111111100000000011111111111000000001111111
000000000000000000000000000000000000000000000000000000000000000000000000000000000000000000000000000011000000000001111111100000000000011111110000000000001111110000000011111111100000000000111111100000001100000000011111111000000000000001111110000000000000011100000000011111111100000000000111111110000000
000000000000000000000000000000000000000000000000000000000000000000000000000000000000000000000000000000111111111110000000011111111111100000001111111111110000001111111100000000011111111111000000011111110011111111100000000111111111111110000001111111111111100011111111100000000011111111111000000001111111
111111111111111111111111111111111111111111111111111111111111111111111111111111111111111111111111111111000000000001111111100000000000011111110000000000001111110000000011111111100000000000111111100000001100000000011111111000000000000001111110000000000000011100000000011111111100000000000111111110000000
000000000000000000000000000000000000000000000000000000000000000000000000000000000000000000000000000000111111111110000000011111111111100000001111111111110000001111111100000000011111111111000000011111110011111111100000000111111111111110000001111111111111100011111111100000000011111111111000000001111111
111111111111111111111111111111111111111111111111111111111111111111111111111111111111111111111111111111000000000001111111100000000000011111110000000000001111110000000011111111100000000000111111100000001100000000011111111000000000000001111110000000000000011100000000011111111100000000000111111110000000
000000000000000000000000000000000000000000000000000000000000000000000000000000000000000000000000000000111111111110000000011110000001100000001111111100110000001100001100000000011111111111000000011000000011111111100000000111111111111110000001111111111111100011111111100000000011111111111000000001111111
000000000000000000000000000000000000000000000000000000000000000000000000000000000000000000000000000011000000000001111111100001111110011111110000000011001111110011110011111111100000000000111111100111111100000000011111111000000000000001111110000000000000011100000000011111111100000000000111111110000000
111111111111111111111111111111111111111111111111111111111111111111111111111111111111111111111111111100111111111110000000011110000001100000001111111100110000001100001100000000011111111111000000011000000011111111100000000111111111111110000001111111111111100011111111100000000011111111111000000001111111
000000000000000000000000000000000000000000000000000000000000000000000000000000000000000000000000000011000000000001111111100001111110011111110000000011001111110011110011111111100000000000111111100111111100000000011111111000000000000001111110000000000000011100000000011111111100000000000111111110000000
000000000000000000000000000000000000000000000000000000000000000000000000000000000000000000000000000000111111111110000000011110000001100000001111111100110000001100001100000000011111111111000000011000000011111111100000000111111111111110000001111111111111100011111111100000000011111111111000000001111111
111111111111111111111111111111111111111111111111111111111111111111111111111111111111111111111111111111000000000001111111100001111110011111110000000011001111110011110011111111100000000000111111100111111100000000011111111000000000000001111110000000000000011100000000011111111100000000000111111110000000
000000000000000000000000000000000000000000000000000000000000000000000000000000000000000000000000000000111111111110000000011110000001100000001111111100110000001100001100000000011111111111000000011000000011111111100000000111111111111110000001111111111111100011111111100000000011111111111000000001111111
000000000000000000000000000000000000000000000000000000000000000000000000000000000000000000000000000011000000000001111111100001111110011111110000000011001111110011110011111111100000000000111111100111111100000000011111111000000000000001111110000000000000011100000000011111111100000000000111111110000000
111111111111111111111111111111111111111111111111111111111111111111111111111111111111111111111111111100111111111110000000011110000001100000001111111100110000001100001100000000011111111111000000011000000011111111100000000111111111111110000001111111111111100011111111100000000011111111111000000001111111
000000000000000000000000000000000000000000000000000000000000000000000000000000000000000000000000000011000000000001111111100001111110011111110000000011001111110011110011111111100000000000111111100111111100000000011111111000000000000001111110000000000000011100000000011111111100000000000111111110000000
000000000000000000000000000000000000000000000000000000000000000000000000000000000000000000000000000000000000000000011110000000000000001111000000000000000001000000000000111110000000000000001110000000000000000000000000000000000000000000000000000000000000000000000000000000000000000000000000000000000000
111111111111111111111111111111111111111111111111111111111111111111111111111111111111111111111111111100111111111110000000011110000001100000001111111100110000001100001100000000011111111111000000011000000011111111100000000111111111111110000001111111111111100011111111100000000011111111111000000001111111
000000000000000000000000000000000000000000000000000000000000000000000000000000000000000000000000000011000000000001111111100001111110011111110000000011001111110011110011111111100000000000111111100111111100000000011111111000000000000001111110000000000000011100000000011111111100000000000111111110000000
000000000000000000000000000000000000000000000000000000000000000000000000000000000000000000000000000000111111111110000000011110000001100000001111111100110000001100001100000000011111111111000000011000000011111111100000000111111111111110000001111111111111100011111111100000000011111111111000000001111111
111111111111111111111111111111111111111111111111111111111111111111111111111111111111111111111111111111000000000001111111100001111110011111110000000011001111110011110011111111100000000000111111100111111100000000011111111000000000000001111110000000000000011100000000011111111100000000000111111110000000
000000000000000000000000000000000000000000000000000000000000000000000000000000000000000000000000000000111111111110000000011110000001100000001111111100110000001100001100000000011111111111000000011000000011111111100000000111111111111110000001111111111111100011111111100000000011111111111000000001111111
000000000000000000000000000000000000000000000000000000000000000000000000000000000000000000000000000011000000000001111111100001111110011111110000000011001111110011110011111111100000000000111111100111111100000000011111111000000000000001111110000000000000011100000000011111111100000000000111111110000000
111111111111111111111111111111111111111111111111111111111111111111111111111111111111111111111111111100111111111110000000011110000001100000001111111100110000001100001100000000011111111111000000011000000011111111100000000111111111111110000001111111111111100011111111100000000011111111111000000001111111
000000000000000000000000000000000000000000000000000000000000000000000000000000000000000000000000000011000000000001111111100001111110011111110000000011001111110011110011111111100000000000111111100111111100000000011111111000000000000001111110000000000000011100000000011111111100000000000111111110000000
000000000000000000000000000000000000000000000000000000000000000000000000000000000000000000000000000000111111111110000000011110000001100000001111111100110000001100001100000000011111111111000000011000000011111111100000000111111111111110000001111111111111100011111111100000000011111111111000000001111111
111111111111111111111111111111111111111111111111111111111111111111111111111111111111111111111111111111000000000001111111100000000000011111110000000000001111110000000011111111100000000000111111100000001100000000011111111000000000000001111110000000000000011100000000011111111100000000000111111110000000
000000000000000000000000000000000000000000000000000000000000000000000000000000000000000000000000000000111111111110000000011111111111100000001111111111110000001111111100000000011111111111000000011111110011111111100000000111111111111110000001111111111111100011111111100000000011111111111000000001111111
111111111111111111111111111111111111111111111111111111111111111111111111111111111111111111111111111111000000000001111111100000000000011111110000000000001111110000000011111111100000000000111111100000001100000000011111111000000000000001111110000000000000011100000000011111111100000000000111111110000000
000000000000000000000000000000000000000000000000000000000000000000000000000000000000000000000000000000111111111110000000011111111111100000001111111111110000001111111100000000011111111111000000011111110011111111100000000111111111111110000001111111111111100011111111100000000011111111111000000001111111
000000000000000000000000000000000000000000000000000000000000000000000000000000000000000000000000000011000000000001111111100000000000011111110000000000001111110000000011111111100000000000111111100000001100000000011111111000000000000001111110000000000000011100000000011111111100000000000111111110000000
111111111111111111111111111111111111111111111111111111111111111111111111111111111111111111111111111100111111111110000000011111111111100000001111111111110000001111111100000000011111111111000000011111110011111111100000000111111111111110000001111111111111100011111111100000000011111111111000000001111111
000000000000000000000000000000000000000000000000000000000000000000000000000000000000000000000000000011000000000001111111100000000000011111110000000000001111110000000011111111100000000000111111100000001100000000011111111000000000000001111110000000000000011100000000011111111100000000000111111110000000
000000000000000000000000000000000000000000000000000000000000000000000000000000000000000000000000000000000000000000000000000001111110000000000000000011000000000011110000000000000000000000000000000111110000000000000000000000000000000000000000000000000000000000000000000000000000000000000000000000000000
111111111111111111111111111111111111111111111111111111111111111111111111111111111111111111111111111111111111111111111111111110000001111111111111111100111111111100001111111111111111111111111111111000001111111111111111111111111111111111111111111111111111111111111111111111111111111111111111111111111111
000000000000000000000000000000000000000000000000000000000000000000000000000000000000000000000000000000000000000000000000000000000000000000000000000000000000000000000000000000000000000000000000000000000000000000000000000000000000000000000000000000000000000000000000000000000000000000000000000000000000
000000000000000000000000000000000000000000000000000000000000000000000000000000000000000000000000000011111111111111111111111111111111111111111111111111111111111111111111111111111111111111111111111111111111111111111111111111111111111111111111111111111111111111111111111111111111111111111111111111111111
111111111111111111111111111111111111111111111111111111111111111111111111111111111111111111111111111100000000000000000000000000000000000000000000000000000000000000000000000000000000000000000000000000000000000000000000000000000000000000000000000000000000000000000000000000000000000000000000000000000000
000000000000000000000000000000000000000000000000000000000000000000000000000000000000000000000000000011111111111111111111111111111111111111111111111111111111111111111111111111111111111111111111111111111111111111111111111111111111111111111111111111111111111111111111111111111111111111111111111111111111
000000000000000000000000000000000000000000000000000000000000000000000000000000000000000000000000000000000000000000000000000000000000000000000000000000000000000000000000000000000000000000000000000000000000000000000000000000000000000000000000000000000000000000000000000000000000000000000000000000000000
111111111111111111111111111111111111111111111111111111111111111111111111111111111111111111111111111111111111111111111111111111111111111111111111111111111111111111111111111111111111111111111111111111111111111111111111111111111111111111111111111111111111111111111111111111111111111111111111111111111111
000000000000000000000000000000000000000000000000000000000000000000000000000000000000000000000000000000000000000000000000000000000000000000000000000000000000000000000000000000000000000000000000000000000000000000000000000000000000000000000000000000000000000000000000000000000000000000000000000000000000
000000000000000000000000000000000000000000000000000000000000000000000000000000000000000000000000000000000000000000000000000000000000000000000000000000000000000000000000000000000000000000000000000000000000000000000000000000000000000000000000000000000000000000000000000000000000000000000000000000000000
000000000000000000000000000000000000000000000000000000000000000000000000000000000000000000000000000000000000000000000000000000000000000000000000000000000000000000000000000000000000000000000000000000000000000000000000000000000000000000000000000000000000000000000000000000000000000000000000000000000000
000000000000000000000000000000000000000000000000000000000000000000000000000000000000000000000000000000000000000000000000000000000000000000000000000000000000000000000000000000000000000000000000000000000000000000000000000000000000000000000000000000000000000000000000000000000000000000000000000000000000
000000000000000000000000000000000000000000000000000000000000000000000000000000000000000000000000000000000000000000000000000000000000000000000000000000000000000000000000000000000000000000000000000000000000000000000000000000000000000000000000000000000000000000000000000000000000000000000000000000000000
000000000000000000000000000000000000000000000000000000000000000000000000000000000000000000000000000000000000000000000000000000000000000000000000000000000000000000000000000000000000000000000000000000000000000000000000000000000000000000000000000000000000000000000000000000000000000000000000000000000000
000000000000000000000000000000000000000000000000000000000000000000000000000000000000000000000000000000000000000000000000000000000000000000000000000000000000000000000000000000000000000000000000000000000000000000000000000000000000000000000000000000000000000000000000000000000000000000000000000000000000
000000000000000000000000000000000000000000000000000000000000000000000000000000000000000000000000000000000000000000000000000000000000000000000000000000000000000000000000000000000000000000000000000000000000000000000000000000000000000000000000000000000000000000000000000000000000000000000000000000000000
000000000000000000000000000000000000000000000000000000000000000000000000000000000000000000000000000000000000000000000000000000000000000000000000000000000000000000000000000000000000000000000000000000000000000000000000000000000000000000000000000000000000000000000000000000000000000000000000000000000000
000000000000000000000000000000000000000000000000000000000000000000000000000000000000000000000000000000000000000000000000000000000000000000000000000000000000000000000000000000000000000000000000000000000000000000000000000000000000000000000000000000000000000000000000000000000000000000000000000000000000
111111111111111111111111111111111111111111111111111111111111111111111111111111111111111111111111111111111111111111111111111111111111111111111111111111111111111111111111111111111111111111111111111111111111111111111111111111111111111111111111111111111111111111111111111111111111111111111111111111111111
000000000000000000000000000000000000000000000000000000000000000000000000000000000000000000000000000000000000000000000000000000000000000000000000000000000000000000000000000000000000000000000000000000000000000000000000000000000000000000000000000000000000000000000000000000000000000000000000000000000000
000000000000000000000000000000000000000000000000000000000000000000000000000000000000000000000000000011111111111111111111111111111111111111111111111111111111111111111111111111111111111111111111111111111111111111111111111111111111111111111111111111111111111111111111111111111111111111111111111111111111
111111111111111111111111111111111111111111111111111111111111111111111111111111111111111111111111111100000000000000000000000000000000000000000000000000000000000000000000000000000000000000000000000000000000000000000000000000000000000000000000000000000000000000000000000000000000000000000000000000000000
000000000000000000000000000000000000000000000000000000000000000000000000000000000000000000000000000011111111111111111111111111111111111111111111111111111111111111111111111111111111111111111111111111111111111111111111111111111111111111111111111111111111111111111111111111111111111111111111111111111111
000000000000000000000000000000000000000000000000000000000000000000000000000000000000000000000000000000000000000000000000000000000000000000000000000000000000000000000000000000000000000000000000000000000000000000000000000000000000000000000000000000000000000000000000000000000000000000000000000000000000
111111111111111111111111111111111111111111111111111111111111111111111111111111111111111111111111111100111111111111111111111111111111111000000111111111111111110011111111110000111111111111111111111111111111111111111111111111111111111111111111111111111111111111111111111111111111111111111111111111111111
000000000000000000000000000000000000000000000000000000000000000000000000000000000000000000000000000011000000000000000000000000000000000111111000000000000000001100000000001111000000000000000000000000000000000000000000000000000000000000000000000000000000000000000000000000000000000000000000000000000000
000000000000000000000000000000000000000000000000000000000000000000000000000000000000000000000000000000001111111100000000000111111110000000000001111111000000000000111111000000001111111110000000000011110000011111110000000001111111100000000000000111111000000000000001110000000001111111110000000000011111
111111111111111111111111111111111111111111111111111111111111111111111111111111111111111111111111111111110000000011111111111000000001111111111110000000111111111111000000111111110000000001111111111100001111100000001111111110000000011111111111111000000111111111111110001111111110000000001111111111100000
000000000000000000000000000000000000000000000000000000000000000000000000000000000000000000000000000000001111111100000000000111111110000000000001111111000000000000111111000000001111111110000000000011110000011111110000000001111111100000000000000111111000000000000001110000000001111111110000000000011111
000000000000000000000000000000000000000000000000000000000000000000000000000000000000000000000000000011110000000011111111111000000001111111111110000000111111111111000000111111110000000001111111111100001111100000001111111110000000011111111111111000000111111111111110001111111110000000001111111111100000
111111111111111111111111111111111111111111111111111111111111111111111111111111111111111111111111111100001111111100000000000111111110000000000001111111000000000000111111000000001111111110000000000011110000011111110000000001111111100000000000000111111000000000000001110000000001111111110000000000011111
000000000000000000000000000000000000000000000000000000000000000000000000000000000000000000000000000011110000000011111111111000000001111111111110000000111111111111000000111111110000000001111111111100001111100000001111111110000000011111111111111000000111111111111110001111111110000000001111111111100000
111111111111111111111111111111111111111111111111111111111111111111111111111111111111111111111111111100001111111100000000000111111110000000000001111111000000000000111111000000001111111110000000000011110000011111110000000001111111100000000000000111111000000000000001110000000001111111110000000000011111
000000000000000000000000000000000000000000000000000000000000000000000000000000000000000000000000000000110000000011111111111000000001111000000110000000111111110011000000110000110000000001111111111100001111100000001111111110000000011111111111111000000111111111111110001111111110000000001111111111100000
000000000000000000000000000000000000000000000000000000000000000000000000000000000000000000000000000011001111111100000000000111111110000111111001111111000000001100111111001111001111111110000000000011110000011111110000000001111111100000000000000111111000000000000001110000000001111111110000000000011111
111111111111111111111111111111111111111111111111111111111111111111111111111111111111111111111111111100110000000011111111111000000001111000000110000000111111110011000000110000110000000001111111111100001111100000001111111110000000011111111111111000000111111111111110001111111110000000001111111111100000
000000000000000000000000000000000000000000000000000000000000000000000000000000000000000000000000000011001111111100000000000111111110000111111001111111000000001100111111001111001111111110000000000011110000011111110000000001111111100000000000000111111000000000000001110000000001111111110000000000011111
000000000000000000000000000000000000000000000000000000000000000000000000000000000000000000000000000000110000000011111111111000000001111000000110000000111111110011000000110000110000000001111111111100001111100000001111111110000000011111111111111000000111111111111110001111111110000000001111111111100000
111111111111111111111111111111111111111111111111111111111111111111111111111111111111111111111111111111001111111100000000000111111110000111111001111111000000001100111111001111001111111110000000000011110000011111110000000001111111100000000000000111111000000000000001110000000001111111110000000000011111
000000000000000000000000000000000000000000000000000000000000000000000000000000000000000000000000000000110000000011111111111000000001111000000110000000111111110011000000110000110000000001111111111100001111100000001111111110000000011111111111111000000111111111111110001111111110000000001111111111100000
000000000000000000000000000000000000000000000000000000000000000000000000000000000000000000000000000011001111111100000000000111111110000111111001111111000000001100111111001111001111111110000000000011110000011111110000000001111111100000000000000111111000000000000001110000000001111111110000000000011111
111111111111111111111111111111111111111111111111111111111111111111111111111111111111111111111111111100110000000011111111111000000001111000000110000000111111110011000000110000110000000001111111111100001111100000001111111110000000011111111111111000000111111111111110001111111110000000001111111111100000
000000000000000000000000000000000000000000000000000000000000000000000000000000000000000000000000000011001111111100000000000111111110000111111001111111000000001100111111001111001111111110000000000011110000011111110000000001111111100000000000000111111000000000000001110000000001111111110000000000011111
000000000000000000000000000000000000000000000000000000000000000000000000000000000000000000000000000000000001100000000000000001111000000000000000111100000000000000000100000000000011111000000000000000110000000000000000000000000000000000000000000000000000000000000000000000000000000000000000000000000000
111111111111111111111111111111111111111111111111111111111111111111111111111111111111111111111111111100110000000011111111111000000001111000000110000000111111110011000000110000110000000001111111111100001111100000001111111110000000011111111111111000000111111111111110001111111110000000001111111111100000
000000000000000000000000000000000000000000000000000000000000000000000000000000000000000000000000000011001111111100000000000111111110000111111001111111000000001100111111001111001111111110000000000011110000011111110000000001111111100000000000000111111000000000000001110000000001111111110000000000011111
000000000000000000000000000000000000000000000000000000000000000000000000000000000000000000000000000000110000000011111111111000000001111000000110000000111111110011000000110000110000000001111111111100001111100000001111111110000000011111111111111000000111111111111110001111111110000000001111111111100000
111111111111111111111111111111111111111111111111111111111111111111111111111111111111111111111111111111001111111100000000000111111110000111111001111111000000001100111111001111001111111110000000000011110000011111110000000001111111100000000000000111111000000000000001110000000001111111110000000000011111
000000000000000000000000000000000000000000000000000000000000000000000000000000000000000000000000000000110000000011111111111000000001111000000110000000111111110011000000110000110000000001111111111100001111100000001111111110000000011111111111111000000111111111111110001111111110000000001111111111100000
000000000000000000000000000000000000000000000000000000000000000000000000000000000000000000000000000011001111111100000000000111111110000111111001111111000000001100111111001111001111111110000000000011110000011111110000000001111111100000000000000111111000000000000001110000000001111111110000000000011111
111111111111111111111111111111111111111111111111111111111111111111111111111111111111111111111111111100110000000011111111111000000001111000000110000000111111110011000000110000110000000001111111111100001111100000001111111110000000011111111111111000000111111111111110001111111110000000001111111111100000
000000000000000000000000000000000000000000000000000000000000000000000000000000000000000000000000000011001111111100000000000111111110000111111001111111000000001100111111001111001111111110000000000011110000011111110000000001111111100000000000000111111000000000000001110000000001111111110000000000011111
000000000000000000000000000000000000000000000000000000000000000000000000000000000000000000000000000000110000000011111111111000000001111000000110000000111111110011000000110000110000000001111111111100001111100000001111111110000000011111111111111000000111111111111110001111111110000000001111111111100000
111111111111111111111111111111111111111111111111111111111111111111111111111111111111111111111111111100001111111100000000000111111110000000000001111111000000000000111111000000001111111110000000000011110000011111110000000001111111100000000000000111111000000000000001110000000001111111110000000000011111
000000000000000000000000000000000000000000000000000000000000000000000000000000000000000000000000000011110000000011111111111000000001111111111110000000111111111111000000111111110000000001111111111100001111100000001111111110000000011111111111111000000111111111111110001111111110000000001111111111100000
111111111111111111111111111111111111111111111111111111111111111111111111111111111111111111111111111100001111111100000000000111111110000000000001111111000000000000111111000000001111111110000000000011110000011111110000000001111111100000000000000111111000000000000001110000000001111111110000000000011111
000000000000000000000000000000000000000000000000000000000000000000000000000000000000000000000000000011110000000011111111111000000001111111111110000000111111111111000000111111110000000001111111111100001111100000001111111110000000011111111111111000000111111111111110001111111110000000001111111111100000
000000000000000000000000000000000000000000000000000000000000000000000000000000000000000000000000000000001111111100000000000111111110000000000001111111000000000000111111000000001111111110000000000011110000011111110000000001111111100000000000000111111000000000000001110000000001111111110000000000011111
111111111111111111111111111111111111111111111111111111111111111111111111111111111111111111111111111111110000000011111111111000000001111111111110000000111111111111000000111111110000000001111111111100001111100000001111111110000000011111111111111000000111111111111110001111111110000000001111111111100000
000000000000000000000000000000000000000000000000000000000000000000000000000000000000000000000000000000001111111100000000000111111110000000000001111111000000000000111111000000001111111110000000000011110000011111110000000001111111100000000000000111111000000000000001110000000001111111110000000000011111
000000000000000000000000000000000000000000000000000000000000000000000000000000000000000000000000000011000000000000000000000000000000000111111000000000000000001100000000001111000000000000000000000000000000000000000000000000000000000000000000000000000000000000000000000000000000000000000000000000000000
111111111111111111111111111111111111111111111111111111111111111111111111111111111111111111111111111100111111111111111111111111111111111000000111111111111111110011111111110000111111111111111111111111111111111111111111111111111111111111111111111111111111111111111111111111111111111111111111111111111111
000000000000000000000000000000000000000000000000000000000000000000000000000000000000000000000000000000000000000000000000000000000000000000000000000000000000000000000000000000000000000000000000000000000000000000000000000000000000000000000000000000000000000000000000000000000000000000000000000000000000
000000000000000000000000000000000000000000000000000000000000000000000000000000000000000000000000000011111111111111111111111111111111111111111111111111111111111111111111111111111111111111111111111111111111111111111111111111111111111111111111111111111111111111111111111111111111111111111111111111111111
111111111111111111111111111111111111111111111111111111111111111111111111111111111111111111111111111100000000000000000000000000000000000000000000000000000000000000000000000000000000000000000000000000000000000000000000000000000000000000000000000000000000000000000000000000000000000000000000000000000000
000000000000000000000000000000000000000000000000000000000000000000000000000000000000000000000000000011111111111111111111111111111111111111111111111111111111111111111111111111111111111111111111111111111111111111111111111111111111111111111111111111111111111111111111111111111111111111111111111111111111
000000000000000000000000000000000000000000000000000000000000000000000000000000000000000000000000000000000000000000000000000000000000000000000000000000000000000000000000000000000000000000000000000000000000000000000000000000000000000000000000000000000000000000000000000000000000000000000000000000000000
111111111111111111111111111111111111111111111111111111111111111111111111111111111111111111111111111111111111111111111111111111111111111111111111111111111111111111111111111111111111111111111111111111111111111111111111111111111111111111111111111111111111111111111111111111111111111111111111111111111111
000000000000000000000000000000000000000000000000000000000000000000000000000000000000000000000000000000000000000000000000000000000000000000000000000000000000000000000000000000000000000000000000000000000000000000000000000000000000000000000000000000000000000000000000000000000000000000000000000000000000
000000000000000000000000000000000000000000000000000000000000000000000000000000000000000000000000000000000000000000000000000000000000000000000000000000000000000000000000000000000000000000000000000000000000000000000000000000000000000000000000000000000000000000000000000000000000000000000000000000000000
000000000000000000000000000000000000000000000000000000000000000000000000000000000000000000000000000000000000000000000000000000000000000000000000000000000000000000000000000000000000000000000000000000000000000000000000000000000000000000000000000000000000000000000000000000000000000000000000000000000000
000000000000000000000000000000000000000000000000000000000000000000000000000000000000000000000000000000000000000000000000000000000000000000000000000000000000000000000000000000000000000000000000000000000000000000000000000000000000000000000000000000000000000000000000000000000000000000000000000000000000
000000000000000000000000000000000000000000000000000000000000000000000000000000000000000000000000000000000000000000000000000000000000000000000000000000000000000000000000000000000000000000000000000000000000000000000000000000000000000000000000000000000000000000000000000000000000000000000000000000000000
000000000000000000000000000000000000000000000000000000000000000000000000000000000000000000000000000000000000000000000000000000000000000000000000000000000000000000000000000000000000000000000000000000000000000000000000000000000000000000000000000000000000000000000000000000000000000000000000000000000000
000000000000000000000000000000000000000000000000000000000000000000000000000000000000000000000000000000000000000000000000000000000000000000000000000000000000000000000000000000000000000000000000000000000000000000000000000000000000000000000000000000000000000000000000000000000000000000000000000000000000
000000000000000000000000000000000000000000000000000000000000000000000000000000000000000000000000000000000000000000000000000000000000000000000000000000000000000000000000000000000000000000000000000000000000000000000000000000000000000000000000000000000000000000000000000000000000000000000000000000000000
000000000000000000000000000000000000000000000000000000000000000000000000000000000000000000000000000000000000000000000000000000000000000000000000000000000000000000000000000000000000000000000000000000000000000000000000000000000000000000000000000000000000000000000000000000000000000000000000000000000000
000000000000000000000000000000000000000000000000000000000000000000000000000000000000000000000000000000000000000000000000000000000000000000000000000000000000000000000000000000000000000000000000000000000000000000000000000000000000000000000000000000000000000000000000000000000000000000000000000000000000
111111111111111111111111111111111111111111111111111111111111111111111111111111111111111111111111111111111111111111111111111111111111111111111111111111111111111111111111111111111111111111111111111111111111111111111111111111111111111111111111111111111111111111111111111111111111111111111111111111111111
000000000000000000000000000000000000000000000000000000000000000000000000000000000000000000000000000000000000000000000000000000000000000000000000000000000000000000000000000000000000000000000000000000000000000000000000000000000000000000000000000000000000000000000000000000000000000000000000000000000000
000000000000000000000000000000000000000000000000000000000000000000000000000000000000000000000000000011111111111111111111111111111111111111111111111111111111111111111111111111111111111111111111111111111111111111111111111111111111111111111111111111111111111111111111111111111111111111111111111111111111
111111111111111111111111111111111111111111111111111111111111111111111111111111111111111111111111111100000000000000000000000000000000000000000000000000000000000000000000000000000000000000000000000000000000000000000000000000000000000000000000000000000000000000000000000000000000000000000000000000000000
000000000000000000000000000000000000000000000000000000000000000000000000000000000000000000000000000011111111111111111111111111111111111111111111111111111111111111111111111111111111111111111111111111111111111111111111111111111111111111111111111111111111111111111111111111111111111111111111111111111111
000000000000000000000000000000000000000000000000000000000000000000000000000000000000000000000000000000000000000000000000000000000000000000000000000000000000000000000000000000000000000000000000000000000000000000000000000000000000000000000000000000000000000000000000000000000000000000000000000000000000
111111111111111111111111111111111111111111111111111111111111111111111111111111111111111111111111111111111000000011111111111111111111111111111111100000011111111111111111001111111111000011111111111111111111111111111111111111111111111111111111111111111111111111111111111111111111111111111111111111111111
000000000000000000000000000000000000000000000000000000000000000000000000000000000000000000000000000000000111111100000000000000000000000000000000011111100000000000000000110000000000111100000000000000000000000000000000000000000000000000000000000000000000000000000000000000000000000000000000000000000000
000000000000000000000000000000000000000000000000000000000000000000000000000000000000000000000000000011100000000000111111110000000000011111111000000000000111111100000000000011111100000000111111111000001100000000000001111111000000000111111110000000000000011111100000000000000111000000000111111111000000
111111111111111111111111111111111111111111111111111111111111111111111111111111111111111111111111111100011111111111000000001111111111100000000111111111111000000011111111111100000011111111000000000111110011111111111110000000111111111000000001111111111111100000011111111111111000111111111000000000111111
000000000000000000000000000000000000000000000000000000000000000000000000000000000000000000000000000011100000000000111111110000000000011111111000000000000111111100000000000011111100000000111111111000001100000000000001111111000000000111111110000000000000011111100000000000000111000000000111111111000000
000000000000000000000000000000000000000000000000000000000000000000000000000000000000000000000000000000011111111111000000001111111111100000000111111111111000000011111111111100000011111111000000000111110011111111111110000000111111111000000001111111111111100000011111111111111000111111111000000000111111
111111111111111111111111111111111111111111111111111111111111111111111111111111111111111111111111111111100000000000111111110000000000011111111000000000000111111100000000000011111100000000111111111000001100000000000001111111000000000111111110000000000000011111100000000000000111000000000111111111000000
000000000000000000000000000000000000000000000000000000000000000000000000000000000000000000000000000000011111111111000000001111111111100000000111111111111000000011111111111100000011111111000000000111110011111111111110000000111111111000000001111111111111100000011111111111111000111111111000000000111111
111111111111111111111111111111111111111111111111111111111111111111111111111111111111111111111111111111100000000000111111110000000000011111111000000000000111111100000000000011111100000000111111111000001100000000000001111111000000000111111110000000000000011111100000000000000111000000000111111111000000
000000000000000000000000000000000000000000000000000000000000000000000000000000000000000000000000000000011000000011000000001111111111100000000111100000011000000011111111001100000011000011000000000111110011111111111110000000111111111000000001111111111111100000011111111111111000111111111000000000111111
000000000000000000000000000000000000000000000000000000000000000000000000000000000000000000000000000011100111111100111111110000000000011111111000011111100111111100000000110011111100111100111111111000001100000000000001111111000000000111111110000000000000011111100000000000000111000000000111111111000000
111111111111111111111111111111111111111111111111111111111111111111111111111111111111111111111111111100011000000011000000001111111111100000000111100000011000000011111111001100000011000011000000000111110011111111111110000000111111111000000001111111111111100000011111111111111000111111111000000000111111
000000000000000000000000000000000000000000000000000000000000000000000000000000000000000000000000000011100111111100111111110000000000011111111000011111100111111100000000110011111100111100111111111000001100000000000001111111000000000111111110000000000000011111100000000000000111000000000111111111000000
000000000000000000000000000000000000000000000000000000000000000000000000000000000000000000000000000000011000000011000000001111111111100000000111100000011000000011111111001100000011000011000000000111110011111111111110000000111111111000000001111111111111100000011111111111111000111111111000000000111111
111111111111111111111111111111111111111111111111111111111111111111111111111111111111111111111111111111100111111100111111110000000000011111111000011111100111111100000000110011111100111100111111111000001100000000000001111111000000000111111110000000000000011111100000000000000111000000000111111111000000
000000000000000000000000000000000000000000000000000000000000000000000000000000000000000000000000000000011000000011000000001111111111100000000111100000011000000011111111001100000011000011000000000111110011111111111110000000111111111000000001111111111111100000011111111111111000111111111000000000111111
000000000000000000000000000000000000000000000000000000000000000000000000000000000000000000000000000011100111111100111111110000000000011111111000011111100111111100000000110011111100111100111111111000001100000000000001111111000000000111111110000000000000011111100000000000000111000000000111111111000000
111111111111111111111111111111111111111111111111111111111111111111111111111111111111111111111111111100011000000011000000001111111111100000000111100000011000000011111111001100000011000011000000000111110011111111111110000000111111111000000001111111111111100000011111111111111000111111111000000000111111
000000000000000000000000000000000000000000000000000000000000000000000000000000000000000000000000000011100111111100111111110000000000011111111000011111100111111100000000110011111100111100111111111000001100000000000001111111000000000111111110000000000000011111100000000000000111000000000111111111000000
000000000000000000000000000000000000000000000000000000000000000000000000000000000000000000000000000000000000000000000110000000000000000111100000000000000011110000000000000000010000000000001111100000000000000000000000000000000000000000000000000000000000000000000000000000000000000000000000000000000000
111111111111111111111111111111111111111111111111111111111111111111111111111111111111111111111111111100011000000011000000001111111111100000000111100000011000000011111111001100000011000011000000000111110011111111111110000000111111111000000001111111111111100000011111111111111000111111111000000000111111
000000000000000000000000000000000000000000000000000000000000000000000000000000000000000000000000000011100111111100111111110000000000011111111000011111100111111100000000110011111100111100111111111000001100000000000001111111000000000111111110000000000000011111100000000000000111000000000111111111000000
000000000000000000000000000000000000000000000000000000000000000000000000000000000000000000000000000000011000000011000000001111111111100000000111100000011000000011111111001100000011000011000000000111110011111111111110000000111111111000000001111111111111100000011111111111111000111111111000000000111111
111111111111111111111111111111111111111111111111111111111111111111111111111111111111111111111111111111100111111100111111110000000000011111111000011111100111111100000000110011111100111100111111111000001100000000000001111111000000000111111110000000000000011111100000000000000111000000000111111111000000
000000000000000000000000000000000000000000000000000000000000000000000000000000000000000000000000000000011000000011000000001111111111100000000111100000011000000011111111001100000011000011000000000111110011111111111110000000111111111000000001111111111111100000011111111111111000111111111000000000111111
000000000000000000000000000000000000000000000000000000000000000000000000000000000000000000000000000011100111111100111111110000000000011111111000011111100111111100000000110011111100111100111111111000001100000000000001111111000000000111111110000000000000011111100000000000000111000000000111111111000000
111111111111111111111111111111111111111111111111111111111111111111111111111111111111111111111111111100011000000011000000001111111111100000000111100000011000000011111111001100000011000011000000000111110011111111111110000000111111111000000001111111111111100000011111111111111000111111111000000000111111
000000000000000000000000000000000000000000000000000000000000000000000000000000000000000000000000000011100111111100111111110000000000011111111000011111100111111100000000110011111100111100111111111000001100000000000001111111000000000111111110000000000000011111100000000000000111000000000111111111000000
000000000000000000000000000000000000000000000000000000000000000000000000000000000000000000000000000000011000000011000000001111111111100000000111100000011000000011111111001100000011000011000000000111110011111111111110000000111111111000000001111111111111100000011111111111111000111111111000000000111111
111111111111111111111111111111111111111111111111111111111111111111111111111111111111111111111111111111100000000000111111110000000000011111111000000000000111111100000000000011111100000000111111111000001100000000000001111111000000000111111110000000000000011111100000000000000111000000000111111111000000
000000000000000000000000000000000000000000000000000000000000000000000000000000000000000000000000000000011111111111000000001111111111100000000111111111111000000011111111111100000011111111000000000111110011111111111110000000111111111000000001111111111111100000011111111111111000111111111000000000111111
111111111111111111111111111111111111111111111111111111111111111111111111111111111111111111111111111111100000000000111111110000000000011111111000000000000111111100000000000011111100000000111111111000001100000000000001111111000000000111111110000000000000011111100000000000000111000000000111111111000000
000000000000000000000000000000000000000000000000000000000000000000000000000000000000000000000000000000011111111111000000001111111111100000000111111111111000000011111111111100000011111111000000000111110011111111111110000000111111111000000001111111111111100000011111111111111000111111111000000000111111
000000000000000000000000000000000000000000000000000000000000000000000000000000000000000000000000000011100000000000111111110000000000011111111000000000000111111100000000000011111100000000111111111000001100000000000001111111000000000111111110000000000000011111100000000000000111000000000111111111000000
111111111111111111111111111111111111111111111111111111111111111111111111111111111111111111111111111100011111111111000000001111111111100000000111111111111000000011111111111100000011111111000000000111110011111111111110000000111111111000000001111111111111100000011111111111111000111111111000000000111111
000000000000000000000000000000000000000000000000000000000000000000000000000000000000000000000000000011100000000000111111110000000000011111111000000000000111111100000000000011111100000000111111111000001100000000000001111111000000000111111110000000000000011111100000000000000111000000000111111111000000
000000000000000000000000000000000000000000000000000000000000000000000000000000000000000000000000000000000111111100000000000000000000000000000000011111100000000000000000110000000000111100000000000000000000000000000000000000000000000000000000000000000000000000000000000000000000000000000000000000000000
111111111111111111111111111111111111111111111111111111111111111111111111111111111111111111111111111111111000000011111111111111111111111111111111100000011111111111111111001111111111000011111111111111111111111111111111111111111111111111111111111111111111111111111111111111111111111111111111111111111111
000000000000000000000000000000000000000000000000000000000000000000000000000000000000000000000000000000000000000000000000000000000000000000000000000000000000000000000000000000000000000000000000000000000000000000000000000000000000000000000000000000000000000000000000000000000000000000000000000000000000
000000000000000000000000000000000000000000000000000000000000000000000000000000000000000000000000000011111111111111111111111111111111111111111111111111111111111111111111111111111111111111111111111111111111111111111111111111111111111111111111111111111111111111111111111111111111111111111111111111111111
111111111111111111111111111111111111111111111111111111111111111111111111111111111111111111111111111100000000000000000000000000000000000000000000000000000000000000000000000000000000000000000000000000000000000000000000000000000000000000000000000000000000000000000000000000000000000000000000000000000000
000000000000000000000000000000000000000000000000000000000000000000000000000000000000000000000000000011111111111111111111111111111111111111111111111111111111111111111111111111111111111111111111111111111111111111111111111111111111111111111111111111111111111111111111111111111111111111111111111111111111
000000000000000000000000000000000000000000000000000000000000000000000000000000000000000000000000000000000000000000000000000000000000000000000000000000000000000000000000000000000000000000000000000000000000000000000000000000000000000000000000000000000000000000000000000000000000000000000000000000000000
111111111111111111111111111111111111111111111111111111111111111111111111111111111111111111111111111111111111111111111111111111111111111111111111111111111111111111111111111111111111111111111111111111111111111111111111111111111111111111111111111111111111111111111111111111111111111111111111111111111111
000000000000000000000000000000000000000000000000000000000000000000000000000000000000000000000000000000000000000000000000000000000000000000000000000000000000000000000000000000000000000000000000000000000000000000000000000000000000000000000000000000000000000000000000000000000000000000000000000000000000
000000000000000000000000000000000000000000000000000000000000000000000000000000000000000000000000000000000000000000000000000000000000000000000000000000000000000000000000000000000000000000000000000000000000000000000000000000000000000000000000000000000000000000000000000000000000000000000000000000000000
000000000000000000000000000000000000000000000000000000000000000000000000000000000000000000000000000000000000000000000000000000000000000000000000000000000000000000000000000000000000000000000000000000000000000000000000000000000000000000000000000000000000000000000000000000000000000000000000000000000000
000000000000000000000000000000000000000000000000000000000000000000000000000000000000000000000000000000000000000000000000000000000000000000000000000000000000000000000000000000000000000000000000000000000000000000000000000000000000000000000000000000000000000000000000000000000000000000000000000000000000
000000000000000000000000000000000000000000000000000000000000000000000000000000000000000000000000000000000000000000000000000000000000000000000000000000000000000000000000000000000000000000000000000000000000000000000000000000000000000000000000000000000000000000000000000000000000000000000000000000000000
000000000000000000000000000000000000000000000000000000000000000000000000000000000000000000000000000000000000000000000000000000000000000000000000000000000000000000000000000000000000000000000000000000000000000000000000000000000000000000000000000000000000000000000000000000000000000000000000000000000000
000000000000000000000000000000000000000000000000000000000000000000000000000000000000000000000000000000000000000000000000000000000000000000000000000000000000000000000000000000000000000000000000000000000000000000000000000000000000000000000000000000000000000000000000000000000000000000000000000000000000
000000000000000000000000000000000000000000000000000000000000000000000000000000000000000000000000000000000000000000000000000000000000000000000000000000000000000000000000000000000000000000000000000000000000000000000000000000000000000000000000000000000000000000000000000000000000000000000000000000000000
000000000000000000000000000000000000000000000000000000000000000000000000000000000000000000000000000000000000000000000000000000000000000000000000000000000000000000000000000000000000000000000000000000000000000000000000000000000000000000000000000000000000000000000000000000000000000000000000000000000000
000000000000000000000000000000000000000000000000000000000000000000000000000000000000000000000000000000000000000000000000000000000000000000000000000000000000000000000000000000000000000000000000000000000000000000000000000000000000000000000000000000000000000000000000000000000000000000000000000000000000
111111111111111111111111111111111111111111111111111111111111111111111111111111111111111111111111111111111111111111111111111111111111111111111111111111111111111111111111111111111111111111111111111111111111111111111111111111111111111111111111111111111111111111111111111111111111111111111111111111111111
000000000000000000000000000000000000000000000000000000000000000000000000000000000000000000000000000000000000000000000000000000000000000000000000000000000000000000000000000000000000000000000000000000000000000000000000000000000000000000000000000000000000000000000000000000000000000000000000000000000000
000000000000000000000000000000000000000000000000000000000000000000000000000000000000000000000000000011111111111111111111111111111111111111111111111111111111111111111111111111111111111111111111111111111111111111111111111111111111111111111111111111111111111111111111111111111111111111111111111111111111
111111111111111111111111111111111111111111111111111111111111111111111111111111111111111111111111111100000000000000000000000000000000000000000000000000000000000000000000000000000000000000000000000000000000000000000000000000000000000000000000000000000000000000000000000000000000000000000000000000000000
000000000000000000000000000000000000000000000000000000000000000000000000000000000000000000000000000011111111111111111111111111111111111111111111111111111111111111111111111111111111111111111111111111111111111111111111111111111111111111111111111111111111111111111111111111111111111111111111111111111111
000000000000000000000000000000000000000000000000000000000000000000000000000000000000000000000000000000000000000000000000000000000000000000000000000000000000000000000000000000000000000000000000000000000000000000000000000000000000000000000000000000000000000000000000000000000000000000000000000000000000
111111111111111111111111111111111111111111111111111111111111111111111111111111111111111111111111111111111111111111100000001111111111111111111111111111111110000001111111111111111100111111111100001111111111111111111111111111111111111111111111111111111111111111111111111111111111111111111111111111111111
000000000000000000000000000000000000000000000000000000000000000000000000000000000000000000000000000000000000000000011111110000000000000000000000000000000001111110000000000000000011000000000011110000000000000000000000000000000000000000000000000000000000000000000000000000000000000000000000000000000000
000000000000000000000000000000000000000000000000000000000000000000000000000000000000000000000000000000000001111110000000000011111111000000000001111111100000000000011111110000000000001111110000000011111100000011110000000000000111111100000000011111111000000000000001111110000000000000011100000000011111
111111111111111111111111111111111111111111111111111111111111111111111111111111111111111111111111111111111110000001111111111100000000111111111110000000011111111111100000001111111111110000001111111100000011111100001111111111111000000011111111100000000111111111111110000001111111111111100011111111100000
000000000000000000000000000000000000000000000000000000000000000000000000000000000000000000000000000000000001111110000000000011111111000000000001111111100000000000011111110000000000001111110000000011111100000011110000000000000111111100000000011111111000000000000001111110000000000000011100000000011111
000000000000000000000000000000000000000000000000000000000000000000000000000000000000000000000000000011111110000001111111111100000000111111111110000000011111111111100000001111111111110000001111111100000011111100001111111111111000000011111111100000000111111111111110000001111111111111100011111111100000
111111111111111111111111111111111111111111111111111111111111111111111111111111111111111111111111111100000001111110000000000011111111000000000001111111100000000000011111110000000000001111110000000011111100000011110000000000000111111100000000011111111000000000000001111110000000000000011100000000011111
000000000000000000000000000000000000000000000000000000000000000000000000000000000000000000000000000011111110000001111111111100000000111111111110000000011111111111100000001111111111110000001111111100000011111100001111111111111000000011111111100000000111111111111110000001111111111111100011111111100000
111111111111111111111111111111111111111111111111111111111111111111111111111111111111111111111111111100000001111110000000000011111111000000000001111111100000000000011111110000000000001111110000000011111100000011110000000000000111111100000000011111111000000000000001111110000000000000011100000000011111
000000000000000000000000000000000000000000000000000000000000000000000000000000000000000000000000000011111110000001100000001100000000111111111110000000011110000001100000001111111100110000001100001100000011111100001111111111111000000011111111100000000111111111111110000001111111111111100011111111100000
000000000000000000000000000000000000000000000000000000000000000000000000000000000000000000000000000000000001111110011111110011111111000000000001111111100001111110011111110000000011001111110011110011111100000011110000000000000111111100000000011111111000000000000001111110000000000000011100000000011111
111111111111111111111111111111111111111111111111111111111111111111111111111111111111111111111111111111111110000001100000001100000000111111111110000000011110000001100000001111111100110000001100001100000011111100001111111111111000000011111111100000000111111111111110000001111111111111100011111111100000
000000000000000000000000000000000000000000000000000000000000000000000000000000000000000000000000000000000001111110011111110011111111000000000001111111100001111110011111110000000011001111110011110011111100000011110000000000000111111100000000011111111000000000000001111110000000000000011100000000011111
000000000000000000000000000000000000000000000000000000000000000000000000000000000000000000000000000011111110000001100000001100000000111111111110000000011110000001100000001111111100110000001100001100000011111100001111111111111000000011111111100000000111111111111110000001111111111111100011111111100000
111111111111111111111111111111111111111111111111111111111111111111111111111111111111111111111111111100000001111110011111110011111111000000000001111111100001111110011111110000000011001111110011110011111100000011110000000000000111111100000000011111111000000000000001111110000000000000011100000000011111
000000000000000000000000000000000000000000000000000000000000000000000000000000000000000000000000000011111110000001100000001100000000111111111110000000011110000001100000001111111100110000001100001100000011111100001111111111111000000011111111100000000111111111111110000001111111111111100011111111100000
000000000000000000000000000000000000000000000000000000000000000000000000000000000000000000000000000000000001111110011111110011111111000000000001111111100001111110011111110000000011001111110011110011111100000011110000000000000111111100000000011111111000000000000001111110000000000000011100000000011111
111111111111111111111111111111111111111111111111111111111111111111111111111111111111111111111111111111111110000001100000001100000000111111111110000000011110000001100000001111111100110000001100001100000011111100001111111111111000000011111111100000000111111111111110000001111111111111100011111111100000
000000000000000000000000000000000000000000000000000000000000000000000000000000000000000000000000000000000001111110011111110011111111000000000001111111100001111110011111110000000011001111110011110011111100000011110000000000000111111100000000011111111000000000000001111110000000000000011100000000011111
000000000000000000000000000000000000000000000000000000000000000000000000000000000000000000000000000000000000000000000000000000011000000000000000011110000000000000001111000000000000000001000000000000110000000000000000000000000000000000000000000000000000000000000000000000000000000000000000000000000000
111111111111111111111111111111111111111111111111111111111111111111111111111111111111111111111111111111111110000001100000001100000000111111111110000000011110000001100000001111111100110000001100001100000011111100001111111111111000000011111111100000000111111111111110000001111111111111100011111111100000
000000000000000000000000000000000000000000000000000000000000000000000000000000000000000000000000000000000001111110011111110011111111000000000001111111100001111110011111110000000011001111110011110011111100000011110000000000000111111100000000011111111000000000000001111110000000000000011100000000011111
000000000000000000000000000000000000000000000000000000000000000000000000000000000000000000000000000011111110000001100000001100000000111111111110000000011110000001100000001111111100110000001100001100000011111100001111111111111000000011111111100000000111111111111110000001111111111111100011111111100000
111111111111111111111111111111111111111111111111111111111111111111111111111111111111111111111111111100000001111110011111110011111111000000000001111111100001111110011111110000000011001111110011110011111100000011110000000000000111111100000000011111111000000000000001111110000000000000011100000000011111
000000000000000000000000000000000000000000000000000000000000000000000000000000000000000000000000000011111110000001100000001100000000111111111110000000011110000001100000001111111100110000001100001100000011111100001111111111111000000011111111100000000111111111111110000001111111111111100011111111100000
000000000000000000000000000000000000000000000000000000000000000000000000000000000000000000000000000000000001111110011111110011111111000000000001111111100001111110011111110000000011001111110011110011111100000011110000000000000111111100000000011111111000000000000001111110000000000000011100000000011111
111111111111111111111111111111111111111111111111111111111111111111111111111111111111111111111111111111111110000001100000001100000000111111111110000000011110000001100000001111111100110000001100001100000011111100001111111111111000000011111111100000000111111111111110000001111111111111100011111111100000
000000000000000000000000000000000000000000000000000000000000000000000000000000000000000000000000000000000001111110011111110011111111000000000001111111100001111110011111110000000011001111110011110011111100000011110000000000000111111100000000011111111000000000000001111110000000000000011100000000011111
000000000000000000000000000000000000000000000000000000000000000000000000000000000000000000000000000011111110000001100000001100000000111111111110000000011110000001100000001111111100110000001100001100000011111100001111111111111000000011111111100000000111111111111110000001111111111111100011111111100000
111111111111111111111111111111111111111111111111111111111111111111111111111111111111111111111111111100000001111110000000000011111111000000000001111111100000000000011111110000000000001111110000000011111100000011110000000000000111111100000000011111111000000000000001111110000000000000011100000000011111
000000000000000000000000000000000000000000000000000000000000000000000000000000000000000000000000000011111110000001111111111100000000111111111110000000011111111111100000001111111111110000001111111100000011111100001111111111111000000011111111100000000111111111111110000001111111111111100011111111100000
111111111111111111111111111111111111111111111111111111111111111111111111111111111111111111111111111100000001111110000000000011111111000000000001111111100000000000011111110000000000001111110000000011111100000011110000000000000111111100000000011111111000000000000001111110000000000000011100000000011111
000000000000000000000000000000000000000000000000000000000000000000000000000000000000000000000000000011111110000001111111111100000000111111111110000000011111111111100000001111111111110000001111111100000011111100001111111111111000000011111111100000000111111111111110000001111111111111100011111111100000
000000000000000000000000000000000000000000000000000000000000000000000000000000000000000000000000000000000001111110000000000011111111000000000001111111100000000000011111110000000000001111110000000011111100000011110000000000000111111100000000011111111000000000000001111110000000000000011100000000011111
111111111111111111111111111111111111111111111111111111111111111111111111111111111111111111111111111111111110000001111111111100000000111111111110000000011111111111100000001111111111110000001111111100000011111100001111111111111000000011111111100000000111111111111110000001111111111111100011111111100000
000000000000000000000000000000000000000000000000000000000000000000000000000000000000000000000000000000000001111110000000000011111111000000000001111111100000000000011111110000000000001111110000000011111100000011110000000000000111111100000000011111111000000000000001111110000000000000011100000000011111
000000000000000000000000000000000000000000000000000000000000000000000000000000000000000000000000000000000000000000011111110000000000000000000000000000000001111110000000000000000011000000000011110000000000000000000000000000000000000000000000000000000000000000000000000000000000000000000000000000000000
111111111111111111111111111111111111111111111111111111111111111111111111111111111111111111111111111111111111111111100000001111111111111111111111111111111110000001111111111111111100111111111100001111111111111111111111111111111111111111111111111111111111111111111111111111111111111111111111111111111111
000000000000000000000000000000000000000000000000000000000000000000000000000000000000000000000000000000000000000000000000000000000000000000000000000000000000000000000000000000000000000000000000000000000000000000000000000000000000000000000000000000000000000000000000000000000000000000000000000000000000
000000000000000000000000000000000000000000000000000000000000000000000000000000000000000000000000000011111111111111111111111111111111111111111111111111111111111111111111111111111111111111111111111111111111111111111111111111111111111111111111111111111111111111111111111111111111111111111111111111111111
111111111111111111111111111111111111111111111111111111111111111111111111111111111111111111111111111100000000000000000000000000000000000000000000000000000000000000000000000000000000000000000000000000000000000000000000000000000000000000000000000000000000000000000000000000000000000000000000000000000000
000000000000000000000000000000000000000000000000000000000000000000000000000000000000000000000000000011111111111111111111111111111111111111111111111111111111111111111111111111111111111111111111111111111111111111111111111111111111111111111111111111111111111111111111111111111111111111111111111111111111
000000000000000000000000000000000000000000000000000000000000000000000000000000000000000000000000000000000000000000000000000000000000000000000000000000000000000000000000000000000000000000000000000000000000000000000000000000000000000000000000000000000000000000000000000000000000000000000000000000000000
111111111111111111111111111111111111111111111111111111111111111111111111111111111111111111111111111111111111111111111111111111111111111111111111111111111111111111111111111111111111111111111111111111111111111111111111111111111111111111111111111111111111111111111111111111111111111111111111111111111111
000000000000000000000000000000000000000000000000000000000000000000000000000000000000000000000000000000000000000000000000000000000000000000000000000000000000000000000000000000000000000000000000000000000000000000000000000000000000000000000000000000000000000000000000000000000000000000000000000000000000
000000000000000000000000000000000000000000000000000000000000000000000000000000000000000000000000000000000000000000000000000000000000000000000000000000000000000000000000000000000000000000000000000000000000000000000000000000000000000000000000000000000000000000000000000000000000000000000000000000000000
000000000000000000000000000000000000000000000000000000000000000000000000000000000000000000000000000000000000000000000000000000000000000000000000000000000000000000000000000000000000000000000000000000000000000000000000000000000000000000000000000000000000000000000000000000000000000000000000000000000000
000000000000000000000000000000000000000000000000000000000000000000000000000000000000000000000000000000000000000000000000000000000000000000000000000000000000000000000000000000000000000000000000000000000000000000000000000000000000000000000000000000000000000000000000000000000000000000000000000000000000
000000000000000000000000000000000000000000000000000000000000000000000000000000000000000000000000000000000000000000000000000000000000000000000000000000000000000000000000000000000000000000000000000000000000000000000000000000000000000000000000000000000000000000000000000000000000000000000000000000000000
000000000000000000000000000000000000000000000000000000000000000000000000000000000000000000000000000000000000000000000000000000000000000000000000000000000000000000000000000000000000000000000000000000000000000000000000000000000000000000000000000000000000000000000000000000000000000000000000000000000000
000000000000000000000000000000000000000000000000000000000000000000000000000000000000000000000000000000000000000000000000000000000000000000000000000000000000000000000000000000000000000000000000000000000000000000000000000000000000000000000000000000000000000000000000000000000000000000000000000000000000
000000000000000000000000000000000000000000000000000000000000000000000000000000000000000000000000000000000000000000000000000000000000000000000000000000000000000000000000000000000000000000000000000000000000000000000000000000000000000000000000000000000000000000000000000000000000000000000000000000000000
000000000000000000000000000000000000000000000000000000000000000000000000000000000000000000000000000000000000000000000000000000000000000000000000000000000000000000000000000000000000000000000000000000000000000000000000000000000000000000000000000000000000000000000000000000000000000000000000000000000000
000000000000000000000000000000000000000000000000000000000000000000000000000000000000000000000000000000000000000000000000000000000000000000000000000000000000000000000000000000000000000000000000000000000000000000000000000000000000000000000000000000000000000000000000000000000000000000000000000000000000
111111111111111111111111111111111111111111111111111111111111111111111111111111111111111111111111111111111111111111111111111111111111111111111111111111111111111111111111111111111111111111111111111111111111111111111111111111111111111111111111111111111111111111111111111111111111111111111111111111111111
000000000000000000000000000000000000000000000000000000000000000000000000000000000000000000000000000000000000000000000000000000000000000000000000000000000000000000000000000000000000000000000000000000000000000000000000000000000000000000000000000000000000000000000000000000000000000000000000000000000000
000000000000000000000000000000000000000000000000000000000000000000000000000000000000000000000000000011111111111111111111111111111111111111111111111111111111111111111111111111111111111111111111111111111111111111111111111111111111111111111111111111111111111111111111111111111111111111111111111111111111
111111111111111111111111111111111111111111111111111111111111111111111111111111111111111111111111111100000000000000000000000000000000000000000000000000000000000000000000000000000000000000000000000000000000000000000000000000000000000000000000000000000000000000000000000000000000000000000000000000000000
000000000000000000000000000000000000000000000000000000000000000000000000000000000000000000000000000011111111111111111111111111111111111111111111111111111111111111111111111111111111111111111111111111111111111111111111111111111111111111111111111111111111111111111111111111111111111111111111111111111111
000000000000000000000000000000000000000000000000000000000000000000000000000000000000000000000000000000000000000000000000000000000000000000000000000000000000000000000000000000000000000000000000000000000000000000000000000000000000000000000000000000000000000000000000000000000000000000000000000000000000
111111111111111111111111111111111111111111111111111111111111111111111111111111111111111111111111111111111111111111111111111110000000111111111111111111111111111111111000000111111111111111110011111111111111111111111111111111111111111111111111111111111111111111111111111111111111111111111111111111111111
000000000000000000000000000000000000000000000000000000000000000000000000000000000000000000000000000000000000000000000000000001111111000000000000000000000000000000000111111000000000000000001100000000000000000000000000000000000000000000000000000000000000000000000000000000000000000000000000000000000000
000000000000000000000000000000000000000000000000000000000000000000000000000000000000000000000000000011111100000000000111111000000000001111111100000000000111111110000000000001111111000000000000111111001111110011110000001111000000000000011111110000000001111111100000000000000111111000000000000001110000
111111111111111111111111111111111111111111111111111111111111111111111111111111111111111111111111111100000011111111111000000111111111110000000011111111111000000001111111111110000000111111111111000000110000001100001111110000111111111111100000001111111110000000011111111111111000000111111111111110001111
000000000000000000000000000000000000000000000000000000000000000000000000000000000000000000000000000011111100000000000111111000000000001111111100000000000111111110000000000001111111000000000000111111001111110011110000001111000000000000011111110000000001111111100000000000000111111000000000000001110000
000000000000000000000000000000000000000000000000000000000000000000000000000000000000000000000000000000000011111111111000000111111111110000000011111111111000000001111111111110000000111111111111000000110000001100001111110000111111111111100000001111111110000000011111111111111000000111111111111110001111
111111111111111111111111111111111111111111111111111111111111111111111111111111111111111111111111111111111100000000000111111000000000001111111100000000000111111110000000000001111111000000000000111111001111110011110000001111000000000000011111110000000001111111100000000000000111111000000000000001110000
000000000000000000000000000000000000000000000000000000000000000000000000000000000000000000000000000000000011111111111000000111111111110000000011111111111000000001111111111110000000111111111111000000110000001100001111110000111111111111100000001111111110000000011111111111111000000111111111111110001111
111111111111111111111111111111111111111111111111111111111111111111111111111111111111111111111111111111111100000000000111111000000000001111111100000000000111111110000000000001111111000000000000111111001111110011110000001111000000000000011111110000000001111111100000000000000111111000000000000001110000
000000000000000000000000000000000000000000000000000000000000000000000000000000000000000000000000000000000011111111111000000110000000110000000011111111111000000001111000000110000000111111110011000000110000001100001111110000111111111111100000001111111110000000011111111111111000000111111111111110001111
000000000000000000000000000000000000000000000000000000000000000000000000000000000000000000000000000011111100000000000111111001111111001111111100000000000111111110000111111001111111000000001100111111001111110011110000001111000000000000011111110000000001111111100000000000000111111000000000000001110000
111111111111111111111111111111111111111111111111111111111111111111111111111111111111111111111111111100000011111111111000000110000000110000000011111111111000000001111000000110000000111111110011000000110000001100001111110000111111111111100000001111111110000000011111111111111000000111111111111110001111
000000000000000000000000000000000000000000000000000000000000000000000000000000000000000000000000000011111100000000000111111001111111001111111100000000000111111110000111111001111111000000001100111111001111110011110000001111000000000000011111110000000001111111100000000000000111111000000000000001110000
000000000000000000000000000000000000000000000000000000000000000000000000000000000000000000000000000000000011111111111000000110000000110000000011111111111000000001111000000110000000111111110011000000110000001100001111110000111111111111100000001111111110000000011111111111111000000111111111111110001111
111111111111111111111111111111111111111111111111111111111111111111111111111111111111111111111111111111111100000000000111111001111111001111111100000000000111111110000111111001111111000000001100111111001111110011110000001111000000000000011111110000000001111111100000000000000111111000000000000001110000
000000000000000000000000000000000000000000000000000000000000000000000000000000000000000000000000000000000011111111111000000110000000110000000011111111111000000001111000000110000000111111110011000000110000001100001111110000111111111111100000001111111110000000011111111111111000000111111111111110001111
000000000000000000000000000000000000000000000000000000000000000000000000000000000000000000000000000011111100000000000111111001111111001111111100000000000111111110000111111001111111000000001100111111001111110011110000001111000000000000011111110000000001111111100000000000000111111000000000000001110000
111111111111111111111111111111111111111111111111111111111111111111111111111111111111111111111111111100000011111111111000000110000000110000000011111111111000000001111000000110000000111111110011000000110000001100001111110000111111111111100000001111111110000000011111111111111000000111111111111110001111
000000000000000000000000000000000000000000000000000000000000000000000000000000000000000000000000000011111100000000000111111001111111001111111100000000000111111110000111111001111111000000001100111111001111110011110000001111000000000000011111110000000001111111100000000000000111111000000000000001110000
000000000000000000000000000000000000000000000000000000000000000000000000000000000000000000000000000011100000000000000000000000000000000001100000000000000001111000000000000000111100000000000000000100000000000000000000000000000000000000000000000000000000000000000000000000000000000000000000000000000000
111111111111111111111111111111111111111111111111111111111111111111111111111111111111111111111111111100000011111111111000000110000000110000000011111111111000000001111000000110000000111111110011000000110000001100001111110000111111111111100000001111111110000000011111111111111000000111111111111110001111
000000000000000000000000000000000000000000000000000000000000000000000000000000000000000000000000000011111100000000000111111001111111001111111100000000000111111110000111111001111111000000001100111111001111110011110000001111000000000000011111110000000001111111100000000000000111111000000000000001110000
000000000000000000000000000000000000000000000000000000000000000000000000000000000000000000000000000000000011111111111000000110000000110000000011111111111000000001111000000110000000111111110011000000110000001100001111110000111111111111100000001111111110000000011111111111111000000111111111111110001111
111111111111111111111111111111111111111111111111111111111111111111111111111111111111111111111111111111111100000000000111111001111111001111111100000000000111111110000111111001111111000000001100111111001111110011110000001111000000000000011111110000000001111111100000000000000111111000000000000001110000
000000000000000000000000000000000000000000000000000000000000000000000000000000000000000000000000000000000011111111111000000110000000110000000011111111111000000001111000000110000000111111110011000000110000001100001111110000111111111111100000001111111110000000011111111111111000000111111111111110001111
000000000000000000000000000000000000000000000000000000000000000000000000000000000000000000000000000011111100000000000111111001111111001111111100000000000111111110000111111001111111000000001100111111001111110011110000001111000000000000011111110000000001111111100000000000000111111000000000000001110000
111111111111111111111111111111111111111111111111111111111111111111111111111111111111111111111111111100000011111111111000000110000000110000000011111111111000000001111000000110000000111111110011000000110000001100001111110000111111111111100000001111111110000000011111111111111000000111111111111110001111
000000000000000000000000000000000000000000000000000000000000000000000000000000000000000000000000000011111100000000000111111001111111001111111100000000000111111110000111111001111111000000001100111111001111110011110000001111000000000000011111110000000001111111100000000000000111111000000000000001110000
000000000000000000000000000000000000000000000000000000000000000000000000000000000000000000000000000000000011111111111000000110000000110000000011111111111000000001111000000110000000111111110011000000110000001100001111110000111111111111100000001111111110000000011111111111111000000111111111111110001111
111111111111111111111111111111111111111111111111111111111111111111111111111111111111111111111111111111111100000000000111111000000000001111111100000000000111111110000000000001111111000000000000111111001111110011110000001111000000000000011111110000000001111111100000000000000111111000000000000001110000
000000000000000000000000000000000000000000000000000000000000000000000000000000000000000000000000000000000011111111111000000111111111110000000011111111111000000001111111111110000000111111111111000000110000001100001111110000111111111111100000001111111110000000011111111111111000000111111111111110001111
111111111111111111111111111111111111111111111111111111111111111111111111111111111111111111111111111111111100000000000111111000000000001111111100000000000111111110000000000001111111000000000000111111001111110011110000001111000000000000011111110000000001111111100000000000000111111000000000000001110000
000000000000000000000000000000000000000000000000000000000000000000000000000000000000000000000000000000000011111111111000000111111111110000000011111111111000000001111111111110000000111111111111000000110000001100001111110000111111111111100000001111111110000000011111111111111000000111111111111110001111
000000000000000000000000000000000000000000000000000000000000000000000000000000000000000000000000000011111100000000000111111000000000001111111100000000000111111110000000000001111111000000000000111111001111110011110000001111000000000000011111110000000001111111100000000000000111111000000000000001110000
111111111111111111111111111111111111111111111111111111111111111111111111111111111111111111111111111100000011111111111000000111111111110000000011111111111000000001111111111110000000111111111111000000110000001100001111110000111111111111100000001111111110000000011111111111111000000111111111111110001111
000000000000000000000000000000000000000000000000000000000000000000000000000000000000000000000000000011111100000000000111111000000000001111111100000000000111111110000000000001111111000000000000111111001111110011110000001111000000000000011111110000000001111111100000000000000111111000000000000001110000
000000000000000000000000000000000000000000000000000000000000000000000000000000000000000000000000000000000000000000000000000001111111000000000000000000000000000000000111111000000000000000001100000000000000000000000000000000000000000000000000000000000000000000000000000000000000000000000000000000000000
111111111111111111111111111111111111111111111111111111111111111111111111111111111111111111111111111111111111111111111111111110000000111111111111111111111111111111111000000111111111111111110011111111111111111111111111111111111111111111111111111111111111111111111111111111111111111111111111111111111111
000000000000000000000000000000000000000000000000000000000000000000000000000000000000000000000000000000000000000000000000000000000000000000000000000000000000000000000000000000000000000000000000000000000000000000000000000000000000000000000000000000000000000000000000000000000000000000000000000000000000
000000000000000000000000000000000000000000000000000000000000000000000000000000000000000000000000000011111111111111111111111111111111111111111111111111111111111111111111111111111111111111111111111111111111111111111111111111111111111111111111111111111111111111111111111111111111111111111111111111111111
111111111111111111111111111111111111111111111111111111111111111111111111111111111111111111111111111100000000000000000000000000000000000000000000000000000000000000000000000000000000000000000000000000000000000000000000000000000000000000000000000000000000000000000000000000000000000000000000000000000000
000000000000000000000000000000000000000000000000000000000000000000000000000000000000000000000000000011111111111111111111111111111111111111111111111111111111111111111111111111111111111111111111111111111111111111111111111111111111111111111111111111111111111111111111111111111111111111111111111111111111
000000000000000000000000000000000000000000000000000000000000000000000000000000000000000000000000000000000000000000000000000000000000000000000000000000000000000000000000000000000000000000000000000000000000000000000000000000000000000000000000000000000000000000000000000000000000000000000000000000000000
111111111111111111111111111111111111111111111111111111111111111111111111111111111111111111111111111111111111111111111111111111111111111111111111111111111111111111111111111111111111111111111111111111111111111111111111111111111111111111111111111111111111111111111111111111111111111111111111111111111111
000000000000000000000000000000000000000000000000000000000000000000000000000000000000000000000000000000000000000000000000000000000000000000000000000000000000000000000000000000000000000000000000000000000000000000000000000000000000000000000000000000000000000000000000000000000000000000000000000000000000
000000000000000000000000000000000000000000000000000000000000000000000000000000000000000000000000000000000000000000000000000000000000000000000000000000000000000000000000000000000000000000000000000000000000000000000000000000000000000000000000000000000000000000000000000000000000000000000000000000000000
000000000000000000000000000000000000000000000000000000000000000000000000000000000000000000000000000000000000000000000000000000000000000000000000000000000000000000000000000000000000000000000000000000000000000000000000000000000000000000000000000000000000000000000000000000000000000000000000000000000000
000000000000000000000000000000000000000000000000000000000000000000000000000000000000000000000000000000000000000000000000000000000000000000000000000000000000000000000000000000000000000000000000000000000000000000000000000000000000000000000000000000000000000000000000000000000000000000000000000000000000
000000000000000000000000000000000000000000000000000000000000000000000000000000000000000000000000000000000000000000000000000000000000000000000000000000000000000000000000000000000000000000000000000000000000000000000000000000000000000000000000000000000000000000000000000000000000000000000000000000000000
000000000000000000000000000000000000000000000000000000000000000000000000000000000000000000000000000000000000000000000000000000000000000000000000000000000000000000000000000000000000000000000000000000000000000000000000000000000000000000000000000000000000000000000000000000000000000000000000000000000000
000000000000000000000000000000000000000000000000000000000000000000000000000000000000000000000000000000000000000000000000000000000000000000000000000000000000000000000000000000000000000000000000000000000000000000000000000000000000000000000000000000000000000000000000000000000000000000000000000000000000
000000000000000000000000000000000000000000000000000000000000000000000000000000000000000000000000000000000000000000000000000000000000000000000000000000000000000000000000000000000000000000000000000000000000000000000000000000000000000000000000000000000000000000000000000000000000000000000000000000000000
000000000000000000000000000000000000000000000000000000000000000000000000000000000000000000000000000000000000000000000000000000000000000000000000000000000000000000000000000000000000000000000000000000000000000000000000000000000000000000000000000000000000000000000000000000000000000000000000000000000000
000000000000000000000000000000000000000000000000000000000000000000000000000000000000000000000000000000000000000000000000000000000000000000000000000000000000000000000000000000000000000000000000000000000000000000000000000000000000000000000000000000000000000000000000000000000000000000000000000000000000
111111111111111111111111111111111111111111111111111111111111111111111111111111111111111111111111111111111111111111111111111111111111111111111111111111111111111111111111111111111111111111111111111111111111111111111111111111111111111111111111111111111111111111111111111111111111111111111111111111111111
000000000000000000000000000000000000000000000000000000000000000000000000000000000000000000000000000000000000000000000000000000000000000000000000000000000000000000000000000000000000000000000000000000000000000000000000000000000000000000000000000000000000000000000000000000000000000000000000000000000000
000000000000000000000000000000000000000000000000000000000000000000000000000000000000000000000000000011111111111111111111111111111111111111111111111111111111111111111111111111111111111111111111111111111111111111111111111111111111111111111111111111111111111111111111111111111111111111111111111111111111
111111111111111111111111111111111111111111111111111111111111111111111111111111111111111111111111111100000000000000000000000000000000000000000000000000000000000000000000000000000000000000000000000000000000000000000000000000000000000000000000000000000000000000000000000000000000000000000000000000000000
000000000000000000000000000000000000000000000000000000000000000000000000000000000000000000000000000011111111111111111111111111111111111111111111111111111111111111111111111111111111111111111111111111111111111111111111111111111111111111111111111111111111111111111111111111111111111111111111111111111111
000000000000000000000000000000000000000000000000000000000000000000000000000000000000000000000000000000000000000000000000000000000000000000000000000000000000000000000000000000000000000000000000000000000000000000000000000000000000000000000000000000000000000000000000000000000000000000000000000000000000
111111111111111111111111111111111111111111111111111111111111111111111111111111111111111111111111111100000111111111111111111111111111111000000011111111111111111111111111111111100000011111111111111111000001111111111111111111111111111111111111111111111111111111111111111111111111111111111111111111111111
000000000000000000000000000000000000000000000000000000000000000000000000000000000000000000000000000011111000000000000000000000000000000111111100000000000000000000000000000000011111100000000000000000111110000000000000000000000000000000000000000000000000000000000000000000000000000000000000000000000000
000000000000000000000000000000000000000000000000000000000000000000000000000000000000000000000000000000000001111111110000000000011111100000000000111111110000000000011111111000000000000111111100000000000000000111111111001111000000111100000000000001111111000000000111111110000000000000011111100000000000
111111111111111111111111111111111111111111111111111111111111111111111111111111111111111111111111111111111110000000001111111111100000011111111111000000001111111111100000000111111111111000000011111111111111111000000000110000111111000011111111111110000000111111111000000001111111111111100000011111111111
000000000000000000000000000000000000000000000000000000000000000000000000000000000000000000000000000000000001111111110000000000011111100000000000111111110000000000011111111000000000000111111100000000000000000111111111001111000000111100000000000001111111000000000111111110000000000000011111100000000000
000000000000000000000000000000000000000000000000000000000000000000000000000000000000000000000000000011111110000000001111111111100000011111111111000000001111111111100000000111111111111000000011111111111111111000000000110000111111000011111111111110000000111111111000000001111111111111100000011111111111
111111111111111111111111111111111111111111111111111111111111111111111111111111111111111111111111111100000001111111110000000000011111100000000000111111110000000000011111111000000000000111111100000000000000000111111111001111000000111100000000000001111111000000000111111110000000000000011111100000000000
000000000000000000000000000000000000000000000000000000000000000000000000000000000000000000000000000011111110000000001111111111100000011111111111000000001111111111100000000111111111111000000011111111111111111000000000110000111111000011111111111110000000111111111000000001111111111111100000011111111111
111111111111111111111111111111111111111111111111111111111111111111111111111111111111111111111111111100000001111111110000000000011111100000000000111111110000000000011111111000000000000111111100000000000000000111111111001111000000111100000000000001111111000000000111111110000000000000011111100000000000
000000000000000000000000000000000000000000000000000000000000000000000000000000000000000000000000000000000110000000001111111111100000011000000011000000001111111111100000000111100000011000000011111111000001111000000000110000111111000011111111111110000000111111111000000001111111111111100000011111111111
000000000000000000000000000000000000000000000000000000000000000000000000000000000000000000000000000011111001111111110000000000011111100111111100111111110000000000011111111000011111100111111100000000111110000111111111001111000000111100000000000001111111000000000111111110000000000000011111100000000000
111111111111111111111111111111111111111111111111111111111111111111111111111111111111111111111111111100000110000000001111111111100000011000000011000000001111111111100000000111100000011000000011111111000001111000000000110000111111000011111111111110000000111111111000000001111111111111100000011111111111
000000000000000000000000000000000000000000000000000000000000000000000000000000000000000000000000000011111001111111110000000000011111100111111100111111110000000000011111111000011111100111111100000000111110000111111111001111000000111100000000000001111111000000000111111110000000000000011111100000000000
000000000000000000000000000000000000000000000000000000000000000000000000000000000000000000000000000000000110000000001111111111100000011000000011000000001111111111100000000111100000011000000011111111000001111000000000110000111111000011111111111110000000111111111000000001111111111111100000011111111111
111111111111111111111111111111111111111111111111111111111111111111111111111111111111111111111111111111111001111111110000000000011111100111111100111111110000000000011111111000011111100111111100000000111110000111111111001111000000111100000000000001111111000000000111111110000000000000011111100000000000
000000000000000000000000000000000000000000000000000000000000000000000000000000000000000000000000000000000110000000001111111111100000011000000011000000001111111111100000000111100000011000000011111111000001111000000000110000111111000011111111111110000000111111111000000001111111111111100000011111111111
000000000000000000000000000000000000000000000000000000000000000000000000000000000000000000000000000011111001111111110000000000011111100111111100111111110000000000011111111000011111100111111100000000111110000111111111001111000000111100000000000001111111000000000111111110000000000000011111100000000000
111111111111111111111111111111111111111111111111111111111111111111111111111111111111111111111111111100000110000000001111111111100000011000000011000000001111111111100000000111100000011000000011111111000001111000000000110000111111000011111111111110000000111111111000000001111111111111100000011111111111
000000000000000000000000000000000000000000000000000000000000000000000000000000000000000000000000000011111001111111110000000000011111100111111100111111110000000000011111111000011111100111111100000000111110000111111111001111000000111100000000000001111111000000000111111110000000000000011111100000000000
000000000000000000000000000000000000000000000000000000000000000000000000000000000000000000000000000000000000111110000000000000000000000000000000000110000000000000000111100000000000000011110000000000000000000000000000000000000000000000000000000000000000000000000000000000000000000000000000000000000000
111111111111111111111111111111111111111111111111111111111111111111111111111111111111111111111111111100000110000000001111111111100000011000000011000000001111111111100000000111100000011000000011111111000001111000000000110000111111000011111111111110000000111111111000000001111111111111100000011111111111
000000000000000000000000000000000000000000000000000000000000000000000000000000000000000000000000000011111001111111110000000000011111100111111100111111110000000000011111111000011111100111111100000000111110000111111111001111000000111100000000000001111111000000000111111110000000000000011111100000000000
000000000000000000000000000000000000000000000000000000000000000000000000000000000000000000000000000000000110000000001111111111100000011000000011000000001111111111100000000111100000011000000011111111000001111000000000110000111111000011111111111110000000111111111000000001111111111111100000011111111111
111111111111111111111111111111111111111111111111111111111111111111111111111111111111111111111111111111111001111111110000000000011111100111111100111111110000000000011111111000011111100111111100000000111110000111111111001111000000111100000000000001111111000000000111111110000000000000011111100000000000
000000000000000000000000000000000000000000000000000000000000000000000000000000000000000000000000000000000110000000001111111111100000011000000011000000001111111111100000000111100000011000000011111111000001111000000000110000111111000011111111111110000000111111111000000001111111111111100000011111111111
000000000000000000000000000000000000000000000000000000000000000000000000000000000000000000000000000011111001111111110000000000011111100111111100111111110000000000011111111000011111100111111100000000111110000111111111001111000000111100000000000001111111000000000111111110000000000000011111100000000000
111111111111111111111111111111111111111111111111111111111111111111111111111111111111111111111111111100000110000000001111111111100000011000000011000000001111111111100000000111100000011000000011111111000001111000000000110000111111000011111111111110000000111111111000000001111111111111100000011111111111
000000000000000000000000000000000000000000000000000000000000000000000000000000000000000000000000000011111001111111110000000000011111100111111100111111110000000000011111111000011111100111111100000000111110000111111111001111000000111100000000000001111111000000000111111110000000000000011111100000000000
000000000000000000000000000000000000000000000000000000000000000000000000000000000000000000000000000000000110000000001111111111100000011000000011000000001111111111100000000111100000011000000011111111000001111000000000110000111111000011111111111110000000111111111000000001111111111111100000011111111111
111111111111111111111111111111111111111111111111111111111111111111111111111111111111111111111111111100000001111111110000000000011111100000000000111111110000000000011111111000000000000111111100000000000000000111111111001111000000111100000000000001111111000000000111111110000000000000011111100000000000
000000000000000000000000000000000000000000000000000000000000000000000000000000000000000000000000000011111110000000001111111111100000011111111111000000001111111111100000000111111111111000000011111111111111111000000000110000111111000011111111111110000000111111111000000001111111111111100000011111111111
111111111111111111111111111111111111111111111111111111111111111111111111111111111111111111111111111100000001111111110000000000011111100000000000111111110000000000011111111000000000000111111100000000000000000111111111001111000000111100000000000001111111000000000111111110000000000000011111100000000000
000000000000000000000000000000000000000000000000000000000000000000000000000000000000000000000000000011111110000000001111111111100000011111111111000000001111111111100000000111111111111000000011111111111111111000000000110000111111000011111111111110000000111111111000000001111111111111100000011111111111
000000000000000000000000000000000000000000000000000000000000000000000000000000000000000000000000000000000001111111110000000000011111100000000000111111110000000000011111111000000000000111111100000000000000000111111111001111000000111100000000000001111111000000000111111110000000000000011111100000000000
111111111111111111111111111111111111111111111111111111111111111111111111111111111111111111111111111111111110000000001111111111100000011111111111000000001111111111100000000111111111111000000011111111111111111000000000110000111111000011111111111110000000111111111000000001111111111111100000011111111111
000000000000000000000000000000000000000000000000000000000000000000000000000000000000000000000000000000000001111111110000000000011111100000000000111111110000000000011111111000000000000111111100000000000000000111111111001111000000111100000000000001111111000000000111111110000000000000011111100000000000
000000000000000000000000000000000000000000000000000000000000000000000000000000000000000000000000000011111000000000000000000000000000000111111100000000000000000000000000000000011111100000000000000000111110000000000000000000000000000000000000000000000000000000000000000000000000000000000000000000000000
111111111111111111111111111111111111111111111111111111111111111111111111111111111111111111111111111100000111111111111111111111111111111000000011111111111111111111111111111111100000011111111111111111000001111111111111111111111111111111111111111111111111111111111111111111111111111111111111111111111111
000000000000000000000000000000000000000000000000000000000000000000000000000000000000000000000000000000000000000000000000000000000000000000000000000000000000000000000000000000000000000000000000000000000000000000000000000000000000000000000000000000000000000000000000000000000000000000000000000000000000
000000000000000000000000000000000000000000000000000000000000000000000000000000000000000000000000000011111111111111111111111111111111111111111111111111111111111111111111111111111111111111111111111111111111111111111111111111111111111111111111111111111111111111111111111111111111111111111111111111111111
111111111111111111111111111111111111111111111111111111111111111111111111111111111111111111111111111100000000000000000000000000000000000000000000000000000000000000000000000000000000000000000000000000000000000000000000000000000000000000000000000000000000000000000000000000000000000000000000000000000000
000000000000000000000000000000000000000000000000000000000000000000000000000000000000000000000000000011111111111111111111111111111111111111111111111111111111111111111111111111111111111111111111111111111111111111111111111111111111111111111111111111111111111111111111111111111111111111111111111111111111
000000000000000000000000000000000000000000000000000000000000000000000000000000000000000000000000000000000000000000000000000000000000000000000000000000000000000000000000000000000000000000000000000000000000000000000000000000000000000000000000000000000000000000000000000000000000000000000000000000000000
111111111111111111111111111111111111111111111111111111111111111111111111111111111111111111111111111111111111111111111111111111111111111111111111111111111111111111111111111111111111111111111111111111111111111111111111111111111111111111111111111111111111111111111111111111111111111111111111111111111111
000000000000000000000000000000000000000000000000000000000000000000000000000000000000000000000000000000000000000000000000000000000000000000000000000000000000000000000000000000000000000000000000000000000000000000000000000000000000000000000000000000000000000000000000000000000000000000000000000000000000
000000000000000000000000000000000000000000000000000000000000000000000000000000000000000000000000000000000000000000000000000000000000000000000000000000000000000000000000000000000000000000000000000000000000000000000000000000000000000000000000000000000000000000000000000000000000000000000000000000000000
000000000000000000000000000000000000000000000000000000000000000000000000000000000000000000000000000000000000000000000000000000000000000000000000000000000000000000000000000000000000000000000000000000000000000000000000000000000000000000000000000000000000000000000000000000000000000000000000000000000000
000000000000000000000000000000000000000000000000000000000000000000000000000000000000000000000000000000000000000000000000000000000000000000000000000000000000000000000000000000000000000000000000000000000000000000000000000000000000000000000000000000000000000000000000000000000000000000000000000000000000
000000000000000000000000000000000000000000000000000000000000000000000000000000000000000000000000000000000000000000000000000000000000000000000000000000000000000000000000000000000000000000000000000000000000000000000000000000000000000000000000000000000000000000000000000000000000000000000000000000000000
000000000000000000000000000000000000000000000000000000000000000000000000000000000000000000000000000000000000000000000000000000000000000000000000000000000000000000000000000000000000000000000000000000000000000000000000000000000000000000000000000000000000000000000000000000000000000000000000000000000000
000000000000000000000000000000000000000000000000000000000000000000000000000000000000000000000000000000000000000000000000000000000000000000000000000000000000000000000000000000000000000000000000000000000000000000000000000000000000000000000000000000000000000000000000000000000000000000000000000000000000
000000000000000000000000000000000000000000000000000000000000000000000000000000000000000000000000000000000000000000000000000000000000000000000000000000000000000000000000000000000000000000000000000000000000000000000000000000000000000000000000000000000000000000000000000000000000000000000000000000000000
000000000000000000000000000000000000000000000000000000000000000000000000000000000000000000000000000000000000000000000000000000000000000000000000000000000000000000000000000000000000000000000000000000000000000000000000000000000000000000000000000000000000000000000000000000000000000000000000000000000000
000000000000000000000000000000000000000000000000000000000000000000000000000000000000000000000000000000000000000000000000000000000000000000000000000000000000000000000000000000000000000000000000000000000000000000000000000000000000000000000000000000000000000000000000000000000000000000000000000000000000
111111111111111111111111111111111111111111111111111111111111111111111111111111111111111111111111111111111111111111111111111111111111111111111111111111111111111111111111111111111111111111111111111111111111111111111111111111111111111111111111111111111111111111111111111111111111111111111111111111111111
000000000000000000000000000000000000000000000000000000000000000000000000000000000000000000000000000000000000000000000000000000000000000000000000000000000000000000000000000000000000000000000000000000000000000000000000000000000000000000000000000000000000000000000000000000000000000000000000000000000000
000000000000000000000000000000000000000000000000000000000000000000000000000000000000000000000000000011111111111111111111111111111111111111111111111111111111111111111111111111111111111111111111111111111111111111111111111111111111111111111111111111111111111111111111111111111111111111111111111111111111
111111111111111111111111111111111111111111111111111111111111111111111111111111111111111111111111111100000000000000000000000000000000000000000000000000000000000000000000000000000000000000000000000000000000000000000000000000000000000000000000000000000000000000000000000000000000000000000000000000000000
000000000000000000000000000000000000000000000000000000000000000000000000000000000000000000000000000011111111111111111111111111111111111111111111111111111111111111111111111111111111111111111111111111111111111111111111111111111111111111111111111111111111111111111111111111111111111111111111111111111111
000000000000000000000000000000000000000000000000000000000000000000000000000000000000000000000000000000000000000000000000000000000000000000000000000000000000000000000000000000000000000000000000000000000000000000000000000000000000000000000000000000000000000000000000000000000000000000000000000000000000
111111111111111111111111111111111111111111111111111111111111111111111111111111111111111111111111111111111100000000011111111111111111111111111111100000001111111111111111111111111111111110000001111111111111110000000111111111111111111111111111111111111111111111111111111111111111111111111111111111111111
000000000000000000000000000000000000000000000000000000000000000000000000000000000000000000000000000000000011111111100000000000000000000000000000011111110000000000000000000000000000000001111110000000000000001111111000000000000000000000000000000000000000000000000000000000000000000000000000000000000000
000000000000000000000000000000000000000000000000000000000000000000000000000000000000000000000000000011110000000000000111111111000000000001111110000000000011111111000000000001111111100000000000011111111100000000000000011111111100111100000011110000000000000111111100000000011111111000000000000001111110
111111111111111111111111111111111111111111111111111111111111111111111111111111111111111111111111111100001111111111111000000000111111111110000001111111111100000000111111111110000000011111111111100000000011111111111111100000000011000011111100001111111111111000000011111111100000000111111111111110000001
000000000000000000000000000000000000000000000000000000000000000000000000000000000000000000000000000011110000000000000111111111000000000001111110000000000011111111000000000001111111100000000000011111111100000000000000011111111100111100000011110000000000000111111100000000011111111000000000000001111110
000000000000000000000000000000000000000000000000000000000000000000000000000000000000000000000000000000001111111111111000000000111111111110000001111111111100000000111111111110000000011111111111100000000011111111111111100000000011000011111100001111111111111000000011111111100000000111111111111110000001
111111111111111111111111111111111111111111111111111111111111111111111111111111111111111111111111111111110000000000000111111111000000000001111110000000000011111111000000000001111111100000000000011111111100000000000000011111111100111100000011110000000000000111111100000000011111111000000000000001111110
000000000000000000000000000000000000000000000000000000000000000000000000000000000000000000000000000000001111111111111000000000111111111110000001111111111100000000111111111110000000011111111111100000000011111111111111100000000011000011111100001111111111111000000011111111100000000111111111111110000001
111111111111111111111111111111111111111111111111111111111111111111111111111111111111111111111111111111110000000000000111111111000000000001111110000000000011111111000000000001111111100000000000011111111100000000000000011111111100111100000011110000000000000111111100000000011111111000000000000001111110
000000000000000000000000000000000000000000000000000000000000000000000000000000000000000000000000000000001100000000011000000000111111111110000001100000001100000000111111111110000000011110000001100000000011110000000111100000000011000011111100001111111111111000000011111111100000000111111111111110000001
000000000000000000000000000000000000000000000000000000000000000000000000000000000000000000000000000011110011111111100111111111000000000001111110011111110011111111000000000001111111100001111110011111111100001111111000011111111100111100000011110000000000000111111100000000011111111000000000000001111110
111111111111111111111111111111111111111111111111111111111111111111111111111111111111111111111111111100001100000000011000000000111111111110000001100000001100000000111111111110000000011110000001100000000011110000000111100000000011000011111100001111111111111000000011111111100000000111111111111110000001
000000000000000000000000000000000000000000000000000000000000000000000000000000000000000000000000000011110011111111100111111111000000000001111110011111110011111111000000000001111111100001111110011111111100001111111000011111111100111100000011110000000000000111111100000000011111111000000000000001111110
000000000000000000000000000000000000000000000000000000000000000000000000000000000000000000000000000000001100000000011000000000111111111110000001100000001100000000111111111110000000011110000001100000000011110000000111100000000011000011111100001111111111111000000011111111100000000111111111111110000001
111111111111111111111111111111111111111111111111111111111111111111111111111111111111111111111111111111110011111111100111111111000000000001111110011111110011111111000000000001111111100001111110011111111100001111111000011111111100111100000011110000000000000111111100000000011111111000000000000001111110
000000000000000000000000000000000000000000000000000000000000000000000000000000000000000000000000000000001100000000011000000000111111111110000001100000001100000000111111111110000000011110000001100000000011110000000111100000000011000011111100001111111111111000000011111111100000000111111111111110000001
000000000000000000000000000000000000000000000000000000000000000000000000000000000000000000000000000011110011111111100111111111000000000001111110011111110011111111000000000001111111100001111110011111111100001111111000011111111100111100000011110000000000000111111100000000011111111000000000000001111110
111111111111111111111111111111111111111111111111111111111111111111111111111111111111111111111111111100001100000000011000000000111111111110000001100000001100000000111111111110000000011110000001100000000011110000000111100000000011000011111100001111111111111000000011111111100000000111111111111110000001
000000000000000000000000000000000000000000000000000000000000000000000000000000000000000000000000000011110011111111100111111111000000000001111110011111110011111111000000000001111111100001111110011111111100001111111000011111111100111100000011110000000000000111111100000000011111111000000000000001111110
000000000000000000000000000000000000000000000000000000000000000000000000000000000000000000000000000000000000000000000011111000000000000000000000000000000000011000000000000000011110000000000000001111000000000000000000000000000000000000000000000000000000000000000000000000000000000000000000000000000000
111111111111111111111111111111111111111111111111111111111111111111111111111111111111111111111111111100001100000000011000000000111111111110000001100000001100000000111111111110000000011110000001100000000011110000000111100000000011000011111100001111111111111000000011111111100000000111111111111110000001
000000000000000000000000000000000000000000000000000000000000000000000000000000000000000000000000000011110011111111100111111111000000000001111110011111110011111111000000000001111111100001111110011111111100001111111000011111111100111100000011110000000000000111111100000000011111111000000000000001111110
000000000000000000000000000000000000000000000000000000000000000000000000000000000000000000000000000000001100000000011000000000111111111110000001100000001100000000111111111110000000011110000001100000000011110000000111100000000011000011111100001111111111111000000011111111100000000111111111111110000001
111111111111111111111111111111111111111111111111111111111111111111111111111111111111111111111111111111110011111111100111111111000000000001111110011111110011111111000000000001111111100001111110011111111100001111111000011111111100111100000011110000000000000111111100000000011111111000000000000001111110
000000000000000000000000000000000000000000000000000000000000000000000000000000000000000000000000000000001100000000011000000000111111111110000001100000001100000000111111111110000000011110000001100000000011110000000111100000000011000011111100001111111111111000000011111111100000000111111111111110000001
000000000000000000000000000000000000000000000000000000000000000000000000000000000000000000000000000011110011111111100111111111000000000001111110011111110011111111000000000001111111100001111110011111111100001111111000011111111100111100000011110000000000000111111100000000011111111000000000000001111110
111111111111111111111111111111111111111111111111111111111111111111111111111111111111111111111111111100001100000000011000000000111111111110000001100000001100000000111111111110000000011110000001100000000011110000000111100000000011000011111100001111111111111000000011111111100000000111111111111110000001
000000000000000000000000000000000000000000000000000000000000000000000000000000000000000000000000000011110011111111100111111111000000000001111110011111110011111111000000000001111111100001111110011111111100001111111000011111111100111100000011110000000000000111111100000000011111111000000000000001111110
000000000000000000000000000000000000000000000000000000000000000000000000000000000000000000000000000000001100000000011000000000111111111110000001100000001100000000111111111110000000011110000001100000000011110000000111100000000011000011111100001111111111111000000011111111100000000111111111111110000001
111111111111111111111111111111111111111111111111111111111111111111111111111111111111111111111111111111110000000000000111111111000000000001111110000000000011111111000000000001111111100000000000011111111100000000000000011111111100111100000011110000000000000111111100000000011111111000000000000001111110
000000000000000000000000000000000000000000000000000000000000000000000000000000000000000000000000000000001111111111111000000000111111111110000001111111111100000000111111111110000000011111111111100000000011111111111111100000000011000011111100001111111111111000000011111111100000000111111111111110000001
111111111111111111111111111111111111111111111111111111111111111111111111111111111111111111111111111111110000000000000111111111000000000001111110000000000011111111000000000001111111100000000000011111111100000000000000011111111100111100000011110000000000000111111100000000011111111000000000000001111110
000000000000000000000000000000000000000000000000000000000000000000000000000000000000000000000000000000001111111111111000000000111111111110000001111111111100000000111111111110000000011111111111100000000011111111111111100000000011000011111100001111111111111000000011111111100000000111111111111110000001
000000000000000000000000000000000000000000000000000000000000000000000000000000000000000000000000000011110000000000000111111111000000000001111110000000000011111111000000000001111111100000000000011111111100000000000000011111111100111100000011110000000000000111111100000000011111111000000000000001111110
111111111111111111111111111111111111111111111111111111111111111111111111111111111111111111111111111100001111111111111000000000111111111110000001111111111100000000111111111110000000011111111111100000000011111111111111100000000011000011111100001111111111111000000011111111100000000111111111111110000001
000000000000000000000000000000000000000000000000000000000000000000000000000000000000000000000000000011110000000000000111111111000000000001111110000000000011111111000000000001111111100000000000011111111100000000000000011111111100111100000011110000000000000111111100000000011111111000000000000001111110
000000000000000000000000000000000000000000000000000000000000000000000000000000000000000000000000000000000011111111100000000000000000000000000000011111110000000000000000000000000000000001111110000000000000001111111000000000000000000000000000000000000000000000000000000000000000000000000000000000000000
111111111111111111111111111111111111111111111111111111111111111111111111111111111111111111111111111111111100000000011111111111111111111111111111100000001111111111111111111111111111111110000001111111111111110000000111111111111111111111111111111111111111111111111111111111111111111111111111111111111111
000000000000000000000000000000000000000000000000000000000000000000000000000000000000000000000000000000000000000000000000000000000000000000000000000000000000000000000000000000000000000000000000000000000000000000000000000000000000000000000000000000000000000000000000000000000000000000000000000000000000
000000000000000000000000000000000000000000000000000000000000000000000000000000000000000000000000000011111111111111111111111111111111111111111111111111111111111111111111111111111111111111111111111111111111111111111111111111111111111111111111111111111111111111111111111111111111111111111111111111111111
111111111111111111111111111111111111111111111111111111111111111111111111111111111111111111111111111100000000000000000000000000000000000000000000000000000000000000000000000000000000000000000000000000000000000000000000000000000000000000000000000000000000000000000000000000000000000000000000000000000000
000000000000000000000000000000000000000000000000000000000000000000000000000000000000000000000000000011111111111111111111111111111111111111111111111111111111111111111111111111111111111111111111111111111111111111111111111111111111111111111111111111111111111111111111111111111111111111111111111111111111
000000000000000000000000000000000000000000000000000000000000000000000000000000000000000000000000000000000000000000000000000000000000000000000000000000000000000000000000000000000000000000000000000000000000000000000000000000000000000000000000000000000000000000000000000000000000000000000000000000000000
111111111111111111111111111111111111111111111111111111111111111111111111111111111111111111111111111111111111111111111111111111111111111111111111111111111111111111111111111111111111111111111111111111111111111111111111111111111111111111111111111111111111111111111111111111111111111111111111111111111111
000000000000000000000000000000000000000000000000000000000000000000000000000000000000000000000000000000000000000000000000000000000000000000000000000000000000000000000000000000000000000000000000000000000000000000000000000000000000000000000000000000000000000000000000000000000000000000000000000000000000
000000000000000000000000000000000000000000000000000000000000000000000000000000000000000000000000000000000000000000000000000000000000000000000000000000000000000000000000000000000000000000000000000000000000000000000000000000000000000000000000000000000000000000000000000000000000000000000000000000000000
000000000000000000000000000000000000000000000000000000000000000000000000000000000000000000000000000000000000000000000000000000000000000000000000000000000000000000000000000000000000000000000000000000000000000000000000000000000000000000000000000000000000000000000000000000000000000000000000000000000000
000000000000000000000000000000000000000000000000000000000000000000000000000000000000000000000000000000000000000000000000000000000000000000000000000000000000000000000000000000000000000000000000000000000000000000000000000000000000000000000000000000000000000000000000000000000000000000000000000000000000
000000000000000000000000000000000000000000000000000000000000000000000000000000000000000000000000000000000000000000000000000000000000000000000000000000000000000000000000000000000000000000000000000000000000000000000000000000000000000000000000000000000000000000000000000000000000000000000000000000000000
000000000000000000000000000000000000000000000000000000000000000000000000000000000000000000000000000000000000000000000000000000000000000000000000000000000000000000000000000000000000000000000000000000000000000000000000000000000000000000000000000000000000000000000000000000000000000000000000000000000000
000000000000000000000000000000000000000000000000000000000000000000000000000000000000000000000000000000000000000000000000000000000000000000000000000000000000000000000000000000000000000000000000000000000000000000000000000000000000000000000000000000000000000000000000000000000000000000000000000000000000
000000000000000000000000000000000000000000000000000000000000000000000000000000000000000000000000000000000000000000000000000000000000000000000000000000000000000000000000000000000000000000000000000000000000000000000000000000000000000000000000000000000000000000000000000000000000000000000000000000000000
000000000000000000000000000000000000000000000000000000000000000000000000000000000000000000000000000000000000000000000000000000000000000000000000000000000000000000000000000000000000000000000000000000000000000000000000000000000000000000000000000000000000000000000000000000000000000000000000000000000000
000000000000000000000000000000000000000000000000000000000000000000000000000000000000000000000000000000000000000000000000000000000000000000000000000000000000000000000000000000000000000000000000000000000000000000000000000000000000000000000000000000000000000000000000000000000000000000000000000000000000
111111111111111111111111111111111111111111111111111111111111111111111111111111111111111111111111111111111111111111111111111111111111111111111111111111111111111111111111111111111111111111111111111111111111111111111111111111111111111111111111111111111111111111111111111111111111111111111111111111111111
000000000000000000000000000000000000000000000000000000000000000000000000000000000000000000000000000000000000000000000000000000000000000000000000000000000000000000000000000000000000000000000000000000000000000000000000000000000000000000000000000000000000000000000000000000000000000000000000000000000000
000000000000000000000000000000000000000000000000000000000000000000000000000000000000000000000000000011111111111111111111111111111111111111111111111111111111111111111111111111111111111111111111111111111111111111111111111111111111111111111111111111111111111111111111111111111111111111111111111111111111
111111111111111111111111111111111111111111111111111111111111111111111111111111111111111111111111111100000000000000000000000000000000000000000000000000000000000000000000000000000000000000000000000000000000000000000000000000000000000000000000000000000000000000000000000000000000000000000000000000000000
000000000000000000000000000000000000000000000000000000000000000000000000000000000000000000000000000011111111111111111111111111111111111111111111111111111111111111111111111111111111111111111111111111111111111111111111111111111111111111111111111111111111111111111111111111111111111111111111111111111111
000000000000000000000000000000000000000000000000000000000000000000000000000000000000000000000000000000000000000000000000000000000000000000000000000000000000000000000000000000000000000000000000000000000000000000000000000000000000000000000000000000000000000000000000000000000000000000000000000000000000
111111111111111111111111111111111111111111111111111111111111111111111111111111111111111111111111111111111111111111110000000001111111111111111111111111111110000000111111111111111111111111111111111000001111111111111111000000011111111111111111111111111111111111111111111111111111111111111111111111111111
000000000000000000000000000000000000000000000000000000000000000000000000000000000000000000000000000000000000000000001111111110000000000000000000000000000001111111000000000000000000000000000000000111110000000000000000111111100000000000000000000000000000000000000000000000000000000000000000000000000000
000000000000000000000000000000000000000000000000000000000000000000000000000000000000000000000000000011100011111111000000000000011111111100000000000111111000000000001111111100000000000111111110000000001111111111110000000000000001111111110011110000001111000000000000011111110000000001111111100000000000
111111111111111111111111111111111111111111111111111111111111111111111111111111111111111111111111111100011100000000111111111111100000000011111111111000000111111111110000000011111111111000000001111111110000000000001111111111111110000000001100001111110000111111111111100000001111111110000000011111111111
000000000000000000000000000000000000000000000000000000000000000000000000000000000000000000000000000011100011111111000000000000011111111100000000000111111000000000001111111100000000000111111110000000001111111111110000000000000001111111110011110000001111000000000000011111110000000001111111100000000000
000000000000000000000000000000000000000000000000000000000000000000000000000000000000000000000000000000011100000000111111111111100000000011111111111000000111111111110000000011111111111000000001111111110000000000001111111111111110000000001100001111110000111111111111100000001111111110000000011111111111
111111111111111111111111111111111111111111111111111111111111111111111111111111111111111111111111111111100011111111000000000000011111111100000000000111111000000000001111111100000000000111111110000000001111111111110000000000000001111111110011110000001111000000000000011111110000000001111111100000000000
000000000000000000000000000000000000000000000000000000000000000000000000000000000000000000000000000000011100000000111111111111100000000011111111111000000111111111110000000011111111111000000001111111110000000000001111111111111110000000001100001111110000111111111111100000001111111110000000011111111111
111111111111111111111111111111111111111111111111111111111111111111111111111111111111111111111111111111100011111111000000000000011111111100000000000111111000000000001111111100000000000111111110000000001111111111110000000000000001111111110011110000001111000000000000011111110000000001111111100000000000
000000000000000000000000000000000000000000000000000000000000000000000000000000000000000000000000000000011100000000110000000001100000000011111111111000000110000000110000000011111111111000000001111000000000000000001111000000011110000000001100001111110000111111111111100000001111111110000000011111111111
000000000000000000000000000000000000000000000000000000000000000000000000000000000000000000000000000011100011111111001111111110011111111100000000000111111001111111001111111100000000000111111110000111111111111111110000111111100001111111110011110000001111000000000000011111110000000001111111100000000000
111111111111111111111111111111111111111111111111111111111111111111111111111111111111111111111111111100011100000000110000000001100000000011111111111000000110000000110000000011111111111000000001111000000000000000001111000000011110000000001100001111110000111111111111100000001111111110000000011111111111
000000000000000000000000000000000000000000000000000000000000000000000000000000000000000000000000000011100011111111001111111110011111111100000000000111111001111111001111111100000000000111111110000111111111111111110000111111100001111111110011110000001111000000000000011111110000000001111111100000000000
000000000000000000000000000000000000000000000000000000000000000000000000000000000000000000000000000000011100000000110000000001100000000011111111111000000110000000110000000011111111111000000001111000000000000000001111000000011110000000001100001111110000111111111111100000001111111110000000011111111111
111111111111111111111111111111111111111111111111111111111111111111111111111111111111111111111111111111100011111111001111111110011111111100000000000111111001111111001111111100000000000111111110000111111111111111110000111111100001111111110011110000001111000000000000011111110000000001111111100000000000
000000000000000000000000000000000000000000000000000000000000000000000000000000000000000000000000000000011100000000110000000001100000000011111111111000000110000000110000000011111111111000000001111000000000000000001111000000011110000000001100001111110000111111111111100000001111111110000000011111111111
000000000000000000000000000000000000000000000000000000000000000000000000000000000000000000000000000011100011111111001111111110011111111100000000000111111001111111001111111100000000000111111110000111111111111111110000111111100001111111110011110000001111000000000000011111110000000001111111100000000000
111111111111111111111111111111111111111111111111111111111111111111111111111111111111111111111111111100011100000000110000000001100000000011111111111000000110000000110000000011111111111000000001111000000000000000001111000000011110000000001100001111110000111111111111100000001111111110000000011111111111
000000000000000000000000000000000000000000000000000000000000000000000000000000000000000000000000000011100011111111001111111110011111111100000000000111111001111111001111111100000000000111111110000111111111111111110000111111100001111111110011110000001111000000000000011111110000000001111111100000000000
000000000000000000000000000000000000000000000000000000000000000000000000000000000000000000000000000000000000000000000000000000001111100000000000000000000000000000000001100000000000000001111000000000000000000000000000000000000000000000000000000000000000000000000000000000000000000000000000000000000000
111111111111111111111111111111111111111111111111111111111111111111111111111111111111111111111111111100011100000000110000000001100000000011111111111000000110000000110000000011111111111000000001111000000000000000001111000000011110000000001100001111110000111111111111100000001111111110000000011111111111
000000000000000000000000000000000000000000000000000000000000000000000000000000000000000000000000000011100011111111001111111110011111111100000000000111111001111111001111111100000000000111111110000111111111111111110000111111100001111111110011110000001111000000000000011111110000000001111111100000000000
000000000000000000000000000000000000000000000000000000000000000000000000000000000000000000000000000000011100000000110000000001100000000011111111111000000110000000110000000011111111111000000001111000000000000000001111000000011110000000001100001111110000111111111111100000001111111110000000011111111111
111111111111111111111111111111111111111111111111111111111111111111111111111111111111111111111111111111100011111111001111111110011111111100000000000111111001111111001111111100000000000111111110000111111111111111110000111111100001111111110011110000001111000000000000011111110000000001111111100000000000
000000000000000000000000000000000000000000000000000000000000000000000000000000000000000000000000000000011100000000110000000001100000000011111111111000000110000000110000000011111111111000000001111000000000000000001111000000011110000000001100001111110000111111111111100000001111111110000000011111111111
000000000000000000000000000000000000000000000000000000000000000000000000000000000000000000000000000011100011111111001111111110011111111100000000000111111001111111001111111100000000000111111110000111111111111111110000111111100001111111110011110000001111000000000000011111110000000001111111100000000000
111111111111111111111111111111111111111111111111111111111111111111111111111111111111111111111111111100011100000000110000000001100000000011111111111000000110000000110000000011111111111000000001111000000000000000001111000000011110000000001100001111110000111111111111100000001111111110000000011111111111
000000000000000000000000000000000000000000000000000000000000000000000000000000000000000000000000000011100011111111001111111110011111111100000000000111111001111111001111111100000000000111111110000111111111111111110000111111100001111111110011110000001111000000000000011111110000000001111111100000000000
000000000000000000000000000000000000000000000000000000000000000000000000000000000000000000000000000000011100000000110000000001100000000011111111111000000110000000110000000011111111111000000001111000000000000000001111000000011110000000001100001111110000111111111111100000001111111110000000011111111111
111111111111111111111111111111111111111111111111111111111111111111111111111111111111111111111111111111100011111111000000000000011111111100000000000111111000000000001111111100000000000111111110000000001111111111110000000000000001111111110011110000001111000000000000011111110000000001111111100000000000
000000000000000000000000000000000000000000000000000000000000000000000000000000000000000000000000000000011100000000111111111111100000000011111111111000000111111111110000000011111111111000000001111111110000000000001111111111111110000000001100001111110000111111111111100000001111111110000000011111111111
111111111111111111111111111111111111111111111111111111111111111111111111111111111111111111111111111111100011111111000000000000011111111100000000000111111000000000001111111100000000000111111110000000001111111111110000000000000001111111110011110000001111000000000000011111110000000001111111100000000000
000000000000000000000000000000000000000000000000000000000000000000000000000000000000000000000000000000011100000000111111111111100000000011111111111000000111111111110000000011111111111000000001111111110000000000001111111111111110000000001100001111110000111111111111100000001111111110000000011111111111
000000000000000000000000000000000000000000000000000000000000000000000000000000000000000000000000000011100011111111000000000000011111111100000000000111111000000000001111111100000000000111111110000000001111111111110000000000000001111111110011110000001111000000000000011111110000000001111111100000000000
111111111111111111111111111111111111111111111111111111111111111111111111111111111111111111111111111100011100000000111111111111100000000011111111111000000111111111110000000011111111111000000001111111110000000000001111111111111110000000001100001111110000111111111111100000001111111110000000011111111111
000000000000000000000000000000000000000000000000000000000000000000000000000000000000000000000000000011100011111111000000000000011111111100000000000111111000000000001111111100000000000111111110000000001111111111110000000000000001111111110011110000001111000000000000011111110000000001111111100000000000
000000000000000000000000000000000000000000000000000000000000000000000000000000000000000000000000000000000000000000001111111110000000000000000000000000000001111111000000000000000000000000000000000111110000000000000000111111100000000000000000000000000000000000000000000000000000000000000000000000000000
111111111111111111111111111111111111111111111111111111111111111111111111111111111111111111111111111111111111111111110000000001111111111111111111111111111110000000111111111111111111111111111111111000001111111111111111000000011111111111111111111111111111111111111111111111111111111111111111111111111111
000000000000000000000000000000000000000000000000000000000000000000000000000000000000000000000000000000000000000000000000000000000000000000000000000000000000000000000000000000000000000000000000000000000000000000000000000000000000000000000000000000000000000000000000000000000000000000000000000000000000
000000000000000000000000000000000000000000000000000000000000000000000000000000000000000000000000000011111111111111111111111111111111111111111111111111111111111111111111111111111111111111111111111111111111111111111111111111111111111111111111111111111111111111111111111111111111111111111111111111111111
111111111111111111111111111111111111111111111111111111111111111111111111111111111111111111111111111100000000000000000000000000000000000000000000000000000000000000000000000000000000000000000000000000000000000000000000000000000000000000000000000000000000000000000000000000000000000000000000000000000000
000000000000000000000000000000000000000000000000000000000000000000000000000000000000000000000000000011111111111111111111111111111111111111111111111111111111111111111111111111111111111111111111111111111111111111111111111111111111111111111111111111111111111111111111111111111111111111111111111111111111
000000000000000000000000000000000000000000000000000000000000000000000000000000000000000000000000000000000000000000000000000000000000000000000000000000000000000000000000000000000000000000000000000000000000000000000000000000000000000000000000000000000000000000000000000000000000000000000000000000000000
111111111111111111111111111111111111111111111111111111111111111111111111111111111111111111111111111111111111111111111111111111111111111111111111111111111111111111111111111111111111111111111111111111111111111111111111111111111111111111111111111111111111111111111111111111111111111111111111111111111111
000000000000000000000000000000000000000000000000000000000000000000000000000000000000000000000000000000000000000000000000000000000000000000000000000000000000000000000000000000000000000000000000000000000000000000000000000000000000000000000000000000000000000000000000000000000000000000000000000000000000
000000000000000000000000000000000000000000000000000000000000000000000000000000000000000000000000000000000000000000000000000000000000000000000000000000000000000000000000000000000000000000000000000000000000000000000000000000000000000000000000000000000000000000000000000000000000000000000000000000000000
000000000000000000000000000000000000000000000000000000000000000000000000000000000000000000000000000000000000000000000000000000000000000000000000000000000000000000000000000000000000000000000000000000000000000000000000000000000000000000000000000000000000000000000000000000000000000000000000000000000000
000000000000000000000000000000000000000000000000000000000000000000000000000000000000000000000000000000000000000000000000000000000000000000000000000000000000000000000000000000000000000000000000000000000000000000000000000000000000000000000000000000000000000000000000000000000000000000000000000000000000
000000000000000000000000000000000000000000000000000000000000000000000000000000000000000000000000000000000000000000000000000000000000000000000000000000000000000000000000000000000000000000000000000000000000000000000000000000000000000000000000000000000000000000000000000000000000000000000000000000000000
000000000000000000000000000000000000000000000000000000000000000000000000000000000000000000000000000000000000000000000000000000000000000000000000000000000000000000000000000000000000000000000000000000000000000000000000000000000000000000000000000000000000000000000000000000000000000000000000000000000000
000000000000000000000000000000000000000000000000000000000000000000000000000000000000000000000000000000000000000000000000000000000000000000000000000000000000000000000000000000000000000000000000000000000000000000000000000000000000000000000000000000000000000000000000000000000000000000000000000000000000
000000000000000000000000000000000000000000000000000000000000000000000000000000000000000000000000000000000000000000000000000000000000000000000000000000000000000000000000000000000000000000000000000000000000000000000000000000000000000000000000000000000000000000000000000000000000000000000000000000000000
000000000000000000000000000000000000000000000000000000000000000000000000000000000000000000000000000000000000000000000000000000000000000000000000000000000000000000000000000000000000000000000000000000000000000000000000000000000000000000000000000000000000000000000000000000000000000000000000000000000000
000000000000000000000000000000000000000000000000000000000000000000000000000000000000000000000000000000000000000000000000000000000000000000000000000000000000000000000000000000000000000000000000000000000000000000000000000000000000000000000000000000000000000000000000000000000000000000000000000000000000
111111111111111111111111111111111111111111111111111111111111111111111111111111111111111111111111111111111111111111111111111111111111111111111111111111111111111111111111111111111111111111111111111111111111111111111111111111111111111111111111111111111111111111111111111111111111111111111111111111111111
000000000000000000000000000000000000000000000000000000000000000000000000000000000000000000000000000000000000000000000000000000000000000000000000000000000000000000000000000000000000000000000000000000000000000000000000000000000000000000000000000000000000000000000000000000000000000000000000000000000000
000000000000000000000000000000000000000000000000000000000000000000000000000000000000000000000000000011111111111111111111111111111111111111111111111111111111111111111111111111111111111111111111111111111111111111111111111111111111111111111111111111111111111111111111111111111111111111111111111111111111
111111111111111111111111111111111111111111111111111111111111111111111111111111111111111111111111111100000000000000000000000000000000000000000000000000000000000000000000000000000000000000000000000000000000000000000000000000000000000000000000000000000000000000000000000000000000000000000000000000000000
000000000000000000000000000000000000000000000000000000000000000000000000000000000000000000000000000011111111111111111111111111111111111111111111111111111111111111111111111111111111111111111111111111111111111111111111111111111111111111111111111111111111111111111111111111111111111111111111111111111111
000000000000000000000000000000000000000000000000000000000000000000000000000000000000000000000000000000000000000000000000000000000000000000000000000000000000000000000000000000000000000000000000000000000000000000000000000000000000000000000000000000000000000000000000000000000000000000000000000000000000
111111111111111111111111111111111111111111111111111111111111111111111111111111111111111111111111111111111111111111111111111111000000000111111111111111111111111111111000000011111111111111111111111111111111111111111111111111111100000001111111111111111111111111111111111111111111111111111111111111111111
000000000000000000000000000000000000000000000000000000000000000000000000000000000000000000000000000000000000000000000000000000111111111000000000000000000000000000000111111100000000000000000000000000000000000000000000000000000011111110000000000000000000000000000000000000000000000000000000000000000000
000000000000000000000000000000000000000000000000000000000000000000000000000000000000000000000000000000011111111110001111111100000000000001111111110000000000011111100000000000111111110000000000011111110011111111111111111111000000000000000111111111001111000000111100000000000001111111000000000111111110
111111111111111111111111111111111111111111111111111111111111111111111111111111111111111111111111111111100000000001110000000011111111111110000000001111111111100000011111111111000000001111111111100000001100000000000000000000111111111111111000000000110000111111000011111111111110000000111111111000000001
000000000000000000000000000000000000000000000000000000000000000000000000000000000000000000000000000000011111111110001111111100000000000001111111110000000000011111100000000000111111110000000000011111110011111111111111111111000000000000000111111111001111000000111100000000000001111111000000000111111110
000000000000000000000000000000000000000000000000000000000000000000000000000000000000000000000000000011100000000001110000000011111111111110000000001111111111100000011111111111000000001111111111100000001100000000000000000000111111111111111000000000110000111111000011111111111110000000111111111000000001
111111111111111111111111111111111111111111111111111111111111111111111111111111111111111111111111111100011111111110001111111100000000000001111111110000000000011111100000000000111111110000000000011111110011111111111111111111000000000000000111111111001111000000111100000000000001111111000000000111111110
000000000000000000000000000000000000000000000000000000000000000000000000000000000000000000000000000011100000000001110000000011111111111110000000001111111111100000011111111111000000001111111111100000001100000000000000000000111111111111111000000000110000111111000011111111111110000000111111111000000001
111111111111111111111111111111111111111111111111111111111111111111111111111111111111111111111111111100011111111110001111111100000000000001111111110000000000011111100000000000111111110000000000011111110011111111111111111111000000000000000111111111001111000000111100000000000001111111000000000111111110
000000000000000000000000000000000000000000000000000000000000000000000000000000000000000000000000000011100000000001110000000011000000000110000000001111111111100000011000000011000000001111111111100000001100000000000000000000111100000001111000000000110000111111000011111111111110000000111111111000000001
000000000000000000000000000000000000000000000000000000000000000000000000000000000000000000000000000000011111111110001111111100111111111001111111110000000000011111100111111100111111110000000000011111110011111111111111111111000011111110000111111111001111000000111100000000000001111111000000000111111110
111111111111111111111111111111111111111111111111111111111111111111111111111111111111111111111111111111100000000001110000000011000000000110000000001111111111100000011000000011000000001111111111100000001100000000000000000000111100000001111000000000110000111111000011111111111110000000111111111000000001
000000000000000000000000000000000000000000000000000000000000000000000000000000000000000000000000000000011111111110001111111100111111111001111111110000000000011111100111111100111111110000000000011111110011111111111111111111000011111110000111111111001111000000111100000000000001111111000000000111111110
000000000000000000000000000000000000000000000000000000000000000000000000000000000000000000000000000011100000000001110000000011000000000110000000001111111111100000011000000011000000001111111111100000001100000000000000000000111100000001111000000000110000111111000011111111111110000000111111111000000001
111111111111111111111111111111111111111111111111111111111111111111111111111111111111111111111111111100011111111110001111111100111111111001111111110000000000011111100111111100111111110000000000011111110011111111111111111111000011111110000111111111001111000000111100000000000001111111000000000111111110
000000000000000000000000000000000000000000000000000000000000000000000000000000000000000000000000000011100000000001110000000011000000000110000000001111111111100000011000000011000000001111111111100000001100000000000000000000111100000001111000000000110000111111000011111111111110000000111111111000000001
000000000000000000000000000000000000000000000000000000000000000000000000000000000000000000000000000000011111111110001111111100111111111001111111110000000000011111100111111100111111110000000000011111110011111111111111111111000011111110000111111111001111000000111100000000000001111111000000000111111110
111111111111111111111111111111111111111111111111111111111111111111111111111111111111111111111111111111100000000001110000000011000000000110000000001111111111100000011000000011000000001111111111100000001100000000000000000000111100000001111000000000110000111111000011111111111110000000111111111000000001
000000000000000000000000000000000000000000000000000000000000000000000000000000000000000000000000000000011111111110001111111100111111111001111111110000000000011111100111111100111111110000000000011111110011111111111111111111000011111110000111111111001111000000111100000000000001111111000000000111111110
000000000000000000000000000000000000000000000000000000000000000000000000000000000000000000000000000000000111100000000000000000000000000000111110000000000000000000000000000000000110000000000000000111100000000000000000000000000000000000000000000000000000000000000000000000000000000000000000000000000000
111111111111111111111111111111111111111111111111111111111111111111111111111111111111111111111111111111100000000001110000000011000000000110000000001111111111100000011000000011000000001111111111100000001100000000000000000000111100000001111000000000110000111111000011111111111110000000111111111000000001
000000000000000000000000000000000000000000000000000000000000000000000000000000000000000000000000000000011111111110001111111100111111111001111111110000000000011111100111111100111111110000000000011111110011111111111111111111000011111110000111111111001111000000111100000000000001111111000000000111111110
000000000000000000000000000000000000000000000000000000000000000000000000000000000000000000000000000011100000000001110000000011000000000110000000001111111111100000011000000011000000001111111111100000001100000000000000000000111100000001111000000000110000111111000011111111111110000000111111111000000001
111111111111111111111111111111111111111111111111111111111111111111111111111111111111111111111111111100011111111110001111111100111111111001111111110000000000011111100111111100111111110000000000011111110011111111111111111111000011111110000111111111001111000000111100000000000001111111000000000111111110
000000000000000000000000000000000000000000000000000000000000000000000000000000000000000000000000000011100000000001110000000011000000000110000000001111111111100000011000000011000000001111111111100000001100000000000000000000111100000001111000000000110000111111000011111111111110000000111111111000000001
000000000000000000000000000000000000000000000000000000000000000000000000000000000000000000000000000000011111111110001111111100111111111001111111110000000000011111100111111100111111110000000000011111110011111111111111111111000011111110000111111111001111000000111100000000000001111111000000000111111110
111111111111111111111111111111111111111111111111111111111111111111111111111111111111111111111111111111100000000001110000000011000000000110000000001111111111100000011000000011000000001111111111100000001100000000000000000000111100000001111000000000110000111111000011111111111110000000111111111000000001
000000000000000000000000000000000000000000000000000000000000000000000000000000000000000000000000000000011111111110001111111100111111111001111111110000000000011111100111111100111111110000000000011111110011111111111111111111000011111110000111111111001111000000111100000000000001111111000000000111111110
000000000000000000000000000000000000000000000000000000000000000000000000000000000000000000000000000011100000000001110000000011000000000110000000001111111111100000011000000011000000001111111111100000001100000000000000000000111100000001111000000000110000111111000011111111111110000000111111111000000001
111111111111111111111111111111111111111111111111111111111111111111111111111111111111111111111111111100011111111110001111111100000000000001111111110000000000011111100000000000111111110000000000011111110011111111111111111111000000000000000111111111001111000000111100000000000001111111000000000111111110
000000000000000000000000000000000000000000000000000000000000000000000000000000000000000000000000000011100000000001110000000011111111111110000000001111111111100000011111111111000000001111111111100000001100000000000000000000111111111111111000000000110000111111000011111111111110000000111111111000000001
111111111111111111111111111111111111111111111111111111111111111111111111111111111111111111111111111100011111111110001111111100000000000001111111110000000000011111100000000000111111110000000000011111110011111111111111111111000000000000000111111111001111000000111100000000000001111111000000000111111110
000000000000000000000000000000000000000000000000000000000000000000000000000000000000000000000000000011100000000001110000000011111111111110000000001111111111100000011111111111000000001111111111100000001100000000000000000000111111111111111000000000110000111111000011111111111110000000111111111000000001
000000000000000000000000000000000000000000000000000000000000000000000000000000000000000000000000000000011111111110001111111100000000000001111111110000000000011111100000000000111111110000000000011111110011111111111111111111000000000000000111111111001111000000111100000000000001111111000000000111111110
111111111111111111111111111111111111111111111111111111111111111111111111111111111111111111111111111111100000000001110000000011111111111110000000001111111111100000011111111111000000001111111111100000001100000000000000000000111111111111111000000000110000111111000011111111111110000000111111111000000001
000000000000000000000000000000000000000000000000000000000000000000000000000000000000000000000000000000011111111110001111111100000000000001111111110000000000011111100000000000111111110000000000011111110011111111111111111111000000000000000111111111001111000000111100000000000001111111000000000111111110
000000000000000000000000000000000000000000000000000000000000000000000000000000000000000000000000000000000000000000000000000000111111111000000000000000000000000000000111111100000000000000000000000000000000000000000000000000000011111110000000000000000000000000000000000000000000000000000000000000000000
111111111111111111111111111111111111111111111111111111111111111111111111111111111111111111111111111111111111111111111111111111000000000111111111111111111111111111111000000011111111111111111111111111111111111111111111111111111100000001111111111111111111111111111111111111111111111111111111111111111111
000000000000000000000000000000000000000000000000000000000000000000000000000000000000000000000000000000000000000000000000000000000000000000000000000000000000000000000000000000000000000000000000000000000000000000000000000000000000000000000000000000000000000000000000000000000000000000000000000000000000
000000000000000000000000000000000000000000000000000000000000000000000000000000000000000000000000000011111111111111111111111111111111111111111111111111111111111111111111111111111111111111111111111111111111111111111111111111111111111111111111111111111111111111111111111111111111111111111111111111111111
111111111111111111111111111111111111111111111111111111111111111111111111111111111111111111111111111100000000000000000000000000000000000000000000000000000000000000000000000000000000000000000000000000000000000000000000000000000000000000000000000000000000000000000000000000000000000000000000000000000000
000000000000000000000000000000000000000000000000000000000000000000000000000000000000000000000000000011111111111111111111111111111111111111111111111111111111111111111111111111111111111111111111111111111111111111111111111111111111111111111111111111111111111111111111111111111111111111111111111111111111
000000000000000000000000000000000000000000000000000000000000000000000000000000000000000000000000000000000000000000000000000000000000000000000000000000000000000000000000000000000000000000000000000000000000000000000000000000000000000000000000000000000000000000000000000000000000000000000000000000000000
111111111111111111111111111111111111111111111111111111111111111111111111111111111111111111111111111111111111111111111111111111111111111111111111111111111111111111111111111111111111111111111111111111111111111111111111111111111111111111111111111111111111111111111111111111111111111111111111111111111111
000000000000000000000000000000000000000000000000000000000000000000000000000000000000000000000000000000000000000000000000000000000000000000000000000000000000000000000000000000000000000000000000000000000000000000000000000000000000000000000000000000000000000000000000000000000000000000000000000000000000
000000000000000000000000000000000000000000000000000000000000000000000000000000000000000000000000000000000000000000000000000000000000000000000000000000000000000000000000000000000000000000000000000000000000000000000000000000000000000000000000000000000000000000000000000000000000000000000000000000000000
000000000000000000000000000000000000000000000000000000000000000000000000000000000000000000000000000000000000000000000000000000000000000000000000000000000000000000000000000000000000000000000000000000000000000000000000000000000000000000000000000000000000000000000000000000000000000000000000000000000000
000000000000000000000000000000000000000000000000000000000000000000000000000000000000000000000000000000000000000000000000000000000000000000000000000000000000000000000000000000000000000000000000000000000000000000000000000000000000000000000000000000000000000000000000000000000000000000000000000000000000
000000000000000000000000000000000000000000000000000000000000000000000000000000000000000000000000000000000000000000000000000000000000000000000000000000000000000000000000000000000000000000000000000000000000000000000000000000000000000000000000000000000000000000000000000000000000000000000000000000000000
000000000000000000000000000000000000000000000000000000000000000000000000000000000000000000000000000000000000000000000000000000000000000000000000000000000000000000000000000000000000000000000000000000000000000000000000000000000000000000000000000000000000000000000000000000000000000000000000000000000000
000000000000000000000000000000000000000000000000000000000000000000000000000000000000000000000000000000000000000000000000000000000000000000000000000000000000000000000000000000000000000000000000000000000000000000000000000000000000000000000000000000000000000000000000000000000000000000000000000000000000
000000000000000000000000000000000000000000000000000000000000000000000000000000000000000000000000000000000000000000000000000000000000000000000000000000000000000000000000000000000000000000000000000000000000000000000000000000000000000000000000000000000000000000000000000000000000000000000000000000000000
000000000000000000000000000000000000000000000000000000000000000000000000000000000000000000000000000000000000000000000000000000000000000000000000000000000000000000000000000000000000000000000000000000000000000000000000000000000000000000000000000000000000000000000000000000000000000000000000000000000000
000000000000000000000000000000000000000000000000000000000000000000000000000000000000000000000000000000000000000000000000000000000000000000000000000000000000000000000000000000000000000000000000000000000000000000000000000000000000000000000000000000000000000000000000000000000000000000000000000000000000
111111111111111111111111111111111111111111111111111111111111111111111111111111111111111111111111111111111111111111111111111111111111111111111111111111111111111111111111111111111111111111111111111111111111111111111111111111111111111111111111111111111111111111111111111111111111111111111111111111111111
000000000000000000000000000000000000000000000000000000000000000000000000000000000000000000000000000000000000000000000000000000000000000000000000000000000000000000000000000000000000000000000000000000000000000000000000000000000000000000000000000000000000000000000000000000000000000000000000000000000000
000000000000000000000000000000000000000000000000000000000000000000000000000000000000000000000000000011111111111111111111111111111111111111111111111111111111111111111111111111111111111111111111111111111111111111111111111111111111111111111111111111111111111111111111111111111111111111111111111111111111
111111111111111111111111111111111111111111111111111111111111111111111111111111111111111111111111111100000000000000000000000000000000000000000000000000000000000000000000000000000000000000000000000000000000000000000000000000000000000000000000000000000000000000000000000000000000000000000000000000000000
000000000000000000000000000000000000000000000000000000000000000000000000000000000000000000000000000011111111111111111111111111111111111111111111111111111111111111111111111111111111111111111111111111111111111111111111111111111111111111111111111111111111111111111111111111111111111111111111111111111111
000000000000000000000000000000000000000000000000000000000000000000000000000000000000000000000000000000000000000000000000000000000000000000000000000000000000000000000000000000000000000000000000000000000000000000000000000000000000000000000000000000000000000000000000000000000000000000000000000000000000
111111111111111111111111111111111111111111111111111111111111111111111111111111111111111111111111111111110000001111111111111111111111111100000000011111111111111111111111111111100000001111111111111111111111111111111111111111111111111111110000000111111111111111111111111111111111111111111111111111111111
000000000000000000000000000000000000000000000000000000000000000000000000000000000000000000000000000000001111110000000000000000000000000011111111100000000000000000000000000000011111110000000000000000000000000000000000000000000000000000001111111000000000000000000000000000000000000000000000000000000000
000000000000000000000000000000000000000000000000000000000000000000000000000000000000000000000000000010000000000001111111111000111111110000000000000111111111000000000001111110000000000011111111000000000000000000001111111111111111111100000000000000011111111100111100000011110000000000000111111100000000
111111111111111111111111111111111111111111111111111111111111111111111111111111111111111111111111111101111111111110000000000111000000001111111111111000000000111111111110000001111111111100000000111111111111111111110000000000000000000011111111111111100000000011000011111100001111111111111000000011111111
000000000000000000000000000000000000000000000000000000000000000000000000000000000000000000000000000010000000000001111111111000111111110000000000000111111111000000000001111110000000000011111111000000000000000000001111111111111111111100000000000000011111111100111100000011110000000000000111111100000000
000000000000000000000000000000000000000000000000000000000000000000000000000000000000000000000000000001111111111110000000000111000000001111111111111000000000111111111110000001111111111100000000111111111111111111110000000000000000000011111111111111100000000011000011111100001111111111111000000011111111
111111111111111111111111111111111111111111111111111111111111111111111111111111111111111111111111111110000000000001111111111000111111110000000000000111111111000000000001111110000000000011111111000000000000000000001111111111111111111100000000000000011111111100111100000011110000000000000111111100000000
000000000000000000000000000000000000000000000000000000000000000000000000000000000000000000000000000001111111111110000000000111000000001111111111111000000000111111111110000001111111111100000000111111111111111111110000000000000000000011111111111111100000000011000011111100001111111111111000000011111111
111111111111111111111111111111111111111111111111111111111111111111111111111111111111111111111111111110000000000001111111111000111111110000000000000111111111000000000001111110000000000011111111000000000000000000001111111111111111111100000000000000011111111100111100000011110000000000000111111100000000
000000000000000000000000000000000000000000000000000000000000000000000000000000000000000000000000000001110000001110000000000111000000001100000000011000000000111111111110000001100000001100000000111111111111111111110000000000000000000011110000000111100000000011000011111100001111111111111000000011111111
000000000000000000000000000000000000000000000000000000000000000000000000000000000000000000000000000010001111110001111111111000111111110011111111100111111111000000000001111110011111110011111111000000000000000000001111111111111111111100001111111000011111111100111100000011110000000000000111111100000000
111111111111111111111111111111111111111111111111111111111111111111111111111111111111111111111111111101110000001110000000000111000000001100000000011000000000111111111110000001100000001100000000111111111111111111110000000000000000000011110000000111100000000011000011111100001111111111111000000011111111
000000000000000000000000000000000000000000000000000000000000000000000000000000000000000000000000000010001111110001111111111000111111110011111111100111111111000000000001111110011111110011111111000000000000000000001111111111111111111100001111111000011111111100111100000011110000000000000111111100000000
000000000000000000000000000000000000000000000000000000000000000000000000000000000000000000000000000001110000001110000000000111000000001100000000011000000000111111111110000001100000001100000000111111111111111111110000000000000000000011110000000111100000000011000011111100001111111111111000000011111111
111111111111111111111111111111111111111111111111111111111111111111111111111111111111111111111111111110001111110001111111111000111111110011111111100111111111000000000001111110011111110011111111000000000000000000001111111111111111111100001111111000011111111100111100000011110000000000000111111100000000
000000000000000000000000000000000000000000000000000000000000000000000000000000000000000000000000000001110000001110000000000111000000001100000000011000000000111111111110000001100000001100000000111111111111111111110000000000000000000011110000000111100000000011000011111100001111111111111000000011111111
000000000000000000000000000000000000000000000000000000000000000000000000000000000000000000000000000010001111110001111111111000111111110011111111100111111111000000000001111110011111110011111111000000000000000000001111111111111111111100001111111000011111111100111100000011110000000000000111111100000000
111111111111111111111111111111111111111111111111111111111111111111111111111111111111111111111111111101110000001110000000000111000000001100000000011000000000111111111110000001100000001100000000111111111111111111110000000000000000000011110000000111100000000011000011111100001111111111111000000011111111
000000000000000000000000000000000000000000000000000000000000000000000000000000000000000000000000000010001111110001111111111000111111110011111111100111111111000000000001111110011111110011111111000000000000000000001111111111111111111100001111111000011111111100111100000011110000000000000111111100000000
000000000000000000000000000000000000000000000000000000000000000000000000000000000000000000000000000000000000000000011110000000000000000000000000000011111000000000000000000000000000000000011000000000000000000000000000000000000000000000000000000000000000000000000000000000000000000000000000000000000000
111111111111111111111111111111111111111111111111111111111111111111111111111111111111111111111111111101110000001110000000000111000000001100000000011000000000111111111110000001100000001100000000111111111111111111110000000000000000000011110000000111100000000011000011111100001111111111111000000011111111
000000000000000000000000000000000000000000000000000000000000000000000000000000000000000000000000000010001111110001111111111000111111110011111111100111111111000000000001111110011111110011111111000000000000000000001111111111111111111100001111111000011111111100111100000011110000000000000111111100000000
000000000000000000000000000000000000000000000000000000000000000000000000000000000000000000000000000001110000001110000000000111000000001100000000011000000000111111111110000001100000001100000000111111111111111111110000000000000000000011110000000111100000000011000011111100001111111111111000000011111111
111111111111111111111111111111111111111111111111111111111111111111111111111111111111111111111111111110001111110001111111111000111111110011111111100111111111000000000001111110011111110011111111000000000000000000001111111111111111111100001111111000011111111100111100000011110000000000000111111100000000
000000000000000000000000000000000000000000000000000000000000000000000000000000000000000000000000000001110000001110000000000111000000001100000000011000000000111111111110000001100000001100000000111111111111111111110000000000000000000011110000000111100000000011000011111100001111111111111000000011111111
000000000000000000000000000000000000000000000000000000000000000000000000000000000000000000000000000010001111110001111111111000111111110011111111100111111111000000000001111110011111110011111111000000000000000000001111111111111111111100001111111000011111111100111100000011110000000000000111111100000000
111111111111111111111111111111111111111111111111111111111111111111111111111111111111111111111111111101110000001110000000000111000000001100000000011000000000111111111110000001100000001100000000111111111111111111110000000000000000000011110000000111100000000011000011111100001111111111111000000011111111
000000000000000000000000000000000000000000000000000000000000000000000000000000000000000000000000000010001111110001111111111000111111110011111111100111111111000000000001111110011111110011111111000000000000000000001111111111111111111100001111111000011111111100111100000011110000000000000111111100000000
000000000000000000000000000000000000000000000000000000000000000000000000000000000000000000000000000001110000001110000000000111000000001100000000011000000000111111111110000001100000001100000000111111111111111111110000000000000000000011110000000111100000000011000011111100001111111111111000000011111111
111111111111111111111111111111111111111111111111111111111111111111111111111111111111111111111111111110000000000001111111111000111111110000000000000111111111000000000001111110000000000011111111000000000000000000001111111111111111111100000000000000011111111100111100000011110000000000000111111100000000
000000000000000000000000000000000000000000000000000000000000000000000000000000000000000000000000000001111111111110000000000111000000001111111111111000000000111111111110000001111111111100000000111111111111111111110000000000000000000011111111111111100000000011000011111100001111111111111000000011111111
111111111111111111111111111111111111111111111111111111111111111111111111111111111111111111111111111110000000000001111111111000111111110000000000000111111111000000000001111110000000000011111111000000000000000000001111111111111111111100000000000000011111111100111100000011110000000000000111111100000000
000000000000000000000000000000000000000000000000000000000000000000000000000000000000000000000000000001111111111110000000000111000000001111111111111000000000111111111110000001111111111100000000111111111111111111110000000000000000000011111111111111100000000011000011111100001111111111111000000011111111
000000000000000000000000000000000000000000000000000000000000000000000000000000000000000000000000000010000000000001111111111000111111110000000000000111111111000000000001111110000000000011111111000000000000000000001111111111111111111100000000000000011111111100111100000011110000000000000111111100000000
111111111111111111111111111111111111111111111111111111111111111111111111111111111111111111111111111101111111111110000000000111000000001111111111111000000000111111111110000001111111111100000000111111111111111111110000000000000000000011111111111111100000000011000011111100001111111111111000000011111111
000000000000000000000000000000000000000000000000000000000000000000000000000000000000000000000000000010000000000001111111111000111111110000000000000111111111000000000001111110000000000011111111000000000000000000001111111111111111111100000000000000011111111100111100000011110000000000000111111100000000
000000000000000000000000000000000000000000000000000000000000000000000000000000000000000000000000000000001111110000000000000000000000000011111111100000000000000000000000000000011111110000000000000000000000000000000000000000000000000000001111111000000000000000000000000000000000000000000000000000000000
111111111111111111111111111111111111111111111111111111111111111111111111111111111111111111111111111111110000001111111111111111111111111100000000011111111111111111111111111111100000001111111111111111111111111111111111111111111111111111110000000111111111111111111111111111111111111111111111111111111111
000000000000000000000000000000000000000000000000000000000000000000000000000000000000000000000000000000000000000000000000000000000000000000000000000000000000000000000000000000000000000000000000000000000000000000000000000000000000000000000000000000000000000000000000000000000000000000000000000000000000
000000000000000000000000000000000000000000000000000000000000000000000000000000000000000000000000000011111111111111111111111111111111111111111111111111111111111111111111111111111111111111111111111111111111111111111111111111111111111111111111111111111111111111111111111111111111111111111111111111111111
111111111111111111111111111111111111111111111111111111111111111111111111111111111111111111111111111100000000000000000000000000000000000000000000000000000000000000000000000000000000000000000000000000000000000000000000000000000000000000000000000000000000000000000000000000000000000000000000000000000000
000000000000000000000000000000000000000000000000000000000000000000000000000000000000000000000000000011111111111111111111111111111111111111111111111111111111111111111111111111111111111111111111111111111111111111111111111111111111111111111111111111111111111111111111111111111111111111111111111111111111
000000000000000000000000000000000000000000000000000000000000000000000000000000000000000000000000000000000000000000000000000000000000000000000000000000000000000000000000000000000000000000000000000000000000000000000000000000000000000000000000000000000000000000000000000000000000000000000000000000000000
111111111111111111111111111111111111111111111111111111111111111111111111111111111111111111111111111111111111111111111111111111111111111111111111111111111111111111111111111111111111111111111111111111111111111111111111111111111111111111111111111111111111111111111111111111111111111111111111111111111111
000000000000000000000000000000000000000000000000000000000000000000000000000000000000000000000000000000000000000000000000000000000000000000000000000000000000000000000000000000000000000000000000000000000000000000000000000000000000000000000000000000000000000000000000000000000000000000000000000000000000
000000000000000000000000000000000000000000000000000000000000000000000000000000000000000000000000000000000000000000000000000000000000000000000000000000000000000000000000000000000000000000000000000000000000000000000000000000000000000000000000000000000000000000000000000000000000000000000000000000000000
000000000000000000000000000000000000000000000000000000000000000000000000000000000000000000000000000000000000000000000000000000000000000000000000000000000000000000000000000000000000000000000000000000000000000000000000000000000000000000000000000000000000000000000000000000000000000000000000000000000000
000000000000000000000000000000000000000000000000000000000000000000000000000000000000000000000000000000000000000000000000000000000000000000000000000000000000000000000000000000000000000000000000000000000000000000000000000000000000000000000000000000000000000000000000000000000000000000000000000000000000
000000000000000000000000000000000000000000000000000000000000000000000000000000000000000000000000000000000000000000000000000000000000000000000000000000000000000000000000000000000000000000000000000000000000000000000000000000000000000000000000000000000000000000000000000000000000000000000000000000000000
000000000000000000000000000000000000000000000000000000000000000000000000000000000000000000000000000000000000000000000000000000000000000000000000000000000000000000000000000000000000000000000000000000000000000000000000000000000000000000000000000000000000000000000000000000000000000000000000000000000000
000000000000000000000000000000000000000000000000000000000000000000000000000000000000000000000000000000000000000000000000000000000000000000000000000000000000000000000000000000000000000000000000000000000000000000000000000000000000000000000000000000000000000000000000000000000000000000000000000000000000
000000000000000000000000000000000000000000000000000000000000000000000000000000000000000000000000000000000000000000000000000000000000000000000000000000000000000000000000000000000000000000000000000000000000000000000000000000000000000000000000000000000000000000000000000000000000000000000000000000000000
000000000000000000000000000000000000000000000000000000000000000000000000000000000000000000000000000000000000000000000000000000000000000000000000000000000000000000000000000000000000000000000000000000000000000000000000000000000000000000000000000000000000000000000000000000000000000000000000000000000000
000000000000000000000000000000000000000000000000000000000000000000000000000000000000000000000000000000000000000000000000000000000000000000000000000000000000000000000000000000000000000000000000000000000000000000000000000000000000000000000000000000000000000000000000000000000000000000000000000000000000
111111111111111111111111111111111111111111111111111111111111111111111111111111111111111111111111111111111111111111111111111111111111111111111111111111111111111111111111111111111111111111111111111111111111111111111111111111111111111111111111111111111111111111111111111111111111111111111111111111111111
000000000000000000000000000000000000000000000000000000000000000000000000000000000000000000000000000000000000000000000000000000000000000000000000000000000000000000000000000000000000000000000000000000000000000000000000000000000000000000000000000000000000000000000000000000000000000000000000000000000000
000000000000000000000000000000000000000000000000000000000000000000000000000000000000000000000000000011111111111111111111111111111111111111111111111111111111111111111111111111111111111111111111111111111111111111111111111111111111111111111111111111111111111111111111111111111111111111111111111111111111
111111111111111111111111111111111111111111111111111111111111111111111111111111111111111111111111111100000000000000000000000000000000000000000000000000000000000000000000000000000000000000000000000000000000000000000000000000000000000000000000000000000000000000000000000000000000000000000000000000000000
000000000000000000000000000000000000000000000000000000000000000000000000000000000000000000000000000011111111111111111111111111111111111111111111111111111111111111111111111111111111111111111111111111111111111111111111111111111111111111111111111111111111111111111111111111111111111111111111111111111111
000000000000000000000000000000000000000000000000000000000000000000000000000000000000000000000000000000000000000000000000000000000000000000000000000000000000000000000000000000000000000000000000000000000000000000000000000000000000000000000000000000000000000000000000000000000000000000000000000000000000
111111111111111111111111111111111111111111111111111111111111111111111111111111111111111111111111111111111111111111000000111111111111111111111111110000000001111111111111111111111111111110000000111111111111111111111111111111111111111111111111111111000000011111111111111111111111111111111111111111111111
000000000000000000000000000000000000000000000000000000000000000000000000000000000000000000000000000000000000000000111111000000000000000000000000001111111110000000000000000000000000000001111111000000000000000000000000000000000000000000000000000000111111100000000000000000000000000000000000000000000000
000000000000000000000000000000000000000000000000000000000000000000000000000000000000000000000000000000000011111000000000000111111111100011111111000000000000011111111100000000000111111000000000001111110000000011000000000000111111111111111111110000000000000001111111110011110000001111000000000000011111
111111111111111111111111111111111111111111111111111111111111111111111111111111111111111111111111111111111100000111111111111000000000011100000000111111111111100000000011111111111000000111111111110000001111111100111111111111000000000000000000001111111111111110000000001100001111110000111111111111100000
000000000000000000000000000000000000000000000000000000000000000000000000000000000000000000000000000000000011111000000000000111111111100011111111000000000000011111111100000000000111111000000000001111110000000011000000000000111111111111111111110000000000000001111111110011110000001111000000000000011111
000000000000000000000000000000000000000000000000000000000000000000000000000000000000000000000000000011111100000111111111111000000000011100000000111111111111100000000011111111111000000111111111110000001111111100111111111111000000000000000000001111111111111110000000001100001111110000111111111111100000
111111111111111111111111111111111111111111111111111111111111111111111111111111111111111111111111111100000011111000000000000111111111100011111111000000000000011111111100000000000111111000000000001111110000000011000000000000111111111111111111110000000000000001111111110011110000001111000000000000011111
000000000000000000000000000000000000000000000000000000000000000000000000000000000000000000000000000011111100000111111111111000000000011100000000111111111111100000000011111111111000000111111111110000001111111100111111111111000000000000000000001111111111111110000000001100001111110000111111111111100000
111111111111111111111111111111111111111111111111111111111111111111111111111111111111111111111111111100000011111000000000000111111111100011111111000000000000011111111100000000000111111000000000001111110000000011000000000000111111111111111111110000000000000001111111110011110000001111000000000000011111
000000000000000000000000000000000000000000000000000000000000000000000000000000000000000000000000000011111100000111000000111000000000011100000000110000000001100000000011111111111000000110000000110000001111111100111111111111000000000000000000001111000000011110000000001100001111110000111111111111100000
000000000000000000000000000000000000000000000000000000000000000000000000000000000000000000000000000000000011111000111111000111111111100011111111001111111110011111111100000000000111111001111111001111110000000011000000000000111111111111111111110000111111100001111111110011110000001111000000000000011111
111111111111111111111111111111111111111111111111111111111111111111111111111111111111111111111111111111111100000111000000111000000000011100000000110000000001100000000011111111111000000110000000110000001111111100111111111111000000000000000000001111000000011110000000001100001111110000111111111111100000
000000000000000000000000000000000000000000000000000000000000000000000000000000000000000000000000000000000011111000111111000111111111100011111111001111111110011111111100000000000111111001111111001111110000000011000000000000111111111111111111110000111111100001111111110011110000001111000000000000011111
000000000000000000000000000000000000000000000000000000000000000000000000000000000000000000000000000011111100000111000000111000000000011100000000110000000001100000000011111111111000000110000000110000001111111100111111111111000000000000000000001111000000011110000000001100001111110000111111111111100000
111111111111111111111111111111111111111111111111111111111111111111111111111111111111111111111111111100000011111000111111000111111111100011111111001111111110011111111100000000000111111001111111001111110000000011000000000000111111111111111111110000111111100001111111110011110000001111000000000000011111
000000000000000000000000000000000000000000000000000000000000000000000000000000000000000000000000000011111100000111000000111000000000011100000000110000000001100000000011111111111000000110000000110000001111111100111111111111000000000000000000001111000000011110000000001100001111110000111111111111100000
000000000000000000000000000000000000000000000000000000000000000000000000000000000000000000000000000000000011111000111111000111111111100011111111001111111110011111111100000000000111111001111111001111110000000011000000000000111111111111111111110000111111100001111111110011110000001111000000000000011111
111111111111111111111111111111111111111111111111111111111111111111111111111111111111111111111111111111111100000111000000111000000000011100000000110000000001100000000011111111111000000110000000110000001111111100111111111111000000000000000000001111000000011110000000001100001111110000111111111111100000
000000000000000000000000000000000000000000000000000000000000000000000000000000000000000000000000000000000011111000111111000111111111100011111111001111111110011111111100000000000111111001111111001111110000000011000000000000111111111111111111110000111111100001111111110011110000001111000000000000011111
000000000000000000000000000000000000000000000000000000000000000000000000000000000000000000000000000000000000000000000000000001111000000000000000000000000000001111100000000000000000000000000000000001100000000000000000000000000000000000000000000000000000000000000000000000000000000000000000000000000000
111111111111111111111111111111111111111111111111111111111111111111111111111111111111111111111111111111111100000111000000111000000000011100000000110000000001100000000011111111111000000110000000110000001111111100111111111111000000000000000000001111000000011110000000001100001111110000111111111111100000
000000000000000000000000000000000000000000000000000000000000000000000000000000000000000000000000000000000011111000111111000111111111100011111111001111111110011111111100000000000111111001111111001111110000000011000000000000111111111111111111110000111111100001111111110011110000001111000000000000011111
000000000000000000000000000000000000000000000000000000000000000000000000000000000000000000000000000011111100000111000000111000000000011100000000110000000001100000000011111111111000000110000000110000001111111100111111111111000000000000000000001111000000011110000000001100001111110000111111111111100000
111111111111111111111111111111111111111111111111111111111111111111111111111111111111111111111111111100000011111000111111000111111111100011111111001111111110011111111100000000000111111001111111001111110000000011000000000000111111111111111111110000111111100001111111110011110000001111000000000000011111
000000000000000000000000000000000000000000000000000000000000000000000000000000000000000000000000000011111100000111000000111000000000011100000000110000000001100000000011111111111000000110000000110000001111111100111111111111000000000000000000001111000000011110000000001100001111110000111111111111100000
000000000000000000000000000000000000000000000000000000000000000000000000000000000000000000000000000000000011111000111111000111111111100011111111001111111110011111111100000000000111111001111111001111110000000011000000000000111111111111111111110000111111100001111111110011110000001111000000000000011111
111111111111111111111111111111111111111111111111111111111111111111111111111111111111111111111111111111111100000111000000111000000000011100000000110000000001100000000011111111111000000110000000110000001111111100111111111111000000000000000000001111000000011110000000001100001111110000111111111111100000
000000000000000000000000000000000000000000000000000000000000000000000000000000000000000000000000000000000011111000111111000111111111100011111111001111111110011111111100000000000111111001111111001111110000000011000000000000111111111111111111110000111111100001111111110011110000001111000000000000011111
000000000000000000000000000000000000000000000000000000000000000000000000000000000000000000000000000011111100000111000000111000000000011100000000110000000001100000000011111111111000000110000000110000001111111100111111111111000000000000000000001111000000011110000000001100001111110000111111111111100000
111111111111111111111111111111111111111111111111111111111111111111111111111111111111111111111111111100000011111000000000000111111111100011111111000000000000011111111100000000000111111000000000001111110000000011000000000000111111111111111111110000000000000001111111110011110000001111000000000000011111
000000000000000000000000000000000000000000000000000000000000000000000000000000000000000000000000000011111100000111111111111000000000011100000000111111111111100000000011111111111000000111111111110000001111111100111111111111000000000000000000001111111111111110000000001100001111110000111111111111100000
111111111111111111111111111111111111111111111111111111111111111111111111111111111111111111111111111100000011111000000000000111111111100011111111000000000000011111111100000000000111111000000000001111110000000011000000000000111111111111111111110000000000000001111111110011110000001111000000000000011111
000000000000000000000000000000000000000000000000000000000000000000000000000000000000000000000000000011111100000111111111111000000000011100000000111111111111100000000011111111111000000111111111110000001111111100111111111111000000000000000000001111111111111110000000001100001111110000111111111111100000
000000000000000000000000000000000000000000000000000000000000000000000000000000000000000000000000000000000011111000000000000111111111100011111111000000000000011111111100000000000111111000000000001111110000000011000000000000111111111111111111110000000000000001111111110011110000001111000000000000011111
111111111111111111111111111111111111111111111111111111111111111111111111111111111111111111111111111111111100000111111111111000000000011100000000111111111111100000000011111111111000000111111111110000001111111100111111111111000000000000000000001111111111111110000000001100001111110000111111111111100000
000000000000000000000000000000000000000000000000000000000000000000000000000000000000000000000000000000000011111000000000000111111111100011111111000000000000011111111100000000000111111000000000001111110000000011000000000000111111111111111111110000000000000001111111110011110000001111000000000000011111
000000000000000000000000000000000000000000000000000000000000000000000000000000000000000000000000000000000000000000111111000000000000000000000000001111111110000000000000000000000000000001111111000000000000000000000000000000000000000000000000000000111111100000000000000000000000000000000000000000000000
111111111111111111111111111111111111111111111111111111111111111111111111111111111111111111111111111111111111111111000000111111111111111111111111110000000001111111111111111111111111111110000000111111111111111111111111111111111111111111111111111111000000011111111111111111111111111111111111111111111111
000000000000000000000000000000000000000000000000000000000000000000000000000000000000000000000000000000000000000000000000000000000000000000000000000000000000000000000000000000000000000000000000000000000000000000000000000000000000000000000000000000000000000000000000000000000000000000000000000000000000
000000000000000000000000000000000000000000000000000000000000000000000000000000000000000000000000000011111111111111111111111111111111111111111111111111111111111111111111111111111111111111111111111111111111111111111111111111111111111111111111111111111111111111111111111111111111111111111111111111111111
111111111111111111111111111111111111111111111111111111111111111111111111111111111111111111111111111100000000000000000000000000000000000000000000000000000000000000000000000000000000000000000000000000000000000000000000000000000000000000000000000000000000000000000000000000000000000000000000000000000000
000000000000000000000000000000000000000000000000000000000000000000000000000000000000000000000000000011111111111111111111111111111111111111111111111111111111111111111111111111111111111111111111111111111111111111111111111111111111111111111111111111111111111111111111111111111111111111111111111111111111
000000000000000000000000000000000000000000000000000000000000000000000000000000000000000000000000000000000000000000000000000000000000000000000000000000000000000000000000000000000000000000000000000000000000000000000000000000000000000000000000000000000000000000000000000000000000000000000000000000000000
111111111111111111111111111111111111111111111111111111111111111111111111111111111111111111111111111111111111111111111111111111111111111111111111111111111111111111111111111111111111111111111111111111111111111111111111111111111111111111111111111111111111111111111111111111111111111111111111111111111111
000000000000000000000000000000000000000000000000000000000000000000000000000000000000000000000000000000000000000000000000000000000000000000000000000000000000000000000000000000000000000000000000000000000000000000000000000000000000000000000000000000000000000000000000000000000000000000000000000000000000
000000000000000000000000000000000000000000000000000000000000000000000000000000000000000000000000000000000000000000000000000000000000000000000000000000000000000000000000000000000000000000000000000000000000000000000000000000000000000000000000000000000000000000000000000000000000000000000000000000000000
000000000000000000000000000000000000000000000000000000000000000000000000000000000000000000000000000000000000000000000000000000000000000000000000000000000000000000000000000000000000000000000000000000000000000000000000000000000000000000000000000000000000000000000000000000000000000000000000000000000000
000000000000000000000000000000000000000000000000000000000000000000000000000000000000000000000000000000000000000000000000000000000000000000000000000000000000000000000000000000000000000000000000000000000000000000000000000000000000000000000000000000000000000000000000000000000000000000000000000000000000
000000000000000000000000000000000000000000000000000000000000000000000000000000000000000000000000000000000000000000000000000000000000000000000000000000000000000000000000000000000000000000000000000000000000000000000000000000000000000000000000000000000000000000000000000000000000000000000000000000000000
000000000000000000000000000000000000000000000000000000000000000000000000000000000000000000000000000000000000000000000000000000000000000000000000000000000000000000000000000000000000000000000000000000000000000000000000000000000000000000000000000000000000000000000000000000000000000000000000000000000000
000000000000000000000000000000000000000000000000000000000000000000000000000000000000000000000000000000000000000000000000000000000000000000000000000000000000000000000000000000000000000000000000000000000000000000000000000000000000000000000000000000000000000000000000000000000000000000000000000000000000
000000000000000000000000000000000000000000000000000000000000000000000000000000000000000000000000000000000000000000000000000000000000000000000000000000000000000000000000000000000000000000000000000000000000000000000000000000000000000000000000000000000000000000000000000000000000000000000000000000000000
000000000000000000000000000000000000000000000000000000000000000000000000000000000000000000000000000000000000000000000000000000000000000000000000000000000000000000000000000000000000000000000000000000000000000000000000000000000000000000000000000000000000000000000000000000000000000000000000000000000000
000000000000000000000000000000000000000000000000000000000000000000000000000000000000000000000000000000000000000000000000000000000000000000000000000000000000000000000000000000000000000000000000000000000000000000000000000000000000000000000000000000000000000000000000000000000000000000000000000000000000
111111111111111111111111111111111111111111111111111111111111111111111111111111111111111111111111111111111111111111111111111111111111111111111111111111111111111111111111111111111111111111111111111111111111111111111111111111111111111111111111111111111111111111111111111111111111111111111111111111111111
000000000000000000000000000000000000000000000000000000000000000000000000000000000000000000000000000000000000000000000000000000000000000000000000000000000000000000000000000000000000000000000000000000000000000000000000000000000000000000000000000000000000000000000000000000000000000000000000000000000000
000000000000000000000000000000000000000000000000000000000000000000000000000000000000000000000000000011111111111111111111111111111111111111111111111111111111111111111111111111111111111111111111111111111111111111111111111111111111111111111111111111111111111111111111111111111111111111111111111111111111
111111111111111111111111111111111111111111111111111111111111111111111111111111111111111111111111111100000000000000000000000000000000000000000000000000000000000000000000000000000000000000000000000000000000000000000000000000000000000000000000000000000000000000000000000000000000000000000000000000000000
000000000000000000000000000000000000000000000000000000000000000000000000000000000000000000000000000011111111111111111111111111111111111111111111111111111111111111111111111111111111111111111111111111111111111111111111111111111111111111111111111111111111111111111111111111111111111111111111111111111111
000000000000000000000000000000000000000000000000000000000000000000000000000000000000000000000000000000000000000000000000000000000000000000000000000000000000000000000000000000000000000000000000000000000000000000000000000000000000000000000000000000000000000000000000000000000000000000000000000000000000
111111111111111111111111111111111111111111111111111111111111111111111111111111111111111111111111111111111111111111111111111100000011111111111111111111111111000000000111111111111111111111111111111000001111111111111111111111111111111111111111111111111111111100000001111111111111111111111111111111111111
000000000000000000000000000000000000000000000000000000000000000000000000000000000000000000000000000000000000000000000000000011111100000000000000000000000000111111111000000000000000000000000000000111110000000000000000000000000000000000000000000000000000000011111110000000000000000000000000000000000000
000000000000000000000000000000000000000000000000000000000000000000000000000000000000000000000000000011110000000000001111100000000000011111111110001111111100000000000001111111110000000000011111100000001111000000000000001100000000000011111111111111111111000000000000000111111111001111000000111100000000
111111111111111111111111111111111111111111111111111111111111111111111111111111111111111111111111111100001111111111110000011111111111100000000001110000000011111111111110000000001111111111100000011111110000111111111111110011111111111100000000000000000000111111111111111000000000110000111111000011111111
000000000000000000000000000000000000000000000000000000000000000000000000000000000000000000000000000011110000000000001111100000000000011111111110001111111100000000000001111111110000000000011111100000001111000000000000001100000000000011111111111111111111000000000000000111111111001111000000111100000000
000000000000000000000000000000000000000000000000000000000000000000000000000000000000000000000000000000001111111111110000011111111111100000000001110000000011111111111110000000001111111111100000011111110000111111111111110011111111111100000000000000000000111111111111111000000000110000111111000011111111
111111111111111111111111111111111111111111111111111111111111111111111111111111111111111111111111111111110000000000001111100000000000011111111110001111111100000000000001111111110000000000011111100000001111000000000000001100000000000011111111111111111111000000000000000111111111001111000000111100000000
000000000000000000000000000000000000000000000000000000000000000000000000000000000000000000000000000000001111111111110000011111111111100000000001110000000011111111111110000000001111111111100000011111110000111111111111110011111111111100000000000000000000111111111111111000000000110000111111000011111111
111111111111111111111111111111111111111111111111111111111111111111111111111111111111111111111111111111110000000000001111100000000000011111111110001111111100000000000001111111110000000000011111100000001111000000000000001100000000000011111111111111111111000000000000000111111111001111000000111100000000
000000000000000000000000000000000000000000000000000000000000000000000000000000000000000000000000000000001111111111110000011100000011100000000001110000000011000000000110000000001111111111100000011000000000111111111111110011111111111100000000000000000000111100000001111000000000110000111111000011111111
000000000000000000000000000000000000000000000000000000000000000000000000000000000000000000000000000011110000000000001111100011111100011111111110001111111100111111111001111111110000000000011111100111111111000000000000001100000000000011111111111111111111000011111110000111111111001111000000111100000000
111111111111111111111111111111111111111111111111111111111111111111111111111111111111111111111111111100001111111111110000011100000011100000000001110000000011000000000110000000001111111111100000011000000000111111111111110011111111111100000000000000000000111100000001111000000000110000111111000011111111
000000000000000000000000000000000000000000000000000000000000000000000000000000000000000000000000000011110000000000001111100011111100011111111110001111111100111111111001111111110000000000011111100111111111000000000000001100000000000011111111111111111111000011111110000111111111001111000000111100000000
000000000000000000000000000000000000000000000000000000000000000000000000000000000000000000000000000000001111111111110000011100000011100000000001110000000011000000000110000000001111111111100000011000000000111111111111110011111111111100000000000000000000111100000001111000000000110000111111000011111111
111111111111111111111111111111111111111111111111111111111111111111111111111111111111111111111111111111110000000000001111100011111100011111111110001111111100111111111001111111110000000000011111100111111111000000000000001100000000000011111111111111111111000011111110000111111111001111000000111100000000
000000000000000000000000000000000000000000000000000000000000000000000000000000000000000000000000000000001111111111110000011100000011100000000001110000000011000000000110000000001111111111100000011000000000111111111111110011111111111100000000000000000000111100000001111000000000110000111111000011111111
000000000000000000000000000000000000000000000000000000000000000000000000000000000000000000000000000011110000000000001111100011111100011111111110001111111100111111111001111111110000000000011111100111111111000000000000001100000000000011111111111111111111000011111110000111111111001111000000111100000000
111111111111111111111111111111111111111111111111111111111111111111111111111111111111111111111111111100001111111111110000011100000011100000000001110000000011000000000110000000001111111111100000011000000000111111111111110011111111111100000000000000000000111100000001111000000000110000111111000011111111
000000000000000000000000000000000000000000000000000000000000000000000000000000000000000000000000000011110000000000001111100011111100011111111110001111111100111111111001111111110000000000011111100111111111000000000000001100000000000011111111111111111111000011111110000111111111001111000000111100000000
000000000000000000000000000000000000000000000000000000000000000000000000000000000000000000000000000011000000000000000000000000000000000111100000000000000000000000000000111110000000000000000000000000000000000000000000000000000000000000000000000000000000000000000000000000000000000000000000000000000000
111111111111111111111111111111111111111111111111111111111111111111111111111111111111111111111111111100001111111111110000011100000011100000000001110000000011000000000110000000001111111111100000011000000000111111111111110011111111111100000000000000000000111100000001111000000000110000111111000011111111
000000000000000000000000000000000000000000000000000000000000000000000000000000000000000000000000000011110000000000001111100011111100011111111110001111111100111111111001111111110000000000011111100111111111000000000000001100000000000011111111111111111111000011111110000111111111001111000000111100000000
000000000000000000000000000000000000000000000000000000000000000000000000000000000000000000000000000000001111111111110000011100000011100000000001110000000011000000000110000000001111111111100000011000000000111111111111110011111111111100000000000000000000111100000001111000000000110000111111000011111111
111111111111111111111111111111111111111111111111111111111111111111111111111111111111111111111111111111110000000000001111100011111100011111111110001111111100111111111001111111110000000000011111100111111111000000000000001100000000000011111111111111111111000011111110000111111111001111000000111100000000
000000000000000000000000000000000000000000000000000000000000000000000000000000000000000000000000000000001111111111110000011100000011100000000001110000000011000000000110000000001111111111100000011000000000111111111111110011111111111100000000000000000000111100000001111000000000110000111111000011111111
000000000000000000000000000000000000000000000000000000000000000000000000000000000000000000000000000011110000000000001111100011111100011111111110001111111100111111111001111111110000000000011111100111111111000000000000001100000000000011111111111111111111000011111110000111111111001111000000111100000000
111111111111111111111111111111111111111111111111111111111111111111111111111111111111111111111111111100001111111111110000011100000011100000000001110000000011000000000110000000001111111111100000011000000000111111111111110011111111111100000000000000000000111100000001111000000000110000111111000011111111
000000000000000000000000000000000000000000000000000000000000000000000000000000000000000000000000000011110000000000001111100011111100011111111110001111111100111111111001111111110000000000011111100111111111000000000000001100000000000011111111111111111111000011111110000111111111001111000000111100000000
000000000000000000000000000000000000000000000000000000000000000000000000000000000000000000000000000000001111111111110000011100000011100000000001110000000011000000000110000000001111111111100000011000000000111111111111110011111111111100000000000000000000111100000001111000000000110000111111000011111111
111111111111111111111111111111111111111111111111111111111111111111111111111111111111111111111111111111110000000000001111100000000000011111111110001111111100000000000001111111110000000000011111100000001111000000000000001100000000000011111111111111111111000000000000000111111111001111000000111100000000
000000000000000000000000000000000000000000000000000000000000000000000000000000000000000000000000000000001111111111110000011111111111100000000001110000000011111111111110000000001111111111100000011111110000111111111111110011111111111100000000000000000000111111111111111000000000110000111111000011111111
111111111111111111111111111111111111111111111111111111111111111111111111111111111111111111111111111111110000000000001111100000000000011111111110001111111100000000000001111111110000000000011111100000001111000000000000001100000000000011111111111111111111000000000000000111111111001111000000111100000000
000000000000000000000000000000000000000000000000000000000000000000000000000000000000000000000000000000001111111111110000011111111111100000000001110000000011111111111110000000001111111111100000011111110000111111111111110011111111111100000000000000000000111111111111111000000000110000111111000011111111
000000000000000000000000000000000000000000000000000000000000000000000000000000000000000000000000000011110000000000001111100000000000011111111110001111111100000000000001111111110000000000011111100000001111000000000000001100000000000011111111111111111111000000000000000111111111001111000000111100000000
111111111111111111111111111111111111111111111111111111111111111111111111111111111111111111111111111100001111111111110000011111111111100000000001110000000011111111111110000000001111111111100000011111110000111111111111110011111111111100000000000000000000111111111111111000000000110000111111000011111111
000000000000000000000000000000000000000000000000000000000000000000000000000000000000000000000000000011110000000000001111100000000000011111111110001111111100000000000001111111110000000000011111100000001111000000000000001100000000000011111111111111111111000000000000000111111111001111000000111100000000
000000000000000000000000000000000000000000000000000000000000000000000000000000000000000000000000000000000000000000000000000011111100000000000000000000000000111111111000000000000000000000000000000111110000000000000000000000000000000000000000000000000000000011111110000000000000000000000000000000000000
111111111111111111111111111111111111111111111111111111111111111111111111111111111111111111111111111111111111111111111111111100000011111111111111111111111111000000000111111111111111111111111111111000001111111111111111111111111111111111111111111111111111111100000001111111111111111111111111111111111111
000000000000000000000000000000000000000000000000000000000000000000000000000000000000000000000000000000000000000000000000000000000000000000000000000000000000000000000000000000000000000000000000000000000000000000000000000000000000000000000000000000000000000000000000000000000000000000000000000000000000
000000000000000000000000000000000000000000000000000000000000000000000000000000000000000000000000000011111111111111111111111111111111111111111111111111111111111111111111111111111111111111111111111111111111111111111111111111111111111111111111111111111111111111111111111111111111111111111111111111111111
111111111111111111111111111111111111111111111111111111111111111111111111111111111111111111111111111100000000000000000000000000000000000000000000000000000000000000000000000000000000000000000000000000000000000000000000000000000000000000000000000000000000000000000000000000000000000000000000000000000000
000000000000000000000000000000000000000000000000000000000000000000000000000000000000000000000000000011111111111111111111111111111111111111111111111111111111111111111111111111111111111111111111111111111111111111111111111111111111111111111111111111111111111111111111111111111111111111111111111111111111
000000000000000000000000000000000000000000000000000000000000000000000000000000000000000000000000000000000000000000000000000000000000000000000000000000000000000000000000000000000000000000000000000000000000000000000000000000000000000000000000000000000000000000000000000000000000000000000000000000000000
111111111111111111111111111111111111111111111111111111111111111111111111111111111111111111111111111111111111111111111111111111111111111111111111111111111111111111111111111111111111111111111111111111111111111111111111111111111111111111111111111111111111111111111111111111111111111111111111111111111111
000000000000000000000000000000000000000000000000000000000000000000000000000000000000000000000000000000000000000000000000000000000000000000000000000000000000000000000000000000000000000000000000000000000000000000000000000000000000000000000000000000000000000000000000000000000000000000000000000000000000
000000000000000000000000000000000000000000000000000000000000000000000000000000000000000000000000000000000000000000000000000000000000000000000000000000000000000000000000000000000000000000000000000000000000000000000000000000000000000000000000000000000000000000000000000000000000000000000000000000000000
000000000000000000000000000000000000000000000000000000000000000000000000000000000000000000000000000000000000000000000000000000000000000000000000000000000000000000000000000000000000000000000000000000000000000000000000000000000000000000000000000000000000000000000000000000000000000000000000000000000000
000000000000000000000000000000000000000000000000000000000000000000000000000000000000000000000000000000000000000000000000000000000000000000000000000000000000000000000000000000000000000000000000000000000000000000000000000000000000000000000000000000000000000000000000000000000000000000000000000000000000
000000000000000000000000000000000000000000000000000000000000000000000000000000000000000000000000000000000000000000000000000000000000000000000000000000000000000000000000000000000000000000000000000000000000000000000000000000000000000000000000000000000000000000000000000000000000000000000000000000000000
000000000000000000000000000000000000000000000000000000000000000000000000000000000000000000000000000000000000000000000000000000000000000000000000000000000000000000000000000000000000000000000000000000000000000000000000000000000000000000000000000000000000000000000000000000000000000000000000000000000000
000000000000000000000000000000000000000000000000000000000000000000000000000000000000000000000000000000000000000000000000000000000000000000000000000000000000000000000000000000000000000000000000000000000000000000000000000000000000000000000000000000000000000000000000000000000000000000000000000000000000
000000000000000000000000000000000000000000000000000000000000000000000000000000000000000000000000000000000000000000000000000000000000000000000000000000000000000000000000000000000000000000000000000000000000000000000000000000000000000000000000000000000000000000000000000000000000000000000000000000000000
000000000000000000000000000000000000000000000000000000000000000000000000000000000000000000000000000000000000000000000000000000000000000000000000000000000000000000000000000000000000000000000000000000000000000000000000000000000000000000000000000000000000000000000000000000000000000000000000000000000000
000000000000000000000000000000000000000000000000000000000000000000000000000000000000000000000000000000000000000000000000000000000000000000000000000000000000000000000000000000000000000000000000000000000000000000000000000000000000000000000000000000000000000000000000000000000000000000000000000000000000
111111111111111111111111111111111111111111111111111111111111111111111111111111111111111111111111111111111111111111111111111111111111111111111111111111111111111111111111111111111111111111111111111111111111111111111111111111111111111111111111111111111111111111111111111111111111111111111111111111111111
000000000000000000000000000000000000000000000000000000000000000000000000000000000000000000000000000000000000000000000000000000000000000000000000000000000000000000000000000000000000000000000000000000000000000000000000000000000000000000000000000000000000000000000000000000000000000000000000000000000000
000000000000000000000000000000000000000000000000000000000000000000000000000000000000000000000000000011111111111111111111111111111111111111111111111111111111111111111111111111111111111111111111111111111111111111111111111111111111111111111111111111111111111111111111111111111111111111111111111111111111
111111111111111111111111111111111111111111111111111111111111111111111111111111111111111111111111111100000000000000000000000000000000000000000000000000000000000000000000000000000000000000000000000000000000000000000000000000000000000000000000000000000000000000000000000000000000000000000000000000000000
000000000000000000000000000000000000000000000000000000000000000000000000000000000000000000000000000011111111111111111111111111111111111111111111111111111111111111111111111111111111111111111111111111111111111111111111111111111111111111111111111111111111111111111111111111111111111111111111111111111111
000000000000000000000000000000000000000000000000000000000000000000000000000000000000000000000000000000000000000000000000000000000000000000000000000000000000000000000000000000000000000000000000000000000000000000000000000000000000000000000000000000000000000000000000000000000000000000000000000000000000
111111111111111111111111111111111111111111111111111111111111111111111111111111111111111111111111111111111111111111111111111111111111110000001111111111111111111111111100000000011111111111111111111111111111111111111111111111111111111111111111111111111111111111111111110000000111111111111111111111111111
000000000000000000000000000000000000000000000000000000000000000000000000000000000000000000000000000000000000000000000000000000000000001111110000000000000000000000000011111111100000000000000000000000000000000000000000000000000000000000000000000000000000000000000000001111111000000000000000000000000000
000000000000000000000000000000000000000000000000000000000000000000000000000000000000000000000000000000000111111111000000000000111110000000000001111111111000111111110000000000000111111111000000000001110000111111111100000000000000110000000000001111111111111111111100000000000000011111111100111100000011
111111111111111111111111111111111111111111111111111111111111111111111111111111111111111111111111111111111000000000111111111111000001111111111110000000000111000000001111111111111000000000111111111110001111000000000011111111111111001111111111110000000000000000000011111111111111100000000011000011111100
000000000000000000000000000000000000000000000000000000000000000000000000000000000000000000000000000000000111111111000000000000111110000000000001111111111000111111110000000000000111111111000000000001110000111111111100000000000000110000000000001111111111111111111100000000000000011111111100111100000011
000000000000000000000000000000000000000000000000000000000000000000000000000000000000000000000000000011111000000000111111111111000001111111111110000000000111000000001111111111111000000000111111111110001111000000000011111111111111001111111111110000000000000000000011111111111111100000000011000011111100
111111111111111111111111111111111111111111111111111111111111111111111111111111111111111111111111111100000111111111000000000000111110000000000001111111111000111111110000000000000111111111000000000001110000111111111100000000000000110000000000001111111111111111111100000000000000011111111100111100000011
000000000000000000000000000000000000000000000000000000000000000000000000000000000000000000000000000011111000000000111111111111000001111111111110000000000111000000001111111111111000000000111111111110001111000000000011111111111111001111111111110000000000000000000011111111111111100000000011000011111100
111111111111111111111111111111111111111111111111111111111111111111111111111111111111111111111111111100000111111111000000000000111110000000000001111111111000111111110000000000000111111111000000000001110000111111111100000000000000110000000000001111111111111111111100000000000000011111111100111100000011
000000000000000000000000000000000000000000000000000000000000000000000000000000000000000000000000000011111000000000111111111111000001110000001110000000000111000000001100000000011000000000111111111110001111000000000011111111111111001111111111110000000000000000000011110000000111100000000011000011111100
000000000000000000000000000000000000000000000000000000000000000000000000000000000000000000000000000000000111111111000000000000111110001111110001111111111000111111110011111111100111111111000000000001110000111111111100000000000000110000000000001111111111111111111100001111111000011111111100111100000011
111111111111111111111111111111111111111111111111111111111111111111111111111111111111111111111111111111111000000000111111111111000001110000001110000000000111000000001100000000011000000000111111111110001111000000000011111111111111001111111111110000000000000000000011110000000111100000000011000011111100
000000000000000000000000000000000000000000000000000000000000000000000000000000000000000000000000000000000111111111000000000000111110001111110001111111111000111111110011111111100111111111000000000001110000111111111100000000000000110000000000001111111111111111111100001111111000011111111100111100000011
000000000000000000000000000000000000000000000000000000000000000000000000000000000000000000000000000011111000000000111111111111000001110000001110000000000111000000001100000000011000000000111111111110001111000000000011111111111111001111111111110000000000000000000011110000000111100000000011000011111100
111111111111111111111111111111111111111111111111111111111111111111111111111111111111111111111111111100000111111111000000000000111110001111110001111111111000111111110011111111100111111111000000000001110000111111111100000000000000110000000000001111111111111111111100001111111000011111111100111100000011
000000000000000000000000000000000000000000000000000000000000000000000000000000000000000000000000000011111000000000111111111111000001110000001110000000000111000000001100000000011000000000111111111110001111000000000011111111111111001111111111110000000000000000000011110000000111100000000011000011111100
000000000000000000000000000000000000000000000000000000000000000000000000000000000000000000000000000000000111111111000000000000111110001111110001111111111000111111110011111111100111111111000000000001110000111111111100000000000000110000000000001111111111111111111100001111111000011111111100111100000011
111111111111111111111111111111111111111111111111111111111111111111111111111111111111111111111111111111111000000000111111111111000001110000001110000000000111000000001100000000011000000000111111111110001111000000000011111111111111001111111111110000000000000000000011110000000111100000000011000011111100
000000000000000000000000000000000000000000000000000000000000000000000000000000000000000000000000000000000111111111000000000000111110001111110001111111111000111111110011111111100111111111000000000001110000111111111100000000000000110000000000001111111111111111111100001111111000011111111100111100000011
000000000000000000000000000000000000000000000000000000000000000000000000000000000000000000000000000000000001111100000000000000000000000000000000011110000000000000000000000000000011111000000000000000000000000000000000000000000000000000000000000000000000000000000000000000000000000000000000000000000000
111111111111111111111111111111111111111111111111111111111111111111111111111111111111111111111111111111111000000000111111111111000001110000001110000000000111000000001100000000011000000000111111111110001111000000000011111111111111001111111111110000000000000000000011110000000111100000000011000011111100
000000000000000000000000000000000000000000000000000000000000000000000000000000000000000000000000000000000111111111000000000000111110001111110001111111111000111111110011111111100111111111000000000001110000111111111100000000000000110000000000001111111111111111111100001111111000011111111100111100000011
000000000000000000000000000000000000000000000000000000000000000000000000000000000000000000000000000011111000000000111111111111000001110000001110000000000111000000001100000000011000000000111111111110001111000000000011111111111111001111111111110000000000000000000011110000000111100000000011000011111100
111111111111111111111111111111111111111111111111111111111111111111111111111111111111111111111111111100000111111111000000000000111110001111110001111111111000111111110011111111100111111111000000000001110000111111111100000000000000110000000000001111111111111111111100001111111000011111111100111100000011
000000000000000000000000000000000000000000000000000000000000000000000000000000000000000000000000000011111000000000111111111111000001110000001110000000000111000000001100000000011000000000111111111110001111000000000011111111111111001111111111110000000000000000000011110000000111100000000011000011111100
000000000000000000000000000000000000000000000000000000000000000000000000000000000000000000000000000000000111111111000000000000111110001111110001111111111000111111110011111111100111111111000000000001110000111111111100000000000000110000000000001111111111111111111100001111111000011111111100111100000011
111111111111111111111111111111111111111111111111111111111111111111111111111111111111111111111111111111111000000000111111111111000001110000001110000000000111000000001100000000011000000000111111111110001111000000000011111111111111001111111111110000000000000000000011110000000111100000000011000011111100
000000000000000000000000000000000000000000000000000000000000000000000000000000000000000000000000000000000111111111000000000000111110001111110001111111111000111111110011111111100111111111000000000001110000111111111100000000000000110000000000001111111111111111111100001111111000011111111100111100000011
000000000000000000000000000000000000000000000000000000000000000000000000000000000000000000000000000011111000000000111111111111000001110000001110000000000111000000001100000000011000000000111111111110001111000000000011111111111111001111111111110000000000000000000011110000000111100000000011000011111100
111111111111111111111111111111111111111111111111111111111111111111111111111111111111111111111111111100000111111111000000000000111110000000000001111111111000111111110000000000000111111111000000000001110000111111111100000000000000110000000000001111111111111111111100000000000000011111111100111100000011
000000000000000000000000000000000000000000000000000000000000000000000000000000000000000000000000000011111000000000111111111111000001111111111110000000000111000000001111111111111000000000111111111110001111000000000011111111111111001111111111110000000000000000000011111111111111100000000011000011111100
111111111111111111111111111111111111111111111111111111111111111111111111111111111111111111111111111100000111111111000000000000111110000000000001111111111000111111110000000000000111111111000000000001110000111111111100000000000000110000000000001111111111111111111100000000000000011111111100111100000011
000000000000000000000000000000000000000000000000000000000000000000000000000000000000000000000000000011111000000000111111111111000001111111111110000000000111000000001111111111111000000000111111111110001111000000000011111111111111001111111111110000000000000000000011111111111111100000000011000011111100
000000000000000000000000000000000000000000000000000000000000000000000000000000000000000000000000000000000111111111000000000000111110000000000001111111111000111111110000000000000111111111000000000001110000111111111100000000000000110000000000001111111111111111111100000000000000011111111100111100000011
111111111111111111111111111111111111111111111111111111111111111111111111111111111111111111111111111111111000000000111111111111000001111111111110000000000111000000001111111111111000000000111111111110001111000000000011111111111111001111111111110000000000000000000011111111111111100000000011000011111100
000000000000000000000000000000000000000000000000000000000000000000000000000000000000000000000000000000000111111111000000000000111110000000000001111111111000111111110000000000000111111111000000000001110000111111111100000000000000110000000000001111111111111111111100000000000000011111111100111100000011
000000000000000000000000000000000000000000000000000000000000000000000000000000000000000000000000000000000000000000000000000000000000001111110000000000000000000000000011111111100000000000000000000000000000000000000000000000000000000000000000000000000000000000000000001111111000000000000000000000000000
111111111111111111111111111111111111111111111111111111111111111111111111111111111111111111111111111111111111111111111111111111111111110000001111111111111111111111111100000000011111111111111111111111111111111111111111111111111111111111111111111111111111111111111111110000000111111111111111111111111111
000000000000000000000000000000000000000000000000000000000000000000000000000000000000000000000000000000000000000000000000000000000000000000000000000000000000000000000000000000000000000000000000000000000000000000000000000000000000000000000000000000000000000000000000000000000000000000000000000000000000
000000000000000000000000000000000000000000000000000000000000000000000000000000000000000000000000000011111111111111111111111111111111111111111111111111111111111111111111111111111111111111111111111111111111111111111111111111111111111111111111111111111111111111111111111111111111111111111111111111111111
111111111111111111111111111111111111111111111111111111111111111111111111111111111111111111111111111100000000000000000000000000000000000000000000000000000000000000000000000000000000000000000000000000000000000000000000000000000000000000000000000000000000000000000000000000000000000000000000000000000000
000000000000000000000000000000000000000000000000000000000000000000000000000000000000000000000000000011111111111111111111111111111111111111111111111111111111111111111111111111111111111111111111111111111111111111111111111111111111111111111111111111111111111111111111111111111111111111111111111111111111
000000000000000000000000000000000000000000000000000000000000000000000000000000000000000000000000000000000000000000000000000000000000000000000000000000000000000000000000000000000000000000000000000000000000000000000000000000000000000000000000000000000000000000000000000000000000000000000000000000000000
111111111111111111111111111111111111111111111111111111111111111111111111111111111111111111111111111111111111111111111111111111111111111111111111111111111111111111111111111111111111111111111111111111111111111111111111111111111111111111111111111111111111111111111111111111111111111111111111111111111111
000000000000000000000000000000000000000000000000000000000000000000000000000000000000000000000000000000000000000000000000000000000000000000000000000000000000000000000000000000000000000000000000000000000000000000000000000000000000000000000000000000000000000000000000000000000000000000000000000000000000
000000000000000000000000000000000000000000000000000000000000000000000000000000000000000000000000000000000000000000000000000000000000000000000000000000000000000000000000000000000000000000000000000000000000000000000000000000000000000000000000000000000000000000000000000000000000000000000000000000000000
000000000000000000000000000000000000000000000000000000000000000000000000000000000000000000000000000000000000000000000000000000000000000000000000000000000000000000000000000000000000000000000000000000000000000000000000000000000000000000000000000000000000000000000000000000000000000000000000000000000000
000000000000000000000000000000000000000000000000000000000000000000000000000000000000000000000000000000000000000000000000000000000000000000000000000000000000000000000000000000000000000000000000000000000000000000000000000000000000000000000000000000000000000000000000000000000000000000000000000000000000
000000000000000000000000000000000000000000000000000000000000000000000000000000000000000000000000000000000000000000000000000000000000000000000000000000000000000000000000000000000000000000000000000000000000000000000000000000000000000000000000000000000000000000000000000000000000000000000000000000000000
000000000000000000000000000000000000000000000000000000000000000000000000000000000000000000000000000000000000000000000000000000000000000000000000000000000000000000000000000000000000000000000000000000000000000000000000000000000000000000000000000000000000000000000000000000000000000000000000000000000000
000000000000000000000000000000000000000000000000000000000000000000000000000000000000000000000000000000000000000000000000000000000000000000000000000000000000000000000000000000000000000000000000000000000000000000000000000000000000000000000000000000000000000000000000000000000000000000000000000000000000
000000000000000000000000000000000000000000000000000000000000000000000000000000000000000000000000000000000000000000000000000000000000000000000000000000000000000000000000000000000000000000000000000000000000000000000000000000000000000000000000000000000000000000000000000000000000000000000000000000000000
000000000000000000000000000000000000000000000000000000000000000000000000000000000000000000000000000000000000000000000000000000000000000000000000000000000000000000000000000000000000000000000000000000000000000000000000000000000000000000000000000000000000000000000000000000000000000000000000000000000000
000000000000000000000000000000000000000000000000000000000000000000000000000000000000000000000000000000000000000000000000000000000000000000000000000000000000000000000000000000000000000000000000000000000000000000000000000000000000000000000000000000000000000000000000000000000000000000000000000000000000
111111111111111111111111111111111111111111111111111111111111111111111111111111111111111111111111111111111111111111111111111111111111111111111111111111111111111111111111111111111111111111111111111111111111111111111111111111111111111111111111111111111111111111111111111111111111111111111111111111111111
000000000000000000000000000000000000000000000000000000000000000000000000000000000000000000000000000000000000000000000000000000000000000000000000000000000000000000000000000000000000000000000000000000000000000000000000000000000000000000000000000000000000000000000000000000000000000000000000000000000000
000000000000000000000000000000000000000000000000000000000000000000000000000000000000000000000000000011111111111111111111111111111111111111111111111111111111111111111111111111111111111111111111111111111111111111111111111111111111111111111111111111111111111111111111111111111111111111111111111111111111
111111111111111111111111111111111111111111111111111111111111111111111111111111111111111111111111111100000000000000000000000000000000000000000000000000000000000000000000000000000000000000000000000000000000000000000000000000000000000000000000000000000000000000000000000000000000000000000000000000000000
000000000000000000000000000000000000000000000000000000000000000000000000000000000000000000000000000011111111111111111111111111111111111111111111111111111111111111111111111111111111111111111111111111111111111111111111111111111111111111111111111111111111111111111111111111111111111111111111111111111111
000000000000000000000000000000000000000000000000000000000000000000000000000000000000000000000000000000000000000000000000000000000000000000000000000000000000000000000000000000000000000000000000000000000000000000000000000000000000000000000000000000000000000000000000000000000000000000000000000000000000
111111111111111111111111111111111111111111111111111111111111111111111111111111111111111111111111111111110001111111111111111111111111111111111111000000111111111111111111111111110000000001111111111111111111111111111111111111111111111111111111111111111111111111111111111111111111000000011111111111111111
000000000000000000000000000000000000000000000000000000000000000000000000000000000000000000000000000000001110000000000000000000000000000000000000111111000000000000000000000000001111111110000000000000000000000000000000000000000000000000000000000000000000000000000000000000000000111111100000000000000000
000000000000000000000000000000000000000000000000000000000000000000000000000000000000000000000000000010000000000000011111111100000000000011111000000000000111111111100011111111000000000000011111111100000000000000000011111111110000000000000011000000000000111111111111111111110000000000000001111111110011
111111111111111111111111111111111111111111111111111111111111111111111111111111111111111111111111111101111111111111100000000011111111111100000111111111111000000000011100000000111111111111100000000011111111111111111100000000001111111111111100111111111111000000000000000000001111111111111110000000001100
000000000000000000000000000000000000000000000000000000000000000000000000000000000000000000000000000010000000000000011111111100000000000011111000000000000111111111100011111111000000000000011111111100000000000000000011111111110000000000000011000000000000111111111111111111110000000000000001111111110011
000000000000000000000000000000000000000000000000000000000000000000000000000000000000000000000000000001111111111111100000000011111111111100000111111111111000000000011100000000111111111111100000000011111111111111111100000000001111111111111100111111111111000000000000000000001111111111111110000000001100
111111111111111111111111111111111111111111111111111111111111111111111111111111111111111111111111111110000000000000011111111100000000000011111000000000000111111111100011111111000000000000011111111100000000000000000011111111110000000000000011000000000000111111111111111111110000000000000001111111110011
000000000000000000000000000000000000000000000000000000000000000000000000000000000000000000000000000001111111111111100000000011111111111100000111111111111000000000011100000000111111111111100000000011111111111111111100000000001111111111111100111111111111000000000000000000001111111111111110000000001100
111111111111111111111111111111111111111111111111111111111111111111111111111111111111111111111111111110000000000000011111111100000000000011111000000000000111111111100011111111000000000000011111111100000000000000000011111111110000000000000011000000000000111111111111111111110000000000000001111111110011
000000000000000000000000000000000000000000000000000000000000000000000000000000000000000000000000000001110001111111100000000011111111111100000111000000111000000000011100000000110000000001100000000011111111111111111100000000001111111111111100111111111111000000000000000000001111000000011110000000001100
000000000000000000000000000000000000000000000000000000000000000000000000000000000000000000000000000010001110000000011111111100000000000011111000111111000111111111100011111111001111111110011111111100000000000000000011111111110000000000000011000000000000111111111111111111110000111111100001111111110011
111111111111111111111111111111111111111111111111111111111111111111111111111111111111111111111111111101110001111111100000000011111111111100000111000000111000000000011100000000110000000001100000000011111111111111111100000000001111111111111100111111111111000000000000000000001111000000011110000000001100
000000000000000000000000000000000000000000000000000000000000000000000000000000000000000000000000000010001110000000011111111100000000000011111000111111000111111111100011111111001111111110011111111100000000000000000011111111110000000000000011000000000000111111111111111111110000111111100001111111110011
000000000000000000000000000000000000000000000000000000000000000000000000000000000000000000000000000001110001111111100000000011111111111100000111000000111000000000011100000000110000000001100000000011111111111111111100000000001111111111111100111111111111000000000000000000001111000000011110000000001100
111111111111111111111111111111111111111111111111111111111111111111111111111111111111111111111111111110001110000000011111111100000000000011111000111111000111111111100011111111001111111110011111111100000000000000000011111111110000000000000011000000000000111111111111111111110000111111100001111111110011
000000000000000000000000000000000000000000000000000000000000000000000000000000000000000000000000000001110001111111100000000011111111111100000111000000111000000000011100000000110000000001100000000011111111111111111100000000001111111111111100111111111111000000000000000000001111000000011110000000001100
000000000000000000000000000000000000000000000000000000000000000000000000000000000000000000000000000010001110000000011111111100000000000011111000111111000111111111100011111111001111111110011111111100000000000000000011111111110000000000000011000000000000111111111111111111110000111111100001111111110011
111111111111111111111111111111111111111111111111111111111111111111111111111111111111111111111111111101110001111111100000000011111111111100000111000000111000000000011100000000110000000001100000000011111111111111111100000000001111111111111100111111111111000000000000000000001111000000011110000000001100
000000000000000000000000000000000000000000000000000000000000000000000000000000000000000000000000000010001110000000011111111100000000000011111000111111000111111111100011111111001111111110011111111100000000000000000011111111110000000000000011000000000000111111111111111111110000111111100001111111110011
000000000000000000000000000000000000000000000000000000000000000000000000000000000000000000000000000000000000000000000111110000000000000000000000000000000001111000000000000000000000000000001111100000000000000000000000000000000000000000000000000000000000000000000000000000000000000000000000000000000000
111111111111111111111111111111111111111111111111111111111111111111111111111111111111111111111111111101110001111111100000000011111111111100000111000000111000000000011100000000110000000001100000000011111111111111111100000000001111111111111100111111111111000000000000000000001111000000011110000000001100
000000000000000000000000000000000000000000000000000000000000000000000000000000000000000000000000000010001110000000011111111100000000000011111000111111000111111111100011111111001111111110011111111100000000000000000011111111110000000000000011000000000000111111111111111111110000111111100001111111110011
000000000000000000000000000000000000000000000000000000000000000000000000000000000000000000000000000001110001111111100000000011111111111100000111000000111000000000011100000000110000000001100000000011111111111111111100000000001111111111111100111111111111000000000000000000001111000000011110000000001100
111111111111111111111111111111111111111111111111111111111111111111111111111111111111111111111111111110001110000000011111111100000000000011111000111111000111111111100011111111001111111110011111111100000000000000000011111111110000000000000011000000000000111111111111111111110000111111100001111111110011
000000000000000000000000000000000000000000000000000000000000000000000000000000000000000000000000000001110001111111100000000011111111111100000111000000111000000000011100000000110000000001100000000011111111111111111100000000001111111111111100111111111111000000000000000000001111000000011110000000001100
000000000000000000000000000000000000000000000000000000000000000000000000000000000000000000000000000010001110000000011111111100000000000011111000111111000111111111100011111111001111111110011111111100000000000000000011111111110000000000000011000000000000111111111111111111110000111111100001111111110011
111111111111111111111111111111111111111111111111111111111111111111111111111111111111111111111111111101110001111111100000000011111111111100000111000000111000000000011100000000110000000001100000000011111111111111111100000000001111111111111100111111111111000000000000000000001111000000011110000000001100
000000000000000000000000000000000000000000000000000000000000000000000000000000000000000000000000000010001110000000011111111100000000000011111000111111000111111111100011111111001111111110011111111100000000000000000011111111110000000000000011000000000000111111111111111111110000111111100001111111110011
000000000000000000000000000000000000000000000000000000000000000000000000000000000000000000000000000001110001111111100000000011111111111100000111000000111000000000011100000000110000000001100000000011111111111111111100000000001111111111111100111111111111000000000000000000001111000000011110000000001100
111111111111111111111111111111111111111111111111111111111111111111111111111111111111111111111111111110000000000000011111111100000000000011111000000000000111111111100011111111000000000000011111111100000000000000000011111111110000000000000011000000000000111111111111111111110000000000000001111111110011
000000000000000000000000000000000000000000000000000000000000000000000000000000000000000000000000000001111111111111100000000011111111111100000111111111111000000000011100000000111111111111100000000011111111111111111100000000001111111111111100111111111111000000000000000000001111111111111110000000001100
111111111111111111111111111111111111111111111111111111111111111111111111111111111111111111111111111110000000000000011111111100000000000011111000000000000111111111100011111111000000000000011111111100000000000000000011111111110000000000000011000000000000111111111111111111110000000000000001111111110011
000000000000000000000000000000000000000000000000000000000000000000000000000000000000000000000000000001111111111111100000000011111111111100000111111111111000000000011100000000111111111111100000000011111111111111111100000000001111111111111100111111111111000000000000000000001111111111111110000000001100
000000000000000000000000000000000000000000000000000000000000000000000000000000000000000000000000000010000000000000011111111100000000000011111000000000000111111111100011111111000000000000011111111100000000000000000011111111110000000000000011000000000000111111111111111111110000000000000001111111110011
111111111111111111111111111111111111111111111111111111111111111111111111111111111111111111111111111101111111111111100000000011111111111100000111111111111000000000011100000000111111111111100000000011111111111111111100000000001111111111111100111111111111000000000000000000001111111111111110000000001100
000000000000000000000000000000000000000000000000000000000000000000000000000000000000000000000000000010000000000000011111111100000000000011111000000000000111111111100011111111000000000000011111111100000000000000000011111111110000000000000011000000000000111111111111111111110000000000000001111111110011
000000000000000000000000000000000000000000000000000000000000000000000000000000000000000000000000000000001110000000000000000000000000000000000000111111000000000000000000000000001111111110000000000000000000000000000000000000000000000000000000000000000000000000000000000000000000111111100000000000000000
111111111111111111111111111111111111111111111111111111111111111111111111111111111111111111111111111111110001111111111111111111111111111111111111000000111111111111111111111111110000000001111111111111111111111111111111111111111111111111111111111111111111111111111111111111111111000000011111111111111111
000000000000000000000000000000000000000000000000000000000000000000000000000000000000000000000000000000000000000000000000000000000000000000000000000000000000000000000000000000000000000000000000000000000000000000000000000000000000000000000000000000000000000000000000000000000000000000000000000000000000
000000000000000000000000000000000000000000000000000000000000000000000000000000000000000000000000000011111111111111111111111111111111111111111111111111111111111111111111111111111111111111111111111111111111111111111111111111111111111111111111111111111111111111111111111111111111111111111111111111111111
111111111111111111111111111111111111111111111111111111111111111111111111111111111111111111111111111100000000000000000000000000000000000000000000000000000000000000000000000000000000000000000000000000000000000000000000000000000000000000000000000000000000000000000000000000000000000000000000000000000000
000000000000000000000000000000000000000000000000000000000000000000000000000000000000000000000000000011111111111111111111111111111111111111111111111111111111111111111111111111111111111111111111111111111111111111111111111111111111111111111111111111111111111111111111111111111111111111111111111111111111
000000000000000000000000000000000000000000000000000000000000000000000000000000000000000000000000000000000000000000000000000000000000000000000000000000000000000000000000000000000000000000000000000000000000000000000000000000000000000000000000000000000000000000000000000000000000000000000000000000000000
111111111111111111111111111111111111111111111111111111111111111111111111111111111111111111111111111111111111111111111111111111111111111111111111111111111111111111111111111111111111111111111111111111111111111111111111111111111111111111111111111111111111111111111111111111111111111111111111111111111111
000000000000000000000000000000000000000000000000000000000000000000000000000000000000000000000000000000000000000000000000000000000000000000000000000000000000000000000000000000000000000000000000000000000000000000000000000000000000000000000000000000000000000000000000000000000000000000000000000000000000
000000000000000000000000000000000000000000000000000000000000000000000000000000000000000000000000000000000000000000000000000000000000000000000000000000000000000000000000000000000000000000000000000000000000000000000000000000000000000000000000000000000000000000000000000000000000000000000000000000000000
000000000000000000000000000000000000000000000000000000000000000000000000000000000000000000000000000000000000000000000000000000000000000000000000000000000000000000000000000000000000000000000000000000000000000000000000000000000000000000000000000000000000000000000000000000000000000000000000000000000000
000000000000000000000000000000000000000000000000000000000000000000000000000000000000000000000000000000000000000000000000000000000000000000000000000000000000000000000000000000000000000000000000000000000000000000000000000000000000000000000000000000000000000000000000000000000000000000000000000000000000
000000000000000000000000000000000000000000000000000000000000000000000000000000000000000000000000000000000000000000000000000000000000000000000000000000000000000000000000000000000000000000000000000000000000000000000000000000000000000000000000000000000000000000000000000000000000000000000000000000000000
000000000000000000000000000000000000000000000000000000000000000000000000000000000000000000000000000000000000000000000000000000000000000000000000000000000000000000000000000000000000000000000000000000000000000000000000000000000000000000000000000000000000000000000000000000000000000000000000000000000000
000000000000000000000000000000000000000000000000000000000000000000000000000000000000000000000000000000000000000000000000000000000000000000000000000000000000000000000000000000000000000000000000000000000000000000000000000000000000000000000000000000000000000000000000000000000000000000000000000000000000
000000000000000000000000000000000000000000000000000000000000000000000000000000000000000000000000000000000000000000000000000000000000000000000000000000000000000000000000000000000000000000000000000000000000000000000000000000000000000000000000000000000000000000000000000000000000000000000000000000000000
000000000000000000000000000000000000000000000000000000000000000000000000000000000000000000000000000000000000000000000000000000000000000000000000000000000000000000000000000000000000000000000000000000000000000000000000000000000000000000000000000000000000000000000000000000000000000000000000000000000000
000000000000000000000000000000000000000000000000000000000000000000000000000000000000000000000000000000000000000000000000000000000000000000000000000000000000000000000000000000000000000000000000000000000000000000000000000000000000000000000000000000000000000000000000000000000000000000000000000000000000
111111111111111111111111111111111111111111111111111111111111111111111111111111111111111111111111111111111111111111111111111111111111111111111111111111111111111111111111111111111111111111111111111111111111111111111111111111111111111111111111111111111111111111111111111111111111111111111111111111111111
000000000000000000000000000000000000000000000000000000000000000000000000000000000000000000000000000000000000000000000000000000000000000000000000000000000000000000000000000000000000000000000000000000000000000000000000000000000000000000000000000000000000000000000000000000000000000000000000000000000000
000000000000000000000000000000000000000000000000000000000000000000000000000000000000000000000000000011111111111111111111111111111111111111111111111111111111111111111111111111111111111111111111111111111111111111111111111111111111111111111111111111111111111111111111111111111111111111111111111111111111
111111111111111111111111111111111111111111111111111111111111111111111111111111111111111111111111111100000000000000000000000000000000000000000000000000000000000000000000000000000000000000000000000000000000000000000000000000000000000000000000000000000000000000000000000000000000000000000000000000000000
000000000000000000000000000000000000000000000000000000000000000000000000000000000000000000000000000011111111111111111111111111111111111111111111111111111111111111111111111111111111111111111111111111111111111111111111111111111111111111111111111111111111111111111111111111111111111111111111111111111111
000000000000000000000000000000000000000000000000000000000000000000000000000000000000000000000000000000000000000000000000000000000000000000000000000000000000000000000000000000000000000000000000000000000000000000000000000000000000000000000000000000000000000000000000000000000000000000000000000000000000
111111111111111111111111111111111111111111111111111111111111111111111111111111111111111111111111111111000111111111000111111111111111111111111111111111111100000011111111111111111111111111000000000111111111111111111111111111111111111111111111111111111111111111111111111111111111111111111100000001111111
000000000000000000000000000000000000000000000000000000000000000000000000000000000000000000000000000000111000000000111000000000000000000000000000000000000011111100000000000000000000000000111111111000000000000000000000000000000000000000000000000000000000000000000000000000000000000000000011111110000000
000000000000000000000000000000000000000000000000000000000000000000000000000000000000000000000000000000000000111000000000000001111111110000000000001111100000000000011111111110001111111100000000000001110000000000000000000000001111111111000000000000001100000000000011111111111111111111000000000000000111
111111111111111111111111111111111111111111111111111111111111111111111111111111111111111111111111111111111111000111111111111110000000001111111111110000011111111111100000000001110000000011111111111110001111111111111111111111110000000000111111111111110011111111111100000000000000000000111111111111111000
000000000000000000000000000000000000000000000000000000000000000000000000000000000000000000000000000000000000111000000000000001111111110000000000001111100000000000011111111110001111111100000000000001110000000000000000000000001111111111000000000000001100000000000011111111111111111111000000000000000111
000000000000000000000000000000000000000000000000000000000000000000000000000000000000000000000000000011111111000111111111111110000000001111111111110000011111111111100000000001110000000011111111111110001111111111111111111111110000000000111111111111110011111111111100000000000000000000111111111111111000
111111111111111111111111111111111111111111111111111111111111111111111111111111111111111111111111111100000000111000000000000001111111110000000000001111100000000000011111111110001111111100000000000001110000000000000000000000001111111111000000000000001100000000000011111111111111111111000000000000000111
000000000000000000000000000000000000000000000000000000000000000000000000000000000000000000000000000011111111000111111111111110000000001111111111110000011111111111100000000001110000000011111111111110001111111111111111111111110000000000111111111111110011111111111100000000000000000000111111111111111000
111111111111111111111111111111111111111111111111111111111111111111111111111111111111111111111111111100000000111000000000000001111111110000000000001111100000000000011111111110001111111100000000000001110000000000000000000000001111111111000000000000001100000000000011111111111111111111000000000000000111
000000000000000000000000000000000000000000000000000000000000000000000000000000000000000000000000000011000111000111000111111110000000001111111111110000011100000011100000000001110000000011000000000110001111111111111111111111110000000000111111111111110011111111111100000000000000000000111100000001111000
000000000000000000000000000000000000000000000000000000000000000000000000000000000000000000000000000000111000111000111000000001111111110000000000001111100011111100011111111110001111111100111111111001110000000000000000000000001111111111000000000000001100000000000011111111111111111111000011111110000111
111111111111111111111111111111111111111111111111111111111111111111111111111111111111111111111111111111000111000111000111111110000000001111111111110000011100000011100000000001110000000011000000000110001111111111111111111111110000000000111111111111110011111111111100000000000000000000111100000001111000
000000000000000000000000000000000000000000000000000000000000000000000000000000000000000000000000000000111000111000111000000001111111110000000000001111100011111100011111111110001111111100111111111001110000000000000000000000001111111111000000000000001100000000000011111111111111111111000011111110000111
000000000000000000000000000000000000000000000000000000000000000000000000000000000000000000000000000011000111000111000111111110000000001111111111110000011100000011100000000001110000000011000000000110001111111111111111111111110000000000111111111111110011111111111100000000000000000000111100000001111000
111111111111111111111111111111111111111111111111111111111111111111111111111111111111111111111111111100111000111000111000000001111111110000000000001111100011111100011111111110001111111100111111111001110000000000000000000000001111111111000000000000001100000000000011111111111111111111000011111110000111
000000000000000000000000000000000000000000000000000000000000000000000000000000000000000000000000000011000111000111000111111110000000001111111111110000011100000011100000000001110000000011000000000110001111111111111111111111110000000000111111111111110011111111111100000000000000000000111100000001111000
000000000000000000000000000000000000000000000000000000000000000000000000000000000000000000000000000000111000111000111000000001111111110000000000001111100011111100011111111110001111111100111111111001110000000000000000000000001111111111000000000000001100000000000011111111111111111111000011111110000111
111111111111111111111111111111111111111111111111111111111111111111111111111111111111111111111111111111000111000111000111111110000000001111111111110000011100000011100000000001110000000011000000000110001111111111111111111111110000000000111111111111110011111111111100000000000000000000111100000001111000
000000000000000000000000000000000000000000000000000000000000000000000000000000000000000000000000000000111000111000111000000001111111110000000000001111100011111100011111111110001111111100111111111001110000000000000000000000001111111111000000000000001100000000000011111111111111111111000011111110000111
000000000000000000000000000000000000000000000000000000000000000000000000000000000000000000000000000000000000000000000000000000011111000000000000000000000000000000000111100000000000000000000000000000110000000000000000000000000000000000000000000000000000000000000000000000000000000000000000000000000000
111111111111111111111111111111111111111111111111111111111111111111111111111111111111111111111111111111000111000111000111111110000000001111111111110000011100000011100000000001110000000011000000000110001111111111111111111111110000000000111111111111110011111111111100000000000000000000111100000001111000
000000000000000000000000000000000000000000000000000000000000000000000000000000000000000000000000000000111000111000111000000001111111110000000000001111100011111100011111111110001111111100111111111001110000000000000000000000001111111111000000000000001100000000000011111111111111111111000011111110000111
000000000000000000000000000000000000000000000000000000000000000000000000000000000000000000000000000011000111000111000111111110000000001111111111110000011100000011100000000001110000000011000000000110001111111111111111111111110000000000111111111111110011111111111100000000000000000000111100000001111000
111111111111111111111111111111111111111111111111111111111111111111111111111111111111111111111111111100111000111000111000000001111111110000000000001111100011111100011111111110001111111100111111111001110000000000000000000000001111111111000000000000001100000000000011111111111111111111000011111110000111
000000000000000000000000000000000000000000000000000000000000000000000000000000000000000000000000000011000111000111000111111110000000001111111111110000011100000011100000000001110000000011000000000110001111111111111111111111110000000000111111111111110011111111111100000000000000000000111100000001111000
000000000000000000000000000000000000000000000000000000000000000000000000000000000000000000000000000000111000111000111000000001111111110000000000001111100011111100011111111110001111111100111111111001110000000000000000000000001111111111000000000000001100000000000011111111111111111111000011111110000111
111111111111111111111111111111111111111111111111111111111111111111111111111111111111111111111111111111000111000111000111111110000000001111111111110000011100000011100000000001110000000011000000000110001111111111111111111111110000000000111111111111110011111111111100000000000000000000111100000001111000
000000000000000000000000000000000000000000000000000000000000000000000000000000000000000000000000000000111000111000111000000001111111110000000000001111100011111100011111111110001111111100111111111001110000000000000000000000001111111111000000000000001100000000000011111111111111111111000011111110000111
000000000000000000000000000000000000000000000000000000000000000000000000000000000000000000000000000011000111000111000111111110000000001111111111110000011100000011100000000001110000000011000000000110001111111111111111111111110000000000111111111111110011111111111100000000000000000000111100000001111000
111111111111111111111111111111111111111111111111111111111111111111111111111111111111111111111111111100000000111000000000000001111111110000000000001111100000000000011111111110001111111100000000000001110000000000000000000000001111111111000000000000001100000000000011111111111111111111000000000000000111
000000000000000000000000000000000000000000000000000000000000000000000000000000000000000000000000000011111111000111111111111110000000001111111111110000011111111111100000000001110000000011111111111110001111111111111111111111110000000000111111111111110011111111111100000000000000000000111111111111111000
111111111111111111111111111111111111111111111111111111111111111111111111111111111111111111111111111100000000111000000000000001111111110000000000001111100000000000011111111110001111111100000000000001110000000000000000000000001111111111000000000000001100000000000011111111111111111111000000000000000111
000000000000000000000000000000000000000000000000000000000000000000000000000000000000000000000000000011111111000111111111111110000000001111111111110000011111111111100000000001110000000011111111111110001111111111111111111111110000000000111111111111110011111111111100000000000000000000111111111111111000
000000000000000000000000000000000000000000000000000000000000000000000000000000000000000000000000000000000000111000000000000001111111110000000000001111100000000000011111111110001111111100000000000001110000000000000000000000001111111111000000000000001100000000000011111111111111111111000000000000000111
111111111111111111111111111111111111111111111111111111111111111111111111111111111111111111111111111111111111000111111111111110000000001111111111110000011111111111100000000001110000000011111111111110001111111111111111111111110000000000111111111111110011111111111100000000000000000000111111111111111000
000000000000000000000000000000000000000000000000000000000000000000000000000000000000000000000000000000000000111000000000000001111111110000000000001111100000000000011111111110001111111100000000000001110000000000000000000000001111111111000000000000001100000000000011111111111111111111000000000000000111
000000000000000000000000000000000000000000000000000000000000000000000000000000000000000000000000000000111000000000111000000000000000000000000000000000000011111100000000000000000000000000111111111000000000000000000000000000000000000000000000000000000000000000000000000000000000000000000011111110000000
111111111111111111111111111111111111111111111111111111111111111111111111111111111111111111111111111111000111111111000111111111111111111111111111111111111100000011111111111111111111111111000000000111111111111111111111111111111111111111111111111111111111111111111111111111111111111111111100000001111111
000000000000000000000000000000000000000000000000000000000000000000000000000000000000000000000000000000000000000000000000000000000000000000000000000000000000000000000000000000000000000000000000000000000000000000000000000000000000000000000000000000000000000000000000000000000000000000000000000000000000
000000000000000000000000000000000000000000000000000000000000000000000000000000000000000000000000000011111111111111111111111111111111111111111111111111111111111111111111111111111111111111111111111111111111111111111111111111111111111111111111111111111111111111111111111111111111111111111111111111111111
111111111111111111111111111111111111111111111111111111111111111111111111111111111111111111111111111100000000000000000000000000000000000000000000000000000000000000000000000000000000000000000000000000000000000000000000000000000000000000000000000000000000000000000000000000000000000000000000000000000000
000000000000000000000000000000000000000000000000000000000000000000000000000000000000000000000000000011111111111111111111111111111111111111111111111111111111111111111111111111111111111111111111111111111111111111111111111111111111111111111111111111111111111111111111111111111111111111111111111111111111
000000000000000000000000000000000000000000000000000000000000000000000000000000000000000000000000000000000000000000000000000000000000000000000000000000000000000000000000000000000000000000000000000000000000000000000000000000000000000000000000000000000000000000000000000000000000000000000000000000000000
111111111111111111111111111111111111111111111111111111111111111111111111111111111111111111111111111111111111111111111111111111111111111111111111111111111111111111111111111111111111111111111111111111111111111111111111111111111111111111111111111111111111111111111111111111111111111111111111111111111111
000000000000000000000000000000000000000000000000000000000000000000000000000000000000000000000000000000000000000000000000000000000000000000000000000000000000000000000000000000000000000000000000000000000000000000000000000000000000000000000000000000000000000000000000000000000000000000000000000000000000
000000000000000000000000000000000000000000000000000000000000000000000000000000000000000000000000000000000000000000000000000000000000000000000000000000000000000000000000000000000000000000000000000000000000000000000000000000000000000000000000000000000000000000000000000000000000000000000000000000000000
000000000000000000000000000000000000000000000000000000000000000000000000000000000000000000000000000000000000000000000000000000000000000000000000000000000000000000000000000000000000000000000000000000000000000000000000000000000000000000000000000000000000000000000000000000000000000000000000000000000000
000000000000000000000000000000000000000000000000000000000000000000000000000000000000000000000000000000000000000000000000000000000000000000000000000000000000000000000000000000000000000000000000000000000000000000000000000000000000000000000000000000000000000000000000000000000000000000000000000000000000
000000000000000000000000000000000000000000000000000000000000000000000000000000000000000000000000000000000000000000000000000000000000000000000000000000000000000000000000000000000000000000000000000000000000000000000000000000000000000000000000000000000000000000000000000000000000000000000000000000000000
000000000000000000000000000000000000000000000000000000000000000000000000000000000000000000000000000000000000000000000000000000000000000000000000000000000000000000000000000000000000000000000000000000000000000000000000000000000000000000000000000000000000000000000000000000000000000000000000000000000000
000000000000000000000000000000000000000000000000000000000000000000000000000000000000000000000000000000000000000000000000000000000000000000000000000000000000000000000000000000000000000000000000000000000000000000000000000000000000000000000000000000000000000000000000000000000000000000000000000000000000
000000000000000000000000000000000000000000000000000000000000000000000000000000000000000000000000000000000000000000000000000000000000000000000000000000000000000000000000000000000000000000000000000000000000000000000000000000000000000000000000000000000000000000000000000000000000000000000000000000000000
000000000000000000000000000000000000000000000000000000000000000000000000000000000000000000000000000000000000000000000000000000000000000000000000000000000000000000000000000000000000000000000000000000000000000000000000000000000000000000000000000000000000000000000000000000000000000000000000000000000000
000000000000000000000000000000000000000000000000000000000000000000000000000000000000000000000000000000000000000000000000000000000000000000000000000000000000000000000000000000000000000000000000000000000000000000000000000000000000000000000000000000000000000000000000000000000000000000000000000000000000
111111111111111111111111111111111111111111111111111111111111111111111111111111111111111111111111111111111111111111111111111111111111111111111111111111111111111111111111111111111111111111111111111111111111111111111111111111111111111111111111111111111111111111111111111111111111111111111111111111111111
000000000000000000000000000000000000000000000000000000000000000000000000000000000000000000000000000000000000000000000000000000000000000000000000000000000000000000000000000000000000000000000000000000000000000000000000000000000000000000000000000000000000000000000000000000000000000000000000000000000000
000000000000000000000000000000000000000000000000000000000000000000000000000000000000000000000000000011111111111111111111111111111111111111111111111111111111111111111111111111111111111111111111111111111111111111111111111111111111111111111111111111111111111111111111111111111111111111111111111111111111
111111111111111111111111111111111111111111111111111111111111111111111111111111111111111111111111111100000000000000000000000000000000000000000000000000000000000000000000000000000000000000000000000000000000000000000000000000000000000000000000000000000000000000000000000000000000000000000000000000000000
000000000000000000000000000000000000000000000000000000000000000000000000000000000000000000000000000011111111111111111111111111111111111111111111111111111111111111111111111111111111111111111111111111111111111111111111111111111111111111111111111111111111111111111111111111111111111111111111111111111111
000000000000000000000000000000000000000000000000000000000000000000000000000000000000000000000000000000000000000000000000000000000000000000000000000000000000000000000000000000000000000000000000000000000000000000000000000000000000000000000000000000000000000000000000000000000000000000000000000000000000
111111111111111111111111111111111111111111111111111111111111111111111111111111111111111111111111111111111111111100011111111100011111111111111111111111111111111111110000001111111111111111111111111100001111111111111111111111111111111111111111111111111111111111111111111111111111111111111111111111110000
000000000000000000000000000000000000000000000000000000000000000000000000000000000000000000000000000000000000000011100000000011100000000000000000000000000000000000001111110000000000000000000000000011110000000000000000000000000000000000000000000000000000000000000000000000000000000000000000000000001111
000000000000000000000000000000000000000000000000000000000000000000000000000000000000000000000000000011111100000000000011100000000000000111111111000000000000111110000000000001111111111000111111110000001111100000000000000000000000000000111111111100000000000000110000000000001111111111111111111100000000
111111111111111111111111111111111111111111111111111111111111111111111111111111111111111111111111111110000011111111111100011111111111111000000000111111111111000001111111111110000000000111000000001111110000011111111111111111111111111111000000000011111111111111001111111111110000000000000000000011111111
000000000000000000000000000000000000000000000000000000000000000000000000000000000000000000000000000001111100000000000011100000000000000111111111000000000000111110000000000001111111111000111111110000001111100000000000000000000000000000111111111100000000000000110000000000001111111111111111111100000000
000000000000000000000000000000000000000000000000000000000000000000000000000000000000000000000000000010000011111111111100011111111111111000000000111111111111000001111111111110000000000111000000001111110000011111111111111111111111111111000000000011111111111111001111111111110000000000000000000011111111
111111111111111111111111111111111111111111111111111111111111111111111111111111111111111111111111111101111100000000000011100000000000000111111111000000000000111110000000000001111111111000111111110000001111100000000000000000000000000000111111111100000000000000110000000000001111111111111111111100000000
000000000000000000000000000000000000000000000000000000000000000000000000000000000000000000000000000010000011111111111100011111111111111000000000111111111111000001111111111110000000000111000000001111110000011111111111111111111111111111000000000011111111111111001111111111110000000000000000000011111111
111111111111111111111111111111111111111111111111111111111111111111111111111111111111111111111111111101111100000000000011100000000000000111111111000000000000111110000000000001111111111000111111110000001111100000000000000000000000000000111111111100000000000000110000000000001111111111111111111100000000
000000000000000000000000000000000000000000000000000000000000000000000000000000000000000000000000000010000011111100011100011100011111111000000000111111111111000001110000001110000000000111000000001100000000011111111111111111111111111111000000000011111111111111001111111111110000000000000000000011110000
000000000000000000000000000000000000000000000000000000000000000000000000000000000000000000000000000001111100000011100011100011100000000111111111000000000000111110001111110001111111111000111111110011111111100000000000000000000000000000111111111100000000000000110000000000001111111111111111111100001111
111111111111111111111111111111111111111111111111111111111111111111111111111111111111111111111111111110000011111100011100011100011111111000000000111111111111000001110000001110000000000111000000001100000000011111111111111111111111111111000000000011111111111111001111111111110000000000000000000011110000
000000000000000000000000000000000000000000000000000000000000000000000000000000000000000000000000000001111100000011100011100011100000000111111111000000000000111110001111110001111111111000111111110011111111100000000000000000000000000000111111111100000000000000110000000000001111111111111111111100001111
000000000000000000000000000000000000000000000000000000000000000000000000000000000000000000000000000010000011111100011100011100011111111000000000111111111111000001110000001110000000000111000000001100000000011111111111111111111111111111000000000011111111111111001111111111110000000000000000000011110000
111111111111111111111111111111111111111111111111111111111111111111111111111111111111111111111111111101111100000011100011100011100000000111111111000000000000111110001111110001111111111000111111110011111111100000000000000000000000000000111111111100000000000000110000000000001111111111111111111100001111
000000000000000000000000000000000000000000000000000000000000000000000000000000000000000000000000000010000011111100011100011100011111111000000000111111111111000001110000001110000000000111000000001100000000011111111111111111111111111111000000000011111111111111001111111111110000000000000000000011110000
000000000000000000000000000000000000000000000000000000000000000000000000000000000000000000000000000001111100000011100011100011100000000111111111000000000000111110001111110001111111111000111111110011111111100000000000000000000000000000111111111100000000000000110000000000001111111111111111111100001111
111111111111111111111111111111111111111111111111111111111111111111111111111111111111111111111111111110000011111100011100011100011111111000000000111111111111000001110000001110000000000111000000001100000000011111111111111111111111111111000000000011111111111111001111111111110000000000000000000011110000
000000000000000000000000000000000000000000000000000000000000000000000000000000000000000000000000000011111100000011100011100011100000000111111111000000000000111110001111110001111111111000111111110011111111100000000000000000000000000000111111111100000000000000110000000000001111111111111111111100001111
000000000000000000000000000000000000000000000000000000000000000000000000000000000000000000000000000001110000000000000000000000000000000001111100000000000000000000000000000000011110000000000000000000001100000000000000000000000000000000000000000000000000000000000000000000000000000000000000000000000000
111111111111111111111111111111111111111111111111111111111111111111111111111111111111111111111111111110000011111100011100011100011111111000000000111111111111000001110000001110000000000111000000001100000000011111111111111111111111111111000000000011111111111111001111111111110000000000000000000011110000
000000000000000000000000000000000000000000000000000000000000000000000000000000000000000000000000000001111100000011100011100011100000000111111111000000000000111110001111110001111111111000111111110011111111100000000000000000000000000000111111111100000000000000110000000000001111111111111111111100001111
000000000000000000000000000000000000000000000000000000000000000000000000000000000000000000000000000010000011111100011100011100011111111000000000111111111111000001110000001110000000000111000000001100000000011111111111111111111111111111000000000011111111111111001111111111110000000000000000000011110000
111111111111111111111111111111111111111111111111111111111111111111111111111111111111111111111111111101111100000011100011100011100000000111111111000000000000111110001111110001111111111000111111110011111111100000000000000000000000000000111111111100000000000000110000000000001111111111111111111100001111
000000000000000000000000000000000000000000000000000000000000000000000000000000000000000000000000000010000011111100011100011100011111111000000000111111111111000001110000001110000000000111000000001100000000011111111111111111111111111111000000000011111111111111001111111111110000000000000000000011110000
000000000000000000000000000000000000000000000000000000000000000000000000000000000000000000000000000001111100000011100011100011100000000111111111000000000000111110001111110001111111111000111111110011111111100000000000000000000000000000111111111100000000000000110000000000001111111111111111111100001111
111111111111111111111111111111111111111111111111111111111111111111111111111111111111111111111111111110000011111100011100011100011111111000000000111111111111000001110000001110000000000111000000001100000000011111111111111111111111111111000000000011111111111111001111111111110000000000000000000011110000
000000000000000000000000000000000000000000000000000000000000000000000000000000000000000000000000000001111100000011100011100011100000000111111111000000000000111110001111110001111111111000111111110011111111100000000000000000000000000000111111111100000000000000110000000000001111111111111111111100001111
000000000000000000000000000000000000000000000000000000000000000000000000000000000000000000000000000010000011111100011100011100011111111000000000111111111111000001110000001110000000000111000000001100000000011111111111111111111111111111000000000011111111111111001111111111110000000000000000000011110000
111111111111111111111111111111111111111111111111111111111111111111111111111111111111111111111111111101111100000000000011100000000000000111111111000000000000111110000000000001111111111000111111110000001111100000000000000000000000000000111111111100000000000000110000000000001111111111111111111100000000
000000000000000000000000000000000000000000000000000000000000000000000000000000000000000000000000000010000011111111111100011111111111111000000000111111111111000001111111111110000000000111000000001111110000011111111111111111111111111111000000000011111111111111001111111111110000000000000000000011111111
111111111111111111111111111111111111111111111111111111111111111111111111111111111111111111111111111101111100000000000011100000000000000111111111000000000000111110000000000001111111111000111111110000001111100000000000000000000000000000111111111100000000000000110000000000001111111111111111111100000000
000000000000000000000000000000000000000000000000000000000000000000000000000000000000000000000000000010000011111111111100011111111111111000000000111111111111000001111111111110000000000111000000001111110000011111111111111111111111111111000000000011111111111111001111111111110000000000000000000011111111
000000000000000000000000000000000000000000000000000000000000000000000000000000000000000000000000000001111100000000000011100000000000000111111111000000000000111110000000000001111111111000111111110000001111100000000000000000000000000000111111111100000000000000110000000000001111111111111111111100000000
111111111111111111111111111111111111111111111111111111111111111111111111111111111111111111111111111110000011111111111100011111111111111000000000111111111111000001111111111110000000000111000000001111110000011111111111111111111111111111000000000011111111111111001111111111110000000000000000000011111111
000000000000000000000000000000000000000000000000000000000000000000000000000000000000000000000000000011111100000000000011100000000000000111111111000000000000111110000000000001111111111000111111110000001111100000000000000000000000000000111111111100000000000000110000000000001111111111111111111100000000
000000000000000000000000000000000000000000000000000000000000000000000000000000000000000000000000000000000000000011100000000011100000000000000000000000000000000000001111110000000000000000000000000011110000000000000000000000000000000000000000000000000000000000000000000000000000000000000000000000001111
111111111111111111111111111111111111111111111111111111111111111111111111111111111111111111111111111111111111111100011111111100011111111111111111111111111111111111110000001111111111111111111111111100001111111111111111111111111111111111111111111111111111111111111111111111111111111111111111111111110000
000000000000000000000000000000000000000000000000000000000000000000000000000000000000000000000000000000000000000000000000000000000000000000000000000000000000000000000000000000000000000000000000000000000000000000000000000000000000000000000000000000000000000000000000000000000000000000000000000000000000
000000000000000000000000000000000000000000000000000000000000000000000000000000000000000000000000000011111111111111111111111111111111111111111111111111111111111111111111111111111111111111111111111111111111111111111111111111111111111111111111111111111111111111111111111111111111111111111111111111111111
111111111111111111111111111111111111111111111111111111111111111111111111111111111111111111111111111100000000000000000000000000000000000000000000000000000000000000000000000000000000000000000000000000000000000000000000000000000000000000000000000000000000000000000000000000000000000000000000000000000000
000000000000000000000000000000000000000000000000000000000000000000000000000000000000000000000000000011111111111111111111111111111111111111111111111111111111111111111111111111111111111111111111111111111111111111111111111111111111111111111111111111111111111111111111111111111111111111111111111111111111
000000000000000000000000000000000000000000000000000000000000000000000000000000000000000000000000000000000000000000000000000000000000000000000000000000000000000000000000000000000000000000000000000000000000000000000000000000000000000000000000000000000000000000000000000000000000000000000000000000000000
111111111111111111111111111111111111111111111111111111111111111111111111111111111111111111111111111111111111111111111111111111111111111111111111111111111111111111111111111111111111111111111111111111111111111111111111111111111111111111111111111111111111111111111111111111111111111111111111111111111111
000000000000000000000000000000000000000000000000000000000000000000000000000000000000000000000000000000000000000000000000000000000000000000000000000000000000000000000000000000000000000000000000000000000000000000000000000000000000000000000000000000000000000000000000000000000000000000000000000000000000
000000000000000000000000000000000000000000000000000000000000000000000000000000000000000000000000000000000000000000000000000000000000000000000000000000000000000000000000000000000000000000000000000000000000000000000000000000000000000000000000000000000000000000000000000000000000000000000000000000000000
000000000000000000000000000000000000000000000000000000000000000000000000000000000000000000000000000000000000000000000000000000000000000000000000000000000000000000000000000000000000000000000000000000000000000000000000000000000000000000000000000000000000000000000000000000000000000000000000000000000000
000000000000000000000000000000000000000000000000000000000000000000000000000000000000000000000000000000000000000000000000000000000000000000000000000000000000000000000000000000000000000000000000000000000000000000000000000000000000000000000000000000000000000000000000000000000000000000000000000000000000
000000000000000000000000000000000000000000000000000000000000000000000000000000000000000000000000000000000000000000000000000000000000000000000000000000000000000000000000000000000000000000000000000000000000000000000000000000000000000000000000000000000000000000000000000000000000000000000000000000000000
000000000000000000000000000000000000000000000000000000000000000000000000000000000000000000000000000000000000000000000000000000000000000000000000000000000000000000000000000000000000000000000000000000000000000000000000000000000000000000000000000000000000000000000000000000000000000000000000000000000000
000000000000000000000000000000000000000000000000000000000000000000000000000000000000000000000000000000000000000000000000000000000000000000000000000000000000000000000000000000000000000000000000000000000000000000000000000000000000000000000000000000000000000000000000000000000000000000000000000000000000
000000000000000000000000000000000000000000000000000000000000000000000000000000000000000000000000000000000000000000000000000000000000000000000000000000000000000000000000000000000000000000000000000000000000000000000000000000000000000000000000000000000000000000000000000000000000000000000000000000000000
000000000000000000000000000000000000000000000000000000000000000000000000000000000000000000000000000000000000000000000000000000000000000000000000000000000000000000000000000000000000000000000000000000000000000000000000000000000000000000000000000000000000000000000000000000000000000000000000000000000000
000000000000000000000000000000000000000000000000000000000000000000000000000000000000000000000000000000000000000000000000000000000000000000000000000000000000000000000000000000000000000000000000000000000000000000000000000000000000000000000000000000000000000000000000000000000000000000000000000000000000
000000000000000000000000000000000000000000000000000000000000000000000000000000000000000000000000000011111111111111111111111111111111111111111111111111111111111111111111111111111111111111111111111111111111111111111111111111111111111111111111111111111111111111111111111111111111111111111111111111111111
000000000000000000000000000000000000000000000000000000000000000000000000000000000000000000000000000000000000000000000000000000000000000000000000000000000000000000000000000000000000000000000000000000000000000000000000000000000000000000000000000000000000000000000000000000000000000000000000000000000000
000000000000000000000000000000000000000000000000000000000000000000000000000000000000000000000000000011111111111111111111111111111111111111111111111111111111111111111111111111111111111111111111111111111111111111111111111111111111111111111111111111111111111111111111111111111111111111111111111111111111
000000000000000000000000000000000000000000000000000000000000000000000000000000000000000000000000000000000000000000000000000000000000000000000000000000000000000000000000000000000000000000000000000000000000000000000000000000000000000000000000000000000000000000000000000000000000000000000000000000000000
000000000000000000000000000000000000000000000000000000000000000000000000000000000000000000000000000011111000001111111111111111000011111111111111111100000111111111111111111000001111111111111111111111111111111111111111111111111111111111111111111111111111111111111111111111111111111111111111111111111111
000000000000000000000000000000000000000000000000000000000000000000000000000000000000000000000000000000000111110000000000000000111100000110000000000011111000000000000000000111110000000000000000000000000000000000000000000000000000000000000000000000000000000000000000000000000000000000000000000000000000
000000000000000000000000000000000000000000000000000000000000000000000000000000000000000000000000000011100000000111111111100000000001111001111111100000000001111111111111000000000111111111111111111100001111100000111111111111111100011111111111111111100000001111111111111111110001111111111111111111111100
000000000000000000000000000000000000000000000000000000000000000000000000000000000000000000000000000000011111111000000000011111111110000110000000011111111110000000000000111111111000000000000000000011110000011111000000000000000011100000000000000000011111110000000000000000001110000000000000000000000011
000000000000000000000000000000000000000000000000000000000000000000000000000000000000000000000000000010000000000011111110000000000000111001111110000000000001111111111000000000000011111111111111000000000000000000011111110000000000000011111111110000000000000011111111000000000000001111111110000000000000
000000000000000000000000000000000000000000000000000000000000000000000000000000000000000000000000000001111110011101110001111111111111001111100001111111111110011111000111111111111100111100000000111111111111111111100000001111111111111100000000001111111111111100000000111111111111110000000001111111111111
000000000000000000000000000000000000000000000000000000000000000000000000000000000000000000000000000010000001100010001110000000000000110000011110000000000001100000111000000000000011000011111111000000000000000000011111110000000000000011111111110000000000000011111111000000000000001111111110000000000000
000000000000000000000000000000000000000000000000000000000000000000000000000000000000000000000000000001111000001101110001111111000011001111100001111100000110011111000111111000001100111100000000111111111111111111100000001111111111111100000000001111111111111100000000111111111111110000000001111111111111
000000000000000000000000000000000000000000000000000000000000000000000000000000000000000000000000000010000111110010001110000000111100110000011110000011111001100000111000000111110011000011111111000000000000000000011111110000000000000011111111110000000000000011111111000000000000001111111110000000000000
000000000000000000000000000000000000000000000000000000000000000000000000000000000000000000000000000001111000001101110001111111000011001111100001111100000110011111000111111000001100111100000000111111111111111111100000001111111111111100000000001111111111111100000000111111111111110000000001111111111111
000000000000000000000000000000000000000000000000000000000000000000000000000000000000000000000000000010000110010010001110000000111100110000011110000011111001100000111000000111110011000011111111000000000000000000011111110000000000000011111111110000000000000011111111000000000000001111111110000000000000
000000000000000000000000000000000000000000000000000000000000000000000000000000000000000000000000000001100001100101110001100000000001001111100001100000000000011111000111000000000100111100000000111100001111100000100000001111111100011100000000001111100000001100000000111111110001110000000001111111111100
000000000000000000000000000000000000000000000000000000000000000000000000000000000000000000000000000010011110011010001110011111111110110110011110011111111111100000111000111111111011000011111111000011110000011111011111110000000011100011111111110000011111110011111111000000001110001111111110000000000011
000000000000000000000000000000000000000000000000000000000000000000000000000000000000000000000000000001100001100101110001100000000001001001100001100000000000011111000111000000000100111100000000111100001111100000100000001111111100011100000000001111100000001100000000111111110001110000000001111111111100
000000000000000000000000000000000000000000000000000000000000000000000000000000000000000000000000000010011000001010001110011111000010110110011110011100000111100000111000111000001011000011111111000011110000011111011111110000000011100011111111110000011111110011111111000000001110001111111110000000000011
000000000000000000000000000000000000000000000000000000000000000000000000000000000000000000000000000001100110010101110001100000111101001001100001100011111000011111000111000111110100111100000000111100001111100000100000001111111100011100000000001111100000001100000000111111110001110000000001111111111100
000000000000000000000000000000000000000000000000000000000000000000000000000000000000000000000000000010011001101010001110011111000010110110011110011100000111100000111000111000001011000011111111000011110000011111011111110000000011100011111111110000011111110011111111000000001110001111111110000000000011
000000000000000000000000000000000000000000000000000000000000000000000000000000000000000000000000000001100110010101110001100000111101001001100001100011111000011111000111000111110100111100000000111100001111100000100000001111111100011100000000001111100000001100000000111111110001110000000001111111111100
000000000000000000000000000000000000000000000000000000000000000000000000000000000000000000000000000010011001101010001110011111000010110110011110011100000111100000111000111000001011000011111111000011110000011111011111110000000011100011111111110000011111110011111111000000001110001111111110000000000011
000000000000000000000000000000000000000000000000000000000000000000000000000000000000000000000000000001100110010101110001100000111101001001100001100011111000011111000111000111110100111100000000111100001111100000100000001111111100011100000000001111100000001100000000111111110001110000000001111111111100
000000000000000000000000000000000000000000000000000000000000000000000000000000000000000000000000000010011001101011111110011111000010111111111110011100000111111111111000111000001011111111111111000011110000011111011111110000000011100011111111110000011111110011111111000000001110001111111110000000000011
000000000000000000000000000000000000000000000000000000000000000000000000000000000000000000000000000000000000000010001100000000000000010110011000000000000000100000100000000000000001000011000000000000000000000000000111000000000000000001111110000000000000000000110000000000000000000111110000000000000000
000000000000000000000000000000000000000000000000000000000000000000000000000000000000000000000000000001100110010101110001100000111101001001100001100011111000011111000111000111110100111100000000111100001111100000100000001111111100011100000000001111100000001100000000111111110001110000000001111111111100
000000000000000000000000000000000000000000000000000000000000000000000000000000000000000000000000000010011001101010001110011111000010110110011110011100000111100000111000111000001011000011111111000011110000011111011111110000000011100011111111110000011111110011111111000000001110001111111110000000000011
000000000000000000000000000000000000000000000000000000000000000000000000000000000000000000000000000001100110010101110001100000111101001001100001100011111000011111000111000111110100111100000000111100001111100000100000001111111100011100000000001111100000001100000000111111110001110000000001111111111100
000000000000000000000000000000000000000000000000000000000000000000000000000000000000000000000000000010011001101010001110011111000010110110011110011100000111100000111000111000001011000011111111000011110000011111011111110000000011100011111111110000011111110011111111000000001110001111111110000000000011
000000000000000000000000000000000000000000000000000000000000000000000000000000000000000000000000000001100110010101110001100000111101001001100001100011111000011111000111000111110100111100000000111100001111100000100000001111111100011100000000001111100000001100000000111111110001110000000001111111111100
000000000000000000000000000000000000000000000000000000000000000000000000000000000000000000000000000010011000001010001110011111000010110110011110011100000111100000111000111000001011000011111111000011110000011111011111110000000011100011111111110000011111110011111111000000001110001111111110000000000011
000000000000000000000000000000000000000000000000000000000000000000000000000000000000000000000000000001100001100101110001100000000001001001100001100000000000011111000111000000000100111100000000111100001111100000100000001111111100011100000000001111100000001100000000111111110001110000000001111111111100
000000000000000000000000000000000000000000000000000000000000000000000000000000000000000000000000000010011110011010001110011111111110110110011110011111111111100000111000111111111011000011111111000011110000011111011111110000000011100011111111110000011111110011111111000000001110001111111110000000000011
000000000000000000000000000000000000000000000000000000000000000000000000000000000000000000000000000001100001100101110001100000000001001111100001100000000000011111000111000000000100111100000000111100001111100000100000001111111100011100000000001111100000001100000000111111110001110000000001111111111100
000000000000000000000000000000000000000000000000000000000000000000000000000000000000000000000000000010000110010010001110000000111100110000011110000011111001100000111000000111110011000011111111000000000000000000011111110000000000000011111111110000000000000011111111000000000000001111111110000000000000
000000000000000000000000000000000000000000000000000000000000000000000000000000000000000000000000000001111000001101110001111111000011001111100001111100000110011111000111111000001100111100000000111111111111111111100000001111111111111100000000001111111111111100000000111111111111110000000001111111111111
000000000000000000000000000000000000000000000000000000000000000000000000000000000000000000000000000010000111110010001110000000111100110000011110000011111001100000111000000111110011000011111111000000000000000000011111110000000000000011111111110000000000000011111111000000000000001111111110000000000000
000000000000000000000000000000000000000000000000000000000000000000000000000000000000000000000000000001111000001101110001111111000011001111100001111100000110011111000111111000001100111100000000111111111111111111100000001111111111111100000000001111111111111100000000111111111111110000000001111111111111
000000000000000000000000000000000000000000000000000000000000000000000000000000000000000000000000000010000001100010001110000000000000110000011110000000000001100000111000000000000011000011111111000000000000000000011111110000000000000011111111110000000000000011111111000000000000001111111110000000000000
000000000000000000000000000000000000000000000000000000000000000000000000000000000000000000000000000001111110011101110001111111111111001111100001111111111110011111000111111111111100111100000000111111111111111111100000001111111111111100000000001111111111111100000000111111111111110000000001111111111111
000000000000000000000000000000000000000000000000000000000000000000000000000000000000000000000000000010000000000011111110000000000000111001111110000000000001111111111000000000000011111111111111000000000000000000011111110000000000000011111111110000000000000011111111000000000000001111111110000000000000
000000000000000000000000000000000000000000000000000000000000000000000000000000000000000000000000000000011111111000000000011111111110000110000000011111111110000000000000111111111000000000000000000011110000011111000000000000000011100000000000000000011111110000000000000000001110000000000000000000000011
000000000000000000000000000000000000000000000000000000000000000000000000000000000000000000000000000011100000000111111111100000000001111001111111100000000001111111111111000000000111111111111111111100001111100000111111111111111100011111111111111111100000001111111111111111110001111111111111111111111100
000000000000000000000000000000000000000000000000000000000000000000000000000000000000000000000000000000000111110000000000000000111100000110000000000011111000000000000000000111110000000000000000000000000000000000000000000000000000000000000000000000000000000000000000000000000000000000000000000000000000
000000000000000000000000000000000000000000000000000000000000000000000000000000000000000000000000000011111000001111111111111111000011111111111111111100000111111111111111111000001111111111111111111111111111111111111111111111111111111111111111111111111111111111111111111111111111111111111111111111111111
000000000000000000000000000000000000000000000000000000000000000000000000000000000000000000000000000000000000000000000000000000000000000000000000000000000000000000000000000000000000000000000000000000000000000000000000000000000000000000000000000000000000000000000000000000000000000000000000000000000000
000000000000000000000000000000000000000000000000000000000000000000000000000000000000000000000000000011111111111111111111111111111111111111111111111111111111111111111111111111111111111111111111111111111111111111111111111111111111111111111111111111111111111111111111111111111111111111111111111111111111
000000000000000000000000000000000000000000000000000000000000000000000000000000000000000000000000000000000000000000000000000000000000000000000000000000000000000000000000000000000000000000000000000000000000000000000000000000000000000000000000000000000000000000000000000000000000000000000000000000000000
000000000000000000000000000000000000000000000000000000000000000000000000000000000000000000000000000011111111111111111111111111111111111111111111111111111111111111111111111111111111111111111111111111111111111111111111111111111111111111111111111111111111111111111111111111111111111111111111111111111111
000000000000000000000000000000000000000000000000000000000000000000000000000000000000000000000000000000000000000000000000000000000000000000000000000000000000000000000000000000000000000000000000000000000000000000000000000000000000000000000000000000000000000000000000000000000000000000000000000000000000
000000000000000000000000000000000000000000000000000000000000000000000000000000000000000000000000000000000000000000000000000000000000000000000000000000000000000000000000000000000000000000000000000000000000000000000000000000000000000000000000000000000000000000000000000000000000000000000000000000000000
000000000000000000000000000000000000000000000000000000000000000000000000000000000000000000000000000000000000000000000000000000000000000000000000000000000000000000000000000000000000000000000000000000000000000000000000000000000000000000000000000000000000000000000000000000000000000000000000000000000000
000000000000000000000000000000000000000000000000000000000000000000000000000000000000000000000000000000000000000000000000000000000000000000000000000000000000000000000000000000000000000000000000000000000000000000000000000000000000000000000000000000000000000000000000000000000000000000000000000000000000
000000000000000000000000000000000000000000000000000000000000000000000000000000000000000000000000000000000000000000000000000000000000000000000000000000000000000000000000000000000000000000000000000000000000000000000000000000000000000000000000000000000000000000000000000000000000000000000000000000000000
000000000000000000000000000000000000000000000000000000000000000000000000000000000000000000000000000000000000000000000000000000000000000000000000000000000000000000000000000000000000000000000000000000000000000000000000000000000000000000000000000000000000000000000000000000000000000000000000000000000000
000000000000000000000000000000000000000000000000000000000000000000000000000000000000000000000000000000000000000000000000000000000000000000000000000000000000000000000000000000000000000000000000000000000000000000000000000000000000000000000000000000000000000000000000000000000000000000000000000000000000
000000000000000000000000000000000000000000000000000000000000000000000000000000000000000000000000000000000000000000000000000000000000000000000000000000000000000000000000000000000000000000000000000000000000000000000000000000000000000000000000000000000000000000000000000000000000000000000000000000000000
000000000000000000000000000000000000000000000000000000000000000000000000000000000000000000000000000000000000000000000000000000000000000000000000000000000000000000000000000000000000000000000000000000000000000000000000000000000000000000000000000000000000000000000000000000000000000000000000000000000000
000000000000000000000000000000000000000000000000000000000000000000000000000000000000000000000000000000000000000000000000000000000000000000000000000000000000000000000000000000000000000000000000000000000000000000000000000000000000000000000000000000000000000000000000000000000000000000000000000000000000
000000000000000000000000000000000000000000000000000000000000000000000000000000000000000000000000000011111111111111111111111111111111111111111111111111111111111111111111111111111111111111111111111111111111111111111111111111111111111111111111111111111111111111111111111111111111111111111111111111111111
000000000000000000000000000000000000000000000000000000000000000000000000000000000000000000000000000000000000000000000000000000000000000000000000000000000000000000000000000000000000000000000000000000000000000000000000000000000000000000000000000000000000000000000000000000000000000000000000000000000000
000000000000000000000000000000000000000000000000000000000000000000000000000000000000000000000000000011111111111111111111111111111111111111111111111111111111111111111111111111111111111111111111111111111111111111111111111111111111111111111111111111111111111111111111111111111111111111111111111111111111
000000000000000000000000000000000000000000000000000000000000000000000000000000000000000000000000000000000000000000000000000000000000000000000000000000000000000000000000000000000000000000000000000000000000000000000000000000000000000000000000000000000000000000000000000000000000000000000000000000000000
000000000000000000000000000000000000000000000000000000000000000000000000000000000000000000000000000011111111111111100000111111111111111100001111111111111111110000011111111111111111100000111111111111111111111111111111111111111111111111111111111111111111111111111111111111111111111111111111111111111111
000000000000000000000000000000000000000000000000000000000000000000000000000000000000000000000000000000011000000000011111000000000000000011110000011000000000001111100000000000000000011111000000000000000000000000000000000000000000000000000000000000000000000000000000000000000000000000000000000000000000
000000000000000000000000000000000000000000000000000000000000000000000000000000000000000000000000000011100111111110000000011111111110000000000111100111111110000000000111111111111100000000011111111111111111111111111110000011111111111111110001111111111111111110000000111111111111111111000111111111111111
000000000000000000000000000000000000000000000000000000000000000000000000000000000000000000000000000000011000000001111111100000000001111111111000011000000001111111111000000000000011111111100000000000000000000000000001111100000000000000001110000000000000000001111111000000000000000000111000000000000000
000000000000000000000000000000000000000000000000000000000000000000000000000000000000000000000000000011100111111000000000001111111000000000000011100111111000000000000111111111100000000000001111111111111111111111000000000001111111000000000000001111111111000000000000001111111100000000000000111111111000
000000000000000000000000000000000000000000000000000000000000000000000000000000000000000000000000000000111110000111111001110111000111111111111100111110000111111111111001111100011111111111110011110000000000000000111111111110000000111111111111110000000000111111111111110000000011111111111111000000000111
000000000000000000000000000000000000000000000000000000000000000000000000000000000000000000000000000011000001111000000110001000111000000000000011000001111000000000000110000011100000000000001100001111111111111111000000000001111111000000000000001111111111000000000000001111111100000000000000111111111000
000000000000000000000000000000000000000000000000000000000000000000000000000000000000000000000000000000111110000111100000110111000111111100001100111110000111110000011001111100011111100000110011110000000000000000111111111110000000111111111111110000000000111111111111110000000011111111111111000000000111
000000000000000000000000000000000000000000000000000000000000000000000000000000000000000000000000000011000001111000011111001000111000000011110011000001111000001111100110000011100000011111001100001111111111111111000000000001111111000000000000001111111111000000000000001111111100000000000000111111111000
000000000000000000000000000000000000000000000000000000000000000000000000000000000000000000000000000000111110000111100000110111000111111100001100111110000111110000011001111100011111100000110011110000000000000000111111111110000000111111111111110000000000111111111111110000000011111111111111000000000111
000000000000000000000000000000000000000000000000000000000000000000000000000000000000000000000000000011000001111000011001001000111000000011110011000001111000001111100110000011100000011111001100001111111111111111000000000001111111000000000000001111111111000000000000001111111100000000000000111111111000
000000000000000000000000000000000000000000000000000000000000000000000000000000000000000000000000000000111110000110000110010111000110000000000100111110000110000000000001111100011100000000010011110000000000000000111110000010000000111111110001110000000000111110000000110000000011111111000111000000000111
000000000000000000000000000000000000000000000000000000000000000000000000000000000000000000000000000011011001111001111001101000111001111111111011011001111001111111111110000011100011111111101100001111111111111111000001111101111111000000001110001111111111000001111111001111111100000000111000111111111000
000000000000000000000000000000000000000000000000000000000000000000000000000000000000000000000000000000100110000110000110010111000110000000000100100110000110000000000001111100011100000000010011110000000000000000111110000010000000111111110001110000000000111110000000110000000011111111000111000000000111
000000000000000000000000000000000000000000000000000000000000000000000000000000000000000000000000000011011001111001100000101000111001111100001011011001111001110000011110000011100011100000101100001111111111111111000001111101111111000000001110001111111111000001111111001111111100000000111000111111111000
000000000000000000000000000000000000000000000000000000000000000000000000000000000000000000000000000000100110000110011001010111000110000011110100100110000110001111100001111100011100011111010011110000000000000000111110000010000000111111110001110000000000111110000000110000000011111111000111000000000111
000000000000000000000000000000000000000000000000000000000000000000000000000000000000000000000000000011011001111001100110101000111001111100001011011001111001110000011110000011100011100000101100001111111111111111000001111101111111000000001110001111111111000001111111001111111100000000111000111111111000
000000000000000000000000000000000000000000000000000000000000000000000000000000000000000000000000000000100110000110011001010111000110000011110100100110000110001111100001111100011100011111010011110000000000000000111110000010000000111111110001110000000000111110000000110000000011111111000111000000000111
000000000000000000000000000000000000000000000000000000000000000000000000000000000000000000000000000011011001111001100110101000111001111100001011011001111001110000011110000011100011100000101100001111111111111111000001111101111111000000001110001111111111000001111111001111111100000000111000111111111000
000000000000000000000000000000000000000000000000000000000000000000000000000000000000000000000000000000100110000110011001010111000110000011110100100110000110001111100001111100011100011111010011110000000000000000111110000010000000111111110001110000000000111110000000110000000011111111000111000000000111
000000000000000000000000000000000000000000000000000000000000000000000000000000000000000000000000000011111111111001100110101111111001111100001011111111111001110000011111111111100011100000101111111111111111111111000001111101111111000000001110001111111111000001111111001111111100000000111000111111111000
000000000000000000000000000000000000000000000000000000000000000000000000000000000000000000000000000001011001100000000000001000110000000000000001011001100000000000000010000010000000000000000100001100000011111000000000000000011100000000000000000111111000000000000000000011000000000000000000011111000000
000000000000000000000000000000000000000000000000000000000000000000000000000000000000000000000000000000100110000110011001010111000110000011110100100110000110001111100001111100011100011111010011110000000000000000111110000010000000111111110001110000000000111110000000110000000011111111000111000000000111
000000000000000000000000000000000000000000000000000000000000000000000000000000000000000000000000000011011001111001100110101000111001111100001011011001111001110000011110000011100011100000101100001111111111111111000001111101111111000000001110001111111111000001111111001111111100000000111000111111111000
000000000000000000000000000000000000000000000000000000000000000000000000000000000000000000000000000000100110000110011001010111000110000011110100100110000110001111100001111100011100011111010011110000000000000000111110000010000000111111110001110000000000111110000000110000000011111111000111000000000111
000000000000000000000000000000000000000000000000000000000000000000000000000000000000000000000000000011011001111001100110101000111001111100001011011001111001110000011110000011100011100000101100001111111111111111000001111101111111000000001110001111111111000001111111001111111100000000111000111111111000
000000000000000000000000000000000000000000000000000000000000000000000000000000000000000000000000000000100110000110011001010111000110000011110100100110000110001111100001111100011100011111010011110000000000000000111110000010000000111111110001110000000000111110000000110000000011111111000111000000000111
000000000000000000000000000000000000000000000000000000000000000000000000000000000000000000000000000011011001111001100000101000111001111100001011011001111001110000011110000011100011100000101100001111111111111111000001111101111111000000001110001111111111000001111111001111111100000000111000111111111000
000000000000000000000000000000000000000000000000000000000000000000000000000000000000000000000000000000100110000110000110010111000110000000000100100110000110000000000001111100011100000000010011110000000000000000111110000010000000111111110001110000000000111110000000110000000011111111000111000000000111
000000000000000000000000000000000000000000000000000000000000000000000000000000000000000000000000000011011001111001111001101000111001111111111011011001111001111111111110000011100011111111101100001111111111111111000001111101111111000000001110001111111111000001111111001111111100000000111000111111111000
000000000000000000000000000000000000000000000000000000000000000000000000000000000000000000000000000000111110000110000110010111000110000000000100111110000110000000000001111100011100000000010011110000000000000000111110000010000000111111110001110000000000111110000000110000000011111111000111000000000111
000000000000000000000000000000000000000000000000000000000000000000000000000000000000000000000000000011000001111000011001001000111000000011110011000001111000001111100110000011100000011111001100001111111111111111000000000001111111000000000000001111111111000000000000001111111100000000000000111111111000
000000000000000000000000000000000000000000000000000000000000000000000000000000000000000000000000000000111110000111100000110111000111111100001100111110000111110000011001111100011111100000110011110000000000000000111111111110000000111111111111110000000000111111111111110000000011111111111111000000000111
000000000000000000000000000000000000000000000000000000000000000000000000000000000000000000000000000011000001111000011111001000111000000011110011000001111000001111100110000011100000011111001100001111111111111111000000000001111111000000000000001111111111000000000000001111111100000000000000111111111000
000000000000000000000000000000000000000000000000000000000000000000000000000000000000000000000000000000111110000111100000110111000111111100001100111110000111110000011001111100011111100000110011110000000000000000111111111110000000111111111111110000000000111111111111110000000011111111111111000000000111
000000000000000000000000000000000000000000000000000000000000000000000000000000000000000000000000000011000001111000000110001000111000000000000011000001111000000000000110000011100000000000001100001111111111111111000000000001111111000000000000001111111111000000000000001111111100000000000000111111111000
000000000000000000000000000000000000000000000000000000000000000000000000000000000000000000000000000000111110000111111001110111000111111111111100111110000111111111111001111100011111111111110011110000000000000000111111111110000000111111111111110000000000111111111111110000000011111111111111000000000111
000000000000000000000000000000000000000000000000000000000000000000000000000000000000000000000000000011100111111000000000001111111000000000000011100111111000000000000111111111100000000000001111111111111111111111000000000001111111000000000000001111111111000000000000001111111100000000000000111111111000
000000000000000000000000000000000000000000000000000000000000000000000000000000000000000000000000000000011000000001111111100000000001111111111000011000000001111111111000000000000011111111100000000000000000000000000001111100000000000000001110000000000000000001111111000000000000000000111000000000000000
000000000000000000000000000000000000000000000000000000000000000000000000000000000000000000000000000011100111111110000000011111111110000000000111100111111110000000000111111111111100000000011111111111111111111111111110000011111111111111110001111111111111111110000000111111111111111111000111111111111111
000000000000000000000000000000000000000000000000000000000000000000000000000000000000000000000000000000011000000000011111000000000000000011110000011000000000001111100000000000000000011111000000000000000000000000000000000000000000000000000000000000000000000000000000000000000000000000000000000000000000
000000000000000000000000000000000000000000000000000000000000000000000000000000000000000000000000000011111111111111100000111111111111111100001111111111111111110000011111111111111111100000111111111111111111111111111111111111111111111111111111111111111111111111111111111111111111111111111111111111111111
000000000000000000000000000000000000000000000000000000000000000000000000000000000000000000000000000000000000000000000000000000000000000000000000000000000000000000000000000000000000000000000000000000000000000000000000000000000000000000000000000000000000000000000000000000000000000000000000000000000000
000000000000000000000000000000000000000000000000000000000000000000000000000000000000000000000000000011111111111111111111111111111111111111111111111111111111111111111111111111111111111111111111111111111111111111111111111111111111111111111111111111111111111111111111111111111111111111111111111111111111
000000000000000000000000000000000000000000000000000000000000000000000000000000000000000000000000000000000000000000000000000000000000000000000000000000000000000000000000000000000000000000000000000000000000000000000000000000000000000000000000000000000000000000000000000000000000000000000000000000000000
000000000000000000000000000000000000000000000000000000000000000000000000000000000000000000000000000011111111111111111111111111111111111111111111111111111111111111111111111111111111111111111111111111111111111111111111111111111111111111111111111111111111111111111111111111111111111111111111111111111111
000000000000000000000000000000000000000000000000000000000000000000000000000000000000000000000000000000000000000000000000000000000000000000000000000000000000000000000000000000000000000000000000000000000000000000000000000000000000000000000000000000000000000000000000000000000000000000000000000000000000
000000000000000000000000000000000000000000000000000000000000000000000000000000000000000000000000000000000000000000000000000000000000000000000000000000000000000000000000000000000000000000000000000000000000000000000000000000000000000000000000000000000000000000000000000000000000000000000000000000000000
000000000000000000000000000000000000000000000000000000000000000000000000000000000000000000000000000000000000000000000000000000000000000000000000000000000000000000000000000000000000000000000000000000000000000000000000000000000000000000000000000000000000000000000000000000000000000000000000000000000000
000000000000000000000000000000000000000000000000000000000000000000000000000000000000000000000000000000000000000000000000000000000000000000000000000000000000000000000000000000000000000000000000000000000000000000000000000000000000000000000000000000000000000000000000000000000000000000000000000000000000
000000000000000000000000000000000000000000000000000000000000000000000000000000000000000000000000000000000000000000000000000000000000000000000000000000000000000000000000000000000000000000000000000000000000000000000000000000000000000000000000000000000000000000000000000000000000000000000000000000000000
000000000000000000000000000000000000000000000000000000000000000000000000000000000000000000000000000000000000000000000000000000000000000000000000000000000000000000000000000000000000000000000000000000000000000000000000000000000000000000000000000000000000000000000000000000000000000000000000000000000000
000000000000000000000000000000000000000000000000000000000000000000000000000000000000000000000000000000000000000000000000000000000000000000000000000000000000000000000000000000000000000000000000000000000000000000000000000000000000000000000000000000000000000000000000000000000000000000000000000000000000
000000000000000000000000000000000000000000000000000000000000000000000000000000000000000000000000000000000000000000000000000000000000000000000000000000000000000000000000000000000000000000000000000000000000000000000000000000000000000000000000000000000000000000000000000000000000000000000000000000000000
000000000000000000000000000000000000000000000000000000000000000000000000000000000000000000000000000000000000000000000000000000000000000000000000000000000000000000000000000000000000000000000000000000000000000000000000000000000000000000000000000000000000000000000000000000000000000000000000000000000000
000000000000000000000000000000000000000000000000000000000000000000000000000000000000000000000000000000000000000000000000000000000000000000000000000000000000000000000000000000000000000000000000000000000000000000000000000000000000000000000000000000000000000000000000000000000000000000000000000000000000
000000000000000000000000000000000000000000000000000000000000000000000000000000000000000000000000000011111111111111111111111111111111111111111111111111111111111111111111111111111111111111111111111111111111111111111111111111111111111111111111111111111111111111111111111111111111111111111111111111111111
000000000000000000000000000000000000000000000000000000000000000000000000000000000000000000000000000000000000000000000000000000000000000000000000000000000000000000000000000000000000000000000000000000000000000000000000000000000000000000000000000000000000000000000000000000000000000000000000000000000000
000000000000000000000000000000000000000000000000000000000000000000000000000000000000000000000000000011111111111111111111111111111111111111111111111111111111111111111111111111111111111111111111111111111111111111111111111111111111111111111111111111111111111111111111111111111111111111111111111111111111
000000000000000000000000000000000000000000000000000000000000000000000000000000000000000000000000000000000000000000000000000000000000000000000000000000000000000000000000000000000000000000000000000000000000000000000000000000000000000000000000000000000000000000000000000000000000000000000000000000000000
000000000000000000000000000000000000000000000000000000000000000000000000000000000000000000000000000011100000111111111111111110000011111111111111110000111111111111111111000001111111111111111110000011111111111111111111111111111111111111111111111111111111111111111111111111111111111111111111111111111111
000000000000000000000000000000000000000000000000000000000000000000000000000000000000000000000000000000011111000001100000000001111100000000000000001111000001100000000000111110000000000000000001111100000000000000000000000000000000000000000000000000000000000000000000000000000000000000000000000000000000
000000000000000000000000000000000000000000000000000000000000000000000000000000000000000000000000000000000000011110011111111000000001111111111000000000011110011111111000000000011111111111110000000001110000000011111111111111111000001111111111111111000111111111111111111000000011111111111111111100011111
000000000000000000000000000000000000000000000000000000000000000000000000000000000000000000000000000011111111100001100000000111111110000000000111111111100001100000000111111111100000000000001111111110001111111100000000000000000111110000000000000000111000000000000000000111111100000000000000000011100000
000000000000000000000000000000000000000000000000000000000000000000000000000000000000000000000000000000000000001110011111100000000000111111100000000000001110011111100000000000011111111110000000000000110000000000111111111100000000000111111100000000000000111111111100000000000000111111110000000000000011
000000000000000000000000000000000000000000000000000000000000000000000000000000000000000000000000000011111111110011111000011111100111011100011111111111110011111000011111111111100111110001111111111111001111111111000000000011111111111000000011111111111111000000000011111111111111000000001111111111111100
000000000000000000000000000000000000000000000000000000000000000000000000000000000000000000000000000000000000001100000111100000011000100011100000000000001100000111100000000000011000001110000000000000110000000000111111111100000000000111111100000000000000111111111100000000000000111111110000000000000011
000000000000000000000000000000000000000000000000000000000000000000000000000000000000000000000000000011100000110011111000011110000011011100011111110000110011111000011111000001100111110001111110000011001111111111000000000011111111111000000011111111111111000000000011111111111111000000001111111111111100
000000000000000000000000000000000000000000000000000000000000000000000000000000000000000000000000000000011111001100000111100001111100100011100000001111001100000111100000111110011000001110000001111100110000000000111111111100000000000111111100000000000000111111111100000000000000111111110000000000000011
000000000000000000000000000000000000000000000000000000000000000000000000000000000000000000000000000011100000110011111000011110000011011100011111110000110011111000011111000001100111110001111110000011001111111111000000000011111111111000000011111111111111000000000011111111111111000000001111111111111100
000000000000000000000000000000000000000000000000000000000000000000000000000000000000000000000000000000011111001100000111100001100100100011100000001111001100000111100000111110011000001110000001111100110000000000111111111100000000000111111100000000000000111111111100000000000000111111110000000000000011
000000000000000000000000000000000000000000000000000000000000000000000000000000000000000000000000000000000000010011111000011000011001011100011000000000010011111000011000000000000111110001110000000001000000000011000000000011111000001000000011111111000111000000000011111000000011000000001111111100011100
000000000000000000000000000000000000000000000000000000000000000000000000000000000000000000000000000011111111101101100111100111100110100011100111111111101101100111100111111111111000001110001111111110111111111100111111111100000111110111111100000000111000111111111100000111111100111111110000000011100011
000000000000000000000000000000000000000000000000000000000000000000000000000000000000000000000000000000000000010010011000011000011001011100011000000000010010011000011000000000000111110001110000000001000000000011000000000011111000001000000011111111000111000000000011111000000011000000001111111100011100
000000000000000000000000000000000000000000000000000000000000000000000000000000000000000000000000000011100000101101100111100110000010100011100111110000101101100111100111000001111000001110001110000010111111111100111111111100000111110111111100000000111000111111111100000111111100111111110000000011100011
000000000000000000000000000000000000000000000000000000000000000000000000000000000000000000000000000000011111010010011000011001100101011100011000001111010010011000011000111110000111110001110001111101000000000011000000000011111000001000000011111111000111000000000011111000000011000000001111111100011100
000000000000000000000000000000000000000000000000000000000000000000000000000000000000000000000000000011100000101101100111100110011010100011100111110000101101100111100111000001111000001110001110000010111111111100111111111100000111110111111100000000111000111111111100000111111100111111110000000011100011
000000000000000000000000000000000000000000000000000000000000000000000000000000000000000000000000000000011111010010011000011001100101011100011000001111010010011000011000111110000111110001110001111101000000000011000000000011111000001000000011111111000111000000000011111000000011000000001111111100011100
000000000000000000000000000000000000000000000000000000000000000000000000000000000000000000000000000011100000101101100111100110011010100011100111110000101101100111100111000001111000001110001110000010111111111100111111111100000111110111111100000000111000111111111100000111111100111111110000000011100011
000000000000000000000000000000000000000000000000000000000000000000000000000000000000000000000000000000011111010010011000011001100101011100011000001111010010011000011000111110000111110001110001111101000000000011000000000011111000001000000011111111000111000000000011111000000011000000001111111100011100
000000000000000000000000000000000000000000000000000000000000000000000000000000000000000000000000000011100000101111111111100110011010111111100111110000101111111111100111000001111111111110001110000010111111111100111111111100000111110111111100000000111000111111111100000111111100111111110000000011100011
000000000000000000000000000000000000000000000000000000000000000000000000000000000000000000000000000000000000000101100110000000000000100011000000000000000101100110000000000000001000001000000000000000010000000000001111100000000000000001110000000000000000011111100000000000000000001100000000000000000001
000000000000000000000000000000000000000000000000000000000000000000000000000000000000000000000000000000011111010010011000011001100101011100011000001111010010011000011000111110000111110001110001111101000000000011000000000011111000001000000011111111000111000000000011111000000011000000001111111100011100
000000000000000000000000000000000000000000000000000000000000000000000000000000000000000000000000000011100000101101100111100110011010100011100111110000101101100111100111000001111000001110001110000010111111111100111111111100000111110111111100000000111000111111111100000111111100111111110000000011100011
000000000000000000000000000000000000000000000000000000000000000000000000000000000000000000000000000000011111010010011000011001100101011100011000001111010010011000011000111110000111110001110001111101000000000011000000000011111000001000000011111111000111000000000011111000000011000000001111111100011100
000000000000000000000000000000000000000000000000000000000000000000000000000000000000000000000000000011100000101101100111100110011010100011100111110000101101100111100111000001111000001110001110000010111111111100111111111100000111110111111100000000111000111111111100000111111100111111110000000011100011
000000000000000000000000000000000000000000000000000000000000000000000000000000000000000000000000000000011111010010011000011001100101011100011000001111010010011000011000111110000111110001110001111101000000000011000000000011111000001000000011111111000111000000000011111000000011000000001111111100011100
000000000000000000000000000000000000000000000000000000000000000000000000000000000000000000000000000011100000101101100111100110000010100011100111110000101101100111100111000001111000001110001110000010111111111100111111111100000111110111111100000000111000111111111100000111111100111111110000000011100011
000000000000000000000000000000000000000000000000000000000000000000000000000000000000000000000000000000000000010010011000011000011001011100011000000000010010011000011000000000000111110001110000000001000000000011000000000011111000001000000011111111000111000000000011111000000011000000001111111100011100
000000000000000000000000000000000000000000000000000000000000000000000000000000000000000000000000000011111111101101100111100111100110100011100111111111101101100111100111111111111000001110001111111110111111111100111111111100000111110111111100000000111000111111111100000111111100111111110000000011100011
000000000000000000000000000000000000000000000000000000000000000000000000000000000000000000000000000000000000010011111000011000011001011100011000000000010011111000011000000000000111110001110000000001000000000011000000000011111000001000000011111111000111000000000011111000000011000000001111111100011100
000000000000000000000000000000000000000000000000000000000000000000000000000000000000000000000000000000011111001100000111100001100100100011100000001111001100000111100000111110011000001110000001111100110000000000111111111100000000000111111100000000000000111111111100000000000000111111110000000000000011
000000000000000000000000000000000000000000000000000000000000000000000000000000000000000000000000000011100000110011111000011110000011011100011111110000110011111000011111000001100111110001111110000011001111111111000000000011111111111000000011111111111111000000000011111111111111000000001111111111111100
000000000000000000000000000000000000000000000000000000000000000000000000000000000000000000000000000000011111001100000111100001111100100011100000001111001100000111100000111110011000001110000001111100110000000000111111111100000000000111111100000000000000111111111100000000000000111111110000000000000011
000000000000000000000000000000000000000000000000000000000000000000000000000000000000000000000000000011100000110011111000011110000011011100011111110000110011111000011111000001100111110001111110000011001111111111000000000011111111111000000011111111111111000000000011111111111111000000001111111111111100
000000000000000000000000000000000000000000000000000000000000000000000000000000000000000000000000000000000000001100000111100000011000100011100000000000001100000111100000000000011000001110000000000000110000000000111111111100000000000111111100000000000000111111111100000000000000111111110000000000000011
000000000000000000000000000000000000000000000000000000000000000000000000000000000000000000000000000011111111110011111000011111100111011100011111111111110011111000011111111111100111110001111111111111001111111111000000000011111111111000000011111111111111000000000011111111111111000000001111111111111100
000000000000000000000000000000000000000000000000000000000000000000000000000000000000000000000000000000000000001110011111100000000000111111100000000000001110011111100000000000011111111110000000000000110000000000111111111100000000000111111100000000000000111111111100000000000000111111110000000000000011
000000000000000000000000000000000000000000000000000000000000000000000000000000000000000000000000000011111111100001100000000111111110000000000111111111100001100000000111111111100000000000001111111110001111111100000000000000000111110000000000000000111000000000000000000111111100000000000000000011100000
000000000000000000000000000000000000000000000000000000000000000000000000000000000000000000000000000000000000011110011111111000000001111111111000000000011110011111111000000000011111111111110000000001110000000011111111111111111000001111111111111111000111111111111111111000000011111111111111111100011111
000000000000000000000000000000000000000000000000000000000000000000000000000000000000000000000000000000011111000001100000000001111100000000000000001111000001100000000000111110000000000000000001111100000000000000000000000000000000000000000000000000000000000000000000000000000000000000000000000000000000
000000000000000000000000000000000000000000000000000000000000000000000000000000000000000000000000000011100000111111111111111110000011111111111111110000111111111111111111000001111111111111111110000011111111111111111111111111111111111111111111111111111111111111111111111111111111111111111111111111111111
000000000000000000000000000000000000000000000000000000000000000000000000000000000000000000000000000000000000000000000000000000000000000000000000000000000000000000000000000000000000000000000000000000000000000000000000000000000000000000000000000000000000000000000000000000000000000000000000000000000000
000000000000000000000000000000000000000000000000000000000000000000000000000000000000000000000000000011111111111111111111111111111111111111111111111111111111111111111111111111111111111111111111111111111111111111111111111111111111111111111111111111111111111111111111111111111111111111111111111111111111
000000000000000000000000000000000000000000000000000000000000000000000000000000000000000000000000000000000000000000000000000000000000000000000000000000000000000000000000000000000000000000000000000000000000000000000000000000000000000000000000000000000000000000000000000000000000000000000000000000000000
000000000000000000000000000000000000000000000000000000000000000000000000000000000000000000000000000011111111111111111111111111111111111111111111111111111111111111111111111111111111111111111111111111111111111111111111111111111111111111111111111111111111111111111111111111111111111111111111111111111111
000000000000000000000000000000000000000000000000000000000000000000000000000000000000000000000000000000000000000000000000000000000000000000000000000000000000000000000000000000000000000000000000000000000000000000000000000000000000000000000000000000000000000000000000000000000000000000000000000000000000
000000000000000000000000000000000000000000000000000000000000000000000000000000000000000000000000000000000000000000000000000000000000000000000000000000000000000000000000000000000000000000000000000000000000000000000000000000000000000000000000000000000000000000000000000000000000000000000000000000000000
000000000000000000000000000000000000000000000000000000000000000000000000000000000000000000000000000000000000000000000000000000000000000000000000000000000000000000000000000000000000000000000000000000000000000000000000000000000000000000000000000000000000000000000000000000000000000000000000000000000000
000000000000000000000000000000000000000000000000000000000000000000000000000000000000000000000000000000000000000000000000000000000000000000000000000000000000000000000000000000000000000000000000000000000000000000000000000000000000000000000000000000000000000000000000000000000000000000000000000000000000
000000000000000000000000000000000000000000000000000000000000000000000000000000000000000000000000000000000000000000000000000000000000000000000000000000000000000000000000000000000000000000000000000000000000000000000000000000000000000000000000000000000000000000000000000000000000000000000000000000000000
000000000000000000000000000000000000000000000000000000000000000000000000000000000000000000000000000000000000000000000000000000000000000000000000000000000000000000000000000000000000000000000000000000000000000000000000000000000000000000000000000000000000000000000000000000000000000000000000000000000000
000000000000000000000000000000000000000000000000000000000000000000000000000000000000000000000000000000000000000000000000000000000000000000000000000000000000000000000000000000000000000000000000000000000000000000000000000000000000000000000000000000000000000000000000000000000000000000000000000000000000
000000000000000000000000000000000000000000000000000000000000000000000000000000000000000000000000000000000000000000000000000000000000000000000000000000000000000000000000000000000000000000000000000000000000000000000000000000000000000000000000000000000000000000000000000000000000000000000000000000000000
000000000000000000000000000000000000000000000000000000000000000000000000000000000000000000000000000000000000000000000000000000000000000000000000000000000000000000000000000000000000000000000000000000000000000000000000000000000000000000000000000000000000000000000000000000000000000000000000000000000000
000000000000000000000000000000000000000000000000000000000000000000000000000000000000000000000000000000000000000000000000000000000000000000000000000000000000000000000000000000000000000000000000000000000000000000000000000000000000000000000000000000000000000000000000000000000000000000000000000000000000
000000000000000000000000000000000000000000000000000000000000000000000000000000000000000000000000000011111111111111111111111111111111111111111111111111111111111111111111111111111111111111111111111111111111111111111111111111111111111111111111111111111111111111111111111111111111111111111111111111111111
000000000000000000000000000000000000000000000000000000000000000000000000000000000000000000000000000000000000000000000000000000000000000000000000000000000000000000000000000000000000000000000000000000000000000000000000000000000000000000000000000000000000000000000000000000000000000000000000000000000000
000000000000000000000000000000000000000000000000000000000000000000000000000000000000000000000000000011111111111111111111111111111111111111111111111111111111111111111111111111111111111111111111111111111111111111111111111111111111111111111111111111111111111111111111111111111111111111111111111111111111
000000000000000000000000000000000000000000000000000000000000000000000000000000000000000000000000000000000000000000000000000000000000000000000000000000000000000000000000000000000000000000000000000000000000000000000000000000000000000000000000000000000000000000000000000000000000000000000000000000000000
000000000000000000000000000000000000000000000000000000000000000000000000000000000000000000000000000011111111111110000011111111111111111000001111111111111111000011111111111111111100000111111111111111111111111111111111111111111111111111111111111111111111111111111111111111111111111111111111111111111111
000000000000000000000000000000000000000000000000000000000000000000000000000000000000000000000000000000000000000001111100000110000000000111110000000000000000111100000110000000000011111000000000000000000000000000000000000000000000000000000000000000000000000000000000000000000000000000000000000000000000
000000000000000000000000000000000000000000000000000000000000000000000000000000000000000000000000000011111111000000000001111001111111100000000111111111100000000001111001111111100000000001111111111111001111111100000000001111111111111111100000111111111111111100011111111111111111100000001111111111111111
000000000000000000000000000000000000000000000000000000000000000000000000000000000000000000000000000000000000111111111110000110000000011111111000000000011111111110000110000000011111111110000000000000110000000011111111110000000000000000011111000000000000000011100000000000000000011111110000000000000000
000000000000000000000000000000000000000000000000000000000000000000000000000000000000000000000000000011111100000000000000111001111110000000000011111110000000000000111001111110000000000001111111111000001111100000000000000011111111110000000000011111110000000000000011111111110000000000000011111111000000
000000000000000000000000000000000000000000000000000000000000000000000000000000000000000000000000000011100011111111111111001111100001111110011101110001111111111111001111100001111111111110011111000111110000011111111111111100000000001111111111100000001111111111111100000000001111111111111100000000111111
000000000000000000000000000000000000000000000000000000000000000000000000000000000000000000000000000000011100000000000000110000011110000001100010001110000000000000110000011110000000000001100000111000001111100000000000000011111111110000000000011111110000000000000011111111110000000000000011111111000000
000000000000000000000000000000000000000000000000000000000000000000000000000000000000000000000000000011100011111110000011001111100001111000001101110001111111000011001111100001111100000110011111000111110000011111111111111100000000001111111111100000001111111111111100000000001111111111111100000000111111
000000000000000000000000000000000000000000000000000000000000000000000000000000000000000000000000000000011100000001111100110000011110000111110010001110000000111100110000011110000011111001100000111000001111100000000000000011111111110000000000011111110000000000000011111111110000000000000011111111000000
000000000000000000000000000000000000000000000000000000000000000000000000000000000000000000000000000011100011111110000011001111100001111000001101110001111111000011001111100001111100000110011111000111110000011111111111111100000000001111111111100000001111111111111100000000001111111111111100000000111111
000000000000000000000000000000000000000000000000000000000000000000000000000000000000000000000000000000011100000001111100110000011110000110010010001110000000111100110000011110000011111001100000111000001111100000000000000011111111110000000000011111110000000000000011111111110000000000000011111111000000
000000000000000000000000000000000000000000000000000000000000000000000000000000000000000000000000000011100011000000000001001111100001100001100101110001100000000001001111100001100000000000011111000111000000011100000000001100000000001111100000100000001111111100011100000000001111100000001100000000111111
000000000000000000000000000000000000000000000000000000000000000000000000000000000000000000000000000000011100111111111110110110011110011110011010001110011111111110110110011110011111111111100000111000111111100011111111110011111111110000011111011111110000000011100011111111110000011111110011111111000000
000000000000000000000000000000000000000000000000000000000000000000000000000000000000000000000000000011100011000000000001001001100001100001100101110001100000000001001001100001100000000000011111000111000000011100000000001100000000001111100000100000001111111100011100000000001111100000001100000000111111
000000000000000000000000000000000000000000000000000000000000000000000000000000000000000000000000000000011100111110000010110110011110011000001010001110011111000010110110011110011100000111100000111000111111100011111111110011111111110000011111011111110000000011100011111111110000011111110011111111000000
000000000000000000000000000000000000000000000000000000000000000000000000000000000000000000000000000011100011000001111101001001100001100110010101110001100000111101001001100001100011111000011111000111000000011100000000001100000000001111100000100000001111111100011100000000001111100000001100000000111111
000000000000000000000000000000000000000000000000000000000000000000000000000000000000000000000000000000011100111110000010110110011110011001101010001110011111000010110110011110011100000111100000111000111111100011111111110011111111110000011111011111110000000011100011111111110000011111110011111111000000
000000000000000000000000000000000000000000000000000000000000000000000000000000000000000000000000000011100011000001111101001001100001100110010101110001100000111101001001100001100011111000011111000111000000011100000000001100000000001111100000100000001111111100011100000000001111100000001100000000111111
000000000000000000000000000000000000000000000000000000000000000000000000000000000000000000000000000000011100111110000010110110011110011001101010001110011111000010110110011110011100000111100000111000111111100011111111110011111111110000011111011111110000000011100011111111110000011111110011111111000000
000000000000000000000000000000000000000000000000000000000000000000000000000000000000000000000000000011100011000001111101001001100001100110010101110001100000111101001001100001100011111000011111000111000000011100000000001100000000001111100000100000001111111100011100000000001111100000001100000000111111
000000000000000000000000000000000000000000000000000000000000000000000000000000000000000000000000000011111100111110000010111111111110011001101011111110011111000010111111111110011100000111111111111000111111100011111111110011111111110000011111011111110000000011100011111111110000011111110011111111000000
000000000000000000000000000000000000000000000000000000000000000000000000000000000000000000000000000000010000000000000000010110011000000000000010001100000000000000010110011000000000000000100000100000001110000000000000000000111110000000000000000111000000000000000001111110000000000000000000110000000000
000000000000000000000000000000000000000000000000000000000000000000000000000000000000000000000000000011100011000001111101001001100001100110010101110001100000111101001001100001100011111000011111000111000000011100000000001100000000001111100000100000001111111100011100000000001111100000001100000000111111
000000000000000000000000000000000000000000000000000000000000000000000000000000000000000000000000000000011100111110000010110110011110011001101010001110011111000010110110011110011100000111100000111000111111100011111111110011111111110000011111011111110000000011100011111111110000011111110011111111000000
000000000000000000000000000000000000000000000000000000000000000000000000000000000000000000000000000011100011000001111101001001100001100110010101110001100000111101001001100001100011111000011111000111000000011100000000001100000000001111100000100000001111111100011100000000001111100000001100000000111111
000000000000000000000000000000000000000000000000000000000000000000000000000000000000000000000000000000011100111110000010110110011110011001101010001110011111000010110110011110011100000111100000111000111111100011111111110011111111110000011111011111110000000011100011111111110000011111110011111111000000
000000000000000000000000000000000000000000000000000000000000000000000000000000000000000000000000000011100011000001111101001001100001100110010101110001100000111101001001100001100011111000011111000111000000011100000000001100000000001111100000100000001111111100011100000000001111100000001100000000111111
000000000000000000000000000000000000000000000000000000000000000000000000000000000000000000000000000000011100111110000010110110011110011000001010001110011111000010110110011110011100000111100000111000111111100011111111110011111111110000011111011111110000000011100011111111110000011111110011111111000000
000000000000000000000000000000000000000000000000000000000000000000000000000000000000000000000000000011100011000000000001001001100001100001100101110001100000000001001001100001100000000000011111000111000000011100000000001100000000001111100000100000001111111100011100000000001111100000001100000000111111
000000000000000000000000000000000000000000000000000000000000000000000000000000000000000000000000000000011100111111111110110110011110011110011010001110011111111110110110011110011111111111100000111000111111100011111111110011111111110000011111011111110000000011100011111111110000011111110011111111000000
000000000000000000000000000000000000000000000000000000000000000000000000000000000000000000000000000011100011000000000001001111100001100001100101110001100000000001001111100001100000000000011111000111000000011100000000001100000000001111100000100000001111111100011100000000001111100000001100000000111111
000000000000000000000000000000000000000000000000000000000000000000000000000000000000000000000000000000011100000001111100110000011110000110010010001110000000111100110000011110000011111001100000111000001111100000000000000011111111110000000000011111110000000000000011111111110000000000000011111111000000
000000000000000000000000000000000000000000000000000000000000000000000000000000000000000000000000000011100011111110000011001111100001111000001101110001111111000011001111100001111100000110011111000111110000011111111111111100000000001111111111100000001111111111111100000000001111111111111100000000111111
000000000000000000000000000000000000000000000000000000000000000000000000000000000000000000000000000000011100000001111100110000011110000111110010001110000000111100110000011110000011111001100000111000001111100000000000000011111111110000000000011111110000000000000011111111110000000000000011111111000000
000000000000000000000000000000000000000000000000000000000000000000000000000000000000000000000000000011100011111110000011001111100001111000001101110001111111000011001111100001111100000110011111000111110000011111111111111100000000001111111111100000001111111111111100000000001111111111111100000000111111
000000000000000000000000000000000000000000000000000000000000000000000000000000000000000000000000000000011100000000000000110000011110000001100010001110000000000000110000011110000000000001100000111000001111100000000000000011111111110000000000011111110000000000000011111111110000000000000011111111000000
000000000000000000000000000000000000000000000000000000000000000000000000000000000000000000000000000011100011111111111111001111100001111110011101110001111111111111001111100001111111111110011111000111110000011111111111111100000000001111111111100000001111111111111100000000001111111111111100000000111111
000000000000000000000000000000000000000000000000000000000000000000000000000000000000000000000000000011111100000000000000111001111110000000000011111110000000000000111001111110000000000001111111111000001111100000000000000011111111110000000000011111110000000000000011111111110000000000000011111111000000
000000000000000000000000000000000000000000000000000000000000000000000000000000000000000000000000000000000000111111111110000110000000011111111000000000011111111110000110000000011111111110000000000000110000000011111111110000000000000000011111000000000000000011100000000000000000011111110000000000000000
000000000000000000000000000000000000000000000000000000000000000000000000000000000000000000000000000011111111000000000001111001111111100000000111111111100000000001111001111111100000000001111111111111001111111100000000001111111111111111100000111111111111111100011111111111111111100000001111111111111111
000000000000000000000000000000000000000000000000000000000000000000000000000000000000000000000000000000000000000001111100000110000000000111110000000000000000111100000110000000000011111000000000000000000000000000000000000000000000000000000000000000000000000000000000000000000000000000000000000000000000
000000000000000000000000000000000000000000000000000000000000000000000000000000000000000000000000000011111111111110000011111111111111111000001111111111111111000011111111111111111100000111111111111111111111111111111111111111111111111111111111111111111111111111111111111111111111111111111111111111111111
000000000000000000000000000000000000000000000000000000000000000000000000000000000000000000000000000000000000000000000000000000000000000000000000000000000000000000000000000000000000000000000000000000000000000000000000000000000000000000000000000000000000000000000000000000000000000000000000000000000000
000000000000000000000000000000000000000000000000000000000000000000000000000000000000000000000000000011111111111111111111111111111111111111111111111111111111111111111111111111111111111111111111111111111111111111111111111111111111111111111111111111111111111111111111111111111111111111111111111111111111
000000000000000000000000000000000000000000000000000000000000000000000000000000000000000000000000000000000000000000000000000000000000000000000000000000000000000000000000000000000000000000000000000000000000000000000000000000000000000000000000000000000000000000000000000000000000000000000000000000000000
000000000000000000000000000000000000000000000000000000000000000000000000000000000000000000000000000011111111111111111111111111111111111111111111111111111111111111111111111111111111111111111111111111111111111111111111111111111111111111111111111111111111111111111111111111111111111111111111111111111111
000000000000000000000000000000000000000000000000000000000000000000000000000000000000000000000000000000000000000000000000000000000000000000000000000000000000000000000000000000000000000000000000000000000000000000000000000000000000000000000000000000000000000000000000000000000000000000000000000000000000
000000000000000000000000000000000000000000000000000000000000000000000000000000000000000000000000000000000000000000000000000000000000000000000000000000000000000000000000000000000000000000000000000000000000000000000000000000000000000000000000000000000000000000000000000000000000000000000000000000000000
000000000000000000000000000000000000000000000000000000000000000000000000000000000000000000000000000000000000000000000000000000000000000000000000000000000000000000000000000000000000000000000000000000000000000000000000000000000000000000000000000000000000000000000000000000000000000000000000000000000000
000000000000000000000000000000000000000000000000000000000000000000000000000000000000000000000000000000000000000000000000000000000000000000000000000000000000000000000000000000000000000000000000000000000000000000000000000000000000000000000000000000000000000000000000000000000000000000000000000000000000
000000000000000000000000000000000000000000000000000000000000000000000000000000000000000000000000000000000000000000000000000000000000000000000000000000000000000000000000000000000000000000000000000000000000000000000000000000000000000000000000000000000000000000000000000000000000000000000000000000000000
000000000000000000000000000000000000000000000000000000000000000000000000000000000000000000000000000000000000000000000000000000000000000000000000000000000000000000000000000000000000000000000000000000000000000000000000000000000000000000000000000000000000000000000000000000000000000000000000000000000000
000000000000000000000000000000000000000000000000000000000000000000000000000000000000000000000000000000000000000000000000000000000000000000000000000000000000000000000000000000000000000000000000000000000000000000000000000000000000000000000000000000000000000000000000000000000000000000000000000000000000
000000000000000000000000000000000000000000000000000000000000000000000000000000000000000000000000000000000000000000000000000000000000000000000000000000000000000000000000000000000000000000000000000000000000000000000000000000000000000000000000000000000000000000000000000000000000000000000000000000000000
000000000000000000000000000000000000000000000000000000000000000000000000000000000000000000000000000000000000000000000000000000000000000000000000000000000000000000000000000000000000000000000000000000000000000000000000000000000000000000000000000000000000000000000000000000000000000000000000000000000000
000000000000000000000000000000000000000000000000000000000000000000000000000000000000000000000000000000000000000000000000000000000000000000000000000000000000000000000000000000000000000000000000000000000000000000000000000000000000000000000000000000000000000000000000000000000000000000000000000000000000
000000000000000000000000000000000000000000000000000000000000000000000000000000000000000000000000000011111111111111111111111111111111111111111111111111111111111111111111111111111111111111111111111111111111111111111111111111111111111111111111111111111111111111111111111111111111111111111111111111111111
000000000000000000000000000000000000000000000000000000000000000000000000000000000000000000000000000000000000000000000000000000000000000000000000000000000000000000000000000000000000000000000000000000000000000000000000000000000000000000000000000000000000000000000000000000000000000000000000000000000000
000000000000000000000000000000000000000000000000000000000000000000000000000000000000000000000000000011111111111111111111111111111111111111111111111111111111111111111111111111111111111111111111111111111111111111111111111111111111111111111111111111111111111111111111111111111111111111111111111111111111
000000000000000000000000000000000000000000000000000000000000000000000000000000000000000000000000000000000000000000000000000000000000000000000000000000000000000000000000000000000000000000000000000000000000000000000000000000000000000000000000000000000000000000000000000000000000000000000000000000000000
000000000000000000000000000000000000000000000000000000000000000000000000000000000000000000000000000010001111111111111111111000001111111111111111100000111111111111111100001111111111111111110000011111111111111111111111111111111111111111111111111111111111111111111111111111111111111111111111111111111111
000000000000000000000000000000000000000000000000000000000000000000000000000000000000000000000000000001110000000000000000000111110000011000000000011111000000000000000011110000011000000000001111100000000000000000000000000000000000000000000000000000000000000000000000000000000000000000000000000000000000
000000000000000000000000000000000000000000000000000000000000000000000000000000000000000000000000000000000011111111111100000000000111100111111110000000011111111110000000000111100111111110000000000111110011111111111111110000000000111111111111111110000011111111111111110001111111111111111110000000111111
000000000000000000000000000000000000000000000000000000000000000000000000000000000000000000000000000011111100000000000011111111111000011000000001111111100000000001111111111000011000000001111111111000001100000000000000001111111111000000000000000001111100000000000000001110000000000000000001111111000000
000000000000000000000000000000000000000000000000000000000000000000000000000000000000000000000000000000000001111111110000000000000011100111111000000000001111111000000000000011100111111000000000000111110000001111111110000000000000001111111111000000000001111111000000000000001111111111000000000000001111
000000000000000000000000000000000000000000000000000000000000000000000000000000000000000000000000000011111110011110001111111111111100111110000111111001110111000111111111111100111110000111111111111001111111110000000001111111111111110000000000111111111110000000111111111111110000000000111111111111110000
000000000000000000000000000000000000000000000000000000000000000000000000000000000000000000000000000000000001100001110000000000000011000001111000000110001000111000000000000011000001111000000000000110000000001111111110000000000000001111111111000000000001111111000000000000001111111111000000000000001111
000000000000000000000000000000000000000000000000000000000000000000000000000000000000000000000000000010001110011110001111111000001100111110000111100000110111000111111100001100111110000111110000011001111111110000000001111111111111110000000000111111111110000000111111111111110000000000111111111111110000
000000000000000000000000000000000000000000000000000000000000000000000000000000000000000000000000000001110001100001110000000111110011000001111000011111001000111000000011110011000001111000001111100110000000001111111110000000000000001111111111000000000001111111000000000000001111111111000000000000001111
000000000000000000000000000000000000000000000000000000000000000000000000000000000000000000000000000010001110011110001111111000001100111110000111100000110111000111111100001100111110000111110000011001111111110000000001111111111111110000000000111111111110000000111111111111110000000000111111111111110000
000000000000000000000000000000000000000000000000000000000000000000000000000000000000000000000000000001110001100001110000000111110011000001111000011001001000111000000011110011000001111000001111100110000000001111111110000000000000001111111111000000000001111111000000000000001111111111000000000000001111
000000000000000000000000000000000000000000000000000000000000000000000000000000000000000000000000000000000010011110001100000000000100111110000110000110010111000110000000000100111110000110000000000001110011110000000001110000000000110000000000111110000010000000111111110001110000000000111110000000110000
000000000000000000000000000000000000000000000000000000000000000000000000000000000000000000000000000011111101100001110011111111111011011001111001111001101000111001111111111011011001111001111111111110001100001111111110001111111111001111111111000001111101111111000000001110001111111111000001111111001111
000000000000000000000000000000000000000000000000000000000000000000000000000000000000000000000000000000000010011110001100000000000100100110000110000110010111000110000000000100100110000110000000000001110011110000000001110000000000110000000000111110000010000000111111110001110000000000111110000000110000
000000000000000000000000000000000000000000000000000000000000000000000000000000000000000000000000000010001101100001110011111000001011011001111001100000101000111001111100001011011001111001110000011110001100001111111110001111111111001111111111000001111101111111000000001110001111111111000001111111001111
000000000000000000000000000000000000000000000000000000000000000000000000000000000000000000000000000001110010011110001100000111110100100110000110011001010111000110000011110100100110000110001111100001110011110000000001110000000000110000000000111110000010000000111111110001110000000000111110000000110000
000000000000000000000000000000000000000000000000000000000000000000000000000000000000000000000000000010001101100001110011111000001011011001111001100110101000111001111100001011011001111001110000011110001100001111111110001111111111001111111111000001111101111111000000001110001111111111000001111111001111
000000000000000000000000000000000000000000000000000000000000000000000000000000000000000000000000000001110010011110001100000111110100100110000110011001010111000110000011110100100110000110001111100001110011110000000001110000000000110000000000111110000010000000111111110001110000000000111110000000110000
000000000000000000000000000000000000000000000000000000000000000000000000000000000000000000000000000010001101100001110011111000001011011001111001100110101000111001111100001011011001111001110000011110001100001111111110001111111111001111111111000001111101111111000000001110001111111111000001111111001111
000000000000000000000000000000000000000000000000000000000000000000000000000000000000000000000000000001110010011110001100000111110100100110000110011001010111000110000011110100100110000110001111100001110011110000000001110000000000110000000000111110000010000000111111110001110000000000111110000000110000
000000000000000000000000000000000000000000000000000000000000000000000000000000000000000000000000000010001101111111110011111000001011111111111001100110101111111001111100001011111111111001110000011111111100001111111110001111111111001111111111000001111101111111000000001110001111111111000001111111001111
000000000000000000000000000000000000000000000000000000000000000000000000000000000000000000000000000000000000100001000000000000000001011001100000000000001000110000000000000001011001100000000000000010000000000001111000000000000000000011111000000000000000011100000000000000000111111000000000000000000011
000000000000000000000000000000000000000000000000000000000000000000000000000000000000000000000000000001110010011110001100000111110100100110000110011001010111000110000011110100100110000110001111100001110011110000000001110000000000110000000000111110000010000000111111110001110000000000111110000000110000
000000000000000000000000000000000000000000000000000000000000000000000000000000000000000000000000000010001101100001110011111000001011011001111001100110101000111001111100001011011001111001110000011110001100001111111110001111111111001111111111000001111101111111000000001110001111111111000001111111001111
000000000000000000000000000000000000000000000000000000000000000000000000000000000000000000000000000001110010011110001100000111110100100110000110011001010111000110000011110100100110000110001111100001110011110000000001110000000000110000000000111110000010000000111111110001110000000000111110000000110000
000000000000000000000000000000000000000000000000000000000000000000000000000000000000000000000000000010001101100001110011111000001011011001111001100110101000111001111100001011011001111001110000011110001100001111111110001111111111001111111111000001111101111111000000001110001111111111000001111111001111
000000000000000000000000000000000000000000000000000000000000000000000000000000000000000000000000000001110010011110001100000111110100100110000110011001010111000110000011110100100110000110001111100001110011110000000001110000000000110000000000111110000010000000111111110001110000000000111110000000110000
000000000000000000000000000000000000000000000000000000000000000000000000000000000000000000000000000010001101100001110011111000001011011001111001100000101000111001111100001011011001111001110000011110001100001111111110001111111111001111111111000001111101111111000000001110001111111111000001111111001111
000000000000000000000000000000000000000000000000000000000000000000000000000000000000000000000000000000000010011110001100000000000100100110000110000110010111000110000000000100100110000110000000000001110011110000000001110000000000110000000000111110000010000000111111110001110000000000111110000000110000
000000000000000000000000000000000000000000000000000000000000000000000000000000000000000000000000000011111101100001110011111111111011011001111001111001101000111001111111111011011001111001111111111110001100001111111110001111111111001111111111000001111101111111000000001110001111111111000001111111001111
000000000000000000000000000000000000000000000000000000000000000000000000000000000000000000000000000000000010011110001100000000000100111110000110000110010111000110000000000100111110000110000000000001110011110000000001110000000000110000000000111110000010000000111111110001110000000000111110000000110000
000000000000000000000000000000000000000000000000000000000000000000000000000000000000000000000000000001110001100001110000000111110011000001111000011001001000111000000011110011000001111000001111100110000000001111111110000000000000001111111111000000000001111111000000000000001111111111000000000000001111
000000000000000000000000000000000000000000000000000000000000000000000000000000000000000000000000000010001110011110001111111000001100111110000111100000110111000111111100001100111110000111110000011001111111110000000001111111111111110000000000111111111110000000111111111111110000000000111111111111110000
000000000000000000000000000000000000000000000000000000000000000000000000000000000000000000000000000001110001100001110000000111110011000001111000011111001000111000000011110011000001111000001111100110000000001111111110000000000000001111111111000000000001111111000000000000001111111111000000000000001111
000000000000000000000000000000000000000000000000000000000000000000000000000000000000000000000000000010001110011110001111111000001100111110000111100000110111000111111100001100111110000111110000011001111111110000000001111111111111110000000000111111111110000000111111111111110000000000111111111111110000
000000000000000000000000000000000000000000000000000000000000000000000000000000000000000000000000000000000001100001110000000000000011000001111000000110001000111000000000000011000001111000000000000110000000001111111110000000000000001111111111000000000001111111000000000000001111111111000000000000001111
000000000000000000000000000000000000000000000000000000000000000000000000000000000000000000000000000011111110011110001111111111111100111110000111111001110111000111111111111100111110000111111111111001111111110000000001111111111111110000000000111111111110000000111111111111110000000000111111111111110000
000000000000000000000000000000000000000000000000000000000000000000000000000000000000000000000000000000000001111111110000000000000011100111111000000000001111111000000000000011100111111000000000000111110000001111111110000000000000001111111111000000000001111111000000000000001111111111000000000000001111
000000000000000000000000000000000000000000000000000000000000000000000000000000000000000000000000000011111100000000000011111111111000011000000001111111100000000001111111111000011000000001111111111000001100000000000000001111111111000000000000000001111100000000000000001110000000000000000001111111000000
000000000000000000000000000000000000000000000000000000000000000000000000000000000000000000000000000000000011111111111100000000000111100111111110000000011111111110000000000111100111111110000000000111110011111111111111110000000000111111111111111110000011111111111111110001111111111111111110000000111111
000000000000000000000000000000000000000000000000000000000000000000000000000000000000000000000000000001110000000000000000000111110000011000000000011111000000000000000011110000011000000000001111100000000000000000000000000000000000000000000000000000000000000000000000000000000000000000000000000000000000
000000000000000000000000000000000000000000000000000000000000000000000000000000000000000000000000000010001111111111111111111000001111111111111111100000111111111111111100001111111111111111110000011111111111111111111111111111111111111111111111111111111111111111111111111111111111111111111111111111111111
000000000000000000000000000000000000000000000000000000000000000000000000000000000000000000000000000000000000000000000000000000000000000000000000000000000000000000000000000000000000000000000000000000000000000000000000000000000000000000000000000000000000000000000000000000000000000000000000000000000000
000000000000000000000000000000000000000000000000000000000000000000000000000000000000000000000000000011111111111111111111111111111111111111111111111111111111111111111111111111111111111111111111111111111111111111111111111111111111111111111111111111111111111111111111111111111111111111111111111111111111
000000000000000000000000000000000000000000000000000000000000000000000000000000000000000000000000000000000000000000000000000000000000000000000000000000000000000000000000000000000000000000000000000000000000000000000000000000000000000000000000000000000000000000000000000000000000000000000000000000000000
000000000000000000000000000000000000000000000000000000000000000000000000000000000000000000000000000011111111111111111111111111111111111111111111111111111111111111111111111111111111111111111111111111111111111111111111111111111111111111111111111111111111111111111111111111111111111111111111111111111111
000000000000000000000000000000000000000000000000000000000000000000000000000000000000000000000000000000000000000000000000000000000000000000000000000000000000000000000000000000000000000000000000000000000000000000000000000000000000000000000000000000000000000000000000000000000000000000000000000000000000
000000000000000000000000000000000000000000000000000000000000000000000000000000000000000000000000000000000000000000000000000000000000000000000000000000000000000000000000000000000000000000000000000000000000000000000000000000000000000000000000000000000000000000000000000000000000000000000000000000000000
000000000000000000000000000000000000000000000000000000000000000000000000000000000000000000000000000000000000000000000000000000000000000000000000000000000000000000000000000000000000000000000000000000000000000000000000000000000000000000000000000000000000000000000000000000000000000000000000000000000000
000000000000000000000000000000000000000000000000000000000000000000000000000000000000000000000000000000000000000000000000000000000000000000000000000000000000000000000000000000000000000000000000000000000000000000000000000000000000000000000000000000000000000000000000000000000000000000000000000000000000
000000000000000000000000000000000000000000000000000000000000000000000000000000000000000000000000000000000000000000000000000000000000000000000000000000000000000000000000000000000000000000000000000000000000000000000000000000000000000000000000000000000000000000000000000000000000000000000000000000000000
000000000000000000000000000000000000000000000000000000000000000000000000000000000000000000000000000000000000000000000000000000000000000000000000000000000000000000000000000000000000000000000000000000000000000000000000000000000000000000000000000000000000000000000000000000000000000000000000000000000000
000000000000000000000000000000000000000000000000000000000000000000000000000000000000000000000000000000000000000000000000000000000000000000000000000000000000000000000000000000000000000000000000000000000000000000000000000000000000000000000000000000000000000000000000000000000000000000000000000000000000
000000000000000000000000000000000000000000000000000000000000000000000000000000000000000000000000000000000000000000000000000000000000000000000000000000000000000000000000000000000000000000000000000000000000000000000000000000000000000000000000000000000000000000000000000000000000000000000000000000000000
000000000000000000000000000000000000000000000000000000000000000000000000000000000000000000000000000000000000000000000000000000000000000000000000000000000000000000000000000000000000000000000000000000000000000000000000000000000000000000000000000000000000000000000000000000000000000000000000000000000000
000000000000000000000000000000000000000000000000000000000000000000000000000000000000000000000000000000000000000000000000000000000000000000000000000000000000000000000000000000000000000000000000000000000000000000000000000000000000000000000000000000000000000000000000000000000000000000000000000000000000
000000000000000000000000000000000000000000000000000000000000000000000000000000000000000000000000000011111111111111111111111111111111111111111111111111111111111111111111111111111111111111111111111111111111111111111111111111111111111111111111111111111111111111111111111111111111111111111111111111111111
000000000000000000000000000000000000000000000000000000000000000000000000000000000000000000000000000000000000000000000000000000000000000000000000000000000000000000000000000000000000000000000000000000000000000000000000000000000000000000000000000000000000000000000000000000000000000000000000000000000000
000000000000000000000000000000000000000000000000000000000000000000000000000000000000000000000000000011111111111111111111111111111111111111111111111111111111111111111111111111111111111111111111111111111111111111111111111111111111111111111111111111111111111111111111111111111111111111111111111111111111
000000000000000000000000000000000000000000000000000000000000000000000000000000000000000000000000000000000000000000000000000000000000000000000000000000000000000000000000000000000000000000000000000000000000000000000000000000000000000000000000000000000000000000000000000000000000000000000000000000000000
000000000000000000000000000000000000000000000000000000000000000000000000000000000000000000000000000011111111111000111111111111111111100000111111111111111110000011111111111111110000111111111111111111001111111111111111111111111111111111111111111111111111111111111111111111111111111111111111111111111111
000000000000000000000000000000000000000000000000000000000000000000000000000000000000000000000000000000000000000111000000000000000000011111000001100000000001111100000000000000001111000001100000000000110000000000000000000000000000000000000000000000000000000000000000000000000000000000000000000000000000
000000000000000000000000000000000000000000000000000000000000000000000000000000000000000000000000000011111111000000001111111111110000000000011110011111111000000001111111111000000000011110011111111000001111111110001111111111111111000000000011111111111111111000001111111111111111000111111111111111111000
000000000000000000000000000000000000000000000000000000000000000000000000000000000000000000000000000000000000111111110000000000001111111111100001100000000111111110000000000111111111100001100000000111110000000001110000000000000000111111111100000000000000000111110000000000000000111000000000000000000111
000000000000000000000000000000000000000000000000000000000000000000000000000000000000000000000000000011111000000000000111111111000000000000001110011111100000000000111111100000000000001110011111100000001111000000000000111111111000000000000000111111111100000000000111111100000000000000111111111100000000
000000000000000000000000000000000000000000000000000000000000000000000000000000000000000000000000000010000111111111111001111000111111111111110011111000011111100111011100011111111111110011111000011111110000111111111111000000000111111111111111000000000011111111111000000011111111111111000000000011111111
000000000000000000000000000000000000000000000000000000000000000000000000000000000000000000000000000001111000000000000110000111000000000000001100000111100000011000100011100000000000001100000111100000001111000000000000111111111000000000000000111111111100000000000111111100000000000000111111111100000000
000000000000000000000000000000000000000000000000000000000000000000000000000000000000000000000000000010000111111000111001111000111111100000110011111000011110000011011100011111110000110011111000011111000000111111111111000000000111111111111111000000000011111111111000000011111111111111000000000011111111
000000000000000000000000000000000000000000000000000000000000000000000000000000000000000000000000000001111000000111000110000111000000011111001100000111100001111100100011100000001111001100000111100000111111000000000000111111111000000000000000111111111100000000000111111100000000000000111111111100000000
000000000000000000000000000000000000000000000000000000000000000000000000000000000000000000000000000010000111111000111001111000111111100000110011111000011110000011011100011111110000110011111000011111000000111111111111000000000111111111111111000000000011111111111000000011111111111111000000000011111111
000000000000000000000000000000000000000000000000000000000000000000000000000000000000000000000000000001111000000111000110000111000000011111001100000111100001100100100011100000001111001100000111100000111111000000000000111111111000000000000000111111111100000000000111111100000000000000111111111100000000
000000000000000000000000000000000000000000000000000000000000000000000000000000000000000000000000000010000111000000001001111000110000000000010011111000011000011001011100011000000000010011111000011000000000111110001111000000000111000000000011000000000011111000001000000011111111000111000000000011111000
000000000000000000000000000000000000000000000000000000000000000000000000000000000000000000000000000001111000111111110110000111001111111111101101100111100111100110100011100111111111101101100111100111111111000001110000111111111000111111111100111111111100000111110111111100000000111000111111111100000111
000000000000000000000000000000000000000000000000000000000000000000000000000000000000000000000000000010000111000000001001111000110000000000010010011000011000011001011100011000000000010010011000011000000000111110001111000000000111000000000011000000000011111000001000000011111111000111000000000011111000
000000000000000000000000000000000000000000000000000000000000000000000000000000000000000000000000000001111000111000110110000111001111100000101101100111100110000010100011100111110000101101100111100111001111000001110000111111111000111111111100111111111100000111110111111100000000111000111111111100000111
000000000000000000000000000000000000000000000000000000000000000000000000000000000000000000000000000010000111000111001001111000110000011111010010011000011001100101011100011000001111010010011000011000110000111110001111000000000111000000000011000000000011111000001000000011111111000111000000000011111000
000000000000000000000000000000000000000000000000000000000000000000000000000000000000000000000000000001111000111000110110000111001111100000101101100111100110011010100011100111110000101101100111100111001111000001110000111111111000111111111100111111111100000111110111111100000000111000111111111100000111
000000000000000000000000000000000000000000000000000000000000000000000000000000000000000000000000000010000111000111001001111000110000011111010010011000011001100101011100011000001111010010011000011000110000111110001111000000000111000000000011000000000011111000001000000011111111000111000000000011111000
000000000000000000000000000000000000000000000000000000000000000000000000000000000000000000000000000001111000111000110110000111001111100000101101100111100110011010100011100111110000101101100111100111001111000001110000111111111000111111111100111111111100000111110111111100000000111000111111111100000111
000000000000000000000000000000000000000000000000000000000000000000000000000000000000000000000000000010000111000111001001111000110000011111010010011000011001100101011100011000001111010010011000011000110000111110001111000000000111000000000011000000000011111000001000000011111111000111000000000011111000
000000000000000000000000000000000000000000000000000000000000000000000000000000000000000000000000000011111000111000110111111111001111100000101111111111100110011010111111100111110000101111111111100111001111000001110000111111111000111111111100111111111100000111110111111100000000111000111111111100000111
000000000000000000000000000000000000000000000000000000000000000000000000000000000000000000000000000001000000000000000010000100000000000000000101100110000000000000100011000000000000000101100110000000000000000000000000000111100000000000000000001111100000000000000001110000000000000000011111100000000000
000000000000000000000000000000000000000000000000000000000000000000000000000000000000000000000000000010000111000111001001111000110000011111010010011000011001100101011100011000001111010010011000011000110000111110001111000000000111000000000011000000000011111000001000000011111111000111000000000011111000
000000000000000000000000000000000000000000000000000000000000000000000000000000000000000000000000000001111000111000110110000111001111100000101101100111100110011010100011100111110000101101100111100111001111000001110000111111111000111111111100111111111100000111110111111100000000111000111111111100000111
000000000000000000000000000000000000000000000000000000000000000000000000000000000000000000000000000010000111000111001001111000110000011111010010011000011001100101011100011000001111010010011000011000110000111110001111000000000111000000000011000000000011111000001000000011111111000111000000000011111000
000000000000000000000000000000000000000000000000000000000000000000000000000000000000000000000000000001111000111000110110000111001111100000101101100111100110011010100011100111110000101101100111100111001111000001110000111111111000111111111100111111111100000111110111111100000000111000111111111100000111
000000000000000000000000000000000000000000000000000000000000000000000000000000000000000000000000000010000111000111001001111000110000011111010010011000011001100101011100011000001111010010011000011000110000111110001111000000000111000000000011000000000011111000001000000011111111000111000000000011111000
000000000000000000000000000000000000000000000000000000000000000000000000000000000000000000000000000001111000111000110110000111001111100000101101100111100110000010100011100111110000101101100111100111001111000001110000111111111000111111111100111111111100000111110111111100000000111000111111111100000111
000000000000000000000000000000000000000000000000000000000000000000000000000000000000000000000000000010000111000000001001111000110000000000010010011000011000011001011100011000000000010010011000011000000000111110001111000000000111000000000011000000000011111000001000000011111111000111000000000011111000
000000000000000000000000000000000000000000000000000000000000000000000000000000000000000000000000000001111000111111110110000111001111111111101101100111100111100110100011100111111111101101100111100111111111000001110000111111111000111111111100111111111100000111110111111100000000111000111111111100000111
000000000000000000000000000000000000000000000000000000000000000000000000000000000000000000000000000010000111000000001001111000110000000000010011111000011000011001011100011000000000010011111000011000000000111110001111000000000111000000000011000000000011111000001000000011111111000111000000000011111000
000000000000000000000000000000000000000000000000000000000000000000000000000000000000000000000000000001111000000111000110000111000000011111001100000111100001100100100011100000001111001100000111100000111111000000000000111111111000000000000000111111111100000000000111111100000000000000111111111100000000
000000000000000000000000000000000000000000000000000000000000000000000000000000000000000000000000000010000111111000111001111000111111100000110011111000011110000011011100011111110000110011111000011111000000111111111111000000000111111111111111000000000011111111111000000011111111111111000000000011111111
000000000000000000000000000000000000000000000000000000000000000000000000000000000000000000000000000001111000000111000110000111000000011111001100000111100001111100100011100000001111001100000111100000111111000000000000111111111000000000000000111111111100000000000111111100000000000000111111111100000000
000000000000000000000000000000000000000000000000000000000000000000000000000000000000000000000000000010000111111000111001111000111111100000110011111000011110000011011100011111110000110011111000011111000000111111111111000000000111111111111111000000000011111111111000000011111111111111000000000011111111
000000000000000000000000000000000000000000000000000000000000000000000000000000000000000000000000000001111000000000000110000111000000000000001100000111100000011000100011100000000000001100000111100000001111000000000000111111111000000000000000111111111100000000000111111100000000000000111111111100000000
000000000000000000000000000000000000000000000000000000000000000000000000000000000000000000000000000010000111111111111001111000111111111111110011111000011111100111011100011111111111110011111000011111110000111111111111000000000111111111111111000000000011111111111000000011111111111111000000000011111111
000000000000000000000000000000000000000000000000000000000000000000000000000000000000000000000000000011111000000000000111111111000000000000001110011111100000000000111111100000000000001110011111100000001111000000000000111111111000000000000000111111111100000000000111111100000000000000111111111100000000
000000000000000000000000000000000000000000000000000000000000000000000000000000000000000000000000000000000000111111110000000000001111111111100001100000000111111110000000000111111111100001100000000111110000000001110000000000000000111111111100000000000000000111110000000000000000111000000000000000000111
000000000000000000000000000000000000000000000000000000000000000000000000000000000000000000000000000011111111000000001111111111110000000000011110011111111000000001111111111000000000011110011111111000001111111110001111111111111111000000000011111111111111111000001111111111111111000111111111111111111000
000000000000000000000000000000000000000000000000000000000000000000000000000000000000000000000000000000000000000111000000000000000000011111000001100000000001111100000000000000001111000001100000000000110000000000000000000000000000000000000000000000000000000000000000000000000000000000000000000000000000
000000000000000000000000000000000000000000000000000000000000000000000000000000000000000000000000000011111111111000111111111111111111100000111111111111111110000011111111111111110000111111111111111111001111111111111111111111111111111111111111111111111111111111111111111111111111111111111111111111111111
000000000000000000000000000000000000000000000000000000000000000000000000000000000000000000000000000000000000000000000000000000000000000000000000000000000000000000000000000000000000000000000000000000000000000000000000000000000000000000000000000000000000000000000000000000000000000000000000000000000000
000000000000000000000000000000000000000000000000000000000000000000000000000000000000000000000000000011111111111111111111111111111111111111111111111111111111111111111111111111111111111111111111111111111111111111111111111111111111111111111111111111111111111111111111111111111111111111111111111111111111
000000000000000000000000000000000000000000000000000000000000000000000000000000000000000000000000000000000000000000000000000000000000000000000000000000000000000000000000000000000000000000000000000000000000000000000000000000000000000000000000000000000000000000000000000000000000000000000000000000000000
000000000000000000000000000000000000000000000000000000000000000000000000000000000000000000000000000011111111111111111111111111111111111111111111111111111111111111111111111111111111111111111111111111111111111111111111111111111111111111111111111111111111111111111111111111111111111111111111111111111111
000000000000000000000000000000000000000000000000000000000000000000000000000000000000000000000000000000000000000000000000000000000000000000000000000000000000000000000000000000000000000000000000000000000000000000000000000000000000000000000000000000000000000000000000000000000000000000000000000000000000
000000000000000000000000000000000000000000000000000000000000000000000000000000000000000000000000000000000000000000000000000000000000000000000000000000000000000000000000000000000000000000000000000000000000000000000000000000000000000000000000000000000000000000000000000000000000000000000000000000000000
000000000000000000000000000000000000000000000000000000000000000000000000000000000000000000000000000000000000000000000000000000000000000000000000000000000000000000000000000000000000000000000000000000000000000000000000000000000000000000000000000000000000000000000000000000000000000000000000000000000000
000000000000000000000000000000000000000000000000000000000000000000000000000000000000000000000000000000000000000000000000000000000000000000000000000000000000000000000000000000000000000000000000000000000000000000000000000000000000000000000000000000000000000000000000000000000000000000000000000000000000
000000000000000000000000000000000000000000000000000000000000000000000000000000000000000000000000000000000000000000000000000000000000000000000000000000000000000000000000000000000000000000000000000000000000000000000000000000000000000000000000000000000000000000000000000000000000000000000000000000000000
000000000000000000000000000000000000000000000000000000000000000000000000000000000000000000000000000000000000000000000000000000000000000000000000000000000000000000000000000000000000000000000000000000000000000000000000000000000000000000000000000000000000000000000000000000000000000000000000000000000000
000000000000000000000000000000000000000000000000000000000000000000000000000000000000000000000000000000000000000000000000000000000000000000000000000000000000000000000000000000000000000000000000000000000000000000000000000000000000000000000000000000000000000000000000000000000000000000000000000000000000
000000000000000000000000000000000000000000000000000000000000000000000000000000000000000000000000000000000000000000000000000000000000000000000000000000000000000000000000000000000000000000000000000000000000000000000000000000000000000000000000000000000000000000000000000000000000000000000000000000000000
000000000000000000000000000000000000000000000000000000000000000000000000000000000000000000000000000000000000000000000000000000000000000000000000000000000000000000000000000000000000000000000000000000000000000000000000000000000000000000000000000000000000000000000000000000000000000000000000000000000000
000000000000000000000000000000000000000000000000000000000000000000000000000000000000000000000000000000000000000000000000000000000000000000000000000000000000000000000000000000000000000000000000000000000000000000000000000000000000000000000000000000000000000000000000000000000000000000000000000000000000
000000000000000000000000000000000000000000000000000000000000000000000000000000000000000000000000000011111111111111111111111111111111111111111111111111111111111111111111111111111111111111111111111111111111111111111111111111111111111111111111111111111111111111111111111111111111111111111111111111111111
000000000000000000000000000000000000000000000000000000000000000000000000000000000000000000000000000000000000000000000000000000000000000000000000000000000000000000000000000000000000000000000000000000000000000000000000000000000000000000000000000000000000000000000000000000000000000000000000000000000000
000000000000000000000000000000000000000000000000000000000000000000000000000000000000000000000000000011111111111111111111111111111111111111111111111111111111111111111111111111111111111111111111111111111111111111111111111111111111111111111111111111111111111111111111111111111111111111111111111111111111
000000000000000000000000000000000000000000000000000000000000000000000000000000000000000000000000000000000000000000000000000000000000000000000000000000000000000000000000000000000000000000000000000000000000000000000000000000000000000000000000000000000000000000000000000000000000000000000000000000000000
000000000000000000000000000000000000000000000000000000000000000000000000000000000000000000000000000000011111111111111111100011111111111111111110000011111111111111111000001111111111111111000011111111111111111111111111111111111111111111111111111111111111111111111111111111111111111111111111111111111111
000000000000000000000000000000000000000000000000000000000000000000000000000000000000000000000000000011100000000000000000011100000000000000000001111100000110000000000111110000000000000000111100000110000000000000000000000000000000000000000000000000000000000000000000000000000000000000000000000000000000
000000000000000000000000000000000000000000000000000000000000000000000000000000000000000000000000000000001111111111111100000000111111111111000000000001111001111111100000000111111111100000000001111001110001111111111111111000111111111111111100000000001111111111111111100000111111111111111100011111111111
000000000000000000000000000000000000000000000000000000000000000000000000000000000000000000000000000011110000000000000011111111000000000000111111111110000110000000011111111000000000011111111110000110001110000000000000000111000000000000000011111111110000000000000000011111000000000000000011100000000000
000000000000000000000000000000000000000000000000000000000000000000000000000000000000000000000000000000001111111111100000000000011111111100000000000000111001111110000000000011111110000000000000111001110000011111111100000000000011111111100000000000000011111111110000000000011111110000000000000011111111
000000000000000000000000000000000000000000000000000000000000000000000000000000000000000000000000000000110011111000011111111111100111100011111111111111001111100001111110011101110001111111111111001111101111100000000011111111111100000000011111111111111100000000001111111111100000001111111111111100000000
000000000000000000000000000000000000000000000000000000000000000000000000000000000000000000000000000011001100000111100000000000011000011100000000000000110000011110000001100010001110000000000000110000010000011111111100000000000011111111100000000000000011111111110000000000011111110000000000000011111111
000000000000000000000000000000000000000000000000000000000000000000000000000000000000000000000000000000010011111000011111100011100111100011111110000011001111100001111000001101110001111111000011001111101111100000000011111111111100000000011111111111111100000000001111111111100000001111111111111100000000
000000000000000000000000000000000000000000000000000000000000000000000000000000000000000000000000000011101100000111100000011100011000011100000001111100110000011110000111110010001110000000111100110000010000011111111100000000000011111111100000000000000011111111110000000000011111110000000000000011111111
000000000000000000000000000000000000000000000000000000000000000000000000000000000000000000000000000000010011111000011111100011100111100011111110000011001111100001111000001101110001111111000011001111101111100000000011111111111100000000011111111111111100000000001111111111100000001111111111111100000000
000000000000000000000000000000000000000000000000000000000000000000000000000000000000000000000000000000101100000111100000011100011000011100000001111100110000011110000110010010001110000000111100110000010000011111111100000000000011111111100000000000000011111111110000000000011111110000000000000011111111
000000000000000000000000000000000000000000000000000000000000000000000000000000000000000000000000000011000011111000011100000000100111100011000000000001001111100001100001100101110001100000000001001111100001100000000011111000111100000000011100000000001100000000001111100000100000001111111100011100000000
000000000000000000000000000000000000000000000000000000000000000000000000000000000000000000000000000000111100000111100011111111011000011100111111111110110110011110011110011010001110011111111110110110011110011111111100000111000011111111100011111111110011111111110000011111011111110000000011100011111111
000000000000000000000000000000000000000000000000000000000000000000000000000000000000000000000000000011000011111000011100000000100111100011000000000001001001100001100001100101110001100000000001001001100001100000000011111000111100000000011100000000001100000000001111100000100000001111111100011100000000
000000000000000000000000000000000000000000000000000000000000000000000000000000000000000000000000000000011100000111100011100011011000011100111110000010110110011110011000001010001110011111000010110110011110011111111100000111000011111111100011111111110011111111110000011111011111110000000011100011111111
000000000000000000000000000000000000000000000000000000000000000000000000000000000000000000000000000000100011111000011100011100100111100011000001111101001001100001100110010101110001100000111101001001100001100000000011111000111100000000011100000000001100000000001111100000100000001111111100011100000000
000000000000000000000000000000000000000000000000000000000000000000000000000000000000000000000000000011011100000111100011100011011000011100111110000010110110011110011001101010001110011111000010110110011110011111111100000111000011111111100011111111110011111111110000011111011111110000000011100011111111
000000000000000000000000000000000000000000000000000000000000000000000000000000000000000000000000000000100011111000011100011100100111100011000001111101001001100001100110010101110001100000111101001001100001100000000011111000111100000000011100000000001100000000001111100000100000001111111100011100000000
000000000000000000000000000000000000000000000000000000000000000000000000000000000000000000000000000011011100000111100011100011011000011100111110000010110110011110011001101010001110011111000010110110011110011111111100000111000011111111100011111111110011111111110000011111011111110000000011100011111111
000000000000000000000000000000000000000000000000000000000000000000000000000000000000000000000000000000100011111000011100011100100111100011000001111101001001100001100110010101110001100000111101001001100001100000000011111000111100000000011100000000001100000000001111100000100000001111111100011100000000
000000000000000000000000000000000000000000000000000000000000000000000000000000000000000000000000000011011111111111100011100011011111111100111110000010111111111110011001101011111110011111000010111111111110011111111100000111000011111111100011111111110011111111110000011111011111110000000011100011111111
000000000000000000000000000000000000000000000000000000000000000000000000000000000000000000000000000000000100000100000000000000001000010000000000000000010110011000000000000010001100000000000000010110010000001111000000000000000000011110000000000000000000111110000000000000000111000000000000000001111110
000000000000000000000000000000000000000000000000000000000000000000000000000000000000000000000000000000100011111000011100011100100111100011000001111101001001100001100110010101110001100000111101001001100001100000000011111000111100000000011100000000001100000000001111100000100000001111111100011100000000
000000000000000000000000000000000000000000000000000000000000000000000000000000000000000000000000000011011100000111100011100011011000011100111110000010110110011110011001101010001110011111000010110110011110011111111100000111000011111111100011111111110011111111110000011111011111110000000011100011111111
000000000000000000000000000000000000000000000000000000000000000000000000000000000000000000000000000000100011111000011100011100100111100011000001111101001001100001100110010101110001100000111101001001100001100000000011111000111100000000011100000000001100000000001111100000100000001111111100011100000000
000000000000000000000000000000000000000000000000000000000000000000000000000000000000000000000000000011011100000111100011100011011000011100111110000010110110011110011001101010001110011111000010110110011110011111111100000111000011111111100011111111110011111111110000011111011111110000000011100011111111
000000000000000000000000000000000000000000000000000000000000000000000000000000000000000000000000000000100011111000011100011100100111100011000001111101001001100001100110010101110001100000111101001001100001100000000011111000111100000000011100000000001100000000001111100000100000001111111100011100000000
000000000000000000000000000000000000000000000000000000000000000000000000000000000000000000000000000000011100000111100011100011011000011100111110000010110110011110011000001010001110011111000010110110011110011111111100000111000011111111100011111111110011111111110000011111011111110000000011100011111111
000000000000000000000000000000000000000000000000000000000000000000000000000000000000000000000000000011000011111000011100000000100111100011000000000001001001100001100001100101110001100000000001001001100001100000000011111000111100000000011100000000001100000000001111100000100000001111111100011100000000
000000000000000000000000000000000000000000000000000000000000000000000000000000000000000000000000000000111100000111100011111111011000011100111111111110110110011110011110011010001110011111111110110110011110011111111100000111000011111111100011111111110011111111110000011111011111110000000011100011111111
000000000000000000000000000000000000000000000000000000000000000000000000000000000000000000000000000011000011111000011100000000100111100011000000000001001111100001100001100101110001100000000001001111100001100000000011111000111100000000011100000000001100000000001111100000100000001111111100011100000000
000000000000000000000000000000000000000000000000000000000000000000000000000000000000000000000000000000101100000111100000011100011000011100000001111100110000011110000110010010001110000000111100110000010000011111111100000000000011111111100000000000000011111111110000000000011111110000000000000011111111
000000000000000000000000000000000000000000000000000000000000000000000000000000000000000000000000000000010011111000011111100011100111100011111110000011001111100001111000001101110001111111000011001111101111100000000011111111111100000000011111111111111100000000001111111111100000001111111111111100000000
000000000000000000000000000000000000000000000000000000000000000000000000000000000000000000000000000011101100000111100000011100011000011100000001111100110000011110000111110010001110000000111100110000010000011111111100000000000011111111100000000000000011111111110000000000011111110000000000000011111111
000000000000000000000000000000000000000000000000000000000000000000000000000000000000000000000000000000010011111000011111100011100111100011111110000011001111100001111000001101110001111111000011001111101111100000000011111111111100000000011111111111111100000000001111111111100000001111111111111100000000
000000000000000000000000000000000000000000000000000000000000000000000000000000000000000000000000000011001100000111100000000000011000011100000000000000110000011110000001100010001110000000000000110000010000011111111100000000000011111111100000000000000011111111110000000000011111110000000000000011111111
000000000000000000000000000000000000000000000000000000000000000000000000000000000000000000000000000000110011111000011111111111100111100011111111111111001111100001111110011101110001111111111111001111101111100000000011111111111100000000011111111111111100000000001111111111100000001111111111111100000000
000000000000000000000000000000000000000000000000000000000000000000000000000000000000000000000000000000001111111111100000000000011111111100000000000000111001111110000000000011111110000000000000111001110000011111111100000000000011111111100000000000000011111111110000000000011111110000000000000011111111
000000000000000000000000000000000000000000000000000000000000000000000000000000000000000000000000000011110000000000000011111111000000000000111111111110000110000000011111111000000000011111111110000110001110000000000000000111000000000000000011111111110000000000000000011111000000000000000011100000000000
000000000000000000000000000000000000000000000000000000000000000000000000000000000000000000000000000000001111111111111100000000111111111111000000000001111001111111100000000111111111100000000001111001110001111111111111111000111111111111111100000000001111111111111111100000111111111111111100011111111111
000000000000000000000000000000000000000000000000000000000000000000000000000000000000000000000000000011100000000000000000011100000000000000000001111100000110000000000111110000000000000000111100000110000000000000000000000000000000000000000000000000000000000000000000000000000000000000000000000000000000
000000000000000000000000000000000000000000000000000000000000000000000000000000000000000000000000000000011111111111111111100011111111111111111110000011111111111111111000001111111111111111000011111111111111111111111111111111111111111111111111111111111111111111111111111111111111111111111111111111111111
000000000000000000000000000000000000000000000000000000000000000000000000000000000000000000000000000000000000000000000000000000000000000000000000000000000000000000000000000000000000000000000000000000000000000000000000000000000000000000000000000000000000000000000000000000000000000000000000000000000000
000000000000000000000000000000000000000000000000000000000000000000000000000000000000000000000000000011111111111111111111111111111111111111111111111111111111111111111111111111111111111111111111111111111111111111111111111111111111111111111111111111111111111111111111111111111111111111111111111111111111
000000000000000000000000000000000000000000000000000000000000000000000000000000000000000000000000000000000000000000000000000000000000000000000000000000000000000000000000000000000000000000000000000000000000000000000000000000000000000000000000000000000000000000000000000000000000000000000000000000000000
000000000000000000000000000000000000000000000000000000000000000000000000000000000000000000000000000011111111111111111111111111111111111111111111111111111111111111111111111111111111111111111111111111111111111111111111111111111111111111111111111111111111111111111111111111111111111111111111111111111111
000000000000000000000000000000000000000000000000000000000000000000000000000000000000000000000000000000000000000000000000000000000000000000000000000000000000000000000000000000000000000000000000000000000000000000000000000000000000000000000000000000000000000000000000000000000000000000000000000000000000
000000000000000000000000000000000000000000000000000000000000000000000000000000000000000000000000000000000000000000000000000000000000000000000000000000000000000000000000000000000000000000000000000000000000000000000000000000000000000000000000000000000000000000000000000000000000000000000000000000000000
000000000000000000000000000000000000000000000000000000000000000000000000000000000000000000000000000000000000000000000000000000000000000000000000000000000000000000000000000000000000000000000000000000000000000000000000000000000000000000000000000000000000000000000000000000000000000000000000000000000000
000000000000000000000000000000000000000000000000000000000000000000000000000000000000000000000000000000000000000000000000000000000000000000000000000000000000000000000000000000000000000000000000000000000000000000000000000000000000000000000000000000000000000000000000000000000000000000000000000000000000
000000000000000000000000000000000000000000000000000000000000000000000000000000000000000000000000000000000000000000000000000000000000000000000000000000000000000000000000000000000000000000000000000000000000000000000000000000000000000000000000000000000000000000000000000000000000000000000000000000000000
000000000000000000000000000000000000000000000000000000000000000000000000000000000000000000000000000000000000000000000000000000000000000000000000000000000000000000000000000000000000000000000000000000000000000000000000000000000000000000000000000000000000000000000000000000000000000000000000000000000000
000000000000000000000000000000000000000000000000000000000000000000000000000000000000000000000000000000000000000000000000000000000000000000000000000000000000000000000000000000000000000000000000000000000000000000000000000000000000000000000000000000000000000000000000000000000000000000000000000000000000
000000000000000000000000000000000000000000000000000000000000000000000000000000000000000000000000000000000000000000000000000000000000000000000000000000000000000000000000000000000000000000000000000000000000000000000000000000000000000000000000000000000000000000000000000000000000000000000000000000000000
000000000000000000000000000000000000000000000000000000000000000000000000000000000000000000000000000000000000000000000000000000000000000000000000000000000000000000000000000000000000000000000000000000000000000000000000000000000000000000000000000000000000000000000000000000000000000000000000000000000000
000000000000000000000000000000000000000000000000000000000000000000000000000000000000000000000000000000000000000000000000000000000000000000000000000000000000000000000000000000000000000000000000000000000000000000000000000000000000000000000000000000000000000000000000000000000000000000000000000000000000
