000000000000000000000000000000000000000000000000000000000000000000000000000000000000000000000000000000000000000000000000000000000000000000000000000000000000000000000000000000000000000000000000000000000000000000000000000000000000000000000000000000000000000000000000000000000000000000000000000000000000
000000000000000000000000000000000000000000000000000000000000000000000000000000000000000000000000000000000000000000000000000000000000000000000000000000000000000000000000000000000000000000000000000000000000000000000000000000000000000000000000000000000000000000000000000000000000000000000000000000000000
000000000000000000000000000000000000000000000000000000000000000000000000000000000000000000000000000000000000000000000000000000000000000000000000000000000000000000000000000000000000000000000000000000000000000000000000000000000000000000000000000000000000000000000000000000000000000000000000000000000000
000000000000000000000000000000000000000000000000000000000000000000000000000000000000000000000000000000000000000000000000000000000000000000000000000000000000000000000000000000000000000000000000000000000000000000000000000000000000000000000000000000000000000000000000000000000000000000000000000000000000
000000000000000000000000000000000000000000000000000000000000000000000000000000000000000000000000000000000000000000000000000000000000000000000000000000000000000000000000000000000000000000000000000000000000000000000000000000000000000000000000000000000000000000000000000000000000000000000000000000000000
000000000000000000000000000000000000000000000000000000000000000000000000000000000000000000000000000000000000000000000000000000000000000000000000000000000000000000000000000000000000000000000000000000000000000000000000000000000000000000000000000000000000000000000000000000000000000000000000000000000000
000000000000000000000000000000000000000000000000000000000000000000000000000000000000000000000000000000000000000000000000000000000000000000000000000000000000000000000000000000000000000000000000000000000000000000000000000000000000000000000000000000000000000000000000000000000000000000000000000000000000
000000000000000000000000000000000000000000000000000000000000000000000000000000000000000000000000000000000000000000000000000000000000000000000000000000000000000000000000000000000000000000000000000000000000000000000000000000000000000000000000000000000000000000000000000000000000000000000000000000000000
000000000000000000000000000000000000000000000000000000000000000000000000000000000000000000000000000000000000000000000000000000000000000000000000000000000000000000000000000000000000000000000000000000000000000000000000000000000000000000000000000000000000000000000000000000000000000000000000000000000000
000000000000000000000000000000000000000000000000000000000000000000000000000000000000000000000000000000000000000000000000000000000000000000000000000000000000000000000000000000000000000000000000000000000000000000000000000000000000000000000000000000000000000000000000000000000000000000000000000000000000
111111111111111111111111111111111111111111111111111111111111111111111111111111111111111111111111111111111111111111111111111111111111111111111111111111111111111111111111111111111111111111111111111111111111111111111111111111111111111111111111111111111111111111111111111111111111111111111111111111111111
111111111111111111111111111111111111111111111111111111111111111111111111111111111111111111111111111100000000000000000000000000000000000000000000000000000000000000000000000000000000000000000000000000000000000000000000000000000000000000000000000000000000000000000000000000000000000000000000000000000000
111111111111111111111111111111111111111111111111111111111111111111111111111111111111111111111111111111111111111111111111111111111111111111111111111111111111111111111111111111111111111111111111111111111111111111111111111111111111111111111111111111111111111111111111111111111111111111111111111111111111
111111111111111111111111111111111111111111111111111111111111111111111111111111111111111111111111111100000000000000000000000000000000000000000000000000000000000000000000000000000000000000000000000000000000000000000000000000000000000000000000000000000000000000000000000000000000000000000000000000000000
111111111111111111111111111111111111111111111111111111111111111111111111111111111111111111111111111100011111111111100000111111111111111111111111110000000111111111111110000111111111111110001111111111110001111111111110000111111111111111111111111111100000011111111111111000011111111111110001111111111111
111111111111111111111111111111111111111111111111111111111111111111111111111111111111111111111111111111100000000000011111000000000000000000000000001111111000011100000001111000000000000001110000000000001110000000000001111000000000000000000000000000011111100001110000000111100000000000001110000000000000
000000000000000000000000000000000000000000000000000000000000000000000000000000000000000000000000000000001111111110000000111111111111110111111111100000000011100011110000000011111111111000000111111111100001111111111000000011111111111110001111111110000000001110001111000000001111111111000000111111111111
111111111111111111111111111111111111111111111111111111111111111111111111111111111111111111111111111111110000000001111111000000000000001000000000011111111100011100001111111100000000000111111000000000011110000000000111111100000000000001110000000001111111110001110000111111110000000000111111000000000000
111111111111111111111111111111111111111111111111111111111111111111111111111111111111111111111111111100000111111100000000011111111000000001111111000000000001100011000000000001111111100000000011111100000000111111100000000001111111000000000111111100000000000110001100000000000111111100000000011111110000
111111111111111111111111111111111111111111111111111111111111111111111111111111111111111111111111111100111011100011111011100110000111111110011100111111001110111110111111111110111100011111111101100011111111001110011111111110011000111111111001110011111110111011111011111111111011110011111111100110001111
111111111111111111111111111111111111111111111111111111111111111111111111111111111111111111111111111111000100011100000100011001111000000001100011000000110001000001000000000001000011100000000010011100000000110001100000000001100111000000000110001100000001000100000100000000000100001100000000011001110000
111111111111111111111111111111111111111111111111111111111111111111111111111111111111111111111111111100011011100011100000100110000111111110011100110000000110111110111110000110111100011110001101100011110001001110011110000110011000111111111001110011100000011011111011111000011011110011110001100110001111
111111111111111111111111111111111111111111111111111111111111111111111111111111111111111111111111111111100100011100011111011001111000000001100011001111111001000001000001111001000011100001110010011100001110110001100001111001100111000000000110001100011111100100000100000111100100001100001110011001110000
111111111111111111111111111111111111111111111111111111111111111111111111111111111111111111111111111100011011100011100000100110000111111110011100110000000110111110111110000110111100011110001101100011110001001110011110000110011000111111111001110011100000011011111011111000011011110011110001100110001111
111111111111111111111111111111111111111111111111111111111111111111111111111111111111111111111111111100100100011100011011011001111000000001100011001111001001000001000001111001000011100001110010011100001110110001100001111001100111000000000110001100011110100100000100000111100100001100001110011001110000
111111111111111111111111111111111111111111111111111111111111111111111111111111111111111111111111111111001011100010000100100110000111110110011100100000110010111110110000000010111100011000000101100011100001001110011000000010011000111110001001110010000001001011111011000000001011110011000000100110001111
111111111111111111111111111111111111111111111111111111111111111111111111111111111111111111111111111100110100011101111011011001111000001001100011011111001101011101001111111101000011100111111010011100011110110001100111111101100111000001110110001101111110110101110100111111110100001100111111011001110000
111111111111111111111111111111111111111111111111111111111111111111111111111111111111111111111111111111001011100010000100100110000111110110011100100000110010100010110000000010111100011000000101100011100001001110011000000010011000111110001001110010000001001010001011000000001011110011000000100110001111
000000000000000000000000000000000000000000000000000000000000000000000000000000000000000000000000000000010100011101100000011001111000001001100011010000000101011101001110000101000011100110001010011100010000110001100110000101100111000001110110001101100000010101110100111000010100001100110001011001110000
111111111111111111111111111111111111111111111111111111111111111111111111111111111111111111111111111100101011100010011011100110000111110110011100101111001010100010110001111010111100011001110101100011101111001110011001111010011000111110001001110010011110101010001011000111101011110011001110100110001111
111111111111111111111111111111111111111111111111111111111111111111111111111111111111111111111111111111010100011101100100011001111000001001100011010000110101011101001110000101000011100110001010011100010000110001100110000101100111000001110110001101100001010101110100111000010100001100110001011001110000
111111111111111111111111111111111111111111111111111111111111111111111111111111111111111111111111111100101011100010011011100110000111110110011100101111001010100010110001111010111100011001110101100011101111001110011001111010011000111110001001110010011110101010001011000111101011110011001110100110001111
111111111111111111111111111111111111111111111111111111111111111111111111111111111111111111111111111111010100011101100100011001111000001001100011010000110101011101001110000101000011100110001010011100010000110001100110000101100111000001110110001101100001010101110100111000010100001100110001011001110000
111111111111111111111111111111111111111111111111111111111111111111111111111111111111111111111111111100101011100010011011100110000111110110011100101111001010100010110001111010111100011001110101100011101111001110011001111010011000111110001001110010011110101010001011000111101011110011001110100110001111
111111111111111111111111111111111111111111111111111111111111111111111111111111111111111111111111111111010111111101100100011111111000001001111111010000110101111111001110000101111111100110001011111100010000111111100110000101111111000001110111111101100001010111111100111000010111111100110001011111110000
111111111111111111111111111111111111111111111111111111111111111111111111111111111111111111111111111100000100011000000000001001100000000000100010000000000001011100000000000000000010000000000010011000000000010001000000000000100100000000000010001000000000000101110000000000000000001000000000001001100000
111111111111111111111111111111111111111111111111111111111111111111111111111111111111111111111111111100101011100010011011100110000111110110011100101111001010100010110001111010111100011001110101100011101111001110011001111010011000111110001001110010011110101010001011000111101011110011001110100110001111
111111111111111111111111111111111111111111111111111111111111111111111111111111111111111111111111111111010100011101100100011001111000001001100011010000110101011101001110000101000011100110001010011100010000110001100110000101100111000001110110001101100001010101110100111000010100001100110001011001110000
111111111111111111111111111111111111111111111111111111111111111111111111111111111111111111111111111100101011100010011011100110000111110110011100101111001010100010110001111010111100011001110101100011101111001110011001111010011000111110001001110010011110101010001011000111101011110011001110100110001111
111111111111111111111111111111111111111111111111111111111111111111111111111111111111111111111111111111010100011101100100011001111000001001100011010000110101011101001110000101000011100110001010011100010000110001100110000101100111000001110110001101100001010101110100111000010100001100110001011001110000
111111111111111111111111111111111111111111111111111111111111111111111111111111111111111111111111111100101011100010011011100110000111110110011100101111001010100010110001111010111100011001110101100011101111001110011001111010011000111110001001110010011110101010001011000111101011110011001110100110001111
000000000000000000000000000000000000000000000000000000000000000000000000000000000000000000000000000000010100011101100000011001111000001001100011010000000101011101001110000101000011100110001010011100010000110001100110000101100111000001110110001101100000010101110100111000010100001100110001011001110000
111111111111111111111111111111111111111111111111111111111111111111111111111111111111111111111111111111001011100010000100100110000111110110011100100000110010100010110000000010111100011000000101100011100001001110011000000010011000111110001001110010000001001010001011000000001011110011000000100110001111
111111111111111111111111111111111111111111111111111111111111111111111111111111111111111111111111111100110100011101111011011001111000001001100011011111001101011101001111111101000011100111111010011100011110110001100111111101100111000001110110001101111110110101110100111111110100001100111111011001110000
111111111111111111111111111111111111111111111111111111111111111111111111111111111111111111111111111111001011100010000100100110000111110110011100100000110010111110110000000010111100011000000101100011100001001110011000000010011000111110001001110010000001001011111011000000001011110011000000100110001111
111111111111111111111111111111111111111111111111111111111111111111111111111111111111111111111111111100100100011100011011011001111000000001100011001111001001000001000001111001000011100001110010011100001110110001100001111001100111000000000110001100011110100100000100000111100100001100001110011001110000
111111111111111111111111111111111111111111111111111111111111111111111111111111111111111111111111111100011011100011100000100110000111111110011100110000000110111110111110000110111100011110001101100011110001001110011110000110011000111111111001110011100000011011111011111000011011110011110001100110001111
111111111111111111111111111111111111111111111111111111111111111111111111111111111111111111111111111111100100011100011111011001111000000001100011001111111001000001000001111001000011100001110010011100001110110001100001111001100111000000000110001100011111100100000100000111100100001100001110011001110000
111111111111111111111111111111111111111111111111111111111111111111111111111111111111111111111111111100011011100011100000100110000111111110011100110000000110111110111110000110111100011110001101100011110001001110011110000110011000111111111001110011100000011011111011111000011011110011110001100110001111
111111111111111111111111111111111111111111111111111111111111111111111111111111111111111111111111111111000100011100000100011001111000000001100011000000110001000001000000000001000011100000000010011100000000110001100000000001100111000000000110001100000001000100000100000000000100001100000000011001110000
111111111111111111111111111111111111111111111111111111111111111111111111111111111111111111111111111100111011100011111011100110000111111110011100111111001110111110111111111110111100011111111101100011111111001110011111111110011000111111111001110011111110111011111011111111111011110011111111100110001111
111111111111111111111111111111111111111111111111111111111111111111111111111111111111111111111111111100000111111100000000011111111000000001111111000000000001100011000000000001111111100000000011111100000000111111100000000001111111000000000111111100000000000110001100000000000111111100000000011111110000
111111111111111111111111111111111111111111111111111111111111111111111111111111111111111111111111111111110000000001111111000000000000001000000000011111111100011100001111111100000000000111111000000000011110000000000111111100000000000001110000000001111111110001110000111111110000000000111111000000000000
000000000000000000000000000000000000000000000000000000000000000000000000000000000000000000000000000000001111111110000000111111111111110111111111100000000011100011110000000011111111111000000111111111100001111111111000000011111111111110001111111110000000001110001111000000001111111111000000111111111111
111111111111111111111111111111111111111111111111111111111111111111111111111111111111111111111111111111100000000000011111000000000000000000000000001111111000011100000001111000000000000001110000000000001110000000000001111000000000000000000000000000011111100001110000000111100000000000001110000000000000
111111111111111111111111111111111111111111111111111111111111111111111111111111111111111111111111111100011111111111100000111111111111111111111111110000000111111111111110000111111111111110001111111111110001111111111110000111111111111111111111111111100000011111111111111000011111111111110001111111111111
111111111111111111111111111111111111111111111111111111111111111111111111111111111111111111111111111100000000000000000000000000000000000000000000000000000000000000000000000000000000000000000000000000000000000000000000000000000000000000000000000000000000000000000000000000000000000000000000000000000000
111111111111111111111111111111111111111111111111111111111111111111111111111111111111111111111111111111111111111111111111111111111111111111111111111111111111111111111111111111111111111111111111111111111111111111111111111111111111111111111111111111111111111111111111111111111111111111111111111111111111
111111111111111111111111111111111111111111111111111111111111111111111111111111111111111111111111111100000000000000000000000000000000000000000000000000000000000000000000000000000000000000000000000000000000000000000000000000000000000000000000000000000000000000000000000000000000000000000000000000000000
111111111111111111111111111111111111111111111111111111111111111111111111111111111111111111111111111111111111111111111111111111111111111111111111111111111111111111111111111111111111111111111111111111111111111111111111111111111111111111111111111111111111111111111111111111111111111111111111111111111111
000000000000000000000000000000000000000000000000000000000000000000000000000000000000000000000000000000000000000000000000000000000000000000000000000000000000000000000000000000000000000000000000000000000000000000000000000000000000000000000000000000000000000000000000000000000000000000000000000000000000
000000000000000000000000000000000000000000000000000000000000000000000000000000000000000000000000000000000000000000000000000000000000000000000000000000000000000000000000000000000000000000000000000000000000000000000000000000000000000000000000000000000000000000000000000000000000000000000000000000000000
000000000000000000000000000000000000000000000000000000000000000000000000000000000000000000000000000000000000000000000000000000000000000000000000000000000000000000000000000000000000000000000000000000000000000000000000000000000000000000000000000000000000000000000000000000000000000000000000000000000000
000000000000000000000000000000000000000000000000000000000000000000000000000000000000000000000000000000000000000000000000000000000000000000000000000000000000000000000000000000000000000000000000000000000000000000000000000000000000000000000000000000000000000000000000000000000000000000000000000000000000
000000000000000000000000000000000000000000000000000000000000000000000000000000000000000000000000000000000000000000000000000000000000000000000000000000000000000000000000000000000000000000000000000000000000000000000000000000000000000000000000000000000000000000000000000000000000000000000000000000000000
000000000000000000000000000000000000000000000000000000000000000000000000000000000000000000000000000000000000000000000000000000000000000000000000000000000000000000000000000000000000000000000000000000000000000000000000000000000000000000000000000000000000000000000000000000000000000000000000000000000000
000000000000000000000000000000000000000000000000000000000000000000000000000000000000000000000000000000000000000000000000000000000000000000000000000000000000000000000000000000000000000000000000000000000000000000000000000000000000000000000000000000000000000000000000000000000000000000000000000000000000
000000000000000000000000000000000000000000000000000000000000000000000000000000000000000000000000000000000000000000000000000000000000000000000000000000000000000000000000000000000000000000000000000000000000000000000000000000000000000000000000000000000000000000000000000000000000000000000000000000000000
000000000000000000000000000000000000000000000000000000000000000000000000000000000000000000000000000000000000000000000000000000000000000000000000000000000000000000000000000000000000000000000000000000000000000000000000000000000000000000000000000000000000000000000000000000000000000000000000000000000000
000000000000000000000000000000000000000000000000000000000000000000000000000000000000000000000000000000000000000000000000000000000000000000000000000000000000000000000000000000000000000000000000000000000000000000000000000000000000000000000000000000000000000000000000000000000000000000000000000000000000
111111111111111111111111111111111111111111111111111111111111111111111111111111111111111111111111111111111111111111111111111111111111111111111111111111111111111111111111111111111111111111111111111111111111111111111111111111111111111111111111111111111111111111111111111111111111111111111111111111111111
111111111111111111111111111111111111111111111111111111111111111111111111111111111111111111111111111100000000000000000000000000000000000000000000000000000000000000000000000000000000000000000000000000000000000000000000000000000000000000000000000000000000000000000000000000000000000000000000000000000000
111111111111111111111111111111111111111111111111111111111111111111111111111111111111111111111111111111111111111111111111111111111111111111111111111111111111111111111111111111111111111111111111111111111111111111111111111111111111111111111111111111111111111111111111111111111111111111111111111111111111
111111111111111111111111111111111111111111111111111111111111111111111111111111111111111111111111111100000000000000000000000000000000000000000000000000000000000000000000000000000000000000000000000000000000000000000000000000000000000000000000000000000000000000000000000000000000000000000000000000000000
111111111111111111111111111111111111111111111111111111111111111111111111111111111111111111111111111111111111100001111111111110000011111111111111111111111111000000011111111111111000011111111111111000111111111110000111111111111000011111111111111111111111111110000001111111111111100001111111111111000111
111111111111111111111111111111111111111111111111111111111111111111111111111111111111111111111111111100111000011110000000000001111100000000000000000000000000111111100001110000000111100000000000000111000011100001111000000000000111100000000000000000000000000001111110000111000000011110000000000000111000
000000000000000000000000000000000000000000000000000000000000000000000000000000000000000000000000000011000111000000111111111000000011111111111111011111111110000000001110001111000000001111111111100000011100011100000111111111100000001111111111111000111111111000000000111000111100000000111111111100000011
111111111111111111111111111111111111111111111111111111111111111111111111111111111111111111111111111100111000111111000000000111111100000000000000100000000001111111110001110000111111110000000000011111100011100011111000000000011111110000000000000111000000000111111111000111000011111111000000000011111100
111111111111111111111111111111111111111111111111111111111111111111111111111111111111111111111111111111000110000000011111110000000001111111100000000111111100000000000110001100000000000111111110000000001100011000000011111110000000000111111100000000011111110000000000011000110000000000011111110000000001
111111111111111111111111111111111111111111111111111111111111111111111111111111111111111111111111111101111101110011101110001111101110011000011111111001110011111100111011111011111111111011110001111111110111110111111100111001111111111001100011111111100111001111111011101111101111111111101111001111111110
111111111111111111111111111111111111111111111111111111111111111111111111111111111111111111111111111110010010001100010001110000010001100111100000000110001100000011000100000100000000000100001110000000001000001000000011000110000000000110011100000000011000110000000100010000010000000000010000110000000001
111111111111111111111111111111111111111111111111111111111111111111111111111111111111111111111111111101101101100001101110001110000010011000011111111001110011000000011011111011111000011011110001111000110111110110000100111001111000011001100011111111100111001110000001101111101111100001101111001111000110
111111111111111111111111111111111111111111111111111111111111111111111111111111111111111111111111111110010010011110010001110001111101100111100000000110001100111111100100000100000111100100001110000111001000001001111011000110000111100110011100000000011000110001111110010000010000011110010000110000111001
111111111111111111111111111111111111111111111111111111111111111111111111111111111111111111111111111101101101100001101110001110000010011000011111111001110011000000011011111011111000011011110001111000110111110110000100111001111000011001100011111111100111001110000001101111101111100001101111001111000110
111111111111111111111111111111111111111111111111111111111111111111111111111111111111111111111111111110010010010010010001110001101101100111100000000110001100111100100100000100000111100100001110000111001000001001111011000110000111100110011100000000011000110001111010010000010000011110010000110000111001
111111111111111111111111111111111111111111111111111111111111111111111111111111111111111111111111111101101101001100101110001000010010011000011111011001110010000011001011111011000000001011110001100000010111110100000100111001100000001001100011111000100111001000000100101111101100000000101111001100000010
111111111111111111111111111111111111111111111111111111111111111111111111111111111111111111111111111110111010110011010001110111101101100111100000100110001101111100110101110100111111110100001110011111101011101011111011000110011111110110011100000111011000110111111011010111010011111111010000110011111101
111111111111111111111111111111111111111111111111111111111111111111111111111111111111111111111111111101000101001100101110001000010010011000011111011001110010000011001010001011000000001011110001100000010100010100000100111001100000001001100011111000100111001000000100101000101100000000101111001100000010
000000000000000000000000000000000000000000000000000000000000000000000000000000000000000000000000000010111010100001010001110110000001100111100000100110001101000000010101110100111000010100001110011000101011101010000011000110011000010110011100000111011000110110000001010111010011100001010000110011000101
111111111111111111111111111111111111111111111111111111111111111111111111111111111111111111111111111101010101010010101110001001101110011000011111011001110010111100101010001011000111101011110001100111010100010101111100111001100111101001100011111000100111001001111010101000101100011110101111001100111010
111111111111111111111111111111111111111111111111111111111111111111111111111111111111111111111111111110101010101101010001110110010001100111100000100110001101000011010101110100111000010100001110011000101011101010000011000110011000010110011100000111011000110110000101010111010011100001010000110011000101
111111111111111111111111111111111111111111111111111111111111111111111111111111111111111111111111111101010101010010101110001001101110011000011111011001110010111100101010001011000111101011110001100111010100010101111100111001100111101001100011111000100111001001111010101000101100011110101111001100111010
111111111111111111111111111111111111111111111111111111111111111111111111111111111111111111111111111110101010101101010001110110010001100111100000100110001101000011010101110100111000010100001110011000101011101010000011000110011000010110011100000111011000110110000101010111010011100001010000110011000101
111111111111111111111111111111111111111111111111111111111111111111111111111111111111111111111111111101010101010010101110001001101110011000011111011001110010111100101010001011000111101011110001100111010100010101111100111001100111101001100011111000100111001001111010101000101100011110101111001100111010
111111111111111111111111111111111111111111111111111111111111111111111111111111111111111111111111111111111110101101011111110110010001111111100000100111111101000011010111111100111000010111111110011000101111111010000011111110011000010111111100000111011111110110000101011111110011100001011111110011000101
111111111111111111111111111111111111111111111111111111111111111111111111111111111111111111111111111110101010000000010001100000000000100110000000000010001000000000000101110000000000000000001000000000000011101000000001000100000000000010010000000000001000100000000000010111000000000000000000100000000000
111111111111111111111111111111111111111111111111111111111111111111111111111111111111111111111111111101010101010010101110001001101110011000011111011001110010111100101010001011000111101011110001100111010100010101111100111001100111101001100011111000100111001001111010101000101100011110101111001100111010
111111111111111111111111111111111111111111111111111111111111111111111111111111111111111111111111111110101010101101010001110110010001100111100000100110001101000011010101110100111000010100001110011000101011101010000011000110011000010110011100000111011000110110000101010111010011100001010000110011000101
111111111111111111111111111111111111111111111111111111111111111111111111111111111111111111111111111101010101010010101110001001101110011000011111011001110010111100101010001011000111101011110001100111010100010101111100111001100111101001100011111000100111001001111010101000101100011110101111001100111010
111111111111111111111111111111111111111111111111111111111111111111111111111111111111111111111111111110101010101101010001110110010001100111100000100110001101000011010101110100111000010100001110011000101011101010000011000110011000010110011100000111011000110110000101010111010011100001010000110011000101
111111111111111111111111111111111111111111111111111111111111111111111111111111111111111111111111111101010101010010101110001001101110011000011111011001110010111100101010001011000111101011110001100111010100010101111100111001100111101001100011111000100111001001111010101000101100011110101111001100111010
000000000000000000000000000000000000000000000000000000000000000000000000000000000000000000000000000010101010100001010001110110000001100111100000100110001101000000010101110100111000010100001110011000101011101010000011000110011000010110011100000111011000110110000001010111010011100001010000110011000101
111111111111111111111111111111111111111111111111111111111111111111111111111111111111111111111111111101010101001100101110001000010010011000011111011001110010000011001010001011000000001011110001100000010100010100000100111001100000001001100011111000100111001000000100101000101100000000101111001100000010
111111111111111111111111111111111111111111111111111111111111111111111111111111111111111111111111111110111010110011010001110111101101100111100000100110001101111100110101110100111111110100001110011111101011101011111011000110011111110110011100000111011000110111111011010111010011111111010000110011111101
111111111111111111111111111111111111111111111111111111111111111111111111111111111111111111111111111101101101001100101110001000010010011000011111011001110010000011001011111011000000001011110001100000010111110100000100111001100000001001100011111000100111001000000100101111101100000000101111001100000010
111111111111111111111111111111111111111111111111111111111111111111111111111111111111111111111111111110010010010010010001110001101101100111100000000110001100111100100100000100000111100100001110000111001000001001111011000110000111100110011100000000011000110001111010010000010000011110010000110000111001
111111111111111111111111111111111111111111111111111111111111111111111111111111111111111111111111111101101101100001101110001110000010011000011111111001110011000000011011111011111000011011110001111000110111110110000100111001111000011001100011111111100111001110000001101111101111100001101111001111000110
111111111111111111111111111111111111111111111111111111111111111111111111111111111111111111111111111110010010011110010001110001111101100111100000000110001100111111100100000100000111100100001110000111001000001001111011000110000111100110011100000000011000110001111110010000010000011110010000110000111001
111111111111111111111111111111111111111111111111111111111111111111111111111111111111111111111111111101111101100001101110001110000010011000011111111001110011000000011011111011111000011011110001111000110111110110000100111001111000011001100011111111100111001110000001101111101111100001101111001111000110
111111111111111111111111111111111111111111111111111111111111111111111111111111111111111111111111111110000010001100010001110000010001100111100000000110001100000011000100000100000000000100001110000000001000001000000011000110000000000110011100000000011000110000000100010000010000000000010000110000000001
111111111111111111111111111111111111111111111111111111111111111111111111111111111111111111111111111101111101110011101110001111101110011000011111111001110011111100111011111011111111111011110001111111110111110111111100111001111111111001100011111111100111001111111011101111101111111111101111001111111110
111111111111111111111111111111111111111111111111111111111111111111111111111111111111111111111111111111000110000000011111110000000001111111100000000111111100000000000110001100000000000111111110000000001100011000000011111110000000000111111100000000011111110000000000011000110000000000011111110000000001
111111111111111111111111111111111111111111111111111111111111111111111111111111111111111111111111111100111000111111000000000111111100000000000000100000000001111111110001110000111111110000000000011111100011100011111000000000011111110000000000000111000000000111111111000111000011111111000000000011111100
000000000000000000000000000000000000000000000000000000000000000000000000000000000000000000000000000011000111000000111111111000000011111111111111011111111110000000001110001111000000001111111111100000011100011100000111111111100000001111111111111000111111111000000000111000111100000000111111111100000011
111111111111111111111111111111111111111111111111111111111111111111111111111111111111111111111111111100111000011110000000000001111100000000000000000000000000111111100001110000000111100000000000000111000011100001111000000000000111100000000000000000000000000001111110000111000000011110000000000000111000
111111111111111111111111111111111111111111111111111111111111111111111111111111111111111111111111111111101111100001111111111110000011111111111111111111111111000000011111111111111000011111111111111000111111111110000111111111111000011111111111111111111111111110000001111111111111100001111111111111000111
111111111111111111111111111111111111111111111111111111111111111111111111111111111111111111111111111100010000000000000000000000000000000000000000000000000000000000000000000000000000000000000000000000000000000000000000000000000000000000000000000000000000000000000000000000000000000000000000000000000000
111111111111111111111111111111111111111111111111111111111111111111111111111111111111111111111111111111111111111111111111111111111111111111111111111111111111111111111111111111111111111111111111111111111111111111111111111111111111111111111111111111111111111111111111111111111111111111111111111111111111
111111111111111111111111111111111111111111111111111111111111111111111111111111111111111111111111111100000000000000000000000000000000000000000000000000000000000000000000000000000000000000000000000000000000000000000000000000000000000000000000000000000000000000000000000000000000000000000000000000000000
111111111111111111111111111111111111111111111111111111111111111111111111111111111111111111111111111111111111111111111111111111111111111111111111111111111111111111111111111111111111111111111111111111111111111111111111111111111111111111111111111111111111111111111111111111111111111111111111111111111111
000000000000000000000000000000000000000000000000000000000000000000000000000000000000000000000000000000000000000000000000000000000000000000000000000000000000000000000000000000000000000000000000000000000000000000000000000000000000000000000000000000000000000000000000000000000000000000000000000000000000
000000000000000000000000000000000000000000000000000000000000000000000000000000000000000000000000000000000000000000000000000000000000000000000000000000000000000000000000000000000000000000000000000000000000000000000000000000000000000000000000000000000000000000000000000000000000000000000000000000000000
000000000000000000000000000000000000000000000000000000000000000000000000000000000000000000000000000000000000000000000000000000000000000000000000000000000000000000000000000000000000000000000000000000000000000000000000000000000000000000000000000000000000000000000000000000000000000000000000000000000000
000000000000000000000000000000000000000000000000000000000000000000000000000000000000000000000000000000000000000000000000000000000000000000000000000000000000000000000000000000000000000000000000000000000000000000000000000000000000000000000000000000000000000000000000000000000000000000000000000000000000
000000000000000000000000000000000000000000000000000000000000000000000000000000000000000000000000000000000000000000000000000000000000000000000000000000000000000000000000000000000000000000000000000000000000000000000000000000000000000000000000000000000000000000000000000000000000000000000000000000000000
000000000000000000000000000000000000000000000000000000000000000000000000000000000000000000000000000000000000000000000000000000000000000000000000000000000000000000000000000000000000000000000000000000000000000000000000000000000000000000000000000000000000000000000000000000000000000000000000000000000000
000000000000000000000000000000000000000000000000000000000000000000000000000000000000000000000000000000000000000000000000000000000000000000000000000000000000000000000000000000000000000000000000000000000000000000000000000000000000000000000000000000000000000000000000000000000000000000000000000000000000
000000000000000000000000000000000000000000000000000000000000000000000000000000000000000000000000000000000000000000000000000000000000000000000000000000000000000000000000000000000000000000000000000000000000000000000000000000000000000000000000000000000000000000000000000000000000000000000000000000000000
000000000000000000000000000000000000000000000000000000000000000000000000000000000000000000000000000000000000000000000000000000000000000000000000000000000000000000000000000000000000000000000000000000000000000000000000000000000000000000000000000000000000000000000000000000000000000000000000000000000000
000000000000000000000000000000000000000000000000000000000000000000000000000000000000000000000000000000000000000000000000000000000000000000000000000000000000000000000000000000000000000000000000000000000000000000000000000000000000000000000000000000000000000000000000000000000000000000000000000000000000
111111111111111111111111111111111111111111111111111111111111111111111111111111111111111111111111111111111111111111111111111111111111111111111111111111111111111111111111111111111111111111111111111111111111111111111111111111111111111111111111111111111111111111111111111111111111111111111111111111111111
111111111111111111111111111111111111111111111111111111111111111111111111111111111111111111111111111100000000000000000000000000000000000000000000000000000000000000000000000000000000000000000000000000000000000000000000000000000000000000000000000000000000000000000000000000000000000000000000000000000000
111111111111111111111111111111111111111111111111111111111111111111111111111111111111111111111111111111111111111111111111111111111111111111111111111111111111111111111111111111111111111111111111111111111111111111111111111111111111111111111111111111111111111111111111111111111111111111111111111111111111
111111111111111111111111111111111111111111111111111111111111111111111111111111111111111111111111111100000000000000000000000000000000000000000000000000000000000000000000000000000000000000000000000000000000000000000000000000000000000000000000000000000000000000000000000000000000000000000000000000000000
111111111111111111111111111111111111111111111111111111111111111111111111111111111111111111111111111110000000111111111110000111111111111000001111111111111111111111111100000001111111111111100001111111111000000001111111111000011111111111100001111111111111111111111111111000000111111111111110000111111111
111111111111111111111111111111111111111111111111111111111111111111111111111111111111111111111111111101111111000011100001111000000000000111110000000000000000000000000011111110000111000000011110000000000111111110001110000111100000000000011110000000000000000000000000000111111000011100000001111000000000
000000000000000000000000000000000000000000000000000000000000000000000000000000000000000000000000000000000000011100011100000011111111100000001111111111111101111111111000000000111000111100000000111111110000000001110001110000011111111110000000111111111111100011111111100000000011100011110000000011111111
111111111111111111111111111111111111111111111111111111111111111111111111111111111111111111111111111111111111100011100011111100000000011111110000000000000010000000000111111111000111000011111111000000001111111110001110001111100000000001111111000000000000011100000000011111111100011100001111111100000000
111111111111111111111111111111111111111111111111111111111111111111111111111111111111111111111111111100000000001100011000000001111111000000000111111110000000011111110000000000011000110000000000011111110000000000110001100000001111111000000000011111110000000001111111000000000001100011000000000001111111
111111111111111111111111111111111111111111111111111111111111111111111111111111111111111111111111111111111111110111110111001110111000111110111001100001111111100111001111110011101111101111111111101111001111111111011111011111110011100111111111100110001111111110011100111111101110111110111111111110111100
111111111111111111111111111111111111111111111111111111111111111111111111111111111111111111111111111100000000001001001000110001000111000001000110011110000000011000110000001100010000010000000000010000110000000000100000100000001100011000000000011001110000000001100011000000010001000001000000000001000011
111111111111111111111111111111111111111111111111111111111111111111111111111111111111111111111111111110000000110110110110000110111000111000001001100001111111100111001100000001101111101111100001101111001000000001011111011000010011100111100001100110001111111110011100111000000110111110111110000110111100
111111111111111111111111111111111111111111111111111111111111111111111111111111111111111111111111111101111111001001001001111001000111000111110110011110000000011000110011111110010000010000011110010000110111111110100000100111101100011000011110011001110000000001100011000111111001000001000001111001000011
111111111111111111111111111111111111111111111111111111111111111111111111111111111111111111111111111110000000110110110110000110111000111000001001100001111111100111001100000001101111101111100001101111001000000001011111011000010011100111100001100110001111111110011100111000000110111110111110000110111100
111111111111111111111111111111111111111111111111111111111111111111111111111111111111111111111111111101111111001001001001001001000111000110110110011110000000011000110011110010010000010000011110010000110111111110100000100111101100011000011110011001110000000001100011000111101001000001000001111001000011
111111111111111111111111111111111111111111111111111111111111111111111111111111111111111111111111111100000000010110110100110010111000100001001001100001111101100111001000001100101111101100000000101111000000000001011111010000010011100110000000100110001111100010011100100000010010111110110000000010111100
111111111111111111111111111111111111111111111111111111111111111111111111111111111111111111111111111111111111101011101011001101000111011110110110011110000010011000110111110011010111010011111111010000111111111110101110101111101100011001111111011001110000011101100011011111101101011101001111111101000011
111111111111111111111111111111111111111111111111111111111111111111111111111111111111111111111111111100000000010100010100110010111000100001001001100001111101100111001000001100101000101100000000101111000000000001010001010000010011100110000000100110001111100010011100100000010010100010110000000010111100
000000000000000000000000000000000000000000000000000000000000000000000000000000000000000000000000000010000000101011101010000101000111011000000110011110000010011000110100000001010111010011100001010000111000000000101110101000001100011001100001011001110000011101100011011000000101011101001110000101000011
111111111111111111111111111111111111111111111111111111111111111111111111111111111111111111111111111101111111010101010101001010111000100110111001100001111101100111001011110010101000101100011110101111000111111111010001010111110011100110011110100110001111100010011100100111101010100010110001111010111100
111111111111111111111111111111111111111111111111111111111111111111111111111111111111111111111111111110000000101010101010110101000111011001000110011110000010011000110100001101010111010011100001010000111000000000101110101000001100011001100001011001110000011101100011011000010101011101001110000101000011
111111111111111111111111111111111111111111111111111111111111111111111111111111111111111111111111111101111111010101010101001010111000100110111001100001111101100111001011110010101000101100011110101111000111111111010001010111110011100110011110100110001111100010011100100111101010100010110001111010111100
111111111111111111111111111111111111111111111111111111111111111111111111111111111111111111111111111110000000101010101010110101000111011001000110011110000010011000110100001101010111010011100001010000111000000000101110101000001100011001100001011001110000011101100011011000010101011101001110000101000011
111111111111111111111111111111111111111111111111111111111111111111111111111111111111111111111111111101111111010101010101001010111000100110111001100001111101100111001011110010101000101100011110101111000111111111010001010111110011100110011110100110001111100010011100100111101010100010110001111010111100
111111111111111111111111111111111111111111111111111111111111111111111111111111111111111111111111111110000000101111111010110101111111011001000111111110000010011111110100001101011111110011100001011111111000000000111111101000001111111001100001011111110000011101111111011000010101111111001110000101111111
111111111111111111111111111111111111111111111111111111111111111111111111111111111111111111111111111100000000001010101000000001000110000000000010011000000000001000100000000000010111000000000000000000100000000000001110100000000100010000000000001001000000000000100010000000000001011100000000000000000010
111111111111111111111111111111111111111111111111111111111111111111111111111111111111111111111111111101111111010101010101001010111000100110111001100001111101100111001011110010101000101100011110101111000111111111010001010111110011100110011110100110001111100010011100100111101010100010110001111010111100
111111111111111111111111111111111111111111111111111111111111111111111111111111111111111111111111111110000000101010101010110101000111011001000110011110000010011000110100001101010111010011100001010000111000000000101110101000001100011001100001011001110000011101100011011000010101011101001110000101000011
111111111111111111111111111111111111111111111111111111111111111111111111111111111111111111111111111101111111010101010101001010111000100110111001100001111101100111001011110010101000101100011110101111000111111111010001010111110011100110011110100110001111100010011100100111101010100010110001111010111100
111111111111111111111111111111111111111111111111111111111111111111111111111111111111111111111111111110000000101010101010110101000111011001000110011110000010011000110100001101010111010011100001010000111000000000101110101000001100011001100001011001110000011101100011011000010101011101001110000101000011
111111111111111111111111111111111111111111111111111111111111111111111111111111111111111111111111111101111111010101010101001010111000100110111001100001111101100111001011110010101000101100011110101111000111111111010001010111110011100110011110100110001111100010011100100111101010100010110001111010111100
000000000000000000000000000000000000000000000000000000000000000000000000000000000000000000000000000010000000101010101010000101000111011000000110011110000010011000110100000001010111010011100001010000111000000000101110101000001100011001100001011001110000011101100011011000000101011101001110000101000011
111111111111111111111111111111111111111111111111111111111111111111111111111111111111111111111111111100000000010101010100110010111000100001001001100001111101100111001000001100101000101100000000101111000000000001010001010000010011100110000000100110001111100010011100100000010010100010110000000010111100
111111111111111111111111111111111111111111111111111111111111111111111111111111111111111111111111111111111111101011101011001101000111011110110110011110000010011000110111110011010111010011111111010000111111111110101110101111101100011001111111011001110000011101100011011111101101011101001111111101000011
111111111111111111111111111111111111111111111111111111111111111111111111111111111111111111111111111100000000010110110100110010111000100001001001100001111101100111001000001100101111101100000000101111000000000001011111010000010011100110000000100110001111100010011100100000010010111110110000000010111100
111111111111111111111111111111111111111111111111111111111111111111111111111111111111111111111111111101111111001001001001001001000111000110110110011110000000011000110011110010010000010000011110010000110111111110100000100111101100011000011110011001110000000001100011000111101001000001000001111001000011
111111111111111111111111111111111111111111111111111111111111111111111111111111111111111111111111111110000000110110110110000110111000111000001001100001111111100111001100000001101111101111100001101111001000000001011111011000010011100111100001100110001111111110011100111000000110111110111110000110111100
111111111111111111111111111111111111111111111111111111111111111111111111111111111111111111111111111101111111001001001001111001000111000111110110011110000000011000110011111110010000010000011110010000110111111110100000100111101100011000011110011001110000000001100011000111111001000001000001111001000011
111111111111111111111111111111111111111111111111111111111111111111111111111111111111111111111111111110000000110111110110000110111000111000001001100001111111100111001100000001101111101111100001101111001000000001011111011000010011100111100001100110001111111110011100111000000110111110111110000110111100
111111111111111111111111111111111111111111111111111111111111111111111111111111111111111111111111111100000000001000001000110001000111000001000110011110000000011000110000001100010000010000000000010000110000000000100000100000001100011000000000011001110000000001100011000000010001000001000000000001000011
111111111111111111111111111111111111111111111111111111111111111111111111111111111111111111111111111111111111110111110111001110111000111110111001100001111111100111001111110011101111101111111111101111001111111111011111011111110011100111111111100110001111111110011100111111101110111110111111111110111100
111111111111111111111111111111111111111111111111111111111111111111111111111111111111111111111111111100000000001100011000000001111111000000000111111110000000011111110000000000011000110000000000011111110000000000110001100000001111111000000000011111110000000001111111000000000001100011000000000001111111
111111111111111111111111111111111111111111111111111111111111111111111111111111111111111111111111111111111111100011100011111100000000011111110000000000000010000000000111111111000111000011111111000000001111111110001110001111100000000001111111000000000000011100000000011111111100011100001111111100000000
000000000000000000000000000000000000000000000000000000000000000000000000000000000000000000000000000000000000011100011100000011111111100000001111111111111101111111111000000000111000111100000000111111110000000001110001110000011111111110000000111111111111100011111111100000000011100011110000000011111111
111111111111111111111111111111111111111111111111111111111111111111111111111111111111111111111111111101111111000011100001111000000000000111110000000000000000000000000011111110000111000000011110000000000111111110001110000111100000000000011110000000000000000000000000000111111000011100000001111000000000
111111111111111111111111111111111111111111111111111111111111111111111111111111111111111111111111111110000000111110111110000111111111111000001111111111111111111111111100000001111111111111100001111111111000000001111111111000011111111111100001111111111111111111111111111000000111111111111110000111111111
111111111111111111111111111111111111111111111111111111111111111111111111111111111111111111111111111100000000000001000000000000000000000000000000000000000000000000000000000000000000000000000000000000000000000000000000000000000000000000000000000000000000000000000000000000000000000000000000000000000000
111111111111111111111111111111111111111111111111111111111111111111111111111111111111111111111111111111111111111111111111111111111111111111111111111111111111111111111111111111111111111111111111111111111111111111111111111111111111111111111111111111111111111111111111111111111111111111111111111111111111
111111111111111111111111111111111111111111111111111111111111111111111111111111111111111111111111111100000000000000000000000000000000000000000000000000000000000000000000000000000000000000000000000000000000000000000000000000000000000000000000000000000000000000000000000000000000000000000000000000000000
111111111111111111111111111111111111111111111111111111111111111111111111111111111111111111111111111111111111111111111111111111111111111111111111111111111111111111111111111111111111111111111111111111111111111111111111111111111111111111111111111111111111111111111111111111111111111111111111111111111111
000000000000000000000000000000000000000000000000000000000000000000000000000000000000000000000000000000000000000000000000000000000000000000000000000000000000000000000000000000000000000000000000000000000000000000000000000000000000000000000000000000000000000000000000000000000000000000000000000000000000
000000000000000000000000000000000000000000000000000000000000000000000000000000000000000000000000000000000000000000000000000000000000000000000000000000000000000000000000000000000000000000000000000000000000000000000000000000000000000000000000000000000000000000000000000000000000000000000000000000000000
000000000000000000000000000000000000000000000000000000000000000000000000000000000000000000000000000000000000000000000000000000000000000000000000000000000000000000000000000000000000000000000000000000000000000000000000000000000000000000000000000000000000000000000000000000000000000000000000000000000000
000000000000000000000000000000000000000000000000000000000000000000000000000000000000000000000000000000000000000000000000000000000000000000000000000000000000000000000000000000000000000000000000000000000000000000000000000000000000000000000000000000000000000000000000000000000000000000000000000000000000
000000000000000000000000000000000000000000000000000000000000000000000000000000000000000000000000000000000000000000000000000000000000000000000000000000000000000000000000000000000000000000000000000000000000000000000000000000000000000000000000000000000000000000000000000000000000000000000000000000000000
000000000000000000000000000000000000000000000000000000000000000000000000000000000000000000000000000000000000000000000000000000000000000000000000000000000000000000000000000000000000000000000000000000000000000000000000000000000000000000000000000000000000000000000000000000000000000000000000000000000000
000000000000000000000000000000000000000000000000000000000000000000000000000000000000000000000000000000000000000000000000000000000000000000000000000000000000000000000000000000000000000000000000000000000000000000000000000000000000000000000000000000000000000000000000000000000000000000000000000000000000
000000000000000000000000000000000000000000000000000000000000000000000000000000000000000000000000000000000000000000000000000000000000000000000000000000000000000000000000000000000000000000000000000000000000000000000000000000000000000000000000000000000000000000000000000000000000000000000000000000000000
000000000000000000000000000000000000000000000000000000000000000000000000000000000000000000000000000000000000000000000000000000000000000000000000000000000000000000000000000000000000000000000000000000000000000000000000000000000000000000000000000000000000000000000000000000000000000000000000000000000000
000000000000000000000000000000000000000000000000000000000000000000000000000000000000000000000000000000000000000000000000000000000000000000000000000000000000000000000000000000000000000000000000000000000000000000000000000000000000000000000000000000000000000000000000000000000000000000000000000000000000
111111111111111111111111111111111111111111111111111111111111111111111111111111111111111111111111111111111111111111111111111111111111111111111111111111111111111111111111111111111111111111111111111111111111111111111111111111111111111111111111111111111111111111111111111111111111111111111111111111111111
111111111111111111111111111111111111111111111111111111111111111111111111111111111111111111111111111100000000000000000000000000000000000000000000000000000000000000000000000000000000000000000000000000000000000000000000000000000000000000000000000000000000000000000000000000000000000000000000000000000000
111111111111111111111111111111111111111111111111111111111111111111111111111111111111111111111111111111111111111111111111111111111111111111111111111111111111111111111111111111111111111111111111111111111111111111111111111111111111111111111111111111111111111111111111111111111111111111111111111111111111
111111111111111111111111111111111111111111111111111111111111111111111111111111111111111111111111111100000000000000000000000000000000000000000000000000000000000000000000000000000000000000000000000000000000000000000000000000000000000000000000000000000000000000000000000000000000000000000000000000000000
111111111111111111111111111111111111111111111111111111111111111111111111111111111111111111111111111101111111111000000011111111111000011111111111100000111111111111111111111111110000000111111111111110001111111111100000000111111111100001111111111110000111111111111111111111111111100000011111111111111000
111111111111111111111111111111111111111111111111111111111111111111111111111111111111111111111111111110000000000111111100001110000111100000000000011111000000000000000000000000001111111000011100000001110000000000011111111000111000011110000000000001111000000000000000000000000000011111100001110000000111
000000000000000000000000000000000000000000000000000000000000000000000000000000000000000000000000000000111111110000000001110001110000001111111110000000111111111111110111111111100000000011100011110000000011111111000000000111000111000001111111111000000011111111111110001111111110000000001110001111000000
111111111111111111111111111111111111111111111111111111111111111111111111111111111111111111111111111111000000001111111110001110001111110000000001111111000000000000001000000000011111111100011100001111111100000000111111111000111000111110000000000111111100000000000001110000000001111111110001110000111111
111111111111111111111111111111111111111111111111111111111111111111111111111111111111111111111111111100011111100000000000110001100000000111111100000000011111111000000001111111000000000001100011000000000001111110000000000011000110000000111111100000000001111111000000000111111100000000000110001100000000
111111111111111111111111111111111111111111111111111111111111111111111111111111111111111111111111111111101110011111111111011111011100111011100011111011100110000111111110011100111111001110111110111111111110111001111111111101111101111111001110011111111110011000111111111001110011111110111011111011111111
111111111111111111111111111111111111111111111111111111111111111111111111111111111111111111111111111100010001100000000000100100100011000100011100000100011001111000000001100011000000110001000001000000000001000110000000000010000010000000110001100000000001100111000000000110001100000001000100000100000000
111111111111111111111111111111111111111111111111111111111111111111111111111111111111111111111111111101101110011000000011011011011000011011100011100000100110000111111110011100110000000110111110111110001110111001100000000101111101100001001110011110000110011000111111111001110011100000011011111011111000
111111111111111111111111111111111111111111111111111111111111111111111111111111111111111111111111111110010001100111111100100100100111100100011100011111011001111000000001100011001111111001000001000001110001000110011111111010000010011110110001100001111001100111000000000110001100011111100100000100000111
111111111111111111111111111111111111111111111111111111111111111111111111111111111111111111111111111101101110011000000011011011011000011011100011100000100110000111111110011100110000000110111110111110001110111001100000000101111101100001001110011110000110011000111111111001110011100000011011111011111000
111111111111111111111111111111111111111111111111111111111111111111111111111111111111111111111111111110010001100111111100100100100100100100011100011011011001111000000001100011001111001001000001000001110001000110011111111010000010011110110001100001111001100111000000000110001100011110100100000100000111
111111111111111111111111111111111111111111111111111111111111111111111111111111111111111111111111111100101110010000000001011011010011001011100010000100100110000111110110011100100000110010111110110000000010111001000000000101111101000001001110011000000010011000111110001001110010000001001011111011000000
111111111111111111111111111111111111111111111111111111111111111111111111111111111111111111111111111111010001101111111110101110101100110100011101111011011001111000001001100011011111001101011101001111111101000110111111111010111010111110110001100111111101100111000001110110001101111110110101110100111111
111111111111111111111111111111111111111111111111111111111111111111111111111111111111111111111111111100101110010000000001010001010011001011100010000100100110000111110110011100100000110010100010110000000010111001000000000101000101000001001110011000000010011000111110001001110010000001001010001011000000
000000000000000000000000000000000000000000000000000000000000000000000000000000000000000000000000000001010001101000000010101110101000010100011101100000011001111000001001100011010000000101011101001110001101000110100000000010111010100000110001100110000101100111000001110110001101100000010101110100111000
111111111111111111111111111111111111111111111111111111111111111111111111111111111111111111111111111110101110010111111101010101010100101011100010011011100110000111110110011100101111001010100010110001110010111001011111111101000101011111001110011001111010011000111110001001110010011110101010001011000111
111111111111111111111111111111111111111111111111111111111111111111111111111111111111111111111111111101010001101000000010101010101011010100011101100100011001111000001001100011010000110101011101001110001101000110100000000010111010100000110001100110000101100111000001110110001101100001010101110100111000
111111111111111111111111111111111111111111111111111111111111111111111111111111111111111111111111111110101110010111111101010101010100101011100010011011100110000111110110011100101111001010100010110001110010111001011111111101000101011111001110011001111010011000111110001001110010011110101010001011000111
111111111111111111111111111111111111111111111111111111111111111111111111111111111111111111111111111101010001101000000010101010101011010100011101100100011001111000001001100011010000110101011101001110001101000110100000000010111010100000110001100110000101100111000001110110001101100001010101110100111000
111111111111111111111111111111111111111111111111111111111111111111111111111111111111111111111111111110101110010111111101010101010100101011100010011011100110000111110110011100101111001010100010110001110010111001011111111101000101011111001110011001111010011000111110001001110010011110101010001011000111
111111111111111111111111111111111111111111111111111111111111111111111111111111111111111111111111111101011111101000000010111111101011010111111101100100011111111000001001111111010000110101111111001110001101111110100000000011111110100000111111100110000101111111000001110111111101100001010111111100111000
111111111111111111111111111111111111111111111111111111111111111111111111111111111111111111111111111100000001000000000000101010100000000100011000000000001001100000000000100010000000000001011100000000000001000100000000000000111010000000010001000000000000100100000000000010001000000000000101110000000000
111111111111111111111111111111111111111111111111111111111111111111111111111111111111111111111111111110101110010111111101010101010100101011100010011011100110000111110110011100101111001010100010110001110010111001011111111101000101011111001110011001111010011000111110001001110010011110101010001011000111
111111111111111111111111111111111111111111111111111111111111111111111111111111111111111111111111111101010001101000000010101010101011010100011101100100011001111000001001100011010000110101011101001110001101000110100000000010111010100000110001100110000101100111000001110110001101100001010101110100111000
111111111111111111111111111111111111111111111111111111111111111111111111111111111111111111111111111110101110010111111101010101010100101011100010011011100110000111110110011100101111001010100010110001110010111001011111111101000101011111001110011001111010011000111110001001110010011110101010001011000111
111111111111111111111111111111111111111111111111111111111111111111111111111111111111111111111111111101010001101000000010101010101011010100011101100100011001111000001001100011010000110101011101001110001101000110100000000010111010100000110001100110000101100111000001110110001101100001010101110100111000
111111111111111111111111111111111111111111111111111111111111111111111111111111111111111111111111111110101110010111111101010101010100101011100010011011100110000111110110011100101111001010100010110001110010111001011111111101000101011111001110011001111010011000111110001001110010011110101010001011000111
000000000000000000000000000000000000000000000000000000000000000000000000000000000000000000000000000001010001101000000010101010101000010100011101100000011001111000001001100011010000000101011101001110001101000110100000000010111010100000110001100110000101100111000001110110001101100000010101110100111000
111111111111111111111111111111111111111111111111111111111111111111111111111111111111111111111111111100101110010000000001010101010011001011100010000100100110000111110110011100100000110010100010110000000010111001000000000101000101000001001110011000000010011000111110001001110010000001001010001011000000
111111111111111111111111111111111111111111111111111111111111111111111111111111111111111111111111111111010001101111111110101110101100110100011101111011011001111000001001100011011111001101011101001111111101000110111111111010111010111110110001100111111101100111000001110110001101111110110101110100111111
111111111111111111111111111111111111111111111111111111111111111111111111111111111111111111111111111100101110010000000001011011010011001011100010000100100110000111110110011100100000110010111110110000000010111001000000000101111101000001001110011000000010011000111110001001110010000001001011111011000000
111111111111111111111111111111111111111111111111111111111111111111111111111111111111111111111111111110010001100111111100100100100100100100011100011011011001111000000001100011001111001001000001000001110001000110011111111010000010011110110001100001111001100111000000000110001100011110100100000100000111
111111111111111111111111111111111111111111111111111111111111111111111111111111111111111111111111111101101110011000000011011011011000011011100011100000100110000111111110011100110000000110111110111110001110111001100000000101111101100001001110011110000110011000111111111001110011100000011011111011111000
111111111111111111111111111111111111111111111111111111111111111111111111111111111111111111111111111110010001100111111100100100100111100100011100011111011001111000000001100011001111111001000001000001110001000110011111111010000010011110110001100001111001100111000000000110001100011111100100000100000111
111111111111111111111111111111111111111111111111111111111111111111111111111111111111111111111111111101101110011000000011011111011000011011100011100000100110000111111110011100110000000110111110111110001110111001100000000101111101100001001110011110000110011000111111111001110011100000011011111011111000
111111111111111111111111111111111111111111111111111111111111111111111111111111111111111111111111111100010001100000000000100000100011000100011100000100011001111000000001100011000000110001000001000000000001000110000000000010000010000000110001100000000001100111000000000110001100000001000100000100000000
111111111111111111111111111111111111111111111111111111111111111111111111111111111111111111111111111111101110011111111111011111011100111011100011111011100110000111111110011100111111001110111110111111111110111001111111111101111101111111001110011111111110011000111111111001110011111110111011111011111111
111111111111111111111111111111111111111111111111111111111111111111111111111111111111111111111111111100011111100000000000110001100000000111111100000000011111111000000001111111000000000001100011000000000001111110000000000011000110000000111111100000000001111111000000000111111100000000000110001100000000
111111111111111111111111111111111111111111111111111111111111111111111111111111111111111111111111111111000000001111111110001110001111110000000001111111000000000000001000000000011111111100011100001111111100000000111111111000111000111110000000000111111100000000000001110000000001111111110001110000111111
000000000000000000000000000000000000000000000000000000000000000000000000000000000000000000000000000000111111110000000001110001110000001111111110000000111111111111110111111111100000000011100011110000000011111111000000000111000111000001111111111000000011111111111110001111111110000000001110001111000000
111111111111111111111111111111111111111111111111111111111111111111111111111111111111111111111111111110000000000111111100001110000111100000000000011111000000000000000000000000001111111000011100000001110000000000011111111000111000011110000000000001111000000000000000000000000000011111100001110000000111
111111111111111111111111111111111111111111111111111111111111111111111111111111111111111111111111111101111111111000000011111011111000011111111111100000111111111111111111111111110000000111111111111110001111111111100000000111111111100001111111111110000111111111111111111111111111100000011111111111111000
111111111111111111111111111111111111111111111111111111111111111111111111111111111111111111111111111100000000000000000000000100000000000000000000000000000000000000000000000000000000000000000000000000000000000000000000000000000000000000000000000000000000000000000000000000000000000000000000000000000000
111111111111111111111111111111111111111111111111111111111111111111111111111111111111111111111111111111111111111111111111111111111111111111111111111111111111111111111111111111111111111111111111111111111111111111111111111111111111111111111111111111111111111111111111111111111111111111111111111111111111
111111111111111111111111111111111111111111111111111111111111111111111111111111111111111111111111111100000000000000000000000000000000000000000000000000000000000000000000000000000000000000000000000000000000000000000000000000000000000000000000000000000000000000000000000000000000000000000000000000000000
111111111111111111111111111111111111111111111111111111111111111111111111111111111111111111111111111111111111111111111111111111111111111111111111111111111111111111111111111111111111111111111111111111111111111111111111111111111111111111111111111111111111111111111111111111111111111111111111111111111111
000000000000000000000000000000000000000000000000000000000000000000000000000000000000000000000000000000000000000000000000000000000000000000000000000000000000000000000000000000000000000000000000000000000000000000000000000000000000000000000000000000000000000000000000000000000000000000000000000000000000
000000000000000000000000000000000000000000000000000000000000000000000000000000000000000000000000000000000000000000000000000000000000000000000000000000000000000000000000000000000000000000000000000000000000000000000000000000000000000000000000000000000000000000000000000000000000000000000000000000000000
000000000000000000000000000000000000000000000000000000000000000000000000000000000000000000000000000000000000000000000000000000000000000000000000000000000000000000000000000000000000000000000000000000000000000000000000000000000000000000000000000000000000000000000000000000000000000000000000000000000000
000000000000000000000000000000000000000000000000000000000000000000000000000000000000000000000000000000000000000000000000000000000000000000000000000000000000000000000000000000000000000000000000000000000000000000000000000000000000000000000000000000000000000000000000000000000000000000000000000000000000
000000000000000000000000000000000000000000000000000000000000000000000000000000000000000000000000000000000000000000000000000000000000000000000000000000000000000000000000000000000000000000000000000000000000000000000000000000000000000000000000000000000000000000000000000000000000000000000000000000000000
000000000000000000000000000000000000000000000000000000000000000000000000000000000000000000000000000000000000000000000000000000000000000000000000000000000000000000000000000000000000000000000000000000000000000000000000000000000000000000000000000000000000000000000000000000000000000000000000000000000000
000000000000000000000000000000000000000000000000000000000000000000000000000000000000000000000000000000000000000000000000000000000000000000000000000000000000000000000000000000000000000000000000000000000000000000000000000000000000000000000000000000000000000000000000000000000000000000000000000000000000
000000000000000000000000000000000000000000000000000000000000000000000000000000000000000000000000000000000000000000000000000000000000000000000000000000000000000000000000000000000000000000000000000000000000000000000000000000000000000000000000000000000000000000000000000000000000000000000000000000000000
000000000000000000000000000000000000000000000000000000000000000000000000000000000000000000000000000000000000000000000000000000000000000000000000000000000000000000000000000000000000000000000000000000000000000000000000000000000000000000000000000000000000000000000000000000000000000000000000000000000000
000000000000000000000000000000000000000000000000000000000000000000000000000000000000000000000000000000000000000000000000000000000000000000000000000000000000000000000000000000000000000000000000000000000000000000000000000000000000000000000000000000000000000000000000000000000000000000000000000000000000
111111111111111111111111111111111111111111111111111111111111111111111111111111111111111111111111111111111111111111111111111111111111111111111111111111111111111111111111111111111111111111111111111111111111111111111111111111111111111111111111111111111111111111111111111111111111111111111111111111111111
111111111111111111111111111111111111111111111111111111111111111111111111111111111111111111111111111100000000000000000000000000000000000000000000000000000000000000000000000000000000000000000000000000000000000000000000000000000000000000000000000000000000000000000000000000000000000000000000000000000000
111111111111111111111111111111111111111111111111111111111111111111111111111111111111111111111111111111111111111111111111111111111111111111111111111111111111111111111111111111111111111111111111111111111111111111111111111111111111111111111111111111111111111111111111111111111111111111111111111111111111
111111111111111111111111111111111111111111111111111111111111111111111111111111111111111111111111111100000000000000000000000000000000000000000000000000000000000000000000000000000000000000000000000000000000000000000000000000000000000000000000000000000000000000000000000000000000000000000000000000000000
111111111111111111111111111111111111111111111111111111111111111111111111111111111111111111111111111111111111100111111111100000001111111111100001111111111110000011111111111111111111111111000000011111111111111111111111111110000000011111111110000111111111111000011111111111111111111111111110000001111111
111111111111111111111111111111111111111111111111111111111111111111111111111111111111111111111111111100000000011000000000011111110000111000011110000000000001111100000000000000000000000000111111100001110000000000000000000001111111100011100001111000000000000111100000000000000000000000000001111110000111
000000000000000000000000000000000000000000000000000000000000000000000000000000000000000000000000000011111110000011111111000000000111000111000000111111111000000011111111111111011111111110000000001110001111111000001111111100000000011100011100000111111111100000001111111111111000111111111000000000111000
111111111111111111111111111111111111111111111111111111111111111111111111111111111111111111111111111100000001111100000000111111111000111000111111000000000111111100000000000000100000000001111111110001110000000111110000000011111111100011100011111000000000011111110000000000000111000000000111111111000111
111111111111111111111111111111111111111111111111111111111111111111111111111111111111111111111111111111111000000001111110000000000011000110000000011111110000000001111111100000000111111100000000000110001111100000000111111000000000001100011000000011111110000000000111111100000000011111110000000000011000
111111111111111111111111111111111111111111111111111111111111111111111111111111111111111111111111111111000111111110111001111111111101111101110011101110001111101110011000011111111001110011111100111011111100011111111011100111111111110111110111111100111001111111111001100011111111100111001111111011101111
111111111111111111111111111111111111111111111111111111111111111111111111111111111111111111111111111100111000000001000110000000000010010010001100010001110000010001100111100000000110001100000011000100000011100000000100011000000000001000001000000011000110000000000110011100000000011000110000000100010000
111111111111111111111111111111111111111111111111111111111111111111111111111111111111111111111111111111000111100110111001100000001101101101100001101110001110000010011000011111111001110011000000011011111100011111111011100110000000010111110110000100111001111000011001100011111111100111001110000001101111
111111111111111111111111111111111111111111111111111111111111111111111111111111111111111111111111111100111000011001000110011111110010010010011110010001110001111101100111100000000110001100111111100100000011100000000100011001111111101000001001111011000110000111100110011100000000011000110001111110010000
111111111111111111111111111111111111111111111111111111111111111111111111111111111111111111111111111111000111100110111001100000001101101101100001101110001110000010011000011111111001110011000000011011111100011111111011100110000000010111110110000100111001111000011001100011111111100111001110000001101111
111111111111111111111111111111111111111111111111111111111111111111111111111111111111111111111111111100111000011001000110011111110010010010010010010001110001101101100111100000000110001100111100100100000011100000000100011001111111101000001001111011000110000111100110011100000000011000110001111010010000
111111111111111111111111111111111111111111111111111111111111111111111111111111111111111111111111111111000110000010111001000000000101101101001100101110001000010010011000011111011001110010000011001011111100011000001011100100000000010111110100000100111001100000001001100011111000100111001000000100101111
111111111111111111111111111111111111111111111111111111111111111111111111111111111111111111111111111100111001111101000110111111111010111010110011010001110111101101100111100000100110001101111100110101110011100111110100011011111111101011101011111011000110011111110110011100000111011000110111111011010111
111111111111111111111111111111111111111111111111111111111111111111111111111111111111111111111111111111000110000010111001000000000101000101001100101110001000010010011000011111011001110010000011001010001100011000001011100100000000010100010100000100111001100000001001100011111000100111001000000100101000
000000000000000000000000000000000000000000000000000000000000000000000000000000000000000000000000000000111001100101000110100000001010111010100001010001110110000001100111100000100110001101000000010101110011100111110100011010000000001011101010000011000110011000010110011100000111011000110110000001010111
111111111111111111111111111111111111111111111111111111111111111111111111111111111111111111111111111111000110011010111001011111110101010101010010101110001001101110011000011111011001110010111100101010001100011000001011100101111111110100010101111100111001100111101001100011111000100111001001111010101000
111111111111111111111111111111111111111111111111111111111111111111111111111111111111111111111111111100111001100101000110100000001010101010101101010001110110010001100111100000100110001101000011010101110011100111110100011010000000001011101010000011000110011000010110011100000111011000110110000101010111
111111111111111111111111111111111111111111111111111111111111111111111111111111111111111111111111111111000110011010111001011111110101010101010010101110001001101110011000011111011001110010111100101010001100011000001011100101111111110100010101111100111001100111101001100011111000100111001001111010101000
111111111111111111111111111111111111111111111111111111111111111111111111111111111111111111111111111100111001100101000110100000001010101010101101010001110110010001100111100000100110001101000011010101110011100111110100011010000000001011101010000011000110011000010110011100000111011000110110000101010111
111111111111111111111111111111111111111111111111111111111111111111111111111111111111111111111111111111000110011010111001011111110101010101010010101110001001101110011000011111011001110010111100101010001100011000001011100101111111110100010101111100111001100111101001100011111000100111001001111010101000
111111111111111111111111111111111111111111111111111111111111111111111111111111111111111111111111111111111001100101111110100000001011111110101101011111110110010001111111100000100111111101000011010111111111100111110111111010000000001111111010000011111110011000010111111100000111011111110110000101011111
111111111111111111111111111111111111111111111111111111111111111111111111111111111111111111111111111100100000000000000100000000000010101010000000010001100000000000100110000000000010001000000000000101110010000000000100010000000000000011101000000001000100000000000010010000000000001000100000000000010111
111111111111111111111111111111111111111111111111111111111111111111111111111111111111111111111111111111000110011010111001011111110101010101010010101110001001101110011000011111011001110010111100101010001100011000001011100101111111110100010101111100111001100111101001100011111000100111001001111010101000
111111111111111111111111111111111111111111111111111111111111111111111111111111111111111111111111111100111001100101000110100000001010101010101101010001110110010001100111100000100110001101000011010101110011100111110100011010000000001011101010000011000110011000010110011100000111011000110110000101010111
111111111111111111111111111111111111111111111111111111111111111111111111111111111111111111111111111111000110011010111001011111110101010101010010101110001001101110011000011111011001110010111100101010001100011000001011100101111111110100010101111100111001100111101001100011111000100111001001111010101000
111111111111111111111111111111111111111111111111111111111111111111111111111111111111111111111111111100111001100101000110100000001010101010101101010001110110010001100111100000100110001101000011010101110011100111110100011010000000001011101010000011000110011000010110011100000111011000110110000101010111
111111111111111111111111111111111111111111111111111111111111111111111111111111111111111111111111111111000110011010111001011111110101010101010010101110001001101110011000011111011001110010111100101010001100011000001011100101111111110100010101111100111001100111101001100011111000100111001001111010101000
000000000000000000000000000000000000000000000000000000000000000000000000000000000000000000000000000000111001100101000110100000001010101010100001010001110110000001100111100000100110001101000000010101110011100111110100011010000000001011101010000011000110011000010110011100000111011000110110000001010111
111111111111111111111111111111111111111111111111111111111111111111111111111111111111111111111111111111000110000010111001000000000101010101001100101110001000010010011000011111011001110010000011001010001100011000001011100100000000010100010100000100111001100000001001100011111000100111001000000100101000
111111111111111111111111111111111111111111111111111111111111111111111111111111111111111111111111111100111001111101000110111111111010111010110011010001110111101101100111100000100110001101111100110101110011100111110100011011111111101011101011111011000110011111110110011100000111011000110111111011010111
111111111111111111111111111111111111111111111111111111111111111111111111111111111111111111111111111111000110000010111001000000000101101101001100101110001000010010011000011111011001110010000011001011111100011000001011100100000000010111110100000100111001100000001001100011111000100111001000000100101111
111111111111111111111111111111111111111111111111111111111111111111111111111111111111111111111111111100111000011001000110011111110010010010010010010001110001101101100111100000000110001100111100100100000011100000000100011001111111101000001001111011000110000111100110011100000000011000110001111010010000
111111111111111111111111111111111111111111111111111111111111111111111111111111111111111111111111111111000111100110111001100000001101101101100001101110001110000010011000011111111001110011000000011011111100011111111011100110000000010111110110000100111001111000011001100011111111100111001110000001101111
111111111111111111111111111111111111111111111111111111111111111111111111111111111111111111111111111100111000011001000110011111110010010010011110010001110001111101100111100000000110001100111111100100000011100000000100011001111111101000001001111011000110000111100110011100000000011000110001111110010000
111111111111111111111111111111111111111111111111111111111111111111111111111111111111111111111111111111000111100110111001100000001101111101100001101110001110000010011000011111111001110011000000011011111100011111111011100110000000010111110110000100111001111000011001100011111111100111001110000001101111
111111111111111111111111111111111111111111111111111111111111111111111111111111111111111111111111111100111000000001000110000000000010000010001100010001110000010001100111100000000110001100000011000100000011100000000100011000000000001000001000000011000110000000000110011100000000011000110000000100010000
111111111111111111111111111111111111111111111111111111111111111111111111111111111111111111111111111111000111111110111001111111111101111101110011101110001111101110011000011111111001110011111100111011111100011111111011100111111111110111110111111100111001111111111001100011111111100111001111111011101111
111111111111111111111111111111111111111111111111111111111111111111111111111111111111111111111111111111111000000001111110000000000011000110000000011111110000000001111111100000000111111100000000000110001111100000000111111000000000001100011000000011111110000000000111111100000000011111110000000000011000
111111111111111111111111111111111111111111111111111111111111111111111111111111111111111111111111111100000001111100000000111111111000111000111111000000000111111100000000000000100000000001111111110001110000000111110000000011111111100011100011111000000000011111110000000000000111000000000111111111000111
000000000000000000000000000000000000000000000000000000000000000000000000000000000000000000000000000011111110000011111111000000000111000111000000111111111000000011111111111111011111111110000000001110001111111000001111111100000000011100011100000111111111100000001111111111111000111111111000000000111000
111111111111111111111111111111111111111111111111111111111111111111111111111111111111111111111111111100000000011000000000011111110000111000011110000000000001111100000000000000000000000000111111100001110000000000000000000001111111100011100001111000000000000111100000000000000000000000000001111110000111
111111111111111111111111111111111111111111111111111111111111111111111111111111111111111111111111111111111111100111111111100000001111101111100001111111111110000011111111111111111111111111000000011111111111111111111111111110000000011111111110000111111111111000011111111111111111111111111110000001111111
111111111111111111111111111111111111111111111111111111111111111111111111111111111111111111111111111100000000000000000000000000000000010000000000000000000000000000000000000000000000000000000000000000000000000000000000000000000000000000000000000000000000000000000000000000000000000000000000000000000000
111111111111111111111111111111111111111111111111111111111111111111111111111111111111111111111111111111111111111111111111111111111111111111111111111111111111111111111111111111111111111111111111111111111111111111111111111111111111111111111111111111111111111111111111111111111111111111111111111111111111
111111111111111111111111111111111111111111111111111111111111111111111111111111111111111111111111111100000000000000000000000000000000000000000000000000000000000000000000000000000000000000000000000000000000000000000000000000000000000000000000000000000000000000000000000000000000000000000000000000000000
111111111111111111111111111111111111111111111111111111111111111111111111111111111111111111111111111111111111111111111111111111111111111111111111111111111111111111111111111111111111111111111111111111111111111111111111111111111111111111111111111111111111111111111111111111111111111111111111111111111111
000000000000000000000000000000000000000000000000000000000000000000000000000000000000000000000000000000000000000000000000000000000000000000000000000000000000000000000000000000000000000000000000000000000000000000000000000000000000000000000000000000000000000000000000000000000000000000000000000000000000
000000000000000000000000000000000000000000000000000000000000000000000000000000000000000000000000000000000000000000000000000000000000000000000000000000000000000000000000000000000000000000000000000000000000000000000000000000000000000000000000000000000000000000000000000000000000000000000000000000000000
000000000000000000000000000000000000000000000000000000000000000000000000000000000000000000000000000000000000000000000000000000000000000000000000000000000000000000000000000000000000000000000000000000000000000000000000000000000000000000000000000000000000000000000000000000000000000000000000000000000000
000000000000000000000000000000000000000000000000000000000000000000000000000000000000000000000000000000000000000000000000000000000000000000000000000000000000000000000000000000000000000000000000000000000000000000000000000000000000000000000000000000000000000000000000000000000000000000000000000000000000
000000000000000000000000000000000000000000000000000000000000000000000000000000000000000000000000000000000000000000000000000000000000000000000000000000000000000000000000000000000000000000000000000000000000000000000000000000000000000000000000000000000000000000000000000000000000000000000000000000000000
000000000000000000000000000000000000000000000000000000000000000000000000000000000000000000000000000000000000000000000000000000000000000000000000000000000000000000000000000000000000000000000000000000000000000000000000000000000000000000000000000000000000000000000000000000000000000000000000000000000000
000000000000000000000000000000000000000000000000000000000000000000000000000000000000000000000000000000000000000000000000000000000000000000000000000000000000000000000000000000000000000000000000000000000000000000000000000000000000000000000000000000000000000000000000000000000000000000000000000000000000
000000000000000000000000000000000000000000000000000000000000000000000000000000000000000000000000000000000000000000000000000000000000000000000000000000000000000000000000000000000000000000000000000000000000000000000000000000000000000000000000000000000000000000000000000000000000000000000000000000000000
000000000000000000000000000000000000000000000000000000000000000000000000000000000000000000000000000000000000000000000000000000000000000000000000000000000000000000000000000000000000000000000000000000000000000000000000000000000000000000000000000000000000000000000000000000000000000000000000000000000000
000000000000000000000000000000000000000000000000000000000000000000000000000000000000000000000000000000000000000000000000000000000000000000000000000000000000000000000000000000000000000000000000000000000000000000000000000000000000000000000000000000000000000000000000000000000000000000000000000000000000
111111111111111111111111111111111111111111111111111111111111111111111111111111111111111111111111111111111111111111111111111111111111111111111111111111111111111111111111111111111111111111111111111111111111111111111111111111111111111111111111111111111111111111111111111111111111111111111111111111111111
111111111111111111111111111111111111111111111111111111111111111111111111111111111111111111111111111100000000000000000000000000000000000000000000000000000000000000000000000000000000000000000000000000000000000000000000000000000000000000000000000000000000000000000000000000000000000000000000000000000000
111111111111111111111111111111111111111111111111111111111111111111111111111111111111111111111111111111111111111111111111111111111111111111111111111111111111111111111111111111111111111111111111111111111111111111111111111111111111111111111111111111111111111111111111111111111111111111111111111111111111
111111111111111111111111111111111111111111111111111111111111111111111111111111111111111111111111111100000000000000000000000000000000000000000000000000000000000000000000000000000000000000000000000000000000000000000000000000000000000000000000000000000000000000000000000000000000000000000000000000000000
111111111111111111111111111111111111111111111111111111111111111111111111111111111111111111111111111110000111111111111110011111111110000000111111111110000111111111111000001111111111111111111111111100001100011111111111111111111111111000000001111111111000011111111111100001111111111111111111111111111000
111111111111111111111111111111111111111111111111111111111111111111111111111111111111111111111111111101111000010000000001100000000001111111000011100001111000000000000111110000000000000000000000000011110011100000000000000000000000000111111110001110000111100000000000011110000000000000000000000000000111
000000000000000000000000000000000000000000000000000000000000000000000000000000000000000000000000000000000011101111111000001111111100000000011100011100000011111111100000001111111111111101111111111000000000001111111111100000111111110000000001110001110000011111111110000000111111111111100011111111100000
111111111111111111111111111111111111111111111111111111111111111111111111111111111111111111111111111111111100010000000111110000000011111111100011100011111100000000011111110000000000000010000000000111111111110000000000011111000000001111111110001110001111100000000001111111000000000000011100000000011111
111111111111111111111111111111111111111111111111111111111111111111111111111111111111111111111111111100000001101111100000000111111000000000001100011000000001111111000000000111111110000000011111110000000000000111111110000000011111100000000000110001100000001111111000000000011111110000000001111111000000
111111111111111111111111111111111111111111111111111111111111111111111111111111111111111111111111111111111110111100011111111011100111111111110111110111001110111000111110111001100001111111100111001111111111111011110001111111101110011111111111011111011111110011100111111111100110001111111110011100111111
111111111111111111111111111111111111111111111111111111111111111111111111111111111111111111111111111100000001000011100000000100011000000000001001001000110001000111000001000110011110000000011000110000000000000100001110000000010001100000000000100000100000001100011000000000011001110000000001100011000000
111111111111111111111111111111111111111111111111111111111111111111111111111111111111111111111111111110000110111100011110011011100110000000110110110110000110111000111000001001100001111111100111001100001100011011110001111111101110011000000001011111011000010011100111100001100110001111111110011100111000
111111111111111111111111111111111111111111111111111111111111111111111111111111111111111111111111111101111001000011100001100100011001111111001001001001111001000111000111110110011110000000011000110011110011100100001110000000010001100111111110100000100111101100011000011110011001110000000001100011000111
111111111111111111111111111111111111111111111111111111111111111111111111111111111111111111111111111110000110111100011110011011100110000000110110110110000110111000111000001001100001111111100111001100001100011011110001111111101110011000000001011111011000010011100111100001100110001111111110011100111000
111111111111111111111111111111111111111111111111111111111111111111111111111111111111111111111111111101111001000011100001100100011001111111001001001001001001000111000110110110011110000000011000110011110011100100001110000000010001100111111110100000100111101100011000011110011001110000000001100011000111
111111111111111111111111111111111111111111111111111111111111111111111111111111111111111111111111111100000010111100011000001011100100000000010110110100110010111000100001001001100001111101100111001000000000001011110001100000101110010000000001011111010000010011100110000000100110001111100010011100100000
111111111111111111111111111111111111111111111111111111111111111111111111111111111111111111111111111111111101010011100111110100011011111111101011101011001101000111011110110110011110000010011000110111111111110100001110011111010001101111111110101110101111101100011001111111011001110000011101100011011111
111111111111111111111111111111111111111111111111111111111111111111111111111111111111111111111111111100000010101100011000001011100100000000010100010100110010111000100001001001100001111101100111001000000000001011110001100000101110010000000001010001010000010011100110000000100110001111100010011100100000
000000000000000000000000000000000000000000000000000000000000000000000000000000000000000000000000000010000101010011100110010100011010000000101011101010000101000111011000000110011110000010011000110100001100010100001110011111010001101000000000101110101000001100011001100001011001110000011101100011011000
111111111111111111111111111111111111111111111111111111111111111111111111111111111111111111111111111101111010101100011001101011100101111111010101010101001010111000100110111001100001111101100111001011110011101011110001100000101110010111111111010001010111110011100110011110100110001111100010011100100111
111111111111111111111111111111111111111111111111111111111111111111111111111111111111111111111111111110000101010011100110010100011010000000101010101010110101000111011001000110011110000010011000110100001100010100001110011111010001101000000000101110101000001100011001100001011001110000011101100011011000
111111111111111111111111111111111111111111111111111111111111111111111111111111111111111111111111111101111010101100011001101011100101111111010101010101001010111000100110111001100001111101100111001011110011101011110001100000101110010111111111010001010111110011100110011110100110001111100010011100100111
111111111111111111111111111111111111111111111111111111111111111111111111111111111111111111111111111110000101010011100110010100011010000000101010101010110101000111011001000110011110000010011000110100001100010100001110011111010001101000000000101110101000001100011001100001011001110000011101100011011000
111111111111111111111111111111111111111111111111111111111111111111111111111111111111111111111111111101111010101100011001101011100101111111010101010101001010111000100110111001100001111101100111001011110011101011110001100000101110010111111111010001010111110011100110011110100110001111100010011100100111
111111111111111111111111111111111111111111111111111111111111111111111111111111111111111111111111111110000101111111100110010111111010000000101111111010110101111111011001000111111110000010011111110100001100010111111110011111011111101000000000111111101000001111111001100001011111110000011101111111011000
111111111111111111111111111111111111111111111111111111111111111111111111111111111111111111111111111100000001010010000000000000010000000000001010101000000001000110000000000010011000000000001000100000000000000100001000000000010001000000000000001110100000000100010000000000001001000000000000100010000000
111111111111111111111111111111111111111111111111111111111111111111111111111111111111111111111111111101111010101100011001101011100101111111010101010101001010111000100110111001100001111101100111001011110011101011110001100000101110010111111111010001010111110011100110011110100110001111100010011100100111
111111111111111111111111111111111111111111111111111111111111111111111111111111111111111111111111111110000101010011100110010100011010000000101010101010110101000111011001000110011110000010011000110100001100010100001110011111010001101000000000101110101000001100011001100001011001110000011101100011011000
111111111111111111111111111111111111111111111111111111111111111111111111111111111111111111111111111101111010101100011001101011100101111111010101010101001010111000100110111001100001111101100111001011110011101011110001100000101110010111111111010001010111110011100110011110100110001111100010011100100111
111111111111111111111111111111111111111111111111111111111111111111111111111111111111111111111111111110000101010011100110010100011010000000101010101010110101000111011001000110011110000010011000110100001100010100001110011111010001101000000000101110101000001100011001100001011001110000011101100011011000
111111111111111111111111111111111111111111111111111111111111111111111111111111111111111111111111111101111010101100011001101011100101111111010101010101001010111000100110111001100001111101100111001011110011101011110001100000101110010111111111010001010111110011100110011110100110001111100010011100100111
000000000000000000000000000000000000000000000000000000000000000000000000000000000000000000000000000010000101010011100110010100011010000000101010101010000101000111011000000110011110000010011000110100001100010100001110011111010001101000000000101110101000001100011001100001011001110000011101100011011000
111111111111111111111111111111111111111111111111111111111111111111111111111111111111111111111111111100000010101100011000001011100100000000010101010100110010111000100001001001100001111101100111001000000000001011110001100000101110010000000001010001010000010011100110000000100110001111100010011100100000
111111111111111111111111111111111111111111111111111111111111111111111111111111111111111111111111111111111101010011100111110100011011111111101011101011001101000111011110110110011110000010011000110111111111110100001110011111010001101111111110101110101111101100011001111111011001110000011101100011011111
111111111111111111111111111111111111111111111111111111111111111111111111111111111111111111111111111100000010111100011000001011100100000000010110110100110010111000100001001001100001111101100111001000000000001011110001100000101110010000000001011111010000010011100110000000100110001111100010011100100000
111111111111111111111111111111111111111111111111111111111111111111111111111111111111111111111111111101111001000011100001100100011001111111001001001001001001000111000110110110011110000000011000110011110011100100001110000000010001100111111110100000100111101100011000011110011001110000000001100011000111
111111111111111111111111111111111111111111111111111111111111111111111111111111111111111111111111111110000110111100011110011011100110000000110110110110000110111000111000001001100001111111100111001100001100011011110001111111101110011000000001011111011000010011100111100001100110001111111110011100111000
111111111111111111111111111111111111111111111111111111111111111111111111111111111111111111111111111101111001000011100001100100011001111111001001001001111001000111000111110110011110000000011000110011110011100100001110000000010001100111111110100000100111101100011000011110011001110000000001100011000111
111111111111111111111111111111111111111111111111111111111111111111111111111111111111111111111111111110000110111100011110011011100110000000110111110110000110111000111000001001100001111111100111001100001100011011110001111111101110011000000001011111011000010011100111100001100110001111111110011100111000
111111111111111111111111111111111111111111111111111111111111111111111111111111111111111111111111111100000001000011100000000100011000000000001000001000110001000111000001000110011110000000011000110000000000000100001110000000010001100000000000100000100000001100011000000000011001110000000001100011000000
111111111111111111111111111111111111111111111111111111111111111111111111111111111111111111111111111111111110111100011111111011100111111111110111110111001110111000111110111001100001111111100111001111111111111011110001111111101110011111111111011111011111110011100111111111100110001111111110011100111111
111111111111111111111111111111111111111111111111111111111111111111111111111111111111111111111111111100000001101111100000000111111000000000001100011000000001111111000000000111111110000000011111110000000000000111111110000000011111100000000000110001100000001111111000000000011111110000000001111111000000
111111111111111111111111111111111111111111111111111111111111111111111111111111111111111111111111111111111100010000000111110000000011111111100011100011111100000000011111110000000000000010000000000111111111110000000000011111000000001111111110001110001111100000000001111111000000000000011100000000011111
000000000000000000000000000000000000000000000000000000000000000000000000000000000000000000000000000000000011101111111000001111111100000000011100011100000011111111100000001111111111111101111111111000000000001111111111100000111111110000000001110001110000011111111110000000111111111111100011111111100000
111111111111111111111111111111111111111111111111111111111111111111111111111111111111111111111111111101111000010000000001100000000001111111000011100001111000000000000111110000000000000000000000000011110011100000000000000000000000000111111110001110000111100000000000011110000000000000000000000000000111
111111111111111111111111111111111111111111111111111111111111111111111111111111111111111111111111111110000111111111111110011111111110000000111110111110000111111111111000001111111111111111111111111100001100011111111111111111111111111000000001111111111000011111111111100001111111111111111111111111111000
111111111111111111111111111111111111111111111111111111111111111111111111111111111111111111111111111100000000000000000000000000000000000000000001000000000000000000000000000000000000000000000000000000000000000000000000000000000000000000000000000000000000000000000000000000000000000000000000000000000000
111111111111111111111111111111111111111111111111111111111111111111111111111111111111111111111111111111111111111111111111111111111111111111111111111111111111111111111111111111111111111111111111111111111111111111111111111111111111111111111111111111111111111111111111111111111111111111111111111111111111
111111111111111111111111111111111111111111111111111111111111111111111111111111111111111111111111111100000000000000000000000000000000000000000000000000000000000000000000000000000000000000000000000000000000000000000000000000000000000000000000000000000000000000000000000000000000000000000000000000000000
111111111111111111111111111111111111111111111111111111111111111111111111111111111111111111111111111111111111111111111111111111111111111111111111111111111111111111111111111111111111111111111111111111111111111111111111111111111111111111111111111111111111111111111111111111111111111111111111111111111111
000000000000000000000000000000000000000000000000000000000000000000000000000000000000000000000000000000000000000000000000000000000000000000000000000000000000000000000000000000000000000000000000000000000000000000000000000000000000000000000000000000000000000000000000000000000000000000000000000000000000
000000000000000000000000000000000000000000000000000000000000000000000000000000000000000000000000000000000000000000000000000000000000000000000000000000000000000000000000000000000000000000000000000000000000000000000000000000000000000000000000000000000000000000000000000000000000000000000000000000000000
000000000000000000000000000000000000000000000000000000000000000000000000000000000000000000000000000000000000000000000000000000000000000000000000000000000000000000000000000000000000000000000000000000000000000000000000000000000000000000000000000000000000000000000000000000000000000000000000000000000000
000000000000000000000000000000000000000000000000000000000000000000000000000000000000000000000000000000000000000000000000000000000000000000000000000000000000000000000000000000000000000000000000000000000000000000000000000000000000000000000000000000000000000000000000000000000000000000000000000000000000
000000000000000000000000000000000000000000000000000000000000000000000000000000000000000000000000000000000000000000000000000000000000000000000000000000000000000000000000000000000000000000000000000000000000000000000000000000000000000000000000000000000000000000000000000000000000000000000000000000000000
000000000000000000000000000000000000000000000000000000000000000000000000000000000000000000000000000000000000000000000000000000000000000000000000000000000000000000000000000000000000000000000000000000000000000000000000000000000000000000000000000000000000000000000000000000000000000000000000000000000000
000000000000000000000000000000000000000000000000000000000000000000000000000000000000000000000000000000000000000000000000000000000000000000000000000000000000000000000000000000000000000000000000000000000000000000000000000000000000000000000000000000000000000000000000000000000000000000000000000000000000
000000000000000000000000000000000000000000000000000000000000000000000000000000000000000000000000000000000000000000000000000000000000000000000000000000000000000000000000000000000000000000000000000000000000000000000000000000000000000000000000000000000000000000000000000000000000000000000000000000000000
000000000000000000000000000000000000000000000000000000000000000000000000000000000000000000000000000000000000000000000000000000000000000000000000000000000000000000000000000000000000000000000000000000000000000000000000000000000000000000000000000000000000000000000000000000000000000000000000000000000000
000000000000000000000000000000000000000000000000000000000000000000000000000000000000000000000000000000000000000000000000000000000000000000000000000000000000000000000000000000000000000000000000000000000000000000000000000000000000000000000000000000000000000000000000000000000000000000000000000000000000
111111111111111111111111111111111111111111111111111111111111111111111111111111111111111111111111111111111111111111111111111111111111111111111111111111111111111111111111111111111111111111111111111111111111111111111111111111111111111111111111111111111111111111111111111111111111111111111111111111111111
111111111111111111111111111111111111111111111111111111111111111111111111111111111111111111111111111100000000000000000000000000000000000000000000000000000000000000000000000000000000000000000000000000000000000000000000000000000000000000000000000000000000000000000000000000000000000000000000000000000000
111111111111111111111111111111111111111111111111111111111111111111111111111111111111111111111111111111111111111111111111111111111111111111111111111111111111111111111111111111111111111111111111111111111111111111111111111111111111111111111111111111111111111111111111111111111111111111111111111111111111
111111111111111111111111111111111111111111111111111111111111111111111111111111111111111111111111111100000000000000000000000000000000000000000000000000000000000000000000000000000000000000000000000000000000000000000000000000000000000000000000000000000000000000000000000000000000000000000000000000000000
111111111111111111111111111111111111111111111111111111111111111111111111111111111111111111111111111111111111111000011111111111111001111111111000000011111111111000011111111111100000111111111111111111111111111111110001111111111111111111111111100000000111111111100001111111111110000111111111111111111111
111111111111111111111111111111111111111111111111111111111111111111111111111111111111111111111111111100000000000111100001000000000110000000000111111100001110000111100000000000011111000000000000000000000000000000001110000000000000000000000000011111111000111000011110000000000001111000000000000000000000
000000000000000000000000000000000000000000000000000000000000000000000000000000000000000000000000000011111111100000001110111111100000111111110000000001110001110000001111111110000000111111111111110111111111111110000000111111111110000011111111000000000111000111000001111111111000000011111111111110001111
111111111111111111111111111111111111111111111111111111111111111111111111111111111111111111111111111100000000011111110001000000011111000000001111111110001110001111110000000001111111000000000000001000000000000001111111000000000001111100000000111111111000111000111110000000000111111100000000000001110000
111111111111111111111111111111111111111111111111111111111111111111111111111111111111111111111111111111111110000000000110111110000000011111100000000000110001100000000111111100000000011111111000000001111111111000000000011111111000000001111110000000000011000110000000111111100000000001111111000000000111
111111111111111111111111111111111111111111111111111111111111111111111111111111111111111111111111111100111001111111111011110001111111101110011111111111011111011100111011100011111011100110000111111110010001000111111111101111000111111110111001111111111101111101111111001110011111111110011000111111111001
111111111111111111111111111111111111111111111111111111111111111111111111111111111111111111111111111111000110000000000100001110000000010001100000000000100100100011000100011100000100011001111000000001101110111000000000010000111000000001000110000000000010000010000000110001100000000001100111000000000110
111111111111111111111111111111111111111111111111111111111111111111111111111111111111111111111111111100111001111000011011110001111001101110011000000011011011011000011011100011100000100110000111111110010001000111110001101111000111111110111001100000000101111101100001001110011110000110011000111111111001
111111111111111111111111111111111111111111111111111111111111111111111111111111111111111111111111111111000110000111100100001110000110010001100111111100100100100111100100011100011111011001111000000001101110111000001110010000111000000001000110011111111010000010011110110001100001111001100111000000000110
111111111111111111111111111111111111111111111111111111111111111111111111111111111111111111111111111100111001111000011011110001111001101110011000000011011011011000011011100011100000100110000111111110010001000111110001101111000111111110111001100000000101111101100001001110011110000110011000111111111001
111111111111111111111111111111111111111111111111111111111111111111111111111111111111111111111111111111000110000111100100001110000110010001100111111100100100100100100100011100011011011001111000000001101110111000001110010000111000000001000110011111111010000010011110110001100001111001100111000000000110
111111111111111111111111111111111111111111111111111111111111111111111111111111111111111111111111111100111001100000001011110001100000101110010000000001011011010011001011100010000100100110000111110110010001000110000000101111000110000010111001000000000101111101000001001110011000000010011000111110001001
111111111111111111111111111111111111111111111111111111111111111111111111111111111111111111111111111111000110011111110101001110011111010001101111111110101110101100110100011101111011011001111000001001101110111001111111010000111001111101000110111111111010111010111110110001100111111101100111000001110110
111111111111111111111111111111111111111111111111111111111111111111111111111111111111111111111111111100111001100000001010110001100000101110010000000001010001010011001011100010000100100110000111110110010001000110000000101111000110000010111001000000000101000101000001001110011000000010011000111110001001
000000000000000000000000000000000000000000000000000000000000000000000000000000000000000000000000000011000110011000010101001110011001010001101000000010101110101000010100011101100000011001111000001001101110111001110001010000111001111101000110100000000010111010100000110001100110000101100111000001110110
111111111111111111111111111111111111111111111111111111111111111111111111111111111111111111111111111100111001100111101010110001100110101110010111111101010101010100101011100010011011100110000111110110010001000110001110101111000110000010111001011111111101000101011111001110011001111010011000111110001001
111111111111111111111111111111111111111111111111111111111111111111111111111111111111111111111111111111000110011000010101001110011001010001101000000010101010101011010100011101100100011001111000001001101110111001110001010000111001111101000110100000000010111010100000110001100110000101100111000001110110
111111111111111111111111111111111111111111111111111111111111111111111111111111111111111111111111111100111001100111101010110001100110101110010111111101010101010100101011100010011011100110000111110110010001000110001110101111000110000010111001011111111101000101011111001110011001111010011000111110001001
111111111111111111111111111111111111111111111111111111111111111111111111111111111111111111111111111111000110011000010101001110011001010001101000000010101010101011010100011101100100011001111000001001101110111001110001010000111001111101000110100000000010111010100000110001100110000101100111000001110110
111111111111111111111111111111111111111111111111111111111111111111111111111111111111111111111111111100111001100111101010110001100110101110010111111101010101010100101011100010011011100110000111110110010001000110001110101111000110000010111001011111111101000101011111001110011001111010011000111110001001
111111111111111111111111111111111111111111111111111111111111111111111111111111111111111111111111111111111110011000010111111110011001011111101000000010111111101011010111111101100100011111111000001001111111111001110001011111111001111101111110100000000011111110100000111111100110000101111111000001110111
111111111111111111111111111111111111111111111111111111111111111111111111111111111111111111111111111101000100000000000101001000000000000001000000000000101010100000000100011000000000001001100000000000100110110000000000010000100000000001000100000000000000111010000000010001000000000000100100000000000010
111111111111111111111111111111111111111111111111111111111111111111111111111111111111111111111111111100111001100111101010110001100110101110010111111101010101010100101011100010011011100110000111110110010001000110001110101111000110000010111001011111111101000101011111001110011001111010011000111110001001
111111111111111111111111111111111111111111111111111111111111111111111111111111111111111111111111111111000110011000010101001110011001010001101000000010101010101011010100011101100100011001111000001001101110111001110001010000111001111101000110100000000010111010100000110001100110000101100111000001110110
111111111111111111111111111111111111111111111111111111111111111111111111111111111111111111111111111100111001100111101010110001100110101110010111111101010101010100101011100010011011100110000111110110010001000110001110101111000110000010111001011111111101000101011111001110011001111010011000111110001001
111111111111111111111111111111111111111111111111111111111111111111111111111111111111111111111111111111000110011000010101001110011001010001101000000010101010101011010100011101100100011001111000001001101110111001110001010000111001111101000110100000000010111010100000110001100110000101100111000001110110
111111111111111111111111111111111111111111111111111111111111111111111111111111111111111111111111111100111001100111101010110001100110101110010111111101010101010100101011100010011011100110000111110110010001000110001110101111000110000010111001011111111101000101011111001110011001111010011000111110001001
000000000000000000000000000000000000000000000000000000000000000000000000000000000000000000000000000011000110011000010101001110011001010001101000000010101010101000010100011101100000011001111000001001101110111001110001010000111001111101000110100000000010111010100000110001100110000101100111000001110110
111111111111111111111111111111111111111111111111111111111111111111111111111111111111111111111111111100111001100000001010110001100000101110010000000001010101010011001011100010000100100110000111110110010001000110000000101111000110000010111001000000000101000101000001001110011000000010011000111110001001
111111111111111111111111111111111111111111111111111111111111111111111111111111111111111111111111111111000110011111110101001110011111010001101111111110101110101100110100011101111011011001111000001001101110111001111111010000111001111101000110111111111010111010111110110001100111111101100111000001110110
111111111111111111111111111111111111111111111111111111111111111111111111111111111111111111111111111100111001100000001011110001100000101110010000000001011011010011001011100010000100100110000111110110010001000110000000101111000110000010111001000000000101111101000001001110011000000010011000111110001001
111111111111111111111111111111111111111111111111111111111111111111111111111111111111111111111111111111000110000111100100001110000110010001100111111100100100100100100100011100011011011001111000000001101110111000001110010000111000000001000110011111111010000010011110110001100001111001100111000000000110
111111111111111111111111111111111111111111111111111111111111111111111111111111111111111111111111111100111001111000011011110001111001101110011000000011011011011000011011100011100000100110000111111110010001000111110001101111000111111110111001100000000101111101100001001110011110000110011000111111111001
111111111111111111111111111111111111111111111111111111111111111111111111111111111111111111111111111111000110000111100100001110000110010001100111111100100100100111100100011100011111011001111000000001101110111000001110010000111000000001000110011111111010000010011110110001100001111001100111000000000110
111111111111111111111111111111111111111111111111111111111111111111111111111111111111111111111111111100111001111000011011110001111001101110011000000011011111011000011011100011100000100110000111111110010001000111110001101111000111111110111001100000000101111101100001001110011110000110011000111111111001
111111111111111111111111111111111111111111111111111111111111111111111111111111111111111111111111111111000110000000000100001110000000010001100000000000100000100011000100011100000100011001111000000001101110111000000000010000111000000001000110000000000010000010000000110001100000000001100111000000000110
111111111111111111111111111111111111111111111111111111111111111111111111111111111111111111111111111100111001111111111011110001111111101110011111111111011111011100111011100011111011100110000111111110010001000111111111101111000111111110111001111111111101111101111111001110011111111110011000111111111001
111111111111111111111111111111111111111111111111111111111111111111111111111111111111111111111111111111111110000000000110111110000000011111100000000000110001100000000111111100000000011111111000000001111111111000000000011111111000000001111110000000000011000110000000111111100000000001111111000000000111
111111111111111111111111111111111111111111111111111111111111111111111111111111111111111111111111111100000000011111110001000000011111000000001111111110001110001111110000000001111111000000000000001000000000000001111111000000000001111100000000111111111000111000111110000000000111111100000000000001110000
000000000000000000000000000000000000000000000000000000000000000000000000000000000000000000000000000011111111100000001110111111100000111111110000000001110001110000001111111110000000111111111111110111111111111110000000111111111110000011111111000000000111000111000001111111111000000011111111111110001111
111111111111111111111111111111111111111111111111111111111111111111111111111111111111111111111111111100000000000111100001000000000110000000000111111100001110000111100000000000011111000000000000000000000000000000001110000000000000000000000000011111111000111000011110000000000001111000000000000000000000
111111111111111111111111111111111111111111111111111111111111111111111111111111111111111111111111111111111111111000011111111111111001111111111000000011111011111000011111111111100000111111111111111111111111111111110001111111111111111111111111100000000111111111100001111111111110000111111111111111111111
111111111111111111111111111111111111111111111111111111111111111111111111111111111111111111111111111100000000000000000000000000000000000000000000000000000100000000000000000000000000000000000000000000000000000000000000000000000000000000000000000000000000000000000000000000000000000000000000000000000000
111111111111111111111111111111111111111111111111111111111111111111111111111111111111111111111111111111111111111111111111111111111111111111111111111111111111111111111111111111111111111111111111111111111111111111111111111111111111111111111111111111111111111111111111111111111111111111111111111111111111
111111111111111111111111111111111111111111111111111111111111111111111111111111111111111111111111111100000000000000000000000000000000000000000000000000000000000000000000000000000000000000000000000000000000000000000000000000000000000000000000000000000000000000000000000000000000000000000000000000000000
111111111111111111111111111111111111111111111111111111111111111111111111111111111111111111111111111111111111111111111111111111111111111111111111111111111111111111111111111111111111111111111111111111111111111111111111111111111111111111111111111111111111111111111111111111111111111111111111111111111111
000000000000000000000000000000000000000000000000000000000000000000000000000000000000000000000000000000000000000000000000000000000000000000000000000000000000000000000000000000000000000000000000000000000000000000000000000000000000000000000000000000000000000000000000000000000000000000000000000000000000
000000000000000000000000000000000000000000000000000000000000000000000000000000000000000000000000000000000000000000000000000000000000000000000000000000000000000000000000000000000000000000000000000000000000000000000000000000000000000000000000000000000000000000000000000000000000000000000000000000000000
000000000000000000000000000000000000000000000000000000000000000000000000000000000000000000000000000000000000000000000000000000000000000000000000000000000000000000000000000000000000000000000000000000000000000000000000000000000000000000000000000000000000000000000000000000000000000000000000000000000000
000000000000000000000000000000000000000000000000000000000000000000000000000000000000000000000000000000000000000000000000000000000000000000000000000000000000000000000000000000000000000000000000000000000000000000000000000000000000000000000000000000000000000000000000000000000000000000000000000000000000
000000000000000000000000000000000000000000000000000000000000000000000000000000000000000000000000000000000000000000000000000000000000000000000000000000000000000000000000000000000000000000000000000000000000000000000000000000000000000000000000000000000000000000000000000000000000000000000000000000000000
000000000000000000000000000000000000000000000000000000000000000000000000000000000000000000000000000000000000000000000000000000000000000000000000000000000000000000000000000000000000000000000000000000000000000000000000000000000000000000000000000000000000000000000000000000000000000000000000000000000000
000000000000000000000000000000000000000000000000000000000000000000000000000000000000000000000000000000000000000000000000000000000000000000000000000000000000000000000000000000000000000000000000000000000000000000000000000000000000000000000000000000000000000000000000000000000000000000000000000000000000
000000000000000000000000000000000000000000000000000000000000000000000000000000000000000000000000000000000000000000000000000000000000000000000000000000000000000000000000000000000000000000000000000000000000000000000000000000000000000000000000000000000000000000000000000000000000000000000000000000000000
000000000000000000000000000000000000000000000000000000000000000000000000000000000000000000000000000000000000000000000000000000000000000000000000000000000000000000000000000000000000000000000000000000000000000000000000000000000000000000000000000000000000000000000000000000000000000000000000000000000000
000000000000000000000000000000000000000000000000000000000000000000000000000000000000000000000000000000000000000000000000000000000000000000000000000000000000000000000000000000000000000000000000000000000000000000000000000000000000000000000000000000000000000000000000000000000000000000000000000000000000
111111111111111111111111111111111111111111111111111111111111111111111111111111111111111111111111111111111111111111111111111111111111111111111111111111111111111111111111111111111111111111111111111111111111111111111111111111111111111111111111111111111111111111111111111111111111111111111111111111111111
111111111111111111111111111111111111111111111111111111111111111111111111111111111111111111111111111100000000000000000000000000000000000000000000000000000000000000000000000000000000000000000000000000000000000000000000000000000000000000000000000000000000000000000000000000000000000000000000000000000000
111111111111111111111111111111111111111111111111111111111111111111111111111111111111111111111111111111111111111111111111111111111111111111111111111111111111111111111111111111111111111111111111111111111111111111111111111111111111111111111111111111111111111111111111111111111111111111111111111111111111
111111111111111111111111111111111111111111111111111111111111111111111111111111111111111111111111111100000000000000000000000000000000000000000000000000000000000000000000000000000000000000000000000000000000000000000000000000000000000000000000000000000000000000000000000000000000000000000000000000000000
111111111111111111111111111111111111111111111111111111111111111111111111111111111111111111111111111111110000111111111111100001111111111111100111111111100000001111111111100001111111111110000011111111111111100011111111111111000111111111111111111111111110000000011111111110000111111111111000011111111111
111111111111111111111111111111111111111111111111111111111111111111111111111111111111111111111111111100001111000000000000011110000100000000011000000000011111110000111000011110000000000001111100000000000000011100000000000000111000000000000000000000000001111111100011100001111000000000000111100000000000
000000000000000000000000000000000000000000000000000000000000000000000000000000000000000000000000000011000000011111111110000000111011111110000011111111000000000111000111000000111111111000000011111111111110000000111111111000000011111111111000001111111100000000011100011100000111111111100000001111111111
111111111111111111111111111111111111111111111111111111111111111111111111111111111111111111111111111100111111100000000001111111000100000001111100000000111111111000111000111111000000000111111100000000000001111111000000000111111100000000000111110000000011111111100011100011111000000000011111110000000000
111111111111111111111111111111111111111111111111111111111111111111111111111111111111111111111111111110000000001111111000000000011011111000000001111110000000000011000110000000011111110000000001111111101000000000111111100000000001111111100000000111111000000000001100011000000011111110000000000111111100
111111111111111111111111111111111111111111111111111111111111111111111111111111111111111111111111111101111111110011100111111111101111000111111110111001111111111101111101110011101110001111101110011000010111111111000100011111111110111100011111111011100111111111110111110111111100111001111111111001100011
111111111111111111111111111111111111111111111111111111111111111111111111111111111111111111111111111110000000001100011000000000010000111000000001000110000000000010010010001100010001110000010001100111101000000000111011100000000001000011100000000100011000000000001000001000000011000110000000000110011100
111111111111111111111111111111111111111111111111111111111111111111111111111111111111111111111111111101110000110011100111100001101111000111100110111001100000001101101101100001101110001110000010011000010111100011000100011111000110111100011111111011100110000000010111110110000100111001111000011001100011
111111111111111111111111111111111111111111111111111111111111111111111111111111111111111111111111111110001111001100011000011110010000111000011001000110011111110010010010011110010001110001111101100111101000011100111011100000111001000011100000000100011001111111101000001001111011000110000111100110011100
111111111111111111111111111111111111111111111111111111111111111111111111111111111111111111111111111101110000110011100111100001101111000111100110111001100000001101101101100001101110001110000010011000010111100011000100011111000110111100011111111011100110000000010111110110000100111001111000011001100011
111111111111111111111111111111111111111111111111111111111111111111111111111111111111111111111111111110001111001100011000011110010000111000011001000110011111110010010010010010010001110001101101100111101000011100111011100000111001000011100000000100011001111111101000001001111011000110000111100110011100
111111111111111111111111111111111111111111111111111111111111111111111111111111111111111111111111111101000000010011100110000000101111000110000010111001000000000101101101001100101110001000010010011000010110000000000100011000000010111100011000001011100100000000010111110100000100111001100000001001100011
111111111111111111111111111111111111111111111111111111111111111111111111111111111111111111111111111110111111101100011001111111010100111001111101000110111111111010111010110011010001110111101101100111101001111111111011100111111101000011100111110100011011111111101011101011111011000110011111110110011100
111111111111111111111111111111111111111111111111111111111111111111111111111111111111111111111111111101000000010011100110000000101011000110000010111001000000000101000101001100101110001000010010011000010110000000000100011000000010111100011000001011100100000000010100010100000100111001100000001001100011
000000000000000000000000000000000000000000000000000000000000000000000000000000000000000000000000000010110000101100011001100001010100111001100101000110100000001010111010100001010001110110000001100111101001100011111011100111000101000011100111110100011010000000001011101010000011000110011000010110011100
111111111111111111111111111111111111111111111111111111111111111111111111111111111111111111111111111101001111010011100110011110101011000110011010111001011111110101010101010010101110001001101110011000010110011100000100011000111010111100011000001011100101111111110100010101111100111001100111101001100011
111111111111111111111111111111111111111111111111111111111111111111111111111111111111111111111111111110110000101100011001100001010100111001100101000110100000001010101010101101010001110110010001100111101001100011111011100111000101000011100111110100011010000000001011101010000011000110011000010110011100
111111111111111111111111111111111111111111111111111111111111111111111111111111111111111111111111111101001111010011100110011110101011000110011010111001011111110101010101010010101110001001101110011000010110011100000100011000111010111100011000001011100101111111110100010101111100111001100111101001100011
111111111111111111111111111111111111111111111111111111111111111111111111111111111111111111111111111110110000101100011001100001010100111001100101000110100000001010101010101101010001110110010001100111101001100011111011100111000101000011100111110100011010000000001011101010000011000110011000010110011100
111111111111111111111111111111111111111111111111111111111111111111111111111111111111111111111111111101001111010011100110011110101011000110011010111001011111110101010101010010101110001001101110011000010110011100000100011000111010111100011000001011100101111111110100010101111100111001100111101001100011
111111111111111111111111111111111111111111111111111111111111111111111111111111111111111111111111111110110000101111111001100001011111111001100101111110100000001011111110101101011111110110010001111111101001100011111111100111000101111111100111110111111010000000001111111010000011111110011000010111111100
111111111111111111111111111111111111111111111111111111111111111111111111111111111111111111111111111100000000000100010000000000010100100000000000000100000000000010101010000000010001100000000000100110000000000000011011000000000001000010000000000100010000000000000011101000000001000100000000000010010000
111111111111111111111111111111111111111111111111111111111111111111111111111111111111111111111111111101001111010011100110011110101011000110011010111001011111110101010101010010101110001001101110011000010110011100000100011000111010111100011000001011100101111111110100010101111100111001100111101001100011
111111111111111111111111111111111111111111111111111111111111111111111111111111111111111111111111111110110000101100011001100001010100111001100101000110100000001010101010101101010001110110010001100111101001100011111011100111000101000011100111110100011010000000001011101010000011000110011000010110011100
111111111111111111111111111111111111111111111111111111111111111111111111111111111111111111111111111101001111010011100110011110101011000110011010111001011111110101010101010010101110001001101110011000010110011100000100011000111010111100011000001011100101111111110100010101111100111001100111101001100011
111111111111111111111111111111111111111111111111111111111111111111111111111111111111111111111111111110110000101100011001100001010100111001100101000110100000001010101010101101010001110110010001100111101001100011111011100111000101000011100111110100011010000000001011101010000011000110011000010110011100
111111111111111111111111111111111111111111111111111111111111111111111111111111111111111111111111111101001111010011100110011110101011000110011010111001011111110101010101010010101110001001101110011000010110011100000100011000111010111100011000001011100101111111110100010101111100111001100111101001100011
000000000000000000000000000000000000000000000000000000000000000000000000000000000000000000000000000010110000101100011001100001010100111001100101000110100000001010101010100001010001110110000001100111101001100011111011100111000101000011100111110100011010000000001011101010000011000110011000010110011100
111111111111111111111111111111111111111111111111111111111111111111111111111111111111111111111111111101000000010011100110000000101011000110000010111001000000000101010101001100101110001000010010011000010110000000000100011000000010111100011000001011100100000000010100010100000100111001100000001001100011
111111111111111111111111111111111111111111111111111111111111111111111111111111111111111111111111111110111111101100011001111111010100111001111101000110111111111010111010110011010001110111101101100111101001111111111011100111111101000011100111110100011011111111101011101011111011000110011111110110011100
111111111111111111111111111111111111111111111111111111111111111111111111111111111111111111111111111101000000010011100110000000101111000110000010111001000000000101101101001100101110001000010010011000010110000000000100011000000010111100011000001011100100000000010111110100000100111001100000001001100011
111111111111111111111111111111111111111111111111111111111111111111111111111111111111111111111111111110001111001100011000011110010000111000011001000110011111110010010010010010010001110001101101100111101000011100111011100000111001000011100000000100011001111111101000001001111011000110000111100110011100
111111111111111111111111111111111111111111111111111111111111111111111111111111111111111111111111111101110000110011100111100001101111000111100110111001100000001101101101100001101110001110000010011000010111100011000100011111000110111100011111111011100110000000010111110110000100111001111000011001100011
111111111111111111111111111111111111111111111111111111111111111111111111111111111111111111111111111110001111001100011000011110010000111000011001000110011111110010010010011110010001110001111101100111101000011100111011100000111001000011100000000100011001111111101000001001111011000110000111100110011100
111111111111111111111111111111111111111111111111111111111111111111111111111111111111111111111111111101110000110011100111100001101111000111100110111001100000001101111101100001101110001110000010011000010111100011000100011111000110111100011111111011100110000000010111110110000100111001111000011001100011
111111111111111111111111111111111111111111111111111111111111111111111111111111111111111111111111111110000000001100011000000000010000111000000001000110000000000010000010001100010001110000010001100111101000000000111011100000000001000011100000000100011000000000001000001000000011000110000000000110011100
111111111111111111111111111111111111111111111111111111111111111111111111111111111111111111111111111101111111110011100111111111101111000111111110111001111111111101111101110011101110001111101110011000010111111111000100011111111110111100011111111011100111111111110111110111111100111001111111111001100011
111111111111111111111111111111111111111111111111111111111111111111111111111111111111111111111111111110000000001111111000000000011011111000000001111110000000000011000110000000011111110000000001111111101000000000111111100000000001111111100000000111111000000000001100011000000011111110000000000111111100
111111111111111111111111111111111111111111111111111111111111111111111111111111111111111111111111111100111111100000000001111111000100000001111100000000111111111000111000111111000000000111111100000000000001111111000000000111111100000000000111110000000011111111100011100011111000000000011111110000000000
000000000000000000000000000000000000000000000000000000000000000000000000000000000000000000000000000011000000011111111110000000111011111110000011111111000000000111000111000000111111111000000011111111111110000000111111111000000011111111111000001111111100000000011100011100000111111111100000001111111111
111111111111111111111111111111111111111111111111111111111111111111111111111111111111111111111111111100001111000000000000011110000100000000011000000000011111110000111000011110000000000001111100000000000000011100000000000000111000000000000000000000000001111111100011100001111000000000000111100000000000
111111111111111111111111111111111111111111111111111111111111111111111111111111111111111111111111111111110000111111111111100001111111111111100111111111100000001111101111100001111111111110000011111111111111100011111111111111000111111111111111111111111110000000011111111110000111111111111000011111111111
111111111111111111111111111111111111111111111111111111111111111111111111111111111111111111111111111100000000000000000000000000000000000000000000000000000000000000010000000000000000000000000000000000000000000000000000000000000000000000000000000000000000000000000000000000000000000000000000000000000000
111111111111111111111111111111111111111111111111111111111111111111111111111111111111111111111111111111111111111111111111111111111111111111111111111111111111111111111111111111111111111111111111111111111111111111111111111111111111111111111111111111111111111111111111111111111111111111111111111111111111
111111111111111111111111111111111111111111111111111111111111111111111111111111111111111111111111111100000000000000000000000000000000000000000000000000000000000000000000000000000000000000000000000000000000000000000000000000000000000000000000000000000000000000000000000000000000000000000000000000000000
111111111111111111111111111111111111111111111111111111111111111111111111111111111111111111111111111111111111111111111111111111111111111111111111111111111111111111111111111111111111111111111111111111111111111111111111111111111111111111111111111111111111111111111111111111111111111111111111111111111111
000000000000000000000000000000000000000000000000000000000000000000000000000000000000000000000000000000000000000000000000000000000000000000000000000000000000000000000000000000000000000000000000000000000000000000000000000000000000000000000000000000000000000000000000000000000000000000000000000000000000
000000000000000000000000000000000000000000000000000000000000000000000000000000000000000000000000000000000000000000000000000000000000000000000000000000000000000000000000000000000000000000000000000000000000000000000000000000000000000000000000000000000000000000000000000000000000000000000000000000000000
000000000000000000000000000000000000000000000000000000000000000000000000000000000000000000000000000000000000000000000000000000000000000000000000000000000000000000000000000000000000000000000000000000000000000000000000000000000000000000000000000000000000000000000000000000000000000000000000000000000000
000000000000000000000000000000000000000000000000000000000000000000000000000000000000000000000000000000000000000000000000000000000000000000000000000000000000000000000000000000000000000000000000000000000000000000000000000000000000000000000000000000000000000000000000000000000000000000000000000000000000
000000000000000000000000000000000000000000000000000000000000000000000000000000000000000000000000000000000000000000000000000000000000000000000000000000000000000000000000000000000000000000000000000000000000000000000000000000000000000000000000000000000000000000000000000000000000000000000000000000000000
000000000000000000000000000000000000000000000000000000000000000000000000000000000000000000000000000000000000000000000000000000000000000000000000000000000000000000000000000000000000000000000000000000000000000000000000000000000000000000000000000000000000000000000000000000000000000000000000000000000000
000000000000000000000000000000000000000000000000000000000000000000000000000000000000000000000000000000000000000000000000000000000000000000000000000000000000000000000000000000000000000000000000000000000000000000000000000000000000000000000000000000000000000000000000000000000000000000000000000000000000
000000000000000000000000000000000000000000000000000000000000000000000000000000000000000000000000000000000000000000000000000000000000000000000000000000000000000000000000000000000000000000000000000000000000000000000000000000000000000000000000000000000000000000000000000000000000000000000000000000000000
000000000000000000000000000000000000000000000000000000000000000000000000000000000000000000000000000000000000000000000000000000000000000000000000000000000000000000000000000000000000000000000000000000000000000000000000000000000000000000000000000000000000000000000000000000000000000000000000000000000000
000000000000000000000000000000000000000000000000000000000000000000000000000000000000000000000000000000000000000000000000000000000000000000000000000000000000000000000000000000000000000000000000000000000000000000000000000000000000000000000000000000000000000000000000000000000000000000000000000000000000
111111111111111111111111111111111111111111111111111111111111111111111111111111111111111111111111111111111111111111111111111111111111111111111111111111111111111111111111111111111111111111111111111111111111111111111111111111111111111111111111111111111111111111111111111111111111111111111111111111111111
111111111111111111111111111111111111111111111111111111111111111111111111111111111111111111111111111100000000000000000000000000000000000000000000000000000000000000000000000000000000000000000000000000000000000000000000000000000000000000000000000000000000000000000000000000000000000000000000000000000000
111111111111111111111111111111111111111111111111111111111111111111111111111111111111111111111111111111111111111111111111111111111111111111111111111111111111111111111111111111111111111111111111111111111111111111111111111111111111111111111111111111111111111111111111111111111111111111111111111111111111
111111111111111111111111111111111111111111111111111111111111111111111111111111111111111111111111111100000000000000000000000000000000000000000000000000000000000000000000000000000000000000000000000000000000000000000000000000000000000000000000000000000000000000000000000000000000000000000000000000000000
111111111111111111111111111111111111111111111111111111111111111111111111111111111111111111111111111100111111111111000011111111111110000111111111111110011111111110000000111111111110000111111111111000000011111111111110001111111111111100011111111111111111111111111000000001111111111000011111111111100001
111111111111111111111111111111111111111111111111111111111111111111111111111111111111111111111111111111000011000000111100000000000001111000010000000001100000000001111111000011100001111000000000000111111100000100000001110000000000000011100000000000000000000000000111111110001110000111100000000000011110
000000000000000000000000000000000000000000000000000000000000000000000000000000000000000000000000000000011100111100000001111111111000000011101111111000001111111100000000011100011100000011111111100000000001111011111000000011111111100000001111111111100000111111110000000001110001110000011111111110000000
111111111111111111111111111111111111111111111111111111111111111111111111111111111111111111111111111111100011000011111110000000000111111100010000000111110000000011111111100011100011111100000000011111111110000100000111111100000000011111110000000000011111000000001111111110001110001111100000000001111111
111111111111111111111111111111111111111111111111111111111111111111111111111111111111111111111111111100001100111000000000111111100000000001101111100000000111111000000000001100011000000001111111000000000000111011100000000011111110000000000111111110000000011111100000000000110001100000001111111000000000
111111111111111111111111111111111111111111111111111111111111111111111111111111111111111111111111111111110111100111111111001110011111111110111100011111111011100111111111110111110111001110111000111110111111001110011111111100010001111111111011110001111111101110011111111111011111011111110011100111111111
111111111111111111111111111111111111111111111111111111111111111111111111111111111111111111111111111100001000011000000000110001100000000001000011100000000100011000000000001001001000110001000111000001000000110001100000000011101110000000000100001110000000010001100000000000100000100000001100011000000000
111111111111111111111111111111111111111111111111111111111111111111111111111111111111111111111111111100110111100111000011001110011110000110111100011110011011100110000000110110110110000110111000111000000011001110011110001100010001111100011011110001111111101110011000000001011111011000010011100111100001
111111111111111111111111111111111111111111111111111111111111111111111111111111111111111111111111111111001000011000111100110001100001111001000011100001100100011001111111001001001001111001000111000111111100110001100001110011101110000011100100001110000000010001100111111110100000100111101100011000011110
111111111111111111111111111111111111111111111111111111111111111111111111111111111111111111111111111100110111100111000011001110011110000110111100011110011011100110000000110110110110000110111000111000000011001110011110001100010001111100011011110001111111101110011000000001011111011000010011100111100001
111111111111111111111111111111111111111111111111111111111111111111111111111111111111111111111111111111001000011000111100110001100001111001000011100001100100011001111111001001001001001001000111000110111100110001100001110011101110000011100100001110000000010001100111111110100000100111101100011000011110
111111111111111111111111111111111111111111111111111111111111111111111111111111111111111111111111111100010111100100000001001110011000000010111100011000001011100100000000010110110100110010111000100001000001001110011000000000010001100000001011110001100000101110010000000001011111010000010011100110000000
111111111111111111111111111111111111111111111111111111111111111111111111111111111111111111111111111111101011011011111110110001100111111101010011100111110100011011111111101011101011001101000111011110111110110101100111111111101110011111110100001110011111010001101111111110101110101111101100011001111111
111111111111111111111111111111111111111111111111111111111111111111111111111111111111111111111111111100010100100100000001001110011000000010101100011000001011100100000000010100010100110010111000100001000001001010011000000000010001100000001011110001100000101110010000000001010001010000010011100110000000
000000000000000000000000000000000000000000000000000000000000000000000000000000000000000000000000000000101011011011000010110001100110000101010011100110010100011010000000101011101010000101000111011000000010110101100110001111101110011100010100001110011111010001101000000000101110101000001100011001100001
111111111111111111111111111111111111111111111111111111111111111111111111111111111111111111111111111111010100100100111101001110011001111010101100011001101011100101111111010101010101001010111000100110111101001010011001110000010001100011101011110001100000101110010111111111010001010111110011100110011110
111111111111111111111111111111111111111111111111111111111111111111111111111111111111111111111111111100101011011011000010110001100110000101010011100110010100011010000000101010101010110101000111011001000010110101100110001111101110011100010100001110011111010001101000000000101110101000001100011001100001
111111111111111111111111111111111111111111111111111111111111111111111111111111111111111111111111111111010100100100111101001110011001111010101100011001101011100101111111010101010101001010111000100110111101001010011001110000010001100011101011110001100000101110010111111111010001010111110011100110011110
111111111111111111111111111111111111111111111111111111111111111111111111111111111111111111111111111100101011011011000010110001100110000101010011100110010100011010000000101010101010110101000111011001000010110101100110001111101110011100010100001110011111010001101000000000101110101000001100011001100001
111111111111111111111111111111111111111111111111111111111111111111111111111111111111111111111111111111010100100100111101001110011001111010101100011001101011100101111111010101010101001010111000100110111101001010011001110000010001100011101011110001100000101110010111111111010001010111110011100110011110
111111111111111111111111111111111111111111111111111111111111111111111111111111111111111111111111111100101111111011000010111111100110000101111111100110010111111010000000101111111010110101111111011001000010111111100110001111111110011100010111111110011111011111101000000000111111101000001111111001100001
111111111111111111111111111111111111111111111111111111111111111111111111111111111111111111111111111100000011010000000000010001000000000001010010000000000000010000000000001010101000000001000110000000000000010101000000000001101100000000000100001000000000010001000000000000001110100000000100010000000000
111111111111111111111111111111111111111111111111111111111111111111111111111111111111111111111111111111010100100100111101001110011001111010101100011001101011100101111111010101010101001010111000100110111101001010011001110000010001100011101011110001100000101110010111111111010001010111110011100110011110
111111111111111111111111111111111111111111111111111111111111111111111111111111111111111111111111111100101011011011000010110001100110000101010011100110010100011010000000101010101010110101000111011001000010110101100110001111101110011100010100001110011111010001101000000000101110101000001100011001100001
111111111111111111111111111111111111111111111111111111111111111111111111111111111111111111111111111111010100100100111101001110011001111010101100011001101011100101111111010101010101001010111000100110111101001010011001110000010001100011101011110001100000101110010111111111010001010111110011100110011110
111111111111111111111111111111111111111111111111111111111111111111111111111111111111111111111111111100101011011011000010110001100110000101010011100110010100011010000000101010101010110101000111011001000010110101100110001111101110011100010100001110011111010001101000000000101110101000001100011001100001
111111111111111111111111111111111111111111111111111111111111111111111111111111111111111111111111111111010100100100111101001110011001111010101100011001101011100101111111010101010101001010111000100110111101001010011001110000010001100011101011110001100000101110010111111111010001010111110011100110011110
000000000000000000000000000000000000000000000000000000000000000000000000000000000000000000000000000000101011011011000010110001100110000101010011100110010100011010000000101010101010000101000111011000000010110101100110001111101110011100010100001110011111010001101000000000101110101000001100011001100001
111111111111111111111111111111111111111111111111111111111111111111111111111111111111111111111111111100010100100100000001001110011000000010101100011000001011100100000000010101010100110010111000100001000001001010011000000000010001100000001011110001100000101110010000000001010001010000010011100110000000
111111111111111111111111111111111111111111111111111111111111111111111111111111111111111111111111111111101011011011111110110001100111111101010011100111110100011011111111101011101011001101000111011110111110110101100111111111101110011111110100001110011111010001101111111110101110101111101100011001111111
111111111111111111111111111111111111111111111111111111111111111111111111111111111111111111111111111100010111100100000001001110011000000010111100011000001011100100000000010110110100110010111000100001000001001110011000000000010001100000001011110001100000101110010000000001011111010000010011100110000000
111111111111111111111111111111111111111111111111111111111111111111111111111111111111111111111111111111001000011000111100110001100001111001000011100001100100011001111111001001001001001001000111000110111100110001100001110011101110000011100100001110000000010001100111111110100000100111101100011000011110
111111111111111111111111111111111111111111111111111111111111111111111111111111111111111111111111111100110111100111000011001110011110000110111100011110011011100110000000110110110110000110111000111000000011001110011110001100010001111100011011110001111111101110011000000001011111011000010011100111100001
111111111111111111111111111111111111111111111111111111111111111111111111111111111111111111111111111111001000011000111100110001100001111001000011100001100100011001111111001001001001111001000111000111111100110001100001110011101110000011100100001110000000010001100111111110100000100111101100011000011110
111111111111111111111111111111111111111111111111111111111111111111111111111111111111111111111111111100110111100111000011001110011110000110111100011110011011100110000000110111110110000110111000111000000011001110011110001100010001111100011011110001111111101110011000000001011111011000010011100111100001
111111111111111111111111111111111111111111111111111111111111111111111111111111111111111111111111111100001000011000000000110001100000000001000011100000000100011000000000001000001000110001000111000001000000110001100000000011101110000000000100001110000000010001100000000000100000100000001100011000000000
111111111111111111111111111111111111111111111111111111111111111111111111111111111111111111111111111111110111100111111111001110011111111110111100011111111011100111111111110111110111001110111000111110111111001110011111111100010001111111111011110001111111101110011111111111011111011111110011100111111111
111111111111111111111111111111111111111111111111111111111111111111111111111111111111111111111111111100001100111000000000111111100000000001101111100000000111111000000000001100011000000001111111000000000000111011100000000011111110000000000111111110000000011111100000000000110001100000001111111000000000
111111111111111111111111111111111111111111111111111111111111111111111111111111111111111111111111111111100011000011111110000000000111111100010000000111110000000011111111100011100011111100000000011111111110000100000111111100000000011111110000000000011111000000001111111110001110001111100000000001111111
000000000000000000000000000000000000000000000000000000000000000000000000000000000000000000000000000000011100111100000001111111111000000011101111111000001111111100000000011100011100000011111111100000000001111011111000000011111111100000001111111111100000111111110000000001110001110000011111111110000000
111111111111111111111111111111111111111111111111111111111111111111111111111111111111111111111111111111000011000000111100000000000001111000010000000001100000000001111111000011100001111000000000000111111100000100000001110000000000000011100000000000000000000000000111111110001110000111100000000000011110
111111111111111111111111111111111111111111111111111111111111111111111111111111111111111111111111111100111111111111000011111111111110000111111111111110011111111110000000111110111110000111111111111000000011111111111110001111111111111100011111111111111111111111111000000001111111111000011111111111100001
111111111111111111111111111111111111111111111111111111111111111111111111111111111111111111111111111100000000000000000000000000000000000000000000000000000000000000000000000001000000000000000000000000000000000000000000000000000000000000000000000000000000000000000000000000000000000000000000000000000000
111111111111111111111111111111111111111111111111111111111111111111111111111111111111111111111111111111111111111111111111111111111111111111111111111111111111111111111111111111111111111111111111111111111111111111111111111111111111111111111111111111111111111111111111111111111111111111111111111111111111
111111111111111111111111111111111111111111111111111111111111111111111111111111111111111111111111111100000000000000000000000000000000000000000000000000000000000000000000000000000000000000000000000000000000000000000000000000000000000000000000000000000000000000000000000000000000000000000000000000000000
111111111111111111111111111111111111111111111111111111111111111111111111111111111111111111111111111111111111111111111111111111111111111111111111111111111111111111111111111111111111111111111111111111111111111111111111111111111111111111111111111111111111111111111111111111111111111111111111111111111111
000000000000000000000000000000000000000000000000000000000000000000000000000000000000000000000000000000000000000000000000000000000000000000000000000000000000000000000000000000000000000000000000000000000000000000000000000000000000000000000000000000000000000000000000000000000000000000000000000000000000
000000000000000000000000000000000000000000000000000000000000000000000000000000000000000000000000000000000000000000000000000000000000000000000000000000000000000000000000000000000000000000000000000000000000000000000000000000000000000000000000000000000000000000000000000000000000000000000000000000000000
000000000000000000000000000000000000000000000000000000000000000000000000000000000000000000000000000000000000000000000000000000000000000000000000000000000000000000000000000000000000000000000000000000000000000000000000000000000000000000000000000000000000000000000000000000000000000000000000000000000000
000000000000000000000000000000000000000000000000000000000000000000000000000000000000000000000000000000000000000000000000000000000000000000000000000000000000000000000000000000000000000000000000000000000000000000000000000000000000000000000000000000000000000000000000000000000000000000000000000000000000
000000000000000000000000000000000000000000000000000000000000000000000000000000000000000000000000000000000000000000000000000000000000000000000000000000000000000000000000000000000000000000000000000000000000000000000000000000000000000000000000000000000000000000000000000000000000000000000000000000000000
000000000000000000000000000000000000000000000000000000000000000000000000000000000000000000000000000000000000000000000000000000000000000000000000000000000000000000000000000000000000000000000000000000000000000000000000000000000000000000000000000000000000000000000000000000000000000000000000000000000000
000000000000000000000000000000000000000000000000000000000000000000000000000000000000000000000000000000000000000000000000000000000000000000000000000000000000000000000000000000000000000000000000000000000000000000000000000000000000000000000000000000000000000000000000000000000000000000000000000000000000
000000000000000000000000000000000000000000000000000000000000000000000000000000000000000000000000000000000000000000000000000000000000000000000000000000000000000000000000000000000000000000000000000000000000000000000000000000000000000000000000000000000000000000000000000000000000000000000000000000000000
000000000000000000000000000000000000000000000000000000000000000000000000000000000000000000000000000000000000000000000000000000000000000000000000000000000000000000000000000000000000000000000000000000000000000000000000000000000000000000000000000000000000000000000000000000000000000000000000000000000000
000000000000000000000000000000000000000000000000000000000000000000000000000000000000000000000000000000000000000000000000000000000000000000000000000000000000000000000000000000000000000000000000000000000000000000000000000000000000000000000000000000000000000000000000000000000000000000000000000000000000
111111111111111111111111111111111111111111111111111111111111111111111111111111111111111111111111111111111111111111111111111111111111111111111111111111111111111111111111111111111111111111111111111111111111111111111111111111111111111111111111111111111111111111111111111111111111111111111111111111111111
111111111111111111111111111111111111111111111111111111111111111111111111111111111111111111111111111100000000000000000000000000000000000000000000000000000000000000000000000000000000000000000000000000000000000000000000000000000000000000000000000000000000000000000000000000000000000000000000000000000000
111111111111111111111111111111111111111111111111111111111111111111111111111111111111111111111111111111111111111111111111111111111111111111111111111111111111111111111111111111111111111111111111111111111111111111111111111111111111111111111111111111111111111111111111111111111111111111111111111111111111
111111111111111111111111111111111111111111111111111111111111111111111111111111111111111111111111111100000000000000000000000000000000000000000000000000000000000000000000000000000000000000000000000000000000000000000000000000000000000000000000000000000000000000000000000000000000000000000000000000000000
111111111111111111111111111111111111111111111111111111111111111111111111111111111111111111111111111111111111110011111111111100001111111111111000011111111111111001111111111000000011111111111000011111111111111110001111111111111000111111111111110001111111111111111111111111100000000111111111100001111111
111111111111111111111111111111111111111111111111111111111111111111111111111111111111111111111111111111000000001100001100000011110000000000000111100001000000000110000000000111111100001110000111100000001100000001110000010000000111000000000000001110000000000000000000000000011111111000111000011110000000
000000000000000000000000000000000000000000000000000000000000000000000000000000000000000000000000000000111110000001110011110000000111111111100000001110111111100000111111110000000001110001110000001111110011111000000111101111100000001111111110000000111111111110000011111111000000000111000111000001111111
111111111111111111111111111111111111111111111111111111111111111111111111111111111111111111111111111111000001111110001100001111111000000000011111110001000000011111000000001111111110001110001111110000001100000111111000010000011111110000000001111111000000000001111100000000111111111000111000111110000000
111111111111111111111111111111111111111111111111111111111111111111111111111111111111111111111111111100111000000000110011100000000011111110000000000110111110000000011111100000000000110001100000000111110011100000000011101110000000001111111000000000011111111000000001111110000000000011000110000000111111
111111111111111111111111111111111111111111111111111111111111111111111111111111111111111111111111111111100111111111011110011111111100111001111111111011110001111111101110011111111111011111011100111011101110011111111100111001111111110001000111111111101111000111111110111001111111111101111101111111001110
111111111111111111111111111111111111111111111111111111111111111111111111111111111111111111111111111100011000000000100001100000000011000110000000000100001110000000010001100000000000100100100011000100010001100000000011000110000000001110111000000000010000111000000001000110000000000010000010000000110001
111111111111111111111111111111111111111111111111111111111111111111111111111111111111111111111111111111100111110011011110011100001100111001111000011011110001111001101110011000000011011011011000011011101110011110001100111001111000110001000111110001101111000111111110111001100000000101111101100001001110
111111111111111111111111111111111111111111111111111111111111111111111111111111111111111111111111111100011000001100100001100011110011000110000111100100001110000110010001100111111100100100100111100100010001100001110011000110000111001110111000001110010000111000000001000110011111111010000010011110110001
111111111111111111111111111111111111111111111111111111111111111111111111111111111111111111111111111111100111110011011110011100001100111001111000011011110001111001101110011000000011011011011000011011101110011110001100111001111000110001000111110001101111000111111110111001100000000101111101100001001110
111111111111111111111111111111111111111111111111111111111111111111111111111111111111111111111111111100011000001100100001100011110011000110000111100100001110000110010001100111111100100100100100100100010001100001110011000110000111001110111000001110010000111000000001000110011111111010000010011110110001
111111111111111111111111111111111111111111111111111111111111111111111111111111111111111111111111111111100110000001011110010000000100111001100000001011110001100000101110010000000001011011010011001011101110011000000100111001100000000001000110000000101111000110000010111001000000000101111101000001001110
111111111111111111111111111111111111111111111111111111111111111111111111111111111111111111111111111111011001111110101101101111111011000110011111110101001110011111010001101111111110101110101100110100011101100111111011010110011111111110111001111111010000111001111101000110111111111010111010111110110001
111111111111111111111111111111111111111111111111111111111111111111111111111111111111111111111111111100100110000001010010010000000100111001100000001010110001100000101110010000000001010001010011001011100010011000000100101001100000000001000110000000101111000110000010111001000000000101000101000001001110
000000000000000000000000000000000000000000000000000000000000000000000000000000000000000000000000000011011001110010101101101100001011000110011000010101001110011001010001101000000010101110101000010100011101100110001011010110011000111110111001110001010000111001111101000110100000000010111010100000110001
111111111111111111111111111111111111111111111111111111111111111111111111111111111111111111111111111100100110001101010010010011110100111001100111101010110001100110101110010111111101010101010100101011100010011001110100101001100111000001000110001110101111000110000010111001011111111101000101011111001110
111111111111111111111111111111111111111111111111111111111111111111111111111111111111111111111111111111011001110010101101101100001011000110011000010101001110011001010001101000000010101010101011010100011101100110001011010110011000111110111001110001010000111001111101000110100000000010111010100000110001
111111111111111111111111111111111111111111111111111111111111111111111111111111111111111111111111111100100110001101010010010011110100111001100111101010110001100110101110010111111101010101010100101011100010011001110100101001100111000001000110001110101111000110000010111001011111111101000101011111001110
111111111111111111111111111111111111111111111111111111111111111111111111111111111111111111111111111111011001110010101101101100001011000110011000010101001110011001010001101000000010101010101011010100011101100110001011010110011000111110111001110001010000111001111101000110100000000010111010100000110001
111111111111111111111111111111111111111111111111111111111111111111111111111111111111111111111111111100100110001101010010010011110100111001100111101010110001100110101110010111111101010101010100101011100010011001110100101001100111000001000110001110101111000110000010111001011111111101000101011111001110
111111111111111111111111111111111111111111111111111111111111111111111111111111111111111111111111111111111001110010111111101100001011111110011000010111111110011001011111101000000010111111101011010111111111100110001011111110011000111111111001110001011111111001111101111110100000000011111110100000111111
111111111111111111111111111111111111111111111111111111111111111111111111111111111111111111111111111111010000000000001101000000000001000100000000000101001000000000000001000000000000101010100000000100011101000000000001010100000000000110110000000000010000100000000001000100000000000000111010000000010001
111111111111111111111111111111111111111111111111111111111111111111111111111111111111111111111111111100100110001101010010010011110100111001100111101010110001100110101110010111111101010101010100101011100010011001110100101001100111000001000110001110101111000110000010111001011111111101000101011111001110
111111111111111111111111111111111111111111111111111111111111111111111111111111111111111111111111111111011001110010101101101100001011000110011000010101001110011001010001101000000010101010101011010100011101100110001011010110011000111110111001110001010000111001111101000110100000000010111010100000110001
111111111111111111111111111111111111111111111111111111111111111111111111111111111111111111111111111100100110001101010010010011110100111001100111101010110001100110101110010111111101010101010100101011100010011001110100101001100111000001000110001110101111000110000010111001011111111101000101011111001110
111111111111111111111111111111111111111111111111111111111111111111111111111111111111111111111111111111011001110010101101101100001011000110011000010101001110011001010001101000000010101010101011010100011101100110001011010110011000111110111001110001010000111001111101000110100000000010111010100000110001
111111111111111111111111111111111111111111111111111111111111111111111111111111111111111111111111111100100110001101010010010011110100111001100111101010110001100110101110010111111101010101010100101011100010011001110100101001100111000001000110001110101111000110000010111001011111111101000101011111001110
000000000000000000000000000000000000000000000000000000000000000000000000000000000000000000000000000011011001110010101101101100001011000110011000010101001110011001010001101000000010101010101000010100011101100110001011010110011000111110111001110001010000111001111101000110100000000010111010100000110001
111111111111111111111111111111111111111111111111111111111111111111111111111111111111111111111111111100100110000001010010010000000100111001100000001010110001100000101110010000000001010101010011001011100010011000000100101001100000000001000110000000101111000110000010111001000000000101000101000001001110
111111111111111111111111111111111111111111111111111111111111111111111111111111111111111111111111111111011001111110101101101111111011000110011111110101001110011111010001101111111110101110101100110100011101100111111011010110011111111110111001111111010000111001111101000110111111111010111010111110110001
111111111111111111111111111111111111111111111111111111111111111111111111111111111111111111111111111111100110000001011110010000000100111001100000001011110001100000101110010000000001011011010011001011101110011000000100111001100000000001000110000000101111000110000010111001000000000101111101000001001110
111111111111111111111111111111111111111111111111111111111111111111111111111111111111111111111111111100011000001100100001100011110011000110000111100100001110000110010001100111111100100100100100100100010001100001110011000110000111001110111000001110010000111000000001000110011111111010000010011110110001
111111111111111111111111111111111111111111111111111111111111111111111111111111111111111111111111111111100111110011011110011100001100111001111000011011110001111001101110011000000011011011011000011011101110011110001100111001111000110001000111110001101111000111111110111001100000000101111101100001001110
111111111111111111111111111111111111111111111111111111111111111111111111111111111111111111111111111100011000001100100001100011110011000110000111100100001110000110010001100111111100100100100111100100010001100001110011000110000111001110111000001110010000111000000001000110011111111010000010011110110001
111111111111111111111111111111111111111111111111111111111111111111111111111111111111111111111111111111100111110011011110011100001100111001111000011011110001111001101110011000000011011111011000011011101110011110001100111001111000110001000111110001101111000111111110111001100000000101111101100001001110
111111111111111111111111111111111111111111111111111111111111111111111111111111111111111111111111111100011000000000100001100000000011000110000000000100001110000000010001100000000000100000100011000100010001100000000011000110000000001110111000000000010000111000000001000110000000000010000010000000110001
111111111111111111111111111111111111111111111111111111111111111111111111111111111111111111111111111111100111111111011110011111111100111001111111111011110001111111101110011111111111011111011100111011101110011111111100111001111111110001000111111111101111000111111110111001111111111101111101111111001110
111111111111111111111111111111111111111111111111111111111111111111111111111111111111111111111111111100111000000000110011100000000011111110000000000110111110000000011111100000000000110001100000000111110011100000000011101110000000001111111000000000011111111000000001111110000000000011000110000000111111
111111111111111111111111111111111111111111111111111111111111111111111111111111111111111111111111111111000001111110001100001111111000000000011111110001000000011111000000001111111110001110001111110000001100000111111000010000011111110000000001111111000000000001111100000000111111111000111000111110000000
000000000000000000000000000000000000000000000000000000000000000000000000000000000000000000000000000000111110000001110011110000000111111111100000001110111111100000111111110000000001110001110000001111110011111000000111101111100000001111111110000000111111111110000011111111000000000111000111000001111111
111111111111111111111111111111111111111111111111111111111111111111111111111111111111111111111111111111000000001100001100000011110000000000000111100001000000000110000000000111111100001110000111100000001100000001110000010000000111000000000000001110000000000000000000000000011111111000111000011110000000
111111111111111111111111111111111111111111111111111111111111111111111111111111111111111111111111111111111111110011111111111100001111111111111000011111111111111001111111111000000011111011111000011111111111111110001111111111111000111111111111110001111111111111111111111111100000000111111111100001111111
111111111111111111111111111111111111111111111111111111111111111111111111111111111111111111111111111100000000000000000000000000000000000000000000000000000000000000000000000000000000000100000000000000000000000000000000000000000000000000000000000000000000000000000000000000000000000000000000000000000000
111111111111111111111111111111111111111111111111111111111111111111111111111111111111111111111111111111111111111111111111111111111111111111111111111111111111111111111111111111111111111111111111111111111111111111111111111111111111111111111111111111111111111111111111111111111111111111111111111111111111
111111111111111111111111111111111111111111111111111111111111111111111111111111111111111111111111111100000000000000000000000000000000000000000000000000000000000000000000000000000000000000000000000000000000000000000000000000000000000000000000000000000000000000000000000000000000000000000000000000000000
111111111111111111111111111111111111111111111111111111111111111111111111111111111111111111111111111111111111111111111111111111111111111111111111111111111111111111111111111111111111111111111111111111111111111111111111111111111111111111111111111111111111111111111111111111111111111111111111111111111111
000000000000000000000000000000000000000000000000000000000000000000000000000000000000000000000000000000000000000000000000000000000000000000000000000000000000000000000000000000000000000000000000000000000000000000000000000000000000000000000000000000000000000000000000000000000000000000000000000000000000
000000000000000000000000000000000000000000000000000000000000000000000000000000000000000000000000000000000000000000000000000000000000000000000000000000000000000000000000000000000000000000000000000000000000000000000000000000000000000000000000000000000000000000000000000000000000000000000000000000000000
000000000000000000000000000000000000000000000000000000000000000000000000000000000000000000000000000000000000000000000000000000000000000000000000000000000000000000000000000000000000000000000000000000000000000000000000000000000000000000000000000000000000000000000000000000000000000000000000000000000000
000000000000000000000000000000000000000000000000000000000000000000000000000000000000000000000000000000000000000000000000000000000000000000000000000000000000000000000000000000000000000000000000000000000000000000000000000000000000000000000000000000000000000000000000000000000000000000000000000000000000
000000000000000000000000000000000000000000000000000000000000000000000000000000000000000000000000000000000000000000000000000000000000000000000000000000000000000000000000000000000000000000000000000000000000000000000000000000000000000000000000000000000000000000000000000000000000000000000000000000000000
000000000000000000000000000000000000000000000000000000000000000000000000000000000000000000000000000000000000000000000000000000000000000000000000000000000000000000000000000000000000000000000000000000000000000000000000000000000000000000000000000000000000000000000000000000000000000000000000000000000000
000000000000000000000000000000000000000000000000000000000000000000000000000000000000000000000000000000000000000000000000000000000000000000000000000000000000000000000000000000000000000000000000000000000000000000000000000000000000000000000000000000000000000000000000000000000000000000000000000000000000
000000000000000000000000000000000000000000000000000000000000000000000000000000000000000000000000000000000000000000000000000000000000000000000000000000000000000000000000000000000000000000000000000000000000000000000000000000000000000000000000000000000000000000000000000000000000000000000000000000000000
000000000000000000000000000000000000000000000000000000000000000000000000000000000000000000000000000000000000000000000000000000000000000000000000000000000000000000000000000000000000000000000000000000000000000000000000000000000000000000000000000000000000000000000000000000000000000000000000000000000000
000000000000000000000000000000000000000000000000000000000000000000000000000000000000000000000000000000000000000000000000000000000000000000000000000000000000000000000000000000000000000000000000000000000000000000000000000000000000000000000000000000000000000000000000000000000000000000000000000000000000
111111111111111111111111111111111111111111111111111111111111111111111111111111111111111111111111111111111111111111111111111111111111111111111111111111111111111111111111111111111111111111111111111111111111111111111111111111111111111111111111111111111111111111111111111111111111111111111111111111111111
111111111111111111111111111111111111111111111111111111111111111111111111111111111111111111111111111100000000000000000000000000000000000000000000000000000000000000000000000000000000000000000000000000000000000000000000000000000000000000000000000000000000000000000000000000000000000000000000000000000000
111111111111111111111111111111111111111111111111111111111111111111111111111111111111111111111111111111110111111111111111111111111111111111111111111111111111111111111111111111111111111111111111111111111111111111111111111111111111111111111111111111111111111111111111111111111111111111111111111111111111
111111111111111111111111111111111111111111111111111111111111111111111111111111111111111111111111111100001000000000000000000000000000000000000000000000000000000000000000000000000000000000000000000000000000000000000000000000000000000000000000000000000000000000000000000000000000000000000000000000000000
111111111111111111111111111111111111111111111111111111111111111111111111111111111111111111111111111100000001111111111111001111111111110000111111111111100001111111111111100111111111100000001111111111101000000111111111111000111111111111100011111111111111000111111111111111111111111110000000011111111110
111111111111111111111111111111111111111111111111111111111111111111111111111111111111111111111111111111111110001100000000110000110000001111000000000000011110000100000000011000000000011111110000111000010111111000110000000111000001000000011100000000000000111000000000000000000000000001111111100011100001
000000000000000000000000000000000000000000000000000000000000000000000000000000000000000000000000000000000001110011111000000111001111000000011111111110000000111011111110000011111111000000000111000111000000000111001111100000011110111110000000111111111000000011111111111000001111111100000000011100011100
111111111111111111111111111111111111111111111111111111111111111111111111111111111111111111111111111111110110001100000111111000110000111111100000000001111111000100000001111100000000111111111000111000111111111000110000011111100001000001111111000000000111111100000000000111110000000011111111100011100011
111111111111111111111111111111111111111111111111111111111111111111111111111111111111111111111111111100001000110011100000000011001110000000001111111000000000011011111000000001111110000000000011000110000000000011001110000000001110111000000000111111100000000001111111100000000111111000000000001100011000
111111111111111111111111111111111111111111111111111111111111111111111111111111111111111111111111111111000011011110011111111101111001111111110011100111111111101111000111111110111001111111111101111101111110001101111001111111110011100111111111000100011111111110111100011111111011100111111111110111110111
111111111111111111111111111111111111111111111111111111111111111111111111111111111111111111111111111100111100100001100000000010000110000000001100011000000000010000111000000001000110000000000010010010000001110010000110000000001100011000000000111011100000000001000011100000000100011000000000001000001000
111111111111111111111111111111111111111111111111111111111111111111111111111111111111111111111111111100000001011110011111001101111001110000110011100111100001101111000111100110111001100000001101101101101000000101111001111000110011100111100011000100011111000110111100011111111011100110000000010111110110
111111111111111111111111111111111111111111111111111111111111111111111111111111111111111111111111111111110110100001100000110010000110001111001100011000011110010000111000011001000110011111110010010010010111111010000110000111001100011000011100111011100000111001000011100000000100011001111111101000001001
111111111111111111111111111111111111111111111111111111111111111111111111111111111111111111111111111100001001011110011111001101111001110000110011100111100001101111000111100110111001100000001101101101101000000101111001111000110011100111100011000100011111000110111100011111111011100110000000010111110110
111111111111111111111111111111111111111111111111111111111111111111111111111111111111111111111111111111000010100001100000110010000110001111001100011000011110010000111000011001000110011111110010010010010110001010000110000111001100011000011100111011100000111001000011100000000100011001111111101000001001
111111111111111111111111111111111111111111111111111111111111111111111111111111111111111111111111111100111101011110011000000101111001000000010011100110000000101111000110000010111001000000000101101101000001110101111001100000010011100110000000000100011000000010111100011000001011100100000000010111110100
111111111111111111111111111111111111111111111111111111111111111111111111111111111111111111111111111111000010101101100111111010110110111111101100011001111111010100111001111101000110111111111010111010111110001010110110011111101101011001111111111011100111111101000011100111110100011011111111101011101011
111111111111111111111111111111111111111111111111111111111111111111111111111111111111111111111111111100110101010010011000000101001001000000010011100110000000101011000110000010111001000000000101000101000001110101001001100000010010100110000000000100011000000010111100011000001011100100000000010100010100
000000000000000000000000000000000000000000000000000000000000000000000000000000000000000000000000000000001000101101100111001010110110110000101100011001100001010100111001100101000110100000001010111010101000000010110110011000101101011001100011111011100111000101000011100111110100011010000000001011101010
111111111111111111111111111111111111111111111111111111111111111111111111111111111111111111111111111111000011010010011000110101001001001111010011100110011110101011000110011010111001011111110101010101010110001101001001100111010010100110011100000100011000111010111100011000001011100101111111110100010101
111111111111111111111111111111111111111111111111111111111111111111111111111111111111111111111111111100110100101101100111001010110110110000101100011001100001010100111001100101000110100000001010101010101001110010110110011000101101011001100011111011100111000101000011100111110100011010000000001011101010
111111111111111111111111111111111111111111111111111111111111111111111111111111111111111111111111111111001011010010011000110101001001001111010011100110011110101011000110011010111001011111110101010101010110001101001001100111010010100110011100000100011000111010111100011000001011100101111111110100010101
111111111111111111111111111111111111111111111111111111111111111111111111111111111111111111111111111100110100101101100111001010110110110000101100011001100001010100111001100101000110100000001010101010101001110010110110011000101101011001100011111011100111000101000011100111110100011010000000001011101010
111111111111111111111111111111111111111111111111111111111111111111111111111111111111111111111111111111001011010010011000110101001001001111010011100110011110101011000110011010111001011111110101010101010110001101001001100111010010100110011100000100011000111010111100011000001011100101111111110100010101
111111111111111111111111111111111111111111111111111111111111111111111111111111111111111111111111111100110100111111100111001011111110110000101111111001100001011111111001100101111110100000001011111110101001110011111110011000101111111001100011111111100111000101111111100111110111111010000000001111111010
111111111111111111111111111111111111111111111111111111111111111111111111111111111111111111111111111100000000001101000000000000110100000000000100010000000000010100100000000000000100000000000010101010000000000000110100000000000101010000000000011011000000000001000010000000000100010000000000000011101000
111111111111111111111111111111111111111111111111111111111111111111111111111111111111111111111111111111001011010010011000110101001001001111010011100110011110101011000110011010111001011111110101010101010110001101001001100111010010100110011100000100011000111010111100011000001011100101111111110100010101
111111111111111111111111111111111111111111111111111111111111111111111111111111111111111111111111111100110100101101100111001010110110110000101100011001100001010100111001100101000110100000001010101010101001110010110110011000101101011001100011111011100111000101000011100111110100011010000000001011101010
111111111111111111111111111111111111111111111111111111111111111111111111111111111111111111111111111111001011010010011000110101001001001111010011100110011110101011000110011010111001011111110101010101010110001101001001100111010010100110011100000100011000111010111100011000001011100101111111110100010101
111111111111111111111111111111111111111111111111111111111111111111111111111111111111111111111111111100110100101101100111001010110110110000101100011001100001010100111001100101000110100000001010101010101001110010110110011000101101011001100011111011100111000101000011100111110100011010000000001011101010
111111111111111111111111111111111111111111111111111111111111111111111111111111111111111111111111111111000011010010011000110101001001001111010011100110011110101011000110011010111001011111110101010101010110001101001001100111010010100110011100000100011000111010111100011000001011100101111111110100010101
000000000000000000000000000000000000000000000000000000000000000000000000000000000000000000000000000000001000101101100111001010110110110000101100011001100001010100111001100101000110100000001010101010101000000010110110011000101101011001100011111011100111000101000011100111110100011010000000001011101010
111111111111111111111111111111111111111111111111111111111111111111111111111111111111111111111111111100110101010010011000000101001001000000010011100110000000101011000110000010111001000000000101010101000001110101001001100000010010100110000000000100011000000010111100011000001011100100000000010100010100
111111111111111111111111111111111111111111111111111111111111111111111111111111111111111111111111111111000010101101100111111010110110111111101100011001111111010100111001111101000110111111111010111010111110001010110110011111101101011001111111111011100111111101000011100111110100011011111111101011101011
111111111111111111111111111111111111111111111111111111111111111111111111111111111111111111111111111100111101011110011000000101111001000000010011100110000000101111000110000010111001000000000101101101000001110101111001100000010011100110000000000100011000000010111100011000001011100100000000010111110100
111111111111111111111111111111111111111111111111111111111111111111111111111111111111111111111111111111000010100001100000110010000110001111001100011000011110010000111000011001000110011111110010010010010110001010000110000111001100011000011100111011100000111001000011100000000100011001111111101000001001
111111111111111111111111111111111111111111111111111111111111111111111111111111111111111111111111111100001001011110011111001101111001110000110011100111100001101111000111100110111001100000001101101101101000000101111001111000110011100111100011000100011111000110111100011111111011100110000000010111110110
111111111111111111111111111111111111111111111111111111111111111111111111111111111111111111111111111111110110100001100000110010000110001111001100011000011110010000111000011001000110011111110010010010010111111010000110000111001100011000011100111011100000111001000011100000000100011001111111101000001001
111111111111111111111111111111111111111111111111111111111111111111111111111111111111111111111111111100000001011110011111001101111001110000110011100111100001101111000111100110111001100000001101111101101000000101111001111000110011100111100011000100011111000110111100011111111011100110000000010111110110
111111111111111111111111111111111111111111111111111111111111111111111111111111111111111111111111111100111100100001100000000010000110000000001100011000000000010000111000000001000110000000000010000010000001110010000110000000001100011000000000111011100000000001000011100000000100011000000000001000001000
111111111111111111111111111111111111111111111111111111111111111111111111111111111111111111111111111111000011011110011111111101111001111111110011100111111111101111000111111110111001111111111101111101111110001101111001111111110011100111111111000100011111111110111100011111111011100111111111110111110111
111111111111111111111111111111111111111111111111111111111111111111111111111111111111111111111111111100001000110011100000000011001110000000001111111000000000011011111000000001111110000000000011000110000000000011001110000000001110111000000000111111100000000001111111100000000111111000000000001100011000
111111111111111111111111111111111111111111111111111111111111111111111111111111111111111111111111111111110110001100000111111000110000111111100000000001111111000100000001111100000000111111111000111000111111111000110000011111100001000001111111000000000111111100000000000111110000000011111111100011100011
000000000000000000000000000000000000000000000000000000000000000000000000000000000000000000000000000000000001110011111000000111001111000000011111111110000000111011111110000011111111000000000111000111000000000111001111100000011110111110000000111111111000000011111111111000001111111100000000011100011100
111111111111111111111111111111111111111111111111111111111111111111111111111111111111111111111111111111111110001100000000110000110000001111000000000000011110000100000000011000000000011111110000111000010111111000110000000111000001000000011100000000000000111000000000000000000000000001111111100011100001
111111111111111111111111111111111111111111111111111111111111111111111111111111111111111111111111111100000001111111111111001111111111110000111111111111100001111111111111100111111111100000001111101111101000000111111111111000111111111111100011111111111111000111111111111111111111111110000000011111111110
111111111111111111111111111111111111111111111111111111111111111111111111111111111111111111111111111100001000000000000000000000000000000000000000000000000000000000000000000000000000000000000000010000000000000000000000000000000000000000000000000000000000000000000000000000000000000000000000000000000000
111111111111111111111111111111111111111111111111111111111111111111111111111111111111111111111111111111110111111111111111111111111111111111111111111111111111111111111111111111111111111111111111111111111111111111111111111111111111111111111111111111111111111111111111111111111111111111111111111111111111
111111111111111111111111111111111111111111111111111111111111111111111111111111111111111111111111111100000000000000000000000000000000000000000000000000000000000000000000000000000000000000000000000000000000000000000000000000000000000000000000000000000000000000000000000000000000000000000000000000000000
111111111111111111111111111111111111111111111111111111111111111111111111111111111111111111111111111111111111111111111111111111111111111111111111111111111111111111111111111111111111111111111111111111111111111111111111111111111111111111111111111111111111111111111111111111111111111111111111111111111111
000000000000000000000000000000000000000000000000000000000000000000000000000000000000000000000000000000000000000000000000000000000000000000000000000000000000000000000000000000000000000000000000000000000000000000000000000000000000000000000000000000000000000000000000000000000000000000000000000000000000
000000000000000000000000000000000000000000000000000000000000000000000000000000000000000000000000000000000000000000000000000000000000000000000000000000000000000000000000000000000000000000000000000000000000000000000000000000000000000000000000000000000000000000000000000000000000000000000000000000000000
000000000000000000000000000000000000000000000000000000000000000000000000000000000000000000000000000000000000000000000000000000000000000000000000000000000000000000000000000000000000000000000000000000000000000000000000000000000000000000000000000000000000000000000000000000000000000000000000000000000000
000000000000000000000000000000000000000000000000000000000000000000000000000000000000000000000000000000000000000000000000000000000000000000000000000000000000000000000000000000000000000000000000000000000000000000000000000000000000000000000000000000000000000000000000000000000000000000000000000000000000
000000000000000000000000000000000000000000000000000000000000000000000000000000000000000000000000000000000000000000000000000000000000000000000000000000000000000000000000000000000000000000000000000000000000000000000000000000000000000000000000000000000000000000000000000000000000000000000000000000000000
000000000000000000000000000000000000000000000000000000000000000000000000000000000000000000000000000000000000000000000000000000000000000000000000000000000000000000000000000000000000000000000000000000000000000000000000000000000000000000000000000000000000000000000000000000000000000000000000000000000000
000000000000000000000000000000000000000000000000000000000000000000000000000000000000000000000000000000000000000000000000000000000000000000000000000000000000000000000000000000000000000000000000000000000000000000000000000000000000000000000000000000000000000000000000000000000000000000000000000000000000
000000000000000000000000000000000000000000000000000000000000000000000000000000000000000000000000000000000000000000000000000000000000000000000000000000000000000000000000000000000000000000000000000000000000000000000000000000000000000000000000000000000000000000000000000000000000000000000000000000000000
000000000000000000000000000000000000000000000000000000000000000000000000000000000000000000000000000000000000000000000000000000000000000000000000000000000000000000000000000000000000000000000000000000000000000000000000000000000000000000000000000000000000000000000000000000000000000000000000000000000000
000000000000000000000000000000000000000000000000000000000000000000000000000000000000000000000000000000000000000000000000000000000000000000000000000000000000000000000000000000000000000000000000000000000000000000000000000000000000000000000000000000000000000000000000000000000000000000000000000000000000
111111111111111111111111111111111111111111111111111111111111111111111111111111111111111111111111111111111111111111111111111111111111111111111111111111111111111111111111111111111111111111111111111111111111111111111111111111111111111111111111111111111111111111111111111111111111111111111111111111111111
111111111111111111111111111111111111111111111111111111111111111111111111111111111111111111111111111100000000000000000000000000000000000000000000000000000000000000000000000000000000000000000000000000000000000000000000000000000000000000000000000000000000000000000000000000000000000000000000000000000000
111111111111111111111111111111111111111111111111111111111111111111111111111111111111111111111111111111111111111111011111111111111111111111111111111111111111111111111111111111111111111111111111111111111111111111111111111111111111111111111111111111111111111111111111111111111111111111111111111111111111
111111111111111111111111111111111111111111111111111111111111111111111111111111111111111111111111111100000000000000100000000000000000000000000000000000000000000000000000000000000000000000000000000000000000000000000000000000000000000000000000000000000000000000000000000000000000000000000000000000000000
111111111111111111111111111111111111111111111111111111111111111111111111111111111111111111111111111111111111110000000111111111111100111111111111000011111111111110000111111111111110011111111110000000111111111111100000011111111111100011111111111110001111111111111100011111111111111111111111111000000001
111111111111111111111111111111111111111111111111111111111111111111111111111111111111111111111111111100001000001111111000110000000011000011000000111100000000000001111000010000000001100000000001111111000000000000011111100011000000011100000100000001110000000000000011100000000000000000000000000111111110
000000000000000000000000000000000000000000000000000000000000000000000000000000000000000000000000000011110111100000000111001111100000011100111100000001111111111000000011101111111000001111111100000000011111111110000000011100111110000001111011111000000011111111100000001111111111100000111111110000000001
111111111111111111111111111111111111111111111111111111111111111111111111111111111111111111111111111100001000011111011000110000011111100011000011111110000000000111111100010000000111110000000011111111100000000001111111100011000001111110000100000111111100000000011111110000000000011111000000001111111110
111111111111111111111111111111111111111111111111111111111111111111111111111111111111111111111111111101110111000000100011001110000000001100111000000000111111100000000001101111100000000111111000000000000111111100000000001100111000000000111011100000000011111110000000000111111110000000011111100000000000
111111111111111111111111111111111111111111111111111111111111111111111111111111111111111111111111111110111100111100001101111001111111110111100111111111001110011111111110111100011111111011100111111111111001110011111000110111100111111111001110011111111100010001111111111011110001111111101110011111111111
111111111111111111111111111111111111111111111111111111111111111111111111111111111111111111111111111101000011000011110010000110000000001000011000000000110001100000000001000011100000000100011000000000000110001100000111001000011000000000110001100000000011101110000000000100001110000000010001100000000000
111111111111111111111111111111111111111111111111111111111111111111111111111111111111111111111111111110111100110000000101111001111100110111100111000011001110011110000110111100011110011011100110000000111001110011100000010111100111100011001110011110001100010001111100011011110001111111101110011000000001
111111111111111111111111111111111111111111111111111111111111111111111111111111111111111111111111111101000011001111011010000110000011001000011000111100110001100001111001000011100001100100011001111111000110001100011111101000011000011100110001100001110011101110000011100100001110000000010001100111111110
111111111111111111111111111111111111111111111111111111111111111111111111111111111111111111111111111110111100110000100101111001111100110111100111000011001110011110000110111100011110011011100110000000111001110011100000010111100111100011001110011110001100010001111100011011110001111111101110011000000001
111111111111111111111111111111111111111111111111111111111111111111111111111111111111111111111111111101000011001100001010000110000011001000011000111100110001100001111001000011100001100100011001111111000110001100011000101000011000011100110001100001110011101110000011100100001110000000010001100111111110
111111111111111111111111111111111111111111111111111111111111111111111111111111111111111111111111111110111100100011110101111001100000010111100100000001001110011000000010111100011000001011100100000000011001110010000111010111100110000001001110011000000000010001100000001011110001100000101110010000000001
111111111111111111111111111111111111111111111111111111111111111111111111111111111111111111111111111101001011011100001010110110011111101011011011111110110001100111111101010011100111110100011011111111100110001101111000101011011001111110110101100111111111101110011111110100001110011111010001101111111110
111111111111111111111111111111111111111111111111111111111111111111111111111111111111111111111111111110110100100011010101001001100000010100100100000001001110011000000010101100011000001011100100000000011001110010000111010100100110000001001010011000000000010001100000001011110001100000101110010000000001
000000000000000000000000000000000000000000000000000000000000000000000000000000000000000000000000000001001011010000100010110110011100101011011011000010110001100110000101010011100110010100011010000000100110001101100000001011011001100010110101100110001111101110011100010100001110011111010001101000000000
111111111111111111111111111111111111111111111111111111111111111111111111111111111111111111111111111110110100101100001101001001100011010100100100111101001110011001111010101100011001101011100101111111011001110010011000110100100110011101001010011001110000010001100011101011110001100000101110010111111111
111111111111111111111111111111111111111111111111111111111111111111111111111111111111111111111111111101001011010011010010110110011100101011011011000010110001100110000101010011100110010100011010000000100110001101100111001011011001100010110101100110001111101110011100010100001110011111010001101000000000
111111111111111111111111111111111111111111111111111111111111111111111111111111111111111111111111111110110100101100101101001001100011010100100100111101001110011001111010101100011001101011100101111111011001110010011000110100100110011101001010011001110000010001100011101011110001100000101110010111111111
111111111111111111111111111111111111111111111111111111111111111111111111111111111111111111111111111101001011010011010010110110011100101011011011000010110001100110000101010011100110010100011010000000100110001101100111001011011001100010110101100110001111101110011100010100001110011111010001101000000000
111111111111111111111111111111111111111111111111111111111111111111111111111111111111111111111111111110110100101100101101001001100011010100100100111101001110011001111010101100011001101011100101111111011001110010011000110100100110011101001010011001110000010001100011101011110001100000101110010111111111
111111111111111111111111111111111111111111111111111111111111111111111111111111111111111111111111111101111111010011010011111110011100101111111011000010111111100110000101111111100110010111111010000000100111111101100111001111111001100010111111100110001111111110011100010111111110011111011111101000000000
111111111111111111111111111111111111111111111111111111111111111111111111111111111111111111111111111100001010000000000000110100000000000011010000000000010001000000000001010010000000000000010000000000000010001000000000000011010000000000010101000000000001101100000000000100001000000000010001000000000000
111111111111111111111111111111111111111111111111111111111111111111111111111111111111111111111111111110110100101100101101001001100011010100100100111101001110011001111010101100011001101011100101111111011001110010011000110100100110011101001010011001110000010001100011101011110001100000101110010111111111
111111111111111111111111111111111111111111111111111111111111111111111111111111111111111111111111111101001011010011010010110110011100101011011011000010110001100110000101010011100110010100011010000000100110001101100111001011011001100010110101100110001111101110011100010100001110011111010001101000000000
111111111111111111111111111111111111111111111111111111111111111111111111111111111111111111111111111110110100101100101101001001100011010100100100111101001110011001111010101100011001101011100101111111011001110010011000110100100110011101001010011001110000010001100011101011110001100000101110010111111111
111111111111111111111111111111111111111111111111111111111111111111111111111111111111111111111111111101001011010011010010110110011100101011011011000010110001100110000101010011100110010100011010000000100110001101100111001011011001100010110101100110001111101110011100010100001110011111010001101000000000
111111111111111111111111111111111111111111111111111111111111111111111111111111111111111111111111111110110100101100001101001001100011010100100100111101001110011001111010101100011001101011100101111111011001110010011000110100100110011101001010011001110000010001100011101011110001100000101110010111111111
000000000000000000000000000000000000000000000000000000000000000000000000000000000000000000000000000001001011010000100010110110011100101011011011000010110001100110000101010011100110010100011010000000100110001101100000001011011001100010110101100110001111101110011100010100001110011111010001101000000000
111111111111111111111111111111111111111111111111111111111111111111111111111111111111111111111111111110110100100011010101001001100000010100100100000001001110011000000010101100011000001011100100000000011001110010000111010100100110000001001010011000000000010001100000001011110001100000101110010000000001
111111111111111111111111111111111111111111111111111111111111111111111111111111111111111111111111111101001011011100001010110110011111101011011011111110110001100111111101010011100111110100011011111111100110001101111000101011011001111110110101100111111111101110011111110100001110011111010001101111111110
111111111111111111111111111111111111111111111111111111111111111111111111111111111111111111111111111110111100100011110101111001100000010111100100000001001110011000000010111100011000001011100100000000011001110010000111010111100110000001001110011000000000010001100000001011110001100000101110010000000001
111111111111111111111111111111111111111111111111111111111111111111111111111111111111111111111111111101000011001100001010000110000011001000011000111100110001100001111001000011100001100100011001111111000110001100011000101000011000011100110001100001110011101110000011100100001110000000010001100111111110
111111111111111111111111111111111111111111111111111111111111111111111111111111111111111111111111111110111100110000100101111001111100110111100111000011001110011110000110111100011110011011100110000000111001110011100000010111100111100011001110011110001100010001111100011011110001111111101110011000000001
111111111111111111111111111111111111111111111111111111111111111111111111111111111111111111111111111101000011001111011010000110000011001000011000111100110001100001111001000011100001100100011001111111000110001100011111101000011000011100110001100001110011101110000011100100001110000000010001100111111110
111111111111111111111111111111111111111111111111111111111111111111111111111111111111111111111111111110111100110000000101111001111100110111100111000011001110011110000110111100011110011011100110000000111001110011100000010111100111100011001110011110001100010001111100011011110001111111101110011000000001
111111111111111111111111111111111111111111111111111111111111111111111111111111111111111111111111111101000011000011110010000110000000001000011000000000110001100000000001000011100000000100011000000000000110001100000111001000011000000000110001100000000011101110000000000100001110000000010001100000000000
111111111111111111111111111111111111111111111111111111111111111111111111111111111111111111111111111110111100111100001101111001111111110111100111111111001110011111111110111100011111111011100111111111111001110011111000110111100111111111001110011111111100010001111111111011110001111111101110011111111111
111111111111111111111111111111111111111111111111111111111111111111111111111111111111111111111111111101110111000000100011001110000000001100111000000000111111100000000001101111100000000111111000000000000111111100000000001100111000000000111011100000000011111110000000000111111110000000011111100000000000
111111111111111111111111111111111111111111111111111111111111111111111111111111111111111111111111111100001000011111011000110000011111100011000011111110000000000111111100010000000111110000000011111111100000000001111111100011000001111110000100000111111100000000011111110000000000011111000000001111111110
000000000000000000000000000000000000000000000000000000000000000000000000000000000000000000000000000011110111100000000111001111100000011100111100000001111111111000000011101111111000001111111100000000011111111110000000011100111110000001111011111000000011111111100000001111111111100000111111110000000001
111111111111111111111111111111111111111111111111111111111111111111111111111111111111111111111111111100001000001111111000110000000011000011000000111100000000000001111000010000000001100000000001111111000000000000011111100011000000011100000100000001110000000000000011100000000000000000000000000111111110
111111111111111111111111111111111111111111111111111111111111111111111111111111111111111111111111111111111111110000000111111111111100111111111111000011111111111110000111111111111110011111111110000000111111111111100000011111111111100011111111111110001111111111111100011111111111111111111111111000000001
111111111111111111111111111111111111111111111111111111111111111111111111111111111111111111111111111100000000000000100000000000000000000000000000000000000000000000000000000000000000000000000000000000000000000000000000000000000000000000000000000000000000000000000000000000000000000000000000000000000000
111111111111111111111111111111111111111111111111111111111111111111111111111111111111111111111111111111111111111111011111111111111111111111111111111111111111111111111111111111111111111111111111111111111111111111111111111111111111111111111111111111111111111111111111111111111111111111111111111111111111
111111111111111111111111111111111111111111111111111111111111111111111111111111111111111111111111111100000000000000000000000000000000000000000000000000000000000000000000000000000000000000000000000000000000000000000000000000000000000000000000000000000000000000000000000000000000000000000000000000000000
111111111111111111111111111111111111111111111111111111111111111111111111111111111111111111111111111111111111111111111111111111111111111111111111111111111111111111111111111111111111111111111111111111111111111111111111111111111111111111111111111111111111111111111111111111111111111111111111111111111111
000000000000000000000000000000000000000000000000000000000000000000000000000000000000000000000000000000000000000000000000000000000000000000000000000000000000000000000000000000000000000000000000000000000000000000000000000000000000000000000000000000000000000000000000000000000000000000000000000000000000
000000000000000000000000000000000000000000000000000000000000000000000000000000000000000000000000000000000000000000000000000000000000000000000000000000000000000000000000000000000000000000000000000000000000000000000000000000000000000000000000000000000000000000000000000000000000000000000000000000000000
000000000000000000000000000000000000000000000000000000000000000000000000000000000000000000000000000000000000000000000000000000000000000000000000000000000000000000000000000000000000000000000000000000000000000000000000000000000000000000000000000000000000000000000000000000000000000000000000000000000000
000000000000000000000000000000000000000000000000000000000000000000000000000000000000000000000000000000000000000000000000000000000000000000000000000000000000000000000000000000000000000000000000000000000000000000000000000000000000000000000000000000000000000000000000000000000000000000000000000000000000
000000000000000000000000000000000000000000000000000000000000000000000000000000000000000000000000000000000000000000000000000000000000000000000000000000000000000000000000000000000000000000000000000000000000000000000000000000000000000000000000000000000000000000000000000000000000000000000000000000000000
000000000000000000000000000000000000000000000000000000000000000000000000000000000000000000000000000000000000000000000000000000000000000000000000000000000000000000000000000000000000000000000000000000000000000000000000000000000000000000000000000000000000000000000000000000000000000000000000000000000000
000000000000000000000000000000000000000000000000000000000000000000000000000000000000000000000000000000000000000000000000000000000000000000000000000000000000000000000000000000000000000000000000000000000000000000000000000000000000000000000000000000000000000000000000000000000000000000000000000000000000
000000000000000000000000000000000000000000000000000000000000000000000000000000000000000000000000000000000000000000000000000000000000000000000000000000000000000000000000000000000000000000000000000000000000000000000000000000000000000000000000000000000000000000000000000000000000000000000000000000000000
000000000000000000000000000000000000000000000000000000000000000000000000000000000000000000000000000000000000000000000000000000000000000000000000000000000000000000000000000000000000000000000000000000000000000000000000000000000000000000000000000000000000000000000000000000000000000000000000000000000000
000000000000000000000000000000000000000000000000000000000000000000000000000000000000000000000000000000000000000000000000000000000000000000000000000000000000000000000000000000000000000000000000000000000000000000000000000000000000000000000000000000000000000000000000000000000000000000000000000000000000
111111111111111111111111111111111111111111111111111111111111111111111111111111111111111111111111111111111111111111111111111111111111111111111111111111111111111111111111111111111111111111111111111111111111111111111111111111111111111111111111111111111111111111111111111111111111111111111111111111111111
111111111111111111111111111111111111111111111111111111111111111111111111111111111111111111111111111100000000000000000000000000000000000000000000000000000000000000000000000000000000000000000000000000000000000000000000000000000000000000000000000000000000000000000000000000000000000000000000000000000000
111111111111111111111111111111111111111111111111111111111111111111111111111111111111111111111111111111111111111111111111111101111111111111111111111111111111111111111111111111111111111111111111111111111111111111111111111111111111111111111111111111111111111111111111111111111111111111111111111111111111
111111111111111111111111111111111111111111111111111111111111111111111111111111111111111111111111111100000000000000000000000010000000000000000000000000000000000000000000000000000000000000000000000000000000000000000000000000000000000000000000000000000000000000000000000000000000000000000000000000000000
111111111111111111111111111111111111111111111111111111111111111111111111111111111111111111111111111111111111111111111111000000011111111111110011111111111100001111111111111000011111111111111001111111111111111111111111111110000001111111111110001111111111111000111111111111110001111111111111111111111111
111111111111111111111111111111111111111111111111111111111111111111111111111111111111111111111111111100000000000000100000111111100011000000001100001100000011110000000000000111100001000000000110000000000000000000000000000001111110001100000001110000010000000111000000000000001110000000000000000000000000
000000000000000000000000000000000000000000000000000000000000000000000000000000000000000000000000000011111100001111011110000000011100111110000001110011110000000111111111100000001110111111100000111111111111110000111111111000000001110011111000000111101111100000001111111110000000111111111110000011111111
111111111111111111111111111111111111111111111111111111111111111111111111111111111111111111111111111100000011110000100001111101100011000001111110001100001111111000000000011111110001000000011111000000000000001111000000000111111110001100000111111000010000011111110000000001111111000000000001111100000000
111111111111111111111111111111111111111111111111111111111111111111111111111111111111111111111111111111100000000111011100000010001100111000000000110011100000000011111110000000000110111110000000011111101110000000011111110000000000110011100000000011101110000000001111111000000000011111111000000001111110
111111111111111111111111111111111111111111111111111111111111111111111111111111111111111111111111111100011111111011110011110000110111100111111111011110011111111100111001111111111011110001111111101110010001111111100111001111100011011110011111111100111001111111110001000111111111101111000111111110111001
111111111111111111111111111111111111111111111111111111111111111111111111111111111111111111111111111111100000000100001100001111001000011000000000100001100000000011000110000000000100001110000000010001101110000000011000110000011100100001100000000011000110000000001110111000000000010000111000000001000110
111111111111111111111111111111111111111111111111111111111111111111111111111111111111111111111111111100011111111011110011000000010111100111110011011110011100001100111001111000011011110001111001101110010001111111100111001110000001011110011110001100111001111000110001000111110001101111000111111110111001
111111111111111111111111111111111111111111111111111111111111111111111111111111111111111111111111111111100000000100001100111101101000011000001100100001100011110011000110000111100100001110000110010001101110000000011000110001111110100001100001110011000110000111001110111000001110010000111000000001000110
111111111111111111111111111111111111111111111111111111111111111111111111111111111111111111111111111100011111111011110011000010010111100111110011011110011100001100111001111000011011110001111001101110010001111111100111001110000001011110011110001100111001111000110001000111110001101111000111111110111001
111111111111111111111111111111111111111111111111111111111111111111111111111111111111111111111111111111100000000100001100110000101000011000001100100001100011110011000110000111100100001110000110010001101110000000011000110001100010100001100001110011000110000111001110111000001110010000111000000001000110
111111111111111111111111111111111111111111111111111111111111111111111111111111111111111111111111111100011100001011110010001111010111100110000001011110010000000100111001100000001011110001100000101110010001110000100111001000011101011110011000000100111001100000000001000110000000101111000110000010111001
111111111111111111111111111111111111111111111111111111111111111111111111111111111111111111111111111111100011110100101101110000101011011001111110101101101111111011000110011111110101001110011111010001101110001111011000110111100010101101100111111011010110011111111110111001111111010000111001111101000110
111111111111111111111111111111111111111111111111111111111111111111111111111111111111111111111111111100011100001011010010001101010100100110000001010010010000000100111001100000001010110001100000101110010001110000100111001000011101010010011000000100101001100000000001000110000000101111000110000010111001
000000000000000000000000000000000000000000000000000000000000000000000000000000000000000000000000000011100011110100101101000010001011011001110010101101101100001011000110011000010101001110011001010001101110001111011000110110000000101101100110001011010110011000111110111001110001010000111001111101000110
111111111111111111111111111111111111111111111111111111111111111111111111111111111111111111111111111100011100001011010010110000110100100110001101010010010011110100111001100111101010110001100110101110010001110000100111001001100011010010011001110100101001100111000001000110001110101111000110000010111001
111111111111111111111111111111111111111111111111111111111111111111111111111111111111111111111111111111100011110100101101001101001011011001110010101101101100001011000110011000010101001110011001010001101110001111011000110110011100101101100110001011010110011000111110111001110001010000111001111101000110
111111111111111111111111111111111111111111111111111111111111111111111111111111111111111111111111111100011100001011010010110010110100100110001101010010010011110100111001100111101010110001100110101110010001110000100111001001100011010010011001110100101001100111000001000110001110101111000110000010111001
111111111111111111111111111111111111111111111111111111111111111111111111111111111111111111111111111111100011110100101101001101001011011001110010101101101100001011000110011000010101001110011001010001101110001111011000110110011100101101100110001011010110011000111110111001110001010000111001111101000110
111111111111111111111111111111111111111111111111111111111111111111111111111111111111111111111111111100011100001011010010110010110100100110001101010010010011110100111001100111101010110001100110101110010001110000100111001001100011010010011001110100101001100111000001000110001110101111000110000010111001
111111111111111111111111111111111111111111111111111111111111111111111111111111111111111111111111111111100011110111111101001101001111111001110010111111101100001011111110011000010111111110011001011111101110001111011111110110011100111111100110001011111110011000111111111001110001011111111001111101111110
111111111111111111111111111111111111111111111111111111111111111111111111111111111111111111111111111110000000000000101000000000000011010000000000001101000000000001000100000000000101001000000000000001001000000000001000100000000000001101000000000001010100000000000110110000000000010000100000000001000100
111111111111111111111111111111111111111111111111111111111111111111111111111111111111111111111111111100011100001011010010110010110100100110001101010010010011110100111001100111101010110001100110101110010001110000100111001001100011010010011001110100101001100111000001000110001110101111000110000010111001
111111111111111111111111111111111111111111111111111111111111111111111111111111111111111111111111111111100011110100101101001101001011011001110010101101101100001011000110011000010101001110011001010001101110001111011000110110011100101101100110001011010110011000111110111001110001010000111001111101000110
111111111111111111111111111111111111111111111111111111111111111111111111111111111111111111111111111100011100001011010010110010110100100110001101010010010011110100111001100111101010110001100110101110010001110000100111001001100011010010011001110100101001100111000001000110001110101111000110000010111001
111111111111111111111111111111111111111111111111111111111111111111111111111111111111111111111111111111100011110100101101001101001011011001110010101101101100001011000110011000010101001110011001010001101110001111011000110110011100101101100110001011010110011000111110111001110001010000111001111101000110
111111111111111111111111111111111111111111111111111111111111111111111111111111111111111111111111111100011100001011010010110000110100100110001101010010010011110100111001100111101010110001100110101110010001110000100111001001100011010010011001110100101001100111000001000110001110101111000110000010111001
000000000000000000000000000000000000000000000000000000000000000000000000000000000000000000000000000011100011110100101101000010001011011001110010101101101100001011000110011000010101001110011001010001101110001111011000110110000000101101100110001011010110011000111110111001110001010000111001111101000110
111111111111111111111111111111111111111111111111111111111111111111111111111111111111111111111111111100011100001011010010001101010100100110000001010010010000000100111001100000001010110001100000101110010001110000100111001000011101010010011000000100101001100000000001000110000000101111000110000010111001
111111111111111111111111111111111111111111111111111111111111111111111111111111111111111111111111111111100011110100101101110000101011011001111110101101101111111011000110011111110101001110011111010001101110001111011000110111100010101101100111111011010110011111111110111001111111010000111001111101000110
111111111111111111111111111111111111111111111111111111111111111111111111111111111111111111111111111100011100001011110010001111010111100110000001011110010000000100111001100000001011110001100000101110010001110000100111001000011101011110011000000100111001100000000001000110000000101111000110000010111001
111111111111111111111111111111111111111111111111111111111111111111111111111111111111111111111111111111100000000100001100110000101000011000001100100001100011110011000110000111100100001110000110010001101110000000011000110001100010100001100001110011000110000111001110111000001110010000111000000001000110
111111111111111111111111111111111111111111111111111111111111111111111111111111111111111111111111111100011111111011110011000010010111100111110011011110011100001100111001111000011011110001111001101110010001111111100111001110000001011110011110001100111001111000110001000111110001101111000111111110111001
111111111111111111111111111111111111111111111111111111111111111111111111111111111111111111111111111111100000000100001100111101101000011000001100100001100011110011000110000111100100001110000110010001101110000000011000110001111110100001100001110011000110000111001110111000001110010000111000000001000110
111111111111111111111111111111111111111111111111111111111111111111111111111111111111111111111111111100011111111011110011000000010111100111110011011110011100001100111001111000011011110001111001101110010001111111100111001110000001011110011110001100111001111000110001000111110001101111000111111110111001
111111111111111111111111111111111111111111111111111111111111111111111111111111111111111111111111111111100000000100001100001111001000011000000000100001100000000011000110000000000100001110000000010001101110000000011000110000011100100001100000000011000110000000001110111000000000010000111000000001000110
111111111111111111111111111111111111111111111111111111111111111111111111111111111111111111111111111100011111111011110011110000110111100111111111011110011111111100111001111111111011110001111111101110010001111111100111001111100011011110011111111100111001111111110001000111111111101111000111111110111001
111111111111111111111111111111111111111111111111111111111111111111111111111111111111111111111111111111100000000111011100000010001100111000000000110011100000000011111110000000000110111110000000011111101110000000011111110000000000110011100000000011101110000000001111111000000000011111111000000001111110
111111111111111111111111111111111111111111111111111111111111111111111111111111111111111111111111111100000011110000100001111101100011000001111110001100001111111000000000011111110001000000011111000000000000001111000000000111111110001100000111111000010000011111110000000001111111000000000001111100000000
000000000000000000000000000000000000000000000000000000000000000000000000000000000000000000000000000011111100001111011110000000011100111110000001110011110000000111111111100000001110111111100000111111111111110000111111111000000001110011111000000111101111100000001111111110000000111111111110000011111111
111111111111111111111111111111111111111111111111111111111111111111111111111111111111111111111111111100000000000000100000111111100011000000001100001100000011110000000000000111100001000000000110000000000000000000000000000001111110001100000001110000010000000111000000000000001110000000000000000000000000
111111111111111111111111111111111111111111111111111111111111111111111111111111111111111111111111111111111111111111111111000000011111111111110011111111111100001111111111111000011111111111111001111111111111111111111111111110000001111111111110001111111111111000111111111111110001111111111111111111111111
111111111111111111111111111111111111111111111111111111111111111111111111111111111111111111111111111100000000000000000000000010000000000000000000000000000000000000000000000000000000000000000000000000000000000000000000000000000000000000000000000000000000000000000000000000000000000000000000000000000000
111111111111111111111111111111111111111111111111111111111111111111111111111111111111111111111111111111111111111111111111111101111111111111111111111111111111111111111111111111111111111111111111111111111111111111111111111111111111111111111111111111111111111111111111111111111111111111111111111111111111
111111111111111111111111111111111111111111111111111111111111111111111111111111111111111111111111111100000000000000000000000000000000000000000000000000000000000000000000000000000000000000000000000000000000000000000000000000000000000000000000000000000000000000000000000000000000000000000000000000000000
111111111111111111111111111111111111111111111111111111111111111111111111111111111111111111111111111111111111111111111111111111111111111111111111111111111111111111111111111111111111111111111111111111111111111111111111111111111111111111111111111111111111111111111111111111111111111111111111111111111111
000000000000000000000000000000000000000000000000000000000000000000000000000000000000000000000000000000000000000000000000000000000000000000000000000000000000000000000000000000000000000000000000000000000000000000000000000000000000000000000000000000000000000000000000000000000000000000000000000000000000
000000000000000000000000000000000000000000000000000000000000000000000000000000000000000000000000000000000000000000000000000000000000000000000000000000000000000000000000000000000000000000000000000000000000000000000000000000000000000000000000000000000000000000000000000000000000000000000000000000000000
000000000000000000000000000000000000000000000000000000000000000000000000000000000000000000000000000000000000000000000000000000000000000000000000000000000000000000000000000000000000000000000000000000000000000000000000000000000000000000000000000000000000000000000000000000000000000000000000000000000000
000000000000000000000000000000000000000000000000000000000000000000000000000000000000000000000000000000000000000000000000000000000000000000000000000000000000000000000000000000000000000000000000000000000000000000000000000000000000000000000000000000000000000000000000000000000000000000000000000000000000
000000000000000000000000000000000000000000000000000000000000000000000000000000000000000000000000000000000000000000000000000000000000000000000000000000000000000000000000000000000000000000000000000000000000000000000000000000000000000000000000000000000000000000000000000000000000000000000000000000000000
000000000000000000000000000000000000000000000000000000000000000000000000000000000000000000000000000000000000000000000000000000000000000000000000000000000000000000000000000000000000000000000000000000000000000000000000000000000000000000000000000000000000000000000000000000000000000000000000000000000000
000000000000000000000000000000000000000000000000000000000000000000000000000000000000000000000000000000000000000000000000000000000000000000000000000000000000000000000000000000000000000000000000000000000000000000000000000000000000000000000000000000000000000000000000000000000000000000000000000000000000
000000000000000000000000000000000000000000000000000000000000000000000000000000000000000000000000000000000000000000000000000000000000000000000000000000000000000000000000000000000000000000000000000000000000000000000000000000000000000000000000000000000000000000000000000000000000000000000000000000000000
000000000000000000000000000000000000000000000000000000000000000000000000000000000000000000000000000000000000000000000000000000000000000000000000000000000000000000000000000000000000000000000000000000000000000000000000000000000000000000000000000000000000000000000000000000000000000000000000000000000000
000000000000000000000000000000000000000000000000000000000000000000000000000000000000000000000000000000000000000000000000000000000000000000000000000000000000000000000000000000000000000000000000000000000000000000000000000000000000000000000000000000000000000000000000000000000000000000000000000000000000
111111111111111111111111111111111111111111111111111111111111111111111111111111111111111111111111111111111111111111111111111111111111111111111111111111111111111111111111111111111111111111111111111111111111111111111111111111111111111111111111111111111111111111111111111111111111111111111111111111111111
111111111111111111111111111111111111111111111111111111111111111111111111111111111111111111111111111100000000000000000000000000000000000000000000000000000000000000000000000000000000000000000000000000000000000000000000000000000000000000000000000000000000000000000000000000000000000000000000000000000000
111111111111111111111111111111111111111111111111111111111111111111111111111111111111111111111111111111111111111111111111111111111111110111111111111111111111111111111111111111111111111111111111111111111111111111111111111111111111111111111111111111111111111111111111111111111111111111111111111111111111
111111111111111111111111111111111111111111111111111111111111111111111111111111111111111111111111111100000000000000000000000000000000001000000000000000000000000000000000000000000000000000000000000000000000000000000000000000000000000000000000000000000000000000000000000000000000000000000000000000000000
111111111111111111111111111111111111111111111111111111111111111111111111111111111111111111111111111110001111111111111111111111111100000001111111111111001111111111110000111111111111100001111111111111101001111111111111111111111111111000000111111111111000111111111111100011111111111111000111111111111111
111111111111111111111111111111111111111111111111111111111111111111111111111111111111111111111111111101110000000000000000000010000011111110001100000000110000110000001111000000000000011110000100000000010110000000000000000000000000000111111000110000000111000001000000011100000000000000111000000000000000
000000000000000000000000000000000000000000000000000000000000000000000000000000000000000000000000000000000111111111110000111101111000000001110011111000000111001111000000011111111110000000111011111110000000011111111111000011111111100000000111001111100000011110111110000000111111111000000011111111111000
111111111111111111111111111111111111111111111111111111111111111111111111111111111111111111111111111111111000000000001111000010000111110110001100000111111000110000111111100000000001111111000100000001111111100000000000111100000000011111111000110000011111100001000001111111000000000111111100000000000111
111111111111111111111111111111111111111111111111111111111111111111111111111111111111111111111111111100000011111110000000011101110000001000110011100000000011001110000000001111111000000000011011111000000000011111111000000001111111000000000011001110000000001110111000000000111111100000000001111111100000
111111111111111111111111111111111111111111111111111111111111111111111111111111111111111111111111111111111100000001111111101111001111000011011110011111111101111001111111110011100111111111101111000111111111100010000111111110011100111110001101111001111111110011100111111111000100011111111110111100011111
111111111111111111111111111111111111111111111111111111111111111111111111111111111111111111111111111100000011111110000000010000110000111100100001100000000010000110000000001100011000000000010000111000000000011101111000000001100011000001110010000110000000001100011000000000111011100000000001000011100000
111111111111111111111111111111111111111111111111111111111111111111111111111111111111111111111111111110001100000001111111101111001100000001011110011111001101111001110000110011100111100001101111000111101001100010000111111110011100111000000101111001111000110011100111100011000100011111000110111100011111
111111111111111111111111111111111111111111111111111111111111111111111111111111111111111111111111111101110011111110000000010000110011110110100001100000110010000110001111001100011000011110010000111000010110011101111000000001100011000111111010000110000111001100011000011100111011100000111001000011100000
111111111111111111111111111111111111111111111111111111111111111111111111111111111111111111111111111110001100000001111111101111001100001001011110011111001101111001110000110011100111100001101111000111101001100010000111111110011100111000000101111001111000110011100111100011000100011111000110111100011111
111111111111111111111111111111111111111111111111111111111111111111111111111111111111111111111111111101110011111110000000010000110011000010100001100000110010000110001111001100011000011110010000111000010110011101111000000001100011000110001010000110000111001100011000011100111011100000111001000011100000
111111111111111111111111111111111111111111111111111111111111111111111111111111111111111111111111111100000100000001110000101111001000111101011110011000000101111001000000010011100110000000101111000110000000000010000111000010011100100001110101111001100000010011100110000000000100011000000010111100011000
111111111111111111111111111111111111111111111111111111111111111111111111111111111111111111111111111111111011111110001111010010110111000010101101100111111010110110111111101100011001111111010100111001111111111101111000111101100011011110001010110110011111101101011001111111111011100111111101000011100111
111111111111111111111111111111111111111111111111111111111111111111111111111111111111111111111111111100000100000001110000101101001000110101010010011000000101001001000000010011100110000000101011000110000000000010000111000010011100100001110101001001100000010010100110000000000100011000000010111100011000
000000000000000000000000000000000000000000000000000000000000000000000000000000000000000000000000000010001011111110001111010010110100001000101101100111001010110110110000101100011001100001010100111001101001111101111000111101100011011000000010110110011000101101011001100011111011100111000101000011100111
111111111111111111111111111111111111111111111111111111111111111111111111111111111111111111111111111101110100000001110000101101001011000011010010011000110101001001001111010011100110011110101011000110010110000010000111000010011100100110001101001001100111010010100110011100000100011000111010111100011000
111111111111111111111111111111111111111111111111111111111111111111111111111111111111111111111111111110001011111110001111010010110100110100101101100111001010110110110000101100011001100001010100111001101001111101111000111101100011011001110010110110011000101101011001100011111011100111000101000011100111
111111111111111111111111111111111111111111111111111111111111111111111111111111111111111111111111111101110100000001110000101101001011001011010010011000110101001001001111010011100110011110101011000110010110000010000111000010011100100110001101001001100111010010100110011100000100011000111010111100011000
111111111111111111111111111111111111111111111111111111111111111111111111111111111111111111111111111110001011111110001111010010110100110100101101100111001010110110110000101100011001100001010100111001101001111101111000111101100011011001110010110110011000101101011001100011111011100111000101000011100111
111111111111111111111111111111111111111111111111111111111111111111111111111111111111111111111111111101110100000001110000101101001011001011010010011000110101001001001111010011100110011110101011000110010110000010000111000010011100100110001101001001100111010010100110011100000100011000111010111100011000
111111111111111111111111111111111111111111111111111111111111111111111111111111111111111111111111111110001011111110001111011111110100110100111111100111001011111110110000101111111001100001011111111001101001111111111000111101111111011001110011111110011000101111111001100011111111100111000101111111100111
111111111111111111111111111111111111111111111111111111111111111111111111111111111111111111111111111100000001111000000000000010100000000000001101000000000000110100000000000100010000000000010100100000000000001101100000000000100010000000000000110100000000000101010000000000011011000000000001000010000000
111111111111111111111111111111111111111111111111111111111111111111111111111111111111111111111111111101110100000001110000101101001011001011010010011000110101001001001111010011100110011110101011000110010110000010000111000010011100100110001101001001100111010010100110011100000100011000111010111100011000
111111111111111111111111111111111111111111111111111111111111111111111111111111111111111111111111111110001011111110001111010010110100110100101101100111001010110110110000101100011001100001010100111001101001111101111000111101100011011001110010110110011000101101011001100011111011100111000101000011100111
111111111111111111111111111111111111111111111111111111111111111111111111111111111111111111111111111101110100000001110000101101001011001011010010011000110101001001001111010011100110011110101011000110010110000010000111000010011100100110001101001001100111010010100110011100000100011000111010111100011000
111111111111111111111111111111111111111111111111111111111111111111111111111111111111111111111111111110001011111110001111010010110100110100101101100111001010110110110000101100011001100001010100111001101001111101111000111101100011011001110010110110011000101101011001100011111011100111000101000011100111
111111111111111111111111111111111111111111111111111111111111111111111111111111111111111111111111111101110100000001110000101101001011000011010010011000110101001001001111010011100110011110101011000110010110000010000111000010011100100110001101001001100111010010100110011100000100011000111010111100011000
000000000000000000000000000000000000000000000000000000000000000000000000000000000000000000000000000010001011111110001111010010110100001000101101100111001010110110110000101100011001100001010100111001101001111101111000111101100011011000000010110110011000101101011001100011111011100111000101000011100111
111111111111111111111111111111111111111111111111111111111111111111111111111111111111111111111111111100000100000001110000101101001000110101010010011000000101001001000000010011100110000000101011000110000000000010000111000010011100100001110101001001100000010010100110000000000100011000000010111100011000
111111111111111111111111111111111111111111111111111111111111111111111111111111111111111111111111111111111011111110001111010010110111000010101101100111111010110110111111101100011001111111010100111001111111111101111000111101100011011110001010110110011111101101011001111111111011100111111101000011100111
111111111111111111111111111111111111111111111111111111111111111111111111111111111111111111111111111100000100000001110000101111001000111101011110011000000101111001000000010011100110000000101111000110000000000010000111000010011100100001110101111001100000010011100110000000000100011000000010111100011000
111111111111111111111111111111111111111111111111111111111111111111111111111111111111111111111111111101110011111110000000010000110011000010100001100000110010000110001111001100011000011110010000111000010110011101111000000001100011000110001010000110000111001100011000011100111011100000111001000011100000
111111111111111111111111111111111111111111111111111111111111111111111111111111111111111111111111111110001100000001111111101111001100001001011110011111001101111001110000110011100111100001101111000111101001100010000111111110011100111000000101111001111000110011100111100011000100011111000110111100011111
111111111111111111111111111111111111111111111111111111111111111111111111111111111111111111111111111101110011111110000000010000110011110110100001100000110010000110001111001100011000011110010000111000010110011101111000000001100011000111111010000110000111001100011000011100111011100000111001000011100000
111111111111111111111111111111111111111111111111111111111111111111111111111111111111111111111111111110001100000001111111101111001100000001011110011111001101111001110000110011100111100001101111000111101001100010000111111110011100111000000101111001111000110011100111100011000100011111000110111100011111
111111111111111111111111111111111111111111111111111111111111111111111111111111111111111111111111111100000011111110000000010000110000111100100001100000000010000110000000001100011000000000010000111000000000011101111000000001100011000001110010000110000000001100011000000000111011100000000001000011100000
111111111111111111111111111111111111111111111111111111111111111111111111111111111111111111111111111111111100000001111111101111001111000011011110011111111101111001111111110011100111111111101111000111111111100010000111111110011100111110001101111001111111110011100111111111000100011111111110111100011111
111111111111111111111111111111111111111111111111111111111111111111111111111111111111111111111111111100000011111110000000011101110000001000110011100000000011001110000000001111111000000000011011111000000000011111111000000001111111000000000011001110000000001110111000000000111111100000000001111111100000
111111111111111111111111111111111111111111111111111111111111111111111111111111111111111111111111111111111000000000001111000010000111110110001100000111111000110000111111100000000001111111000100000001111111100000000000111100000000011111111000110000011111100001000001111111000000000111111100000000000111
000000000000000000000000000000000000000000000000000000000000000000000000000000000000000000000000000000000111111111110000111101111000000001110011111000000111001111000000011111111110000000111011111110000000011111111111000011111111100000000111001111100000011110111110000000111111111000000011111111111000
111111111111111111111111111111111111111111111111111111111111111111111111111111111111111111111111111101110000000000000000000010000011111110001100000000110000110000001111000000000000011110000100000000010110000000000000000000000000000111111000110000000111000001000000011100000000000000111000000000000000
111111111111111111111111111111111111111111111111111111111111111111111111111111111111111111111111111110001111111111111111111111111100000001111111111111001111111111110000111111111111100001111111111111101001111111111111111111111111111000000111111111111000111111111111100011111111111111000111111111111111
111111111111111111111111111111111111111111111111111111111111111111111111111111111111111111111111111100000000000000000000000000000000001000000000000000000000000000000000000000000000000000000000000000000000000000000000000000000000000000000000000000000000000000000000000000000000000000000000000000000000
111111111111111111111111111111111111111111111111111111111111111111111111111111111111111111111111111111111111111111111111111111111111110111111111111111111111111111111111111111111111111111111111111111111111111111111111111111111111111111111111111111111111111111111111111111111111111111111111111111111111
111111111111111111111111111111111111111111111111111111111111111111111111111111111111111111111111111100000000000000000000000000000000000000000000000000000000000000000000000000000000000000000000000000000000000000000000000000000000000000000000000000000000000000000000000000000000000000000000000000000000
111111111111111111111111111111111111111111111111111111111111111111111111111111111111111111111111111111111111111111111111111111111111111111111111111111111111111111111111111111111111111111111111111111111111111111111111111111111111111111111111111111111111111111111111111111111111111111111111111111111111
000000000000000000000000000000000000000000000000000000000000000000000000000000000000000000000000000000000000000000000000000000000000000000000000000000000000000000000000000000000000000000000000000000000000000000000000000000000000000000000000000000000000000000000000000000000000000000000000000000000000
000000000000000000000000000000000000000000000000000000000000000000000000000000000000000000000000000000000000000000000000000000000000000000000000000000000000000000000000000000000000000000000000000000000000000000000000000000000000000000000000000000000000000000000000000000000000000000000000000000000000
000000000000000000000000000000000000000000000000000000000000000000000000000000000000000000000000000000000000000000000000000000000000000000000000000000000000000000000000000000000000000000000000000000000000000000000000000000000000000000000000000000000000000000000000000000000000000000000000000000000000
000000000000000000000000000000000000000000000000000000000000000000000000000000000000000000000000000000000000000000000000000000000000000000000000000000000000000000000000000000000000000000000000000000000000000000000000000000000000000000000000000000000000000000000000000000000000000000000000000000000000
000000000000000000000000000000000000000000000000000000000000000000000000000000000000000000000000000000000000000000000000000000000000000000000000000000000000000000000000000000000000000000000000000000000000000000000000000000000000000000000000000000000000000000000000000000000000000000000000000000000000
000000000000000000000000000000000000000000000000000000000000000000000000000000000000000000000000000000000000000000000000000000000000000000000000000000000000000000000000000000000000000000000000000000000000000000000000000000000000000000000000000000000000000000000000000000000000000000000000000000000000
000000000000000000000000000000000000000000000000000000000000000000000000000000000000000000000000000000000000000000000000000000000000000000000000000000000000000000000000000000000000000000000000000000000000000000000000000000000000000000000000000000000000000000000000000000000000000000000000000000000000
000000000000000000000000000000000000000000000000000000000000000000000000000000000000000000000000000000000000000000000000000000000000000000000000000000000000000000000000000000000000000000000000000000000000000000000000000000000000000000000000000000000000000000000000000000000000000000000000000000000000
000000000000000000000000000000000000000000000000000000000000000000000000000000000000000000000000000000000000000000000000000000000000000000000000000000000000000000000000000000000000000000000000000000000000000000000000000000000000000000000000000000000000000000000000000000000000000000000000000000000000
000000000000000000000000000000000000000000000000000000000000000000000000000000000000000000000000000000000000000000000000000000000000000000000000000000000000000000000000000000000000000000000000000000000000000000000000000000000000000000000000000000000000000000000000000000000000000000000000000000000000
111111111111111111111111111111111111111111111111111111111111111111111111111111111111111111111111111111111111111111111111111111111111111111111111111111111111111111111111111111111111111111111111111111111111111111111111111111111111111111111111111111111111111111111111111111111111111111111111111111111111
111111111111111111111111111111111111111111111111111111111111111111111111111111111111111111111111111100000000000000000000000000000000000000000000000000000000000000000000000000000000000000000000000000000000000000000000000000000000000000000000000000000000000000000000000000000000000000000000000000000000
111111111111111111111111111111111111111111111111111111111111111111111111111111111111111111111111111111111111111111111111111111111111111111111111011111111111111111111111111111111111111111111111111111111111111111111111111111111111111111111111111111111111111111111111111111111111111111111111111111111111
111111111111111111111111111111111111111111111111111111111111111111111111111111111111111111111111111100000000000000000000000000000000000000000000100000000000000000000000000000000000000000000000000000000000000000000000000000000000000000000000000000000000000000000000000000000000000000000000000000000000
111111111111111111111111111111111111111111111111111111111111111111111111111111111111111111111111111100111111111000111111111111111111111111110000000111111111111100111111111111000011111111111110000111110011111111100111111111111111111111111111100000011111111111100011111111111110001111111111111100011111
111111111111111111111111111111111111111111111111111111111111111111111111111111111111111111111111111111000110000111000000000000000000001000001111111000110000000011000011000000111100000000000001111000011100000000011000000000000000000000000000011111100011000000011100000100000001110000000000000011100000
000000000000000000000000000000000000000000000000000000000000000000000000000000000000000000000000000000111001110000011111111111000011110111100000000111001111100000011100111100000001111111111000000011100011111111000001111111111100001111111110000000011100111110000001111011111000000011111111100000001111
111111111111111111111111111111111111111111111111111111111111111111111111111111111111111111111111111111000110001111100000000000111100001000011111011000110000011111100011000011111110000000000111111100011100000000111110000000000011110000000001111111100011000001111110000100000111111100000000011111110000
111111111111111111111111111111111111111111111111111111111111111111111111111111111111111111111111111100011001110000001111111000000001110111000000100011001110000000001100111000000000111111100000000001100001111110000001111111100000000111111100000000001100111000000000111011100000000011111110000000000111
111111111111111111111111111111111111111111111111111111111111111111111111111111111111111111111111111101101111001111110000000111111110111100111100001101111001111111110111100111111111001110011111111110110110111101111110001000011111111001110011111000110111100111111111001110011111111100010001111111111011
111111111111111111111111111111111111111111111111111111111111111111111111111111111111111111111111111110010000110000001111111000000001000011000011110010000110000000001000011000000000110001100000000001001001000010000001110111100000000110001100000111001000011000000000110001100000000011101110000000000100
111111111111111111111111111111111111111111111111111111111111111111111111111111111111111111111111111100101111001000110000000111111110111100110000000101111001111100110111100111000011001110011110000110110010111101100110001000011111111001110011100000010111100111100011001110011110001100010001111100011011
111111111111111111111111111111111111111111111111111111111111111111111111111111111111111111111111111111010000110111001111111000000001000011001111011010000110000011001000011000111100110001100001111001001101000010011001110111100000000110001100011111101000011000011100110001100001110011101110000011100100
111111111111111111111111111111111111111111111111111111111111111111111111111111111111111111111111111100101111001000110000000111111110111100110000100101111001111100110111100111000011001110011110000110110010111101100110001000011111111001110011100000010111100111100011001110011110001100010001111100011011
111111111111111111111111111111111111111111111111111111111111111111111111111111111111111111111111111101010000110111001111111000000001000011001100001010000110000011001000011000111100110001100001111001000101000010011001110111100000000110001100011000101000011000011100110001100001110011101110000011100100
111111111111111111111111111111111111111111111111111111111111111111111111111111111111111111111111111110101111000000010000000111000010111100100011110101111001100000010111100100000001001110011000000010111010111101000000001000011100001001110010000111010111100110000001001110011000000000010001100000001011
111111111111111111111111111111111111111111111111111111111111111111111111111111111111111111111111111101010110111111101111111000111101001011011100001010110110011111101011011011111110110001100111111101010101000010111111110111100011110110001101111000101011011001111110110101100111111111101110011111110100
111111111111111111111111111111111111111111111111111111111111111111111111111111111111111111111111111110101001000000010000000111000010110100100011010101001001100000010100100100000001001110011000000010101010111101000000001000011100001001110010000111010100100110000001001010011000000000010001100000001011
000000000000000000000000000000000000000000000000000000000000000000000000000000000000000000000000000000010110111000101111111000111101001011010000100010110110011100101011011011000010110001100110000101010001000010100111110111100011110110001101100000001011011001100010110101100110001111101110011100010100
111111111111111111111111111111111111111111111111111111111111111111111111111111111111111111111111111101101001000111010000000111000010110100101100001101001001100011010100100100111101001110011001111010100110111101011000001000011100001001110010011000110100100110011101001010011001110000010001100011101011
111111111111111111111111111111111111111111111111111111111111111111111111111111111111111111111111111110010110111000101111111000111101001011010011010010110110011100101011011011000010110001100110000101011001000010100111110111100011110110001101100111001011011001100010110101100110001111101110011100010100
111111111111111111111111111111111111111111111111111111111111111111111111111111111111111111111111111101101001000111010000000111000010110100101100101101001001100011010100100100111101001110011001111010100110111101011000001000011100001001110010011000110100100110011101001010011001110000010001100011101011
111111111111111111111111111111111111111111111111111111111111111111111111111111111111111111111111111110010110111000101111111000111101001011010011010010110110011100101011011011000010110001100110000101011001000010100111110111100011110110001101100111001011011001100010110101100110001111101110011100010100
111111111111111111111111111111111111111111111111111111111111111111111111111111111111111111111111111101101001000111010000000111000010110100101100101101001001100011010100100100111101001110011001111010100110111101011000001000011100001001110010011000110100100110011101001010011001110000010001100011101011
111111111111111111111111111111111111111111111111111111111111111111111111111111111111111111111111111110011111111000101111111000111101111111010011010011111110011100101111111011000010111111100110000101111001111110100111111111100011110111111101100111001111111001100010111111100110001111111110011100010111
111111111111111111111111111111111111111111111111111111111111111111111111111111111111111111111111111100000110100000000111100000000000001010000000000000110100000000000011010000000000010001000000000001010000000010000000110110000000000010001000000000000011010000000000010101000000000001101100000000000100
111111111111111111111111111111111111111111111111111111111111111111111111111111111111111111111111111101101001000111010000000111000010110100101100101101001001100011010100100100111101001110011001111010100110111101011000001000011100001001110010011000110100100110011101001010011001110000010001100011101011
111111111111111111111111111111111111111111111111111111111111111111111111111111111111111111111111111110010110111000101111111000111101001011010011010010110110011100101011011011000010110001100110000101011001000010100111110111100011110110001101100111001011011001100010110101100110001111101110011100010100
111111111111111111111111111111111111111111111111111111111111111111111111111111111111111111111111111101101001000111010000000111000010110100101100101101001001100011010100100100111101001110011001111010100110111101011000001000011100001001110010011000110100100110011101001010011001110000010001100011101011
111111111111111111111111111111111111111111111111111111111111111111111111111111111111111111111111111110010110111000101111111000111101001011010011010010110110011100101011011011000010110001100110000101011001000010100111110111100011110110001101100111001011011001100010110101100110001111101110011100010100
111111111111111111111111111111111111111111111111111111111111111111111111111111111111111111111111111101101001000111010000000111000010110100101100001101001001100011010100100100111101001110011001111010100110111101011000001000011100001001110010011000110100100110011101001010011001110000010001100011101011
000000000000000000000000000000000000000000000000000000000000000000000000000000000000000000000000000000010110111000101111111000111101001011010000100010110110011100101011011011000010110001100110000101010001000010100111110111100011110110001101100000001011011001100010110101100110001111101110011100010100
111111111111111111111111111111111111111111111111111111111111111111111111111111111111111111111111111110101001000000010000000111000010110100100011010101001001100000010100100100000001001110011000000010101010111101000000001000011100001001110010000111010100100110000001001010011000000000010001100000001011
111111111111111111111111111111111111111111111111111111111111111111111111111111111111111111111111111101010110111111101111111000111101001011011100001010110110011111101011011011111110110001100111111101010101000010111111110111100011110110001101111000101011011001111110110101100111111111101110011111110100
111111111111111111111111111111111111111111111111111111111111111111111111111111111111111111111111111110101111000000010000000111000010111100100011110101111001100000010111100100000001001110011000000010111010111101000000001000011100001001110010000111010111100110000001001110011000000000010001100000001011
111111111111111111111111111111111111111111111111111111111111111111111111111111111111111111111111111101010000110111001111111000000001000011001100001010000110000011001000011000111100110001100001111001000101000010011001110111100000000110001100011000101000011000011100110001100001110011101110000011100100
111111111111111111111111111111111111111111111111111111111111111111111111111111111111111111111111111100101111001000110000000111111110111100110000100101111001111100110111100111000011001110011110000110110010111101100110001000011111111001110011100000010111100111100011001110011110001100010001111100011011
111111111111111111111111111111111111111111111111111111111111111111111111111111111111111111111111111111010000110111001111111000000001000011001111011010000110000011001000011000111100110001100001111001001101000010011001110111100000000110001100011111101000011000011100110001100001110011101110000011100100
111111111111111111111111111111111111111111111111111111111111111111111111111111111111111111111111111100101111001000110000000111111110111100110000000101111001111100110111100111000011001110011110000110110010111101100110001000011111111001110011100000010111100111100011001110011110001100010001111100011011
111111111111111111111111111111111111111111111111111111111111111111111111111111111111111111111111111110010000110000001111111000000001000011000011110010000110000000001000011000000000110001100000000001001001000010000001110111100000000110001100000111001000011000000000110001100000000011101110000000000100
111111111111111111111111111111111111111111111111111111111111111111111111111111111111111111111111111101101111001111110000000111111110111100111100001101111001111111110111100111111111001110011111111110110110111101111110001000011111111001110011111000110111100111111111001110011111111100010001111111111011
111111111111111111111111111111111111111111111111111111111111111111111111111111111111111111111111111100011001110000001111111000000001110111000000100011001110000000001100111000000000111111100000000001100001111110000001111111100000000111111100000000001100111000000000111011100000000011111110000000000111
111111111111111111111111111111111111111111111111111111111111111111111111111111111111111111111111111111000110001111100000000000111100001000011111011000110000011111100011000011111110000000000111111100011100000000111110000000000011110000000001111111100011000001111110000100000111111100000000011111110000
000000000000000000000000000000000000000000000000000000000000000000000000000000000000000000000000000000111001110000011111111111000011110111100000000111001111100000011100111100000001111111111000000011100011111111000001111111111100001111111110000000011100111110000001111011111000000011111111100000001111
111111111111111111111111111111111111111111111111111111111111111111111111111111111111111111111111111111000110000111000000000000000000001000001111111000110000000011000011000000111100000000000001111000011100000000011000000000000000000000000000011111100011000000011100000100000001110000000000000011100000
111111111111111111111111111111111111111111111111111111111111111111111111111111111111111111111111111100111111111000111111111111111111111111110000000111111111111100111111111111000011111111111110000111110011111111100111111111111111111111111111100000011111111111100011111111111110001111111111111100011111
111111111111111111111111111111111111111111111111111111111111111111111111111111111111111111111111111100000000000000000000000000000000000000000000100000000000000000000000000000000000000000000000000000000000000000000000000000000000000000000000000000000000000000000000000000000000000000000000000000000000
111111111111111111111111111111111111111111111111111111111111111111111111111111111111111111111111111111111111111111111111111111111111111111111111011111111111111111111111111111111111111111111111111111111111111111111111111111111111111111111111111111111111111111111111111111111111111111111111111111111111
111111111111111111111111111111111111111111111111111111111111111111111111111111111111111111111111111100000000000000000000000000000000000000000000000000000000000000000000000000000000000000000000000000000000000000000000000000000000000000000000000000000000000000000000000000000000000000000000000000000000
111111111111111111111111111111111111111111111111111111111111111111111111111111111111111111111111111111111111111111111111111111111111111111111111111111111111111111111111111111111111111111111111111111111111111111111111111111111111111111111111111111111111111111111111111111111111111111111111111111111111
000000000000000000000000000000000000000000000000000000000000000000000000000000000000000000000000000000000000000000000000000000000000000000000000000000000000000000000000000000000000000000000000000000000000000000000000000000000000000000000000000000000000000000000000000000000000000000000000000000000000
000000000000000000000000000000000000000000000000000000000000000000000000000000000000000000000000000000000000000000000000000000000000000000000000000000000000000000000000000000000000000000000000000000000000000000000000000000000000000000000000000000000000000000000000000000000000000000000000000000000000
000000000000000000000000000000000000000000000000000000000000000000000000000000000000000000000000000000000000000000000000000000000000000000000000000000000000000000000000000000000000000000000000000000000000000000000000000000000000000000000000000000000000000000000000000000000000000000000000000000000000
000000000000000000000000000000000000000000000000000000000000000000000000000000000000000000000000000000000000000000000000000000000000000000000000000000000000000000000000000000000000000000000000000000000000000000000000000000000000000000000000000000000000000000000000000000000000000000000000000000000000
000000000000000000000000000000000000000000000000000000000000000000000000000000000000000000000000000000000000000000000000000000000000000000000000000000000000000000000000000000000000000000000000000000000000000000000000000000000000000000000000000000000000000000000000000000000000000000000000000000000000
000000000000000000000000000000000000000000000000000000000000000000000000000000000000000000000000000000000000000000000000000000000000000000000000000000000000000000000000000000000000000000000000000000000000000000000000000000000000000000000000000000000000000000000000000000000000000000000000000000000000
000000000000000000000000000000000000000000000000000000000000000000000000000000000000000000000000000000000000000000000000000000000000000000000000000000000000000000000000000000000000000000000000000000000000000000000000000000000000000000000000000000000000000000000000000000000000000000000000000000000000
000000000000000000000000000000000000000000000000000000000000000000000000000000000000000000000000000000000000000000000000000000000000000000000000000000000000000000000000000000000000000000000000000000000000000000000000000000000000000000000000000000000000000000000000000000000000000000000000000000000000
000000000000000000000000000000000000000000000000000000000000000000000000000000000000000000000000000000000000000000000000000000000000000000000000000000000000000000000000000000000000000000000000000000000000000000000000000000000000000000000000000000000000000000000000000000000000000000000000000000000000
000000000000000000000000000000000000000000000000000000000000000000000000000000000000000000000000000000000000000000000000000000000000000000000000000000000000000000000000000000000000000000000000000000000000000000000000000000000000000000000000000000000000000000000000000000000000000000000000000000000000
111111111111111111111111111111111111111111111111111111111111111111111111111111111111111111111111111111111111111111111111111111111111111111111111111111111111111111111111111111111111111111111111111111111111111111111111111111111111111111111111111111111111111111111111111111111111111111111111111111111111
111111111111111111111111111111111111111111111111111111111111111111111111111111111111111111111111111100000000000000000000000000000000000000000000000000000000000000000000000000000000000000000000000000000000000000000000000000000000000000000000000000000000000000000000000000000000000000000000000000000000
111111111111111111111111111111111111111111111111111111111111111111111111111111111111111111111111111111111111111111111111111111111111111111111111111111111101111111111111111111111111111111111111111111111111111111111111111111111111111111111111111111111111111111111111111111111111111111111111111111111111
111111111111111111111111111111111111111111111111111111111111111111111111111111111111111111111111111100000000000000000000000000000000000000000000000000000010000000000000000000000000000000000000000000000000000000000000000000000000000000000000000000000000000000000000000000000000000000000000000000000000
111111111111111111111111111111111111111111111111111111111111111111111111111111111111111111111111111111111100000011111111100011111111111111111111111111000000011111111111110011111111111100001111111111111111110000001111111110011111111111111111111111111110000001111111111110001111111111111000111111111111
111111111111111111111111111111111111111111111111111111111111111111111111111111111111111111111111111100000011111100011000011100000000000000000000100000111111100011000000001100001100000011110000000000000000001111110000000001100000000000000000000000000001111110001100000001110000010000000111000000000000
000000000000000000000000000000000000000000000000000000000000000000000000000000000000000000000000000011110000000011100111000001111111111100001111011110000000011100111110000001110011110000000111111111101111100000001111111100000111111111110000111111111000000001110011111000000111101111100000001111111110
111111111111111111111111111111111111111111111111111111111111111111111111111111111111111111111111111100001111111100011000111110000000000011110000100001111101100011000001111110001100001111111000000000010000011111110000000011111000000000001111000000000111111110001100000111111000010000011111110000000001
111111111111111111111111111111111111111111111111111111111111111111111111111111111111111111111111111111100000000001100111000000111111100000000111011100000010001100111000000000110011100000000011111110001110000000000111111000000111111110000000011111110000000000110011100000000011101110000000001111111000
111111111111111111111111111111111111111111111111111111111111111111111111111111111111111111111111111110011111000110111100111111000000011111111011110011110000110111100111111111011110011111111100111001111001111100011011110111111000100001111111100111001111100011011110011111111100111001111111110001000111
111111111111111111111111111111111111111111111111111111111111111111111111111111111111111111111111111101100000111001000011000000111111100000000100001100001111001000011000000000100001100000000011000110000110000011100100001000000111011110000000011000110000011100100001100000000011000110000000001110111000
111111111111111111111111111111111111111111111111111111111111111111111111111111111111111111111111111110011100000010111100100011000000011111111011110011000000010111100111110011011110011100001100111001111001110000001011110110011000100001111111100111001110000001011110011110001100111001111000110001000111
111111111111111111111111111111111111111111111111111111111111111111111111111111111111111111111111111101100011111101000011011100111111100000000100001100111101101000011000001100100001100011110011000110000110001111110100001001100111011110000000011000110001111110100001100001110011000110000111001110111000
111111111111111111111111111111111111111111111111111111111111111111111111111111111111111111111111111110011100000010111100100011000000011111111011110011000010010111100111110011011110011100001100111001111001110000001011110110011000100001111111100111001110000001011110011110001100111001111000110001000111
111111111111111111111111111111111111111111111111111111111111111111111111111111111111111111111111111101100011000101000011011100111111100000000100001100110000101000011000001100100001100011110011000110000110001100010100001001100111011110000000011000110001100010100001100001110011000110000111001110111000
111111111111111111111111111111111111111111111111111111111111111111111111111111111111111111111111111110010000111010111100000001000000011100001011110010001111010111100110000001011110010000000100111001101001100011101011110100000000100001110000100111001000011101011110011000000100111001100000000001000110
111111111111111111111111111111111111111111111111111111111111111111111111111111111111111111111111111101101111000101011011111110111111100011110100101101110000101011011001111110101101101111111011000110010110011100010100001011111111011110001111011000110111100010101101100111111011010110011111111110111001
111111111111111111111111111111111111111111111111111111111111111111111111111111111111111111111111111110010000111010100100000001000000011100001011010010001101010100100110000001010010010000000100111001101001100011101011110100000000100001110000100111001000011101010010011000000100101001100000000001000110
000000000000000000000000000000000000000000000000000000000000000000000000000000000000000000000000000001101100000001011011100010111111100011110100101101000010001011011001110010101101101100001011000110010110010000000100001010011111011110001111011000110110000000101101100110001011010110011000111110111001
111111111111111111111111111111111111111111111111111111111111111111111111111111111111111111111111111110010011000110100100011101000000011100001011010010110000110100100110001101010010010011110100111001101001101100011011110101100000100001110000100111001001100011010010011001110100101001100111000001000110
111111111111111111111111111111111111111111111111111111111111111111111111111111111111111111111111111101101100111001011011100010111111100011110100101101001101001011011001110010101101101100001011000110010110010011100100001010011111011110001111011000110110011100101101100110001011010110011000111110111001
111111111111111111111111111111111111111111111111111111111111111111111111111111111111111111111111111110010011000110100100011101000000011100001011010010110010110100100110001101010010010011110100111001101001101100011011110101100000100001110000100111001001100011010010011001110100101001100111000001000110
111111111111111111111111111111111111111111111111111111111111111111111111111111111111111111111111111101101100111001011011100010111111100011110100101101001101001011011001110010101101101100001011000110010110010011100100001010011111011110001111011000110110011100101101100110001011010110011000111110111001
111111111111111111111111111111111111111111111111111111111111111111111111111111111111111111111111111110010011000110100100011101000000011100001011010010110010110100100110001101010010010011110100111001101001101100011011110101100000100001110000100111001001100011010010011001110100101001100111000001000110
111111111111111111111111111111111111111111111111111111111111111111111111111111111111111111111111111111101100111001111111100010111111100011110111111101001101001111111001110010111111101100001011111110011110010011100111111010011111111110001111011111110110011100111111100110001011111110011000111111111001
111111111111111111111111111111111111111111111111111111111111111111111111111111111111111111111111111101000000000000011010000000011110000000000000101000000000000011010000000000001101000000000001000100000100000000000000001000000011011000000000001000100000000000001101000000000001010100000000000110110000
111111111111111111111111111111111111111111111111111111111111111111111111111111111111111111111111111110010011000110100100011101000000011100001011010010110010110100100110001101010010010011110100111001101001101100011011110101100000100001110000100111001001100011010010011001110100101001100111000001000110
111111111111111111111111111111111111111111111111111111111111111111111111111111111111111111111111111101101100111001011011100010111111100011110100101101001101001011011001110010101101101100001011000110010110010011100100001010011111011110001111011000110110011100101101100110001011010110011000111110111001
111111111111111111111111111111111111111111111111111111111111111111111111111111111111111111111111111110010011000110100100011101000000011100001011010010110010110100100110001101010010010011110100111001101001101100011011110101100000100001110000100111001001100011010010011001110100101001100111000001000110
111111111111111111111111111111111111111111111111111111111111111111111111111111111111111111111111111101101100111001011011100010111111100011110100101101001101001011011001110010101101101100001011000110010110010011100100001010011111011110001111011000110110011100101101100110001011010110011000111110111001
111111111111111111111111111111111111111111111111111111111111111111111111111111111111111111111111111110010011000110100100011101000000011100001011010010110000110100100110001101010010010011110100111001101001101100011011110101100000100001110000100111001001100011010010011001110100101001100111000001000110
000000000000000000000000000000000000000000000000000000000000000000000000000000000000000000000000000001101100000001011011100010111111100011110100101101000010001011011001110010101101101100001011000110010110010000000100001010011111011110001111011000110110000000101101100110001011010110011000111110111001
111111111111111111111111111111111111111111111111111111111111111111111111111111111111111111111111111110010000111010100100000001000000011100001011010010001101010100100110000001010010010000000100111001101001100011101011110100000000100001110000100111001000011101010010011000000100101001100000000001000110
111111111111111111111111111111111111111111111111111111111111111111111111111111111111111111111111111101101111000101011011111110111111100011110100101101110000101011011001111110101101101111111011000110010110011100010100001011111111011110001111011000110111100010101101100111111011010110011111111110111001
111111111111111111111111111111111111111111111111111111111111111111111111111111111111111111111111111110010000111010111100000001000000011100001011110010001111010111100110000001011110010000000100111001101001100011101011110100000000100001110000100111001000011101011110011000000100111001100000000001000110
111111111111111111111111111111111111111111111111111111111111111111111111111111111111111111111111111101100011000101000011011100111111100000000100001100110000101000011000001100100001100011110011000110000110001100010100001001100111011110000000011000110001100010100001100001110011000110000111001110111000
111111111111111111111111111111111111111111111111111111111111111111111111111111111111111111111111111110011100000010111100100011000000011111111011110011000010010111100111110011011110011100001100111001111001110000001011110110011000100001111111100111001110000001011110011110001100111001111000110001000111
111111111111111111111111111111111111111111111111111111111111111111111111111111111111111111111111111101100011111101000011011100111111100000000100001100111101101000011000001100100001100011110011000110000110001111110100001001100111011110000000011000110001111110100001100001110011000110000111001110111000
111111111111111111111111111111111111111111111111111111111111111111111111111111111111111111111111111110011100000010111100100011000000011111111011110011000000010111100111110011011110011100001100111001111001110000001011110110011000100001111111100111001110000001011110011110001100111001111000110001000111
111111111111111111111111111111111111111111111111111111111111111111111111111111111111111111111111111101100000111001000011000000111111100000000100001100001111001000011000000000100001100000000011000110000110000011100100001000000111011110000000011000110000011100100001100000000011000110000000001110111000
111111111111111111111111111111111111111111111111111111111111111111111111111111111111111111111111111110011111000110111100111111000000011111111011110011110000110111100111111111011110011111111100111001111001111100011011110111111000100001111111100111001111100011011110011111111100111001111111110001000111
111111111111111111111111111111111111111111111111111111111111111111111111111111111111111111111111111111100000000001100111000000111111100000000111011100000010001100111000000000110011100000000011111110001110000000000111111000000111111110000000011111110000000000110011100000000011101110000000001111111000
111111111111111111111111111111111111111111111111111111111111111111111111111111111111111111111111111100001111111100011000111110000000000011110000100001111101100011000001111110001100001111111000000000010000011111110000000011111000000000001111000000000111111110001100000111111000010000011111110000000001
000000000000000000000000000000000000000000000000000000000000000000000000000000000000000000000000000011110000000011100111000001111111111100001111011110000000011100111110000001110011110000000111111111101111100000001111111100000111111111110000111111111000000001110011111000000111101111100000001111111110
111111111111111111111111111111111111111111111111111111111111111111111111111111111111111111111111111100000011111100011000011100000000000000000000100000111111100011000000001100001100000011110000000000000000001111110000000001100000000000000000000000000001111110001100000001110000010000000111000000000000
111111111111111111111111111111111111111111111111111111111111111111111111111111111111111111111111111111111100000011111111100011111111111111111111111111000000011111111111110011111111111100001111111111111111110000001111111110011111111111111111111111111110000001111111111110001111111111111000111111111111
111111111111111111111111111111111111111111111111111111111111111111111111111111111111111111111111111100000000000000000000000000000000000000000000000000000010000000000000000000000000000000000000000000000000000000000000000000000000000000000000000000000000000000000000000000000000000000000000000000000000
111111111111111111111111111111111111111111111111111111111111111111111111111111111111111111111111111111111111111111111111111111111111111111111111111111111101111111111111111111111111111111111111111111111111111111111111111111111111111111111111111111111111111111111111111111111111111111111111111111111111
111111111111111111111111111111111111111111111111111111111111111111111111111111111111111111111111111100000000000000000000000000000000000000000000000000000000000000000000000000000000000000000000000000000000000000000000000000000000000000000000000000000000000000000000000000000000000000000000000000000000
111111111111111111111111111111111111111111111111111111111111111111111111111111111111111111111111111111111111111111111111111111111111111111111111111111111111111111111111111111111111111111111111111111111111111111111111111111111111111111111111111111111111111111111111111111111111111111111111111111111111
000000000000000000000000000000000000000000000000000000000000000000000000000000000000000000000000000000000000000000000000000000000000000000000000000000000000000000000000000000000000000000000000000000000000000000000000000000000000000000000000000000000000000000000000000000000000000000000000000000000000
000000000000000000000000000000000000000000000000000000000000000000000000000000000000000000000000000000000000000000000000000000000000000000000000000000000000000000000000000000000000000000000000000000000000000000000000000000000000000000000000000000000000000000000000000000000000000000000000000000000000
000000000000000000000000000000000000000000000000000000000000000000000000000000000000000000000000000000000000000000000000000000000000000000000000000000000000000000000000000000000000000000000000000000000000000000000000000000000000000000000000000000000000000000000000000000000000000000000000000000000000
000000000000000000000000000000000000000000000000000000000000000000000000000000000000000000000000000000000000000000000000000000000000000000000000000000000000000000000000000000000000000000000000000000000000000000000000000000000000000000000000000000000000000000000000000000000000000000000000000000000000
000000000000000000000000000000000000000000000000000000000000000000000000000000000000000000000000000000000000000000000000000000000000000000000000000000000000000000000000000000000000000000000000000000000000000000000000000000000000000000000000000000000000000000000000000000000000000000000000000000000000
000000000000000000000000000000000000000000000000000000000000000000000000000000000000000000000000000000000000000000000000000000000000000000000000000000000000000000000000000000000000000000000000000000000000000000000000000000000000000000000000000000000000000000000000000000000000000000000000000000000000
000000000000000000000000000000000000000000000000000000000000000000000000000000000000000000000000000000000000000000000000000000000000000000000000000000000000000000000000000000000000000000000000000000000000000000000000000000000000000000000000000000000000000000000000000000000000000000000000000000000000
000000000000000000000000000000000000000000000000000000000000000000000000000000000000000000000000000000000000000000000000000000000000000000000000000000000000000000000000000000000000000000000000000000000000000000000000000000000000000000000000000000000000000000000000000000000000000000000000000000000000
000000000000000000000000000000000000000000000000000000000000000000000000000000000000000000000000000000000000000000000000000000000000000000000000000000000000000000000000000000000000000000000000000000000000000000000000000000000000000000000000000000000000000000000000000000000000000000000000000000000000
000000000000000000000000000000000000000000000000000000000000000000000000000000000000000000000000000000000000000000000000000000000000000000000000000000000000000000000000000000000000000000000000000000000000000000000000000000000000000000000000000000000000000000000000000000000000000000000000000000000000
111111111111111111111111111111111111111111111111111111111111111111111111111111111111111111111111111111111111111111111111111111111111111111111111111111111111111111111111111111111111111111111111111111111111111111111111111111111111111111111111111111111111111111111111111111111111111111111111111111111111
111111111111111111111111111111111111111111111111111111111111111111111111111111111111111111111111111100000000000000000000000000000000000000000000000000000000000000000000000000000000000000000000000000000000000000000000000000000000000000000000000000000000000000000000000000000000000000000000000000000000
111111111111111111111111111111111111111111111111111111111111111111111111111111111111111111111111111111111111111111111111111111111111111111111111111111111111111111110111111111111111111111111111111111111111111111111111111111111111111111111111111111111111111111111111111111111111111111111111111111111111
111111111111111111111111111111111111111111111111111111111111111111111111111111111111111111111111111100000000000000000000000000000000000000000000000000000000000000001000000000000000000000000000000000000000000000000000000000000000000000000000000000000000000000000000000000000000000000000000000000000000
111111111111111111111111111111111111111111111111111111111111111111111111111111111111111111111111111100011111111111110000001111111110001111111111111111111111111100000001111111111111001111111111110000110001111111111111000000111111111001111111111111111111111111111000000111111111111000111111111111100011
111111111111111111111111111111111111111111111111111111111111111111111111111111111111111111111111111111100000110000001111110001100001110000000000000000000010000011111110001100000000110000110000001111001110000011000000111111000000000110000000000000000000000000000111111000110000000111000001000000011100
000000000000000000000000000000000000000000000000000000000000000000000000000000000000000000000000000000001111001111000000001110011100000111111111110000111101111000000001110011111000000111001111000000010000111100111110000000111111110000011111111111000011111111100000000111001111100000011110111110000000
111111111111111111111111111111111111111111111111111111111111111111111111111111111111111111111111111111110000110000111111110001100011111000000000001111000010000111110110001100000111111000110000111111101111000011000001111111000000001111100000000000111100000000011111111000110000011111100001000001111111
111111111111111111111111111111111111111111111111111111111111111111111111111111111111111111111111111100000111001110000000000110011100000011111110000000011101110000001000110011100000000011001110000000000000011100111000000000011111100000011111111000000001111111000000000011001110000000001110111000000000
111111111111111111111111111111111111111111111111111111111111111111111111111111111111111111111111111111111001111001111100011011110011111100000001111111101111001111000011011110011111111101111001111111111111100111100111110001101111011111100010000111111110011100111110001101111001111111110011100111111111
111111111111111111111111111111111111111111111111111111111111111111111111111111111111111111111111111100000110000110000011100100001100000011111110000000010000110000111100100001100000000010000110000000000000011000011000001110010000100000011101111000000001100011000001110010000110000000001100011000000000
111111111111111111111111111111111111111111111111111111111111111111111111111111111111111111111111111100011001111001110000001011110010001100000001111111101111001100000001011110011111001101111001110000110001100111100111000000101111011001100010000111111110011100111000000101111001111000110011100111100011
111111111111111111111111111111111111111111111111111111111111111111111111111111111111111111111111111111100110000110001111110100001101110011111110000000010000110011110110100001100000110010000110001111001110011000011000111111010000100110011101111000000001100011000111111010000110000111001100011000011100
111111111111111111111111111111111111111111111111111111111111111111111111111111111111111111111111111100011001111001110000001011110010001100000001111111101111001100001001011110011111001101111001110000110001100111100111000000101111011001100010000111111110011100111000000101111001111000110011100111100011
111111111111111111111111111111111111111111111111111111111111111111111111111111111111111111111111111111100110000110001100010100001101110011111110000000010000110011000010100001100000110010000110001111001110011000011000110001010000100110011101111000000001100011000110001010000110000111001100011000011100
111111111111111111111111111111111111111111111111111111111111111111111111111111111111111111111111111100001001111001000011101011110000000100000001110000101111001000111101011110011000000101111001000000010000100111100110001110101111010000000010000111000010011100100001110101111001100000010011100110000000
111111111111111111111111111111111111111111111111111111111111111111111111111111111111111111111111111111110110110110111100010101101111111011111110001111010010110111000010101101100111111010110110111111101111011011011001110001010000101111111101111000111101100011011110001010110110011111101101011001111111
111111111111111111111111111111111111111111111111111111111111111111111111111111111111111111111111111100001001001001000011101010010000000100000001110000101101001000110101010010011000000101001001000000010000100100100110001110101111010000000010000111000010011100100001110101001001100000010010100110000000
000000000000000000000000000000000000000000000000000000000000000000000000000000000000000000000000000000010110110110110000000101101110001011111110001111010010110100001000101101100111001010110110110000100001011011011001000000010000101001111101111000111101100011011000000010110110011000101101011001100011
111111111111111111111111111111111111111111111111111111111111111111111111111111111111111111111111111111101001001001001100011010010001110100000001110000101101001011000011010010011000110101001001001111011110100100100110110001101111010110000010000111000010011100100110001101001001100111010010100110011100
111111111111111111111111111111111111111111111111111111111111111111111111111111111111111111111111111100010110110110110011100101101110001011111110001111010010110100110100101101100111001010110110110000100001011011011001001110010000101001111101111000111101100011011001110010110110011000101101011001100011
111111111111111111111111111111111111111111111111111111111111111111111111111111111111111111111111111111101001001001001100011010010001110100000001110000101101001011001011010010011000110101001001001111011110100100100110110001101111010110000010000111000010011100100110001101001001100111010010100110011100
111111111111111111111111111111111111111111111111111111111111111111111111111111111111111111111111111100010110110110110011100101101110001011111110001111010010110100110100101101100111001010110110110000100001011011011001001110010000101001111101111000111101100011011001110010110110011000101101011001100011
111111111111111111111111111111111111111111111111111111111111111111111111111111111111111111111111111111101001001001001100011010010001110100000001110000101101001011001011010010011000110101001001001111011110100100100110110001101111010110000010000111000010011100100110001101001001100111010010100110011100
111111111111111111111111111111111111111111111111111111111111111111111111111111111111111111111111111100010111111110110011100111111110001011111110001111011111110100110100111111100111001011111110110000100001011111111001001110011111101001111111111000111101111111011001110011111110011000101111111001100011
111111111111111111111111111111111111111111111111111111111111111111111111111111111111111111111111111100000010110100000000000001101000000001111000000000000010100000000000001101000000000000110100000000000000001011010000000000000000100000001101100000000000100010000000000000110100000000000101010000000000
111111111111111111111111111111111111111111111111111111111111111111111111111111111111111111111111111111101001001001001100011010010001110100000001110000101101001011001011010010011000110101001001001111011110100100100110110001101111010110000010000111000010011100100110001101001001100111010010100110011100
111111111111111111111111111111111111111111111111111111111111111111111111111111111111111111111111111100010110110110110011100101101110001011111110001111010010110100110100101101100111001010110110110000100001011011011001001110010000101001111101111000111101100011011001110010110110011000101101011001100011
111111111111111111111111111111111111111111111111111111111111111111111111111111111111111111111111111111101001001001001100011010010001110100000001110000101101001011001011010010011000110101001001001111011110100100100110110001101111010110000010000111000010011100100110001101001001100111010010100110011100
111111111111111111111111111111111111111111111111111111111111111111111111111111111111111111111111111100010110110110110011100101101110001011111110001111010010110100110100101101100111001010110110110000100001011011011001001110010000101001111101111000111101100011011001110010110110011000101101011001100011
111111111111111111111111111111111111111111111111111111111111111111111111111111111111111111111111111111101001001001001100011010010001110100000001110000101101001011000011010010011000110101001001001111011110100100100110110001101111010110000010000111000010011100100110001101001001100111010010100110011100
000000000000000000000000000000000000000000000000000000000000000000000000000000000000000000000000000000010110110110110000000101101110001011111110001111010010110100001000101101100111001010110110110000100001011011011001000000010000101001111101111000111101100011011000000010110110011000101101011001100011
111111111111111111111111111111111111111111111111111111111111111111111111111111111111111111111111111100001001001001000011101010010000000100000001110000101101001000110101010010011000000101001001000000010000100100100110001110101111010000000010000111000010011100100001110101001001100000010010100110000000
111111111111111111111111111111111111111111111111111111111111111111111111111111111111111111111111111111110110110110111100010101101111111011111110001111010010110111000010101101100111111010110110111111101111011011011001110001010000101111111101111000111101100011011110001010110110011111101101011001111111
111111111111111111111111111111111111111111111111111111111111111111111111111111111111111111111111111100001001111001000011101011110000000100000001110000101111001000111101011110011000000101111001000000010000100111100110001110101111010000000010000111000010011100100001110101111001100000010011100110000000
111111111111111111111111111111111111111111111111111111111111111111111111111111111111111111111111111111100110000110001100010100001101110011111110000000010000110011000010100001100000110010000110001111001110011000011000110001010000100110011101111000000001100011000110001010000110000111001100011000011100
111111111111111111111111111111111111111111111111111111111111111111111111111111111111111111111111111100011001111001110000001011110010001100000001111111101111001100001001011110011111001101111001110000110001100111100111000000101111011001100010000111111110011100111000000101111001111000110011100111100011
111111111111111111111111111111111111111111111111111111111111111111111111111111111111111111111111111111100110000110001111110100001101110011111110000000010000110011110110100001100000110010000110001111001110011000011000111111010000100110011101111000000001100011000111111010000110000111001100011000011100
111111111111111111111111111111111111111111111111111111111111111111111111111111111111111111111111111100011001111001110000001011110010001100000001111111101111001100000001011110011111001101111001110000110001100111100111000000101111011001100010000111111110011100111000000101111001111000110011100111100011
111111111111111111111111111111111111111111111111111111111111111111111111111111111111111111111111111100000110000110000011100100001100000011111110000000010000110000111100100001100000000010000110000000000000011000011000001110010000100000011101111000000001100011000001110010000110000000001100011000000000
111111111111111111111111111111111111111111111111111111111111111111111111111111111111111111111111111111111001111001111100011011110011111100000001111111101111001111000011011110011111111101111001111111111111100111100111110001101111011111100010000111111110011100111110001101111001111111110011100111111111
111111111111111111111111111111111111111111111111111111111111111111111111111111111111111111111111111100000111001110000000000110011100000011111110000000011101110000001000110011100000000011001110000000000000011100111000000000011111100000011111111000000001111111000000000011001110000000001110111000000000
111111111111111111111111111111111111111111111111111111111111111111111111111111111111111111111111111111110000110000111111110001100011111000000000001111000010000111110110001100000111111000110000111111101111000011000001111111000000001111100000000000111100000000011111111000110000011111100001000001111111
000000000000000000000000000000000000000000000000000000000000000000000000000000000000000000000000000000001111001111000000001110011100000111111111110000111101111000000001110011111000000111001111000000010000111100111110000000111111110000011111111111000011111111100000000111001111100000011110111110000000
111111111111111111111111111111111111111111111111111111111111111111111111111111111111111111111111111111100000110000001111110001100001110000000000000000000010000011111110001100000000110000110000001111001110000011000000111111000000000110000000000000000000000000000111111000110000000111000001000000011100
111111111111111111111111111111111111111111111111111111111111111111111111111111111111111111111111111100011111111111110000001111111110001111111111111111111111111100000001111111111111001111111111110000110001111111111111000000111111111001111111111111111111111111111000000111111111111000111111111111100011
111111111111111111111111111111111111111111111111111111111111111111111111111111111111111111111111111100000000000000000000000000000000000000000000000000000000000000001000000000000000000000000000000000000000000000000000000000000000000000000000000000000000000000000000000000000000000000000000000000000000
111111111111111111111111111111111111111111111111111111111111111111111111111111111111111111111111111111111111111111111111111111111111111111111111111111111111111111110111111111111111111111111111111111111111111111111111111111111111111111111111111111111111111111111111111111111111111111111111111111111111
111111111111111111111111111111111111111111111111111111111111111111111111111111111111111111111111111100000000000000000000000000000000000000000000000000000000000000000000000000000000000000000000000000000000000000000000000000000000000000000000000000000000000000000000000000000000000000000000000000000000
111111111111111111111111111111111111111111111111111111111111111111111111111111111111111111111111111111111111111111111111111111111111111111111111111111111111111111111111111111111111111111111111111111111111111111111111111111111111111111111111111111111111111111111111111111111111111111111111111111111111
000000000000000000000000000000000000000000000000000000000000000000000000000000000000000000000000000000000000000000000000000000000000000000000000000000000000000000000000000000000000000000000000000000000000000000000000000000000000000000000000000000000000000000000000000000000000000000000000000000000000
000000000000000000000000000000000000000000000000000000000000000000000000000000000000000000000000000000000000000000000000000000000000000000000000000000000000000000000000000000000000000000000000000000000000000000000000000000000000000000000000000000000000000000000000000000000000000000000000000000000000
000000000000000000000000000000000000000000000000000000000000000000000000000000000000000000000000000000000000000000000000000000000000000000000000000000000000000000000000000000000000000000000000000000000000000000000000000000000000000000000000000000000000000000000000000000000000000000000000000000000000
000000000000000000000000000000000000000000000000000000000000000000000000000000000000000000000000000000000000000000000000000000000000000000000000000000000000000000000000000000000000000000000000000000000000000000000000000000000000000000000000000000000000000000000000000000000000000000000000000000000000
000000000000000000000000000000000000000000000000000000000000000000000000000000000000000000000000000000000000000000000000000000000000000000000000000000000000000000000000000000000000000000000000000000000000000000000000000000000000000000000000000000000000000000000000000000000000000000000000000000000000
000000000000000000000000000000000000000000000000000000000000000000000000000000000000000000000000000000000000000000000000000000000000000000000000000000000000000000000000000000000000000000000000000000000000000000000000000000000000000000000000000000000000000000000000000000000000000000000000000000000000
000000000000000000000000000000000000000000000000000000000000000000000000000000000000000000000000000000000000000000000000000000000000000000000000000000000000000000000000000000000000000000000000000000000000000000000000000000000000000000000000000000000000000000000000000000000000000000000000000000000000
000000000000000000000000000000000000000000000000000000000000000000000000000000000000000000000000000000000000000000000000000000000000000000000000000000000000000000000000000000000000000000000000000000000000000000000000000000000000000000000000000000000000000000000000000000000000000000000000000000000000
000000000000000000000000000000000000000000000000000000000000000000000000000000000000000000000000000000000000000000000000000000000000000000000000000000000000000000000000000000000000000000000000000000000000000000000000000000000000000000000000000000000000000000000000000000000000000000000000000000000000
000000000000000000000000000000000000000000000000000000000000000000000000000000000000000000000000000000000000000000000000000000000000000000000000000000000000000000000000000000000000000000000000000000000000000000000000000000000000000000000000000000000000000000000000000000000000000000000000000000000000
111111111111111111111111111111111111111111111111111111111111111111111111111111111111111111111111111111111111111111111111111111111111111111111111111111111111111111111111111111111111111111111111111111111111111111111111111111111111111111111111111111111111111111111111111111111111111111111111111111111111
111111111111111111111111111111111111111111111111111111111111111111111111111111111111111111111111111100000000000000000000000000000000000000000000000000000000000000000000000000000000000000000000000000000000000000000000000000000000000000000000000000000000000000000000000000000000000000000000000000000000
111111111111111111111111111111111111111111111111111111111111111111111111111111111111111111111111111111111111111111111111111111111111111111111111111111111111111111111111111111011111111111111111111111111111111111111111111111111111111111111111111111111111111111111111111111111111111111111111111111111111
111111111111111111111111111111111111111111111111111111111111111111111111111111111111111111111111111100000000000000000000000000000000000000000000000000000000000000000000000000100000000000000000000000000000000000000000000000000000000000000000000000000000000000000000000000000000000000000000000000000000
111111111111111111111111111111111111111111111111111111111111111111111111111111111111111111111111111111111111000001111111111111000000111111111000111111111111111111111111110000000111111111111100111111111111111100000111111111111100000011111111100111111111111111111111111111100000011111111111100011111111
111111111111111111111111111111111111111111111111111111111111111111111111111111111111111111111111111100000000111110000011000000111111000110000111000000000000000000001000001111111000110000000011000011000000000011111000001100000011111100000000011000000000000000000000000000011111100011000000011100000100
000000000000000000000000000000000000000000000000000000000000000000000000000000000000000000000000000011111100000000111100111100000000111001110000011111111111000011110111100000000111001111100000011100111111110000000011110011111000000011111111000001111111111100001111111110000000011100111110000001111011
111111111111111111111111111111111111111111111111111111111111111111111111111111111111111111111111111100000011111111000011000011111111000110001111100000000000111100001000011111011000110000011111100011000000001111111100001100000111111100000000111110000000000011110000000001111111100011000001111110000100
111111111111111111111111111111111111111111111111111111111111111111111111111111111111111111111111111111111000000000011100111000000000011001110000001111111000000001110111000000100011001110000000001100111111100000000001110011100000000001111110000001111111100000000111111100000000001100111000000000111011
111111111111111111111111111111111111111111111111111111111111111111111111111111111111111111111111111111100111111111100111100111110001101111001111110000000111111110111100111100001101111001111111110111101110011111111110011110011111000110111101111110001000011111111001110011111000110111100111111111001110
111111111111111111111111111111111111111111111111111111111111111111111111111111111111111111111111111100011000000000011000011000001110010000110000001111111000000001000011000011110010000110000000001000010001100000000001100001100000111001000010000001110111100000000110001100000111001000011000000000110001
111111111111111111111111111111111111111111111111111111111111111111111111111111111111111111111111111111100111000001100111100111000000101111001000110000000111111110111100110000000101111001111100110111101110011100000110011110011100000010111101100110001000011111111001110011100000010111100111100011001110
111111111111111111111111111111111111111111111111111111111111111111111111111111111111111111111111111100011000111110011000011000111111010000110111001111111000000001000011001111011010000110000011001000010001100011111001100001100011111101000010011001110111100000000110001100011111101000011000011100110001
111111111111111111111111111111111111111111111111111111111111111111111111111111111111111111111111111111100111000001100111100111000000101111001000110000000111111110111100110000100101111001111100110111101110011100000110011110011100000010111101100110001000011111111001110011100000010111100111100011001110
111111111111111111111111111111111111111111111111111111111111111111111111111111111111111111111111111100011000111110011000011000110001010000110111001111111000000001000011001100001010000110000011001000010001100011111001100001100011000101000010011001110111100000000110001100011000101000011000011100110001
111111111111111111111111111111111111111111111111111111111111111111111111111111111111111111111111111111100100000000100111100100001110101111000000010000000111000010111100100011110101111001100000010111101110010000000010011110011000111010111101000000001000011100001001110010000111010111100110000001001110
111111111111111111111111111111111111111111111111111111111111111111111111111111111111111111111111111100011011111111011011011011110001010110111111101111111000111101001011011100001010110110011111101011010001101111111101101101100111000101000010111111110111100011110110001101111000101011011001111110110101
111111111111111111111111111111111111111111111111111111111111111111111111111111111111111111111111111111100100000000100100100100001110101001000000010000000111000010110100100011010101001001100000010100101110010000000010010010011000111010111101000000001000011100001001110010000111010100100110000001001010
000000000000000000000000000000000000000000000000000000000000000000000000000000000000000000000000000000011011000001011011011011000000010110111000101111111000111101001011010000100010110110011100101011010001101100000101101101100100000001000010100111110111100011110110001101100000001011011001100010110101
111111111111111111111111111111111111111111111111111111111111111111111111111111111111111111111111111111100100111110100100100100110001101001000111010000000111000010110100101100001101001001100011010100101110010011111010010010011011000110111101011000001000011100001001110010011000110100100110011101001010
111111111111111111111111111111111111111111111111111111111111111111111111111111111111111111111111111100011011000001011011011011001110010110111000101111111000111101001011010011010010110110011100101011010001101100000101101101100100111001000010100111110111100011110110001101100111001011011001100010110101
111111111111111111111111111111111111111111111111111111111111111111111111111111111111111111111111111111100100111110100100100100110001101001000111010000000111000010110100101100101101001001100011010100101110010011111010010010011011000110111101011000001000011100001001110010011000110100100110011101001010
111111111111111111111111111111111111111111111111111111111111111111111111111111111111111111111111111100011011000001011011011011001110010110111000101111111000111101001011010011010010110110011100101011010001101100000101101101100100111001000010100111110111100011110110001101100111001011011001100010110101
111111111111111111111111111111111111111111111111111111111111111111111111111111111111111111111111111111100100111110100100100100110001101001000111010000000111000010110100101100101101001001100011010100101110010011111010010010011011000110111101011000001000011100001001110010011000110100100110011101001010
111111111111111111111111111111111111111111111111111111111111111111111111111111111111111111111111111111111011000001011111111011001110011111111000101111111000111101111111010011010011111110011100101111111111101100000101111111100100111001111110100111111111100011110111111101100111001111111001100010111111
111111111111111111111111111111111111111111111111111111111111111111111111111111111111111111111111111100010000000000001011010000000000000110100000000111100000000000001010000000000000110100000000000011010001000000000000101101000000000000000010000000110110000000000010001000000000000011010000000000010101
111111111111111111111111111111111111111111111111111111111111111111111111111111111111111111111111111111100100111110100100100100110001101001000111010000000111000010110100101100101101001001100011010100101110010011111010010010011011000110111101011000001000011100001001110010011000110100100110011101001010
111111111111111111111111111111111111111111111111111111111111111111111111111111111111111111111111111100011011000001011011011011001110010110111000101111111000111101001011010011010010110110011100101011010001101100000101101101100100111001000010100111110111100011110110001101100111001011011001100010110101
111111111111111111111111111111111111111111111111111111111111111111111111111111111111111111111111111111100100111110100100100100110001101001000111010000000111000010110100101100101101001001100011010100101110010011111010010010011011000110111101011000001000011100001001110010011000110100100110011101001010
111111111111111111111111111111111111111111111111111111111111111111111111111111111111111111111111111100011011000001011011011011001110010110111000101111111000111101001011010011010010110110011100101011010001101100000101101101100100111001000010100111110111100011110110001101100111001011011001100010110101
111111111111111111111111111111111111111111111111111111111111111111111111111111111111111111111111111111100100111110100100100100110001101001000111010000000111000010110100101100001101001001100011010100101110010011111010010010011011000110111101011000001000011100001001110010011000110100100110011101001010
000000000000000000000000000000000000000000000000000000000000000000000000000000000000000000000000000000011011000001011011011011000000010110111000101111111000111101001011010000100010110110011100101011010001101100000101101101100100000001000010100111110111100011110110001101100000001011011001100010110101
111111111111111111111111111111111111111111111111111111111111111111111111111111111111111111111111111111100100000000100100100100001110101001000000010000000111000010110100100011010101001001100000010100101110010000000010010010011000111010111101000000001000011100001001110010000111010100100110000001001010
111111111111111111111111111111111111111111111111111111111111111111111111111111111111111111111111111100011011111111011011011011110001010110111111101111111000111101001011011100001010110110011111101011010001101111111101101101100111000101000010111111110111100011110110001101111000101011011001111110110101
111111111111111111111111111111111111111111111111111111111111111111111111111111111111111111111111111111100100000000100111100100001110101111000000010000000111000010111100100011110101111001100000010111101110010000000010011110011000111010111101000000001000011100001001110010000111010111100110000001001110
111111111111111111111111111111111111111111111111111111111111111111111111111111111111111111111111111100011000111110011000011000110001010000110111001111111000000001000011001100001010000110000011001000010001100011111001100001100011000101000010011001110111100000000110001100011000101000011000011100110001
111111111111111111111111111111111111111111111111111111111111111111111111111111111111111111111111111111100111000001100111100111000000101111001000110000000111111110111100110000100101111001111100110111101110011100000110011110011100000010111101100110001000011111111001110011100000010111100111100011001110
111111111111111111111111111111111111111111111111111111111111111111111111111111111111111111111111111100011000111110011000011000111111010000110111001111111000000001000011001111011010000110000011001000010001100011111001100001100011111101000010011001110111100000000110001100011111101000011000011100110001
111111111111111111111111111111111111111111111111111111111111111111111111111111111111111111111111111111100111000001100111100111000000101111001000110000000111111110111100110000000101111001111100110111101110011100000110011110011100000010111101100110001000011111111001110011100000010111100111100011001110
111111111111111111111111111111111111111111111111111111111111111111111111111111111111111111111111111100011000000000011000011000001110010000110000001111111000000001000011000011110010000110000000001000010001100000000001100001100000111001000010000001110111100000000110001100000111001000011000000000110001
111111111111111111111111111111111111111111111111111111111111111111111111111111111111111111111111111111100111111111100111100111110001101111001111110000000111111110111100111100001101111001111111110111101110011111111110011110011111000110111101111110001000011111111001110011111000110111100111111111001110
111111111111111111111111111111111111111111111111111111111111111111111111111111111111111111111111111111111000000000011100111000000000011001110000001111111000000001110111000000100011001110000000001100111111100000000001110011100000000001111110000001111111100000000111111100000000001100111000000000111011
111111111111111111111111111111111111111111111111111111111111111111111111111111111111111111111111111100000011111111000011000011111111000110001111100000000000111100001000011111011000110000011111100011000000001111111100001100000111111100000000111110000000000011110000000001111111100011000001111110000100
000000000000000000000000000000000000000000000000000000000000000000000000000000000000000000000000000011111100000000111100111100000000111001110000011111111111000011110111100000000111001111100000011100111111110000000011110011111000000011111111000001111111111100001111111110000000011100111110000001111011
111111111111111111111111111111111111111111111111111111111111111111111111111111111111111111111111111100000000111110000011000000111111000110000111000000000000000000001000001111111000110000000011000011000000000011111000001100000011111100000000011000000000000000000000000000011111100011000000011100000100
111111111111111111111111111111111111111111111111111111111111111111111111111111111111111111111111111111111111000001111111111111000000111111111000111111111111111111111111110000000111111111111100111111111111111100000111111111111100000011111111100111111111111111111111111111100000011111111111100011111111
111111111111111111111111111111111111111111111111111111111111111111111111111111111111111111111111111100000000000000000000000000000000000000000000000000000000000000000000000000100000000000000000000000000000000000000000000000000000000000000000000000000000000000000000000000000000000000000000000000000000
111111111111111111111111111111111111111111111111111111111111111111111111111111111111111111111111111111111111111111111111111111111111111111111111111111111111111111111111111111011111111111111111111111111111111111111111111111111111111111111111111111111111111111111111111111111111111111111111111111111111
111111111111111111111111111111111111111111111111111111111111111111111111111111111111111111111111111100000000000000000000000000000000000000000000000000000000000000000000000000000000000000000000000000000000000000000000000000000000000000000000000000000000000000000000000000000000000000000000000000000000
111111111111111111111111111111111111111111111111111111111111111111111111111111111111111111111111111111111111111111111111111111111111111111111111111111111111111111111111111111111111111111111111111111111111111111111111111111111111111111111111111111111111111111111111111111111111111111111111111111111111
000000000000000000000000000000000000000000000000000000000000000000000000000000000000000000000000000000000000000000000000000000000000000000000000000000000000000000000000000000000000000000000000000000000000000000000000000000000000000000000000000000000000000000000000000000000000000000000000000000000000
000000000000000000000000000000000000000000000000000000000000000000000000000000000000000000000000000000000000000000000000000000000000000000000000000000000000000000000000000000000000000000000000000000000000000000000000000000000000000000000000000000000000000000000000000000000000000000000000000000000000
000000000000000000000000000000000000000000000000000000000000000000000000000000000000000000000000000000000000000000000000000000000000000000000000000000000000000000000000000000000000000000000000000000000000000000000000000000000000000000000000000000000000000000000000000000000000000000000000000000000000
000000000000000000000000000000000000000000000000000000000000000000000000000000000000000000000000000000000000000000000000000000000000000000000000000000000000000000000000000000000000000000000000000000000000000000000000000000000000000000000000000000000000000000000000000000000000000000000000000000000000
000000000000000000000000000000000000000000000000000000000000000000000000000000000000000000000000000000000000000000000000000000000000000000000000000000000000000000000000000000000000000000000000000000000000000000000000000000000000000000000000000000000000000000000000000000000000000000000000000000000000
000000000000000000000000000000000000000000000000000000000000000000000000000000000000000000000000000000000000000000000000000000000000000000000000000000000000000000000000000000000000000000000000000000000000000000000000000000000000000000000000000000000000000000000000000000000000000000000000000000000000
000000000000000000000000000000000000000000000000000000000000000000000000000000000000000000000000000000000000000000000000000000000000000000000000000000000000000000000000000000000000000000000000000000000000000000000000000000000000000000000000000000000000000000000000000000000000000000000000000000000000
000000000000000000000000000000000000000000000000000000000000000000000000000000000000000000000000000000000000000000000000000000000000000000000000000000000000000000000000000000000000000000000000000000000000000000000000000000000000000000000000000000000000000000000000000000000000000000000000000000000000
000000000000000000000000000000000000000000000000000000000000000000000000000000000000000000000000000000000000000000000000000000000000000000000000000000000000000000000000000000000000000000000000000000000000000000000000000000000000000000000000000000000000000000000000000000000000000000000000000000000000
000000000000000000000000000000000000000000000000000000000000000000000000000000000000000000000000000000000000000000000000000000000000000000000000000000000000000000000000000000000000000000000000000000000000000000000000000000000000000000000000000000000000000000000000000000000000000000000000000000000000
111111111111111111111111111111111111111111111111111111111111111111111111111111111111111111111111111111111111111111111111111111111111111111111111111111111111111111111111111111111111111111111111111111111111111111111111111111111111111111111111111111111111111111111111111111111111111111111111111111111111
111111111111111111111111111111111111111111111111111111111111111111111111111111111111111111111111111100000000000000000000000000000000000000000000000000000000000000000000000000000000000000000000000000000000000000000000000000000000000000000000000000000000000000000000000000000000000000000000000000000000
111111111111111111111111111111111111111111111111111111111111111111111111111111111111111111111111111111111111111111111111111111111111111111111111111111111111111111111111111111111111111101111111111111111111111111111111111111111111111111111111111111111111111111111111111111111111111111111111111111111111
111111111111111111111111111111111111111111111111111111111111111111111111111111111111111111111111111100000000000000000000000000000000000000000000000000000000000000000000000000000000000010000000000000000000000000000000000000000000000000000000000000000000000000000000000000000000000000000000000000000000
111111111111111111111111111111111111111111111111111111111111111111111111111111111111111111111111111111111111111111111100000111111111111100000011111111100011111111111111111111111111000000011111111111111111111111111111110000011111111111110000001111111110011111111111111111111111111110000001111111111110
111111111111111111111111111111111111111111111111111111111111111111111111111111111111111111111111111100000000000000000011111000001100000011111100011000011100000000000000000000100000111111100011000000000000000000000000001111100000110000001111110000000001100000000000000000000000000001111110001100000001
000000000000000000000000000000000000000000000000000000000000000000000000000000000000000000000000000000000011111111110000000011110011110000000011100111000001111111111100001111011110000000011100111110000000001111111111000000001111001111100000001111111100000111111111110000111111111000000001110011111000
111111111111111111111111111111111111111111111111111111111111111111111111111111111111111111111111111111111100000000001111111100001100001111111100011000111110000000000011110000100001111101100011000001111111110000000000111111110000110000011111110000000011111000000000001111000000000111111110001100000111
111111111111111111111111111111111111111111111111111111111111111111111111111111111111111111111111111100000000111111100000000001110011100000000001100111000000111111100000000111011100000010001100111000000000000011111110000000000111001110000000000111111000000111111110000000011111110000000000110011100000
111111111111111111111111111111111111111111111111111111111111111111111111111111111111111111111111111111111111001110011111111110011110011111000110111100111111000000011111111011110011110000110111100111111111111101111001111111111001111001111100011011110111111000100001111111100111001111100011011110011111
111111111111111111111111111111111111111111111111111111111111111111111111111111111111111111111111111100000000110001100000000001100001100000111001000011000000111111100000000100001100001111001000011000000000000010000110000000000110000110000011100100001000000111011110000000011000110000011100100001100000
111111111111111111111111111111111111111111111111111111111111111111111111111111111111111111111111111111111111001110011100000110011110011100000010111100100011000000011111111011110011000000010111100111111111111101111001110000011001111001110000001011110110011000100001111111100111001110000001011110011110
111111111111111111111111111111111111111111111111111111111111111111111111111111111111111111111111111100000000110001100011111001100001100011111101000011011100111111100000000100001100111101101000011000000000000010000110001111100110000110001111110100001001100111011110000000011000110001111110100001100001
111111111111111111111111111111111111111111111111111111111111111111111111111111111111111111111111111111111111001110011100000110011110011100000010111100100011000000011111111011110011000010010111100111111111111101111001110000011001111001110000001011110110011000100001111111100111001110000001011110011110
111111111111111111111111111111111111111111111111111111111111111111111111111111111111111111111111111100000000110001100011111001100001100011000101000011011100111111100000000100001100110000101000011000000000000010000110001111100110000110001100010100001001100111011110000000011000110001100010100001100001
111111111111111111111111111111111111111111111111111111111111111111111111111111111111111111111111111100000011001110010000000010011110010000111010111100000001000000011100001011110010001111010111100110000000001101111001000000001001111001100011101011110100000000100001110000100111001000011101011110011000
111111111111111111111111111111111111111111111111111111111111111111111111111111111111111111111111111111111100110001101111111101101101101111000101011011111110111111100011110100101101110000101011011001111111110010000110111111110110110110011100010100001011111111011110001111011000110111100010101101100111
111111111111111111111111111111111111111111111111111111111111111111111111111111111111111111111111111100000011001110010000000010010010010000111010100100000001000000011100001011010010001101010100100110000000001101111001000000001001001001100011101011110100000000100001110000100111001000011101010010011000
000000000000000000000000000000000000000000000000000000000000000000000000000000000000000000000000000011111100110001101100000101101101101100000001011011100010111111100011110100101101000010001011011001111111110010000110110000010110110110010000000100001010011111011110001111011000110110000000101101100110
111111111111111111111111111111111111111111111111111111111111111111111111111111111111111111111111111100000011001110010011111010010010010011000110100100011101000000011100001011010010110000110100100110000000001101111001001111101001001001101100011011110101100000100001110000100111001001100011010010011001
111111111111111111111111111111111111111111111111111111111111111111111111111111111111111111111111111111111100110001101100000101101101101100111001011011100010111111100011110100101101001101001011011001111111110010000110110000010110110110010011100100001010011111011110001111011000110110011100101101100110
111111111111111111111111111111111111111111111111111111111111111111111111111111111111111111111111111100000011001110010011111010010010010011000110100100011101000000011100001011010010110010110100100110000000001101111001001111101001001001101100011011110101100000100001110000100111001001100011010010011001
111111111111111111111111111111111111111111111111111111111111111111111111111111111111111111111111111111111100110001101100000101101101101100111001011011100010111111100011110100101101001101001011011001111111110010000110110000010110110110010011100100001010011111011110001111011000110110011100101101100110
111111111111111111111111111111111111111111111111111111111111111111111111111111111111111111111111111100000011001110010011111010010010010011000110100100011101000000011100001011010010110010110100100110000000001101111001001111101001001001101100011011110101100000100001110000100111001001100011010010011001
111111111111111111111111111111111111111111111111111111111111111111111111111111111111111111111111111111111100111111101100000101111111101100111001111111100010111111100011110111111101001101001111111001111111110011111110110000010111111110010011100111111010011111111110001111011111110110011100111111100110
111111111111111111111111111111111111111111111111111111111111111111111111111111111111111111111111111100000000010001000000000000101101000000000000011010000000011110000000000000101000000000000011010000000000000010000100000000000010110100000000000000001000000011011000000000001000100000000000001101000000
111111111111111111111111111111111111111111111111111111111111111111111111111111111111111111111111111100000011001110010011111010010010010011000110100100011101000000011100001011010010110010110100100110000000001101111001001111101001001001101100011011110101100000100001110000100111001001100011010010011001
111111111111111111111111111111111111111111111111111111111111111111111111111111111111111111111111111111111100110001101100000101101101101100111001011011100010111111100011110100101101001101001011011001111111110010000110110000010110110110010011100100001010011111011110001111011000110110011100101101100110
111111111111111111111111111111111111111111111111111111111111111111111111111111111111111111111111111100000011001110010011111010010010010011000110100100011101000000011100001011010010110010110100100110000000001101111001001111101001001001101100011011110101100000100001110000100111001001100011010010011001
111111111111111111111111111111111111111111111111111111111111111111111111111111111111111111111111111111111100110001101100000101101101101100111001011011100010111111100011110100101101001101001011011001111111110010000110110000010110110110010011100100001010011111011110001111011000110110011100101101100110
111111111111111111111111111111111111111111111111111111111111111111111111111111111111111111111111111100000011001110010011111010010010010011000110100100011101000000011100001011010010110000110100100110000000001101111001001111101001001001101100011011110101100000100001110000100111001001100011010010011001
000000000000000000000000000000000000000000000000000000000000000000000000000000000000000000000000000011111100110001101100000101101101101100000001011011100010111111100011110100101101000010001011011001111111110010000110110000010110110110010000000100001010011111011110001111011000110110000000101101100110
111111111111111111111111111111111111111111111111111111111111111111111111111111111111111111111111111100000011001110010000000010010010010000111010100100000001000000011100001011010010001101010100100110000000001101111001000000001001001001100011101011110100000000100001110000100111001000011101010010011000
111111111111111111111111111111111111111111111111111111111111111111111111111111111111111111111111111111111100110001101111111101101101101111000101011011111110111111100011110100101101110000101011011001111111110010000110111111110110110110011100010100001011111111011110001111011000110111100010101101100111
111111111111111111111111111111111111111111111111111111111111111111111111111111111111111111111111111100000011001110010000000010011110010000111010111100000001000000011100001011110010001111010111100110000000001101111001000000001001111001100011101011110100000000100001110000100111001000011101011110011000
111111111111111111111111111111111111111111111111111111111111111111111111111111111111111111111111111100000000110001100011111001100001100011000101000011011100111111100000000100001100110000101000011000000000000010000110001111100110000110001100010100001001100111011110000000011000110001100010100001100001
111111111111111111111111111111111111111111111111111111111111111111111111111111111111111111111111111111111111001110011100000110011110011100000010111100100011000000011111111011110011000010010111100111111111111101111001110000011001111001110000001011110110011000100001111111100111001110000001011110011110
111111111111111111111111111111111111111111111111111111111111111111111111111111111111111111111111111100000000110001100011111001100001100011111101000011011100111111100000000100001100111101101000011000000000000010000110001111100110000110001111110100001001100111011110000000011000110001111110100001100001
111111111111111111111111111111111111111111111111111111111111111111111111111111111111111111111111111111111111001110011100000110011110011100000010111100100011000000011111111011110011000000010111100111111111111101111001110000011001111001110000001011110110011000100001111111100111001110000001011110011110
111111111111111111111111111111111111111111111111111111111111111111111111111111111111111111111111111100000000110001100000000001100001100000111001000011000000111111100000000100001100001111001000011000000000000010000110000000000110000110000011100100001000000111011110000000011000110000011100100001100000
111111111111111111111111111111111111111111111111111111111111111111111111111111111111111111111111111111111111001110011111111110011110011111000110111100111111000000011111111011110011110000110111100111111111111101111001111111111001111001111100011011110111111000100001111111100111001111100011011110011111
111111111111111111111111111111111111111111111111111111111111111111111111111111111111111111111111111100000000111111100000000001110011100000000001100111000000111111100000000111011100000010001100111000000000000011111110000000000111001110000000000111111000000111111110000000011111110000000000110011100000
111111111111111111111111111111111111111111111111111111111111111111111111111111111111111111111111111111111100000000001111111100001100001111111100011000111110000000000011110000100001111101100011000001111111110000000000111111110000110000011111110000000011111000000000001111000000000111111110001100000111
000000000000000000000000000000000000000000000000000000000000000000000000000000000000000000000000000000000011111111110000000011110011110000000011100111000001111111111100001111011110000000011100111110000000001111111111000000001111001111100000001111111100000111111111110000111111111000000001110011111000
111111111111111111111111111111111111111111111111111111111111111111111111111111111111111111111111111100000000000000000011111000001100000011111100011000011100000000000000000000100000111111100011000000000000000000000000001111100000110000001111110000000001100000000000000000000000000001111110001100000001
111111111111111111111111111111111111111111111111111111111111111111111111111111111111111111111111111111111111111111111100000111111111111100000011111111100011111111111111111111111111000000011111111111111111111111111111110000011111111111110000001111111110011111111111111111111111111110000001111111111110
111111111111111111111111111111111111111111111111111111111111111111111111111111111111111111111111111100000000000000000000000000000000000000000000000000000000000000000000000000000000000010000000000000000000000000000000000000000000000000000000000000000000000000000000000000000000000000000000000000000000
111111111111111111111111111111111111111111111111111111111111111111111111111111111111111111111111111111111111111111111111111111111111111111111111111111111111111111111111111111111111111101111111111111111111111111111111111111111111111111111111111111111111111111111111111111111111111111111111111111111111
111111111111111111111111111111111111111111111111111111111111111111111111111111111111111111111111111100000000000000000000000000000000000000000000000000000000000000000000000000000000000000000000000000000000000000000000000000000000000000000000000000000000000000000000000000000000000000000000000000000000
111111111111111111111111111111111111111111111111111111111111111111111111111111111111111111111111111111111111111111111111111111111111111111111111111111111111111111111111111111111111111111111111111111111111111111111111111111111111111111111111111111111111111111111111111111111111111111111111111111111111
000000000000000000000000000000000000000000000000000000000000000000000000000000000000000000000000000000000000000000000000000000000000000000000000000000000000000000000000000000000000000000000000000000000000000000000000000000000000000000000000000000000000000000000000000000000000000000000000000000000000
000000000000000000000000000000000000000000000000000000000000000000000000000000000000000000000000000000000000000000000000000000000000000000000000000000000000000000000000000000000000000000000000000000000000000000000000000000000000000000000000000000000000000000000000000000000000000000000000000000000000
000000000000000000000000000000000000000000000000000000000000000000000000000000000000000000000000000000000000000000000000000000000000000000000000000000000000000000000000000000000000000000000000000000000000000000000000000000000000000000000000000000000000000000000000000000000000000000000000000000000000
000000000000000000000000000000000000000000000000000000000000000000000000000000000000000000000000000000000000000000000000000000000000000000000000000000000000000000000000000000000000000000000000000000000000000000000000000000000000000000000000000000000000000000000000000000000000000000000000000000000000
000000000000000000000000000000000000000000000000000000000000000000000000000000000000000000000000000000000000000000000000000000000000000000000000000000000000000000000000000000000000000000000000000000000000000000000000000000000000000000000000000000000000000000000000000000000000000000000000000000000000
000000000000000000000000000000000000000000000000000000000000000000000000000000000000000000000000000000000000000000000000000000000000000000000000000000000000000000000000000000000000000000000000000000000000000000000000000000000000000000000000000000000000000000000000000000000000000000000000000000000000
000000000000000000000000000000000000000000000000000000000000000000000000000000000000000000000000000000000000000000000000000000000000000000000000000000000000000000000000000000000000000000000000000000000000000000000000000000000000000000000000000000000000000000000000000000000000000000000000000000000000
000000000000000000000000000000000000000000000000000000000000000000000000000000000000000000000000000000000000000000000000000000000000000000000000000000000000000000000000000000000000000000000000000000000000000000000000000000000000000000000000000000000000000000000000000000000000000000000000000000000000
000000000000000000000000000000000000000000000000000000000000000000000000000000000000000000000000000000000000000000000000000000000000000000000000000000000000000000000000000000000000000000000000000000000000000000000000000000000000000000000000000000000000000000000000000000000000000000000000000000000000
000000000000000000000000000000000000000000000000000000000000000000000000000000000000000000000000000000000000000000000000000000000000000000000000000000000000000000000000000000000000000000000000000000000000000000000000000000000000000000000000000000000000000000000000000000000000000000000000000000000000
111111111111111111111111111111111111111111111111111111111111111111111111111111111111111111111111111111111111111111111111111111111111111111111111111111111111111111111111111111111111111111111111111111111111111111111111111111111111111111111111111111111111111111111111111111111111111111111111111111111111
111111111111111111111111111111111111111111111111111111111111111111111111111111111111111111111111111100000000000000000000000000000000000000000000000000000000000000000000000000000000000000000000000000000000000000000000000000000000000000000000000000000000000000000000000000000000000000000000000000000000
111111111111111111111111111111111111111111111111111111111111111111111111111111111111111111111111111111111111111111111111111111111111111111111111111111111111111111111111111111111111111111111111110111111111111111111111111111111111111111111111111111111111111111111111111111111111111111111111111111111111
111111111111111111111111111111111111111111111111111111111111111111111111111111111111111111111111111100000000000000000000000000000000000000000000000000000000000000000000000000000000000000000000001000000000000000000000000000000000000000000000000000000000000000000000000000000000000000000000000000000000
111111111111111111111111111111111111111111111111111111111111111111111111111111111111111111111111111111111111111111111111111111110000011111111111110000001111111110001111111111111111111111111100000001111111111111111111111111111111000001111111111111000000111111111001111111111111111111111111111000000111
111111111111111111111111111111111111111111111111111111111111111111111111111111111111111111111111111100000000000000000000000000001111100000110000001111110001100001110000000000000000000010000011111110000000000000000000000000000000111110000011000000111111000000000110000000000000000000000000000111111000
000000000000000000000000000000000000000000000000000000000000000000000000000000000000000000000000000001111111110000001111111111000000001111001111000000001110011100000111111111110000111101111000000001110111111111000000111111111100000000111100111110000000111111110000011111111111000011111111100000000111
111111111111111111111111111111111111111111111111111111111111111111111111111111111111111111111111111110000000001111110000000000111111110000110000111111110001100011111000000000001111000010000111110110001000000000111111000000000011111111000011000001111111000000001111100000000000111100000000011111111000
111111111111111111111111111111111111111111111111111111111111111111111111111111111111111111111111111100111111000000000011111110000000000111001110000000000110011100000011111110000000011101110000001000110111111100000000001111111000000000011100111000000000011111100000011111111000000001111111000000000011
111111111111111111111111111111111111111111111111111111111111111111111111111111111111111111111111111111011100111111111100111001111111111001111001111100011011110011111100000001111111101111001111000011011001110011111111110111100111111111100111100111110001101111011111100010000111111110011100111110001101
111111111111111111111111111111111111111111111111111111111111111111111111111111111111111111111111111100100011000000000011000110000000000110000110000011100100001100000011111110000000010000110000111100100110001100000000001000011000000000011000011000001110010000100000011101111000000001100011000001110010
111111111111111111111111111111111111111111111111111111111111111111111111111111111111111111111111111111011100111111111100111001110000011001111001110000001011110010001100000001111111101111001100000001011001110011111111110111100111000001100111100111000000101111011001100010000111111110011100111000000101
111111111111111111111111111111111111111111111111111111111111111111111111111111111111111111111111111100100011000000000011000110001111100110000110001111110100001101110011111110000000010000110011110110100110001100000000001000011000111110011000011000111111010000100110011101111000000001100011000111111010
111111111111111111111111111111111111111111111111111111111111111111111111111111111111111111111111111111011100111111111100111001110000011001111001110000001011110010001100000001111111101111001100001001011001110011111111110111100111000001100111100111000000101111011001100010000111111110011100111000000101
111111111111111111111111111111111111111111111111111111111111111111111111111111111111111111111111111100100011000000000011000110001111100110000110001100010100001101110011111110000000010000110011000010100110001100000000001000011000111110011000011000110001010000100110011101111000000001100011000110001010
111111111111111111111111111111111111111111111111111111111111111111111111111111111111111111111111111101011100110000001100111001000000001001111001000011101011110000000100000001110000101111001000111101010001110011000000110111100100000000100111100110001110101111010000000010000111000010011100100001110101
111111111111111111111111111111111111111111111111111111111111111111111111111111111111111111111111111110100011001111110011000110111111110110110110111100010101101111111011111110001111010010110111000010101110001100111111001000011011111111011011011001110001010000101111111101111000111101100011011110001010
111111111111111111111111111111111111111111111111111111111111111111111111111111111111111111111111111101011100110000001100111001000000001001001001000011101010010000000100000001110000101101001000110101010001110011000000110111100100000000100100100110001110101111010000000010000111000010011100100001110101
000000000000000000000000000000000000000000000000000000000000000000000000000000000000000000000000000010100011001111110011000110110000010110110110110000000101101110001011111110001111010010110100001000101110001100111111001000011011000001011011011001000000010000101001111101111000111101100011011000000010
111111111111111111111111111111111111111111111111111111111111111111111111111111111111111111111111111101011100110000001100111001001111101001001001001100011010010001110100000001110000101101001011000011010001110011000000110111100100111110100100100110110001101111010110000010000111000010011100100110001101
111111111111111111111111111111111111111111111111111111111111111111111111111111111111111111111111111110100011001111110011000110110000010110110110110011100101101110001011111110001111010010110100110100101110001100111111001000011011000001011011011001001110010000101001111101111000111101100011011001110010
111111111111111111111111111111111111111111111111111111111111111111111111111111111111111111111111111101011100110000001100111001001111101001001001001100011010010001110100000001110000101101001011001011010001110011000000110111100100111110100100100110110001101111010110000010000111000010011100100110001101
111111111111111111111111111111111111111111111111111111111111111111111111111111111111111111111111111110100011001111110011000110110000010110110110110011100101101110001011111110001111010010110100110100101110001100111111001000011011000001011011011001001110010000101001111101111000111101100011011001110010
111111111111111111111111111111111111111111111111111111111111111111111111111111111111111111111111111101011100110000001100111001001111101001001001001100011010010001110100000001110000101101001011001011010001110011000000110111100100111110100100100110110001101111010110000010000111000010011100100110001101
111111111111111111111111111111111111111111111111111111111111111111111111111111111111111111111111111110111111001111110011111110110000010111111110110011100111111110001011111110001111011111110100110100111111111100111111001111111011000001011111111001001110011111101001111111111000111101111111011001110011
111111111111111111111111111111111111111111111111111111111111111111111111111111111111111111111111111100100010000000000001000100000000000010110100000000000001101000000001111000000000000010100000000000000010001000000000001000010000000000001011010000000000000000100000001101100000000000100010000000000000
111111111111111111111111111111111111111111111111111111111111111111111111111111111111111111111111111101011100110000001100111001001111101001001001001100011010010001110100000001110000101101001011001011010001110011000000110111100100111110100100100110110001101111010110000010000111000010011100100110001101
111111111111111111111111111111111111111111111111111111111111111111111111111111111111111111111111111110100011001111110011000110110000010110110110110011100101101110001011111110001111010010110100110100101110001100111111001000011011000001011011011001001110010000101001111101111000111101100011011001110010
111111111111111111111111111111111111111111111111111111111111111111111111111111111111111111111111111101011100110000001100111001001111101001001001001100011010010001110100000001110000101101001011001011010001110011000000110111100100111110100100100110110001101111010110000010000111000010011100100110001101
111111111111111111111111111111111111111111111111111111111111111111111111111111111111111111111111111110100011001111110011000110110000010110110110110011100101101110001011111110001111010010110100110100101110001100111111001000011011000001011011011001001110010000101001111101111000111101100011011001110010
111111111111111111111111111111111111111111111111111111111111111111111111111111111111111111111111111101011100110000001100111001001111101001001001001100011010010001110100000001110000101101001011000011010001110011000000110111100100111110100100100110110001101111010110000010000111000010011100100110001101
000000000000000000000000000000000000000000000000000000000000000000000000000000000000000000000000000010100011001111110011000110110000010110110110110000000101101110001011111110001111010010110100001000101110001100111111001000011011000001011011011001000000010000101001111101111000111101100011011000000010
111111111111111111111111111111111111111111111111111111111111111111111111111111111111111111111111111101011100110000001100111001000000001001001001000011101010010000000100000001110000101101001000110101010001110011000000110111100100000000100100100110001110101111010000000010000111000010011100100001110101
111111111111111111111111111111111111111111111111111111111111111111111111111111111111111111111111111110100011001111110011000110111111110110110110111100010101101111111011111110001111010010110111000010101110001100111111001000011011111111011011011001110001010000101111111101111000111101100011011110001010
111111111111111111111111111111111111111111111111111111111111111111111111111111111111111111111111111101011100110000001100111001000000001001111001000011101011110000000100000001110000101111001000111101010001110011000000110111100100000000100111100110001110101111010000000010000111000010011100100001110101
111111111111111111111111111111111111111111111111111111111111111111111111111111111111111111111111111100100011000000000011000110001111100110000110001100010100001101110011111110000000010000110011000010100110001100000000001000011000111110011000011000110001010000100110011101111000000001100011000110001010
111111111111111111111111111111111111111111111111111111111111111111111111111111111111111111111111111111011100111111111100111001110000011001111001110000001011110010001100000001111111101111001100001001011001110011111111110111100111000001100111100111000000101111011001100010000111111110011100111000000101
111111111111111111111111111111111111111111111111111111111111111111111111111111111111111111111111111100100011000000000011000110001111100110000110001111110100001101110011111110000000010000110011110110100110001100000000001000011000111110011000011000111111010000100110011101111000000001100011000111111010
111111111111111111111111111111111111111111111111111111111111111111111111111111111111111111111111111111011100111111111100111001110000011001111001110000001011110010001100000001111111101111001100000001011001110011111111110111100111000001100111100111000000101111011001100010000111111110011100111000000101
111111111111111111111111111111111111111111111111111111111111111111111111111111111111111111111111111100100011000000000011000110000000000110000110000011100100001100000011111110000000010000110000111100100110001100000000001000011000000000011000011000001110010000100000011101111000000001100011000001110010
111111111111111111111111111111111111111111111111111111111111111111111111111111111111111111111111111111011100111111111100111001111111111001111001111100011011110011111100000001111111101111001111000011011001110011111111110111100111111111100111100111110001101111011111100010000111111110011100111110001101
111111111111111111111111111111111111111111111111111111111111111111111111111111111111111111111111111100111111000000000011111110000000000111001110000000000110011100000011111110000000011101110000001000110111111100000000001111111000000000011100111000000000011111100000011111111000000001111111000000000011
111111111111111111111111111111111111111111111111111111111111111111111111111111111111111111111111111110000000001111110000000000111111110000110000111111110001100011111000000000001111000010000111110110001000000000111111000000000011111111000011000001111111000000001111100000000000111100000000011111111000
000000000000000000000000000000000000000000000000000000000000000000000000000000000000000000000000000001111111110000001111111111000000001111001111000000001110011100000111111111110000111101111000000001110111111111000000111111111100000000111100111110000000111111110000011111111111000011111111100000000111
111111111111111111111111111111111111111111111111111111111111111111111111111111111111111111111111111100000000000000000000000000001111100000110000001111110001100001110000000000000000000010000011111110000000000000000000000000000000111110000011000000111111000000000110000000000000000000000000000111111000
111111111111111111111111111111111111111111111111111111111111111111111111111111111111111111111111111111111111111111111111111111110000011111111111110000001111111110001111111111111111111111111100000001111111111111111111111111111111000001111111111111000000111111111001111111111111111111111111111000000111
111111111111111111111111111111111111111111111111111111111111111111111111111111111111111111111111111100000000000000000000000000000000000000000000000000000000000000000000000000000000000000000000001000000000000000000000000000000000000000000000000000000000000000000000000000000000000000000000000000000000
111111111111111111111111111111111111111111111111111111111111111111111111111111111111111111111111111111111111111111111111111111111111111111111111111111111111111111111111111111111111111111111111110111111111111111111111111111111111111111111111111111111111111111111111111111111111111111111111111111111111
111111111111111111111111111111111111111111111111111111111111111111111111111111111111111111111111111100000000000000000000000000000000000000000000000000000000000000000000000000000000000000000000000000000000000000000000000000000000000000000000000000000000000000000000000000000000000000000000000000000000
111111111111111111111111111111111111111111111111111111111111111111111111111111111111111111111111111111111111111111111111111111111111111111111111111111111111111111111111111111111111111111111111111111111111111111111111111111111111111111111111111111111111111111111111111111111111111111111111111111111111
000000000000000000000000000000000000000000000000000000000000000000000000000000000000000000000000000000000000000000000000000000000000000000000000000000000000000000000000000000000000000000000000000000000000000000000000000000000000000000000000000000000000000000000000000000000000000000000000000000000000
000000000000000000000000000000000000000000000000000000000000000000000000000000000000000000000000000000000000000000000000000000000000000000000000000000000000000000000000000000000000000000000000000000000000000000000000000000000000000000000000000000000000000000000000000000000000000000000000000000000000
000000000000000000000000000000000000000000000000000000000000000000000000000000000000000000000000000000000000000000000000000000000000000000000000000000000000000000000000000000000000000000000000000000000000000000000000000000000000000000000000000000000000000000000000000000000000000000000000000000000000
000000000000000000000000000000000000000000000000000000000000000000000000000000000000000000000000000000000000000000000000000000000000000000000000000000000000000000000000000000000000000000000000000000000000000000000000000000000000000000000000000000000000000000000000000000000000000000000000000000000000
000000000000000000000000000000000000000000000000000000000000000000000000000000000000000000000000000000000000000000000000000000000000000000000000000000000000000000000000000000000000000000000000000000000000000000000000000000000000000000000000000000000000000000000000000000000000000000000000000000000000
000000000000000000000000000000000000000000000000000000000000000000000000000000000000000000000000000000000000000000000000000000000000000000000000000000000000000000000000000000000000000000000000000000000000000000000000000000000000000000000000000000000000000000000000000000000000000000000000000000000000
000000000000000000000000000000000000000000000000000000000000000000000000000000000000000000000000000000000000000000000000000000000000000000000000000000000000000000000000000000000000000000000000000000000000000000000000000000000000000000000000000000000000000000000000000000000000000000000000000000000000
000000000000000000000000000000000000000000000000000000000000000000000000000000000000000000000000000000000000000000000000000000000000000000000000000000000000000000000000000000000000000000000000000000000000000000000000000000000000000000000000000000000000000000000000000000000000000000000000000000000000
000000000000000000000000000000000000000000000000000000000000000000000000000000000000000000000000000000000000000000000000000000000000000000000000000000000000000000000000000000000000000000000000000000000000000000000000000000000000000000000000000000000000000000000000000000000000000000000000000000000000
000000000000000000000000000000000000000000000000000000000000000000000000000000000000000000000000000000000000000000000000000000000000000000000000000000000000000000000000000000000000000000000000000000000000000000000000000000000000000000000000000000000000000000000000000000000000000000000000000000000000
111111111111111111111111111111111111111111111111111111111111111111111111111111111111111111111111111111111111111111111111111111111111111111111111111111111111111111111111111111111111111111111111111111111111111111111111111111111111111111111111111111111111111111111111111111111111111111111111111111111111
111111111111111111111111111111111111111111111111111111111111111111111111111111111111111111111111111100000000000000000000000000000000000000000000000000000000000000000000000000000000000000000000000000000000000000000000000000000000000000000000000000000000000000000000000000000000000000000000000000000000
111111111111111111111111111111111111111111111111111111111111111111111111111111111111111111111111111111111111111111111111111111111111111111111111111111111111111111111111111111111111111111111111111111111111111111111111111111111111111111111111111111111111111111111111111111111111111111111111111111111111
111111111111111111111111111111111111111111111111111111111111111111111111111111111111111111111111111100000000000000000000000000000000000000000000000000000000000000000000000000000000000000000000000000000000000000000000000000000000000000000000000000000000000000000000000000000000000000000000000000000000
111111111111111111111111111111111111111111111111111111111111111111111111111111111111111111111111111111111000001111111111111111111111111111000001111111111111000000111111111000111111111111111111111111111111110000111111111111111111111111111100000111111111111100000011111111100111111111111111111111111111
111111111111111111111111111111111111111111111111111111111111111111111111111111111111111111111111111100000111110000000000000000000000000000111110000011000000111111000110000111000000000000000000001000000000001111000000000000000000000000000011111000001100000011111100000000011000000000000000000000000000
000000000000000000000000000000000000000000000000000000000000000000000000000000000000000000000000000011000000000111111111000000111111111100000000111100111100000000111001110000011111111111000011110111101110000000011111111100000011111111110000000011110011111000000011111111000001111111111100001111111110
111111111111111111111111111111111111111111111111111111111111111111111111111111111111111111111111111100111111111000000000111111000000000011111111000011000011111111000110001111100000000000111100001000010001111111100000000011111100000000001111111100001100000111111100000000111110000000000011110000000001
111111111111111111111111111111111111111111111111111111111111111111111111111111111111111111111111111110000000000011111100000000001111111000000000011100111000000000011001110000001111111000000001110111001000000000011111110000000000111111100000000001110011100000000001111110000001111111100000000111111100
111111111111111111111111111111111111111111111111111111111111111111111111111111111111111111111111111101111111111101110011111111110011100111111111100111100111110001101111001111110000000111111110111100110111111111100111001111111111011110011111111110011110011111000110111101111110001000011111111001110011
111111111111111111111111111111111111111111111111111111111111111111111111111111111111111111111111111110000000000010001100000000001100011000000000011000011000001110010000110000001111111000000001000011001000000000011000110000000000100001100000000001100001100000111001000010000001110111100000000110001100
111111111111111111111111111111111111111111111111111111111111111111111111111111111111111111111111111101111000001101110011111111110011100111000001100111100111000000101111001000110000000111111110111100110111110000100111001111111111011110011100000110011110011100000010111101100110001000011111111001110011
111111111111111111111111111111111111111111111111111111111111111111111111111111111111111111111111111110000111110010001100000000001100011000111110011000011000111111010000110111001111111000000001000011001000001111011000110000000000100001100011111001100001100011111101000010011001110111100000000110001100
111111111111111111111111111111111111111111111111111111111111111111111111111111111111111111111111111101111000001101110011111111110011100111000001100111100111000000101111001000110000000111111110111100110111110000100111001111111111011110011100000110011110011100000010111101100110001000011111111001110011
111111111111111111111111111111111111111111111111111111111111111111111111111111111111111111111111111110000111110010001100000000001100011000111110011000011000110001010000110111001111111000000001000011001000001111011000110000000000100001100011111001100001100011000101000010011001110111100000000110001100
111111111111111111111111111111111111111111111111111111111111111111111111111111111111111111111111111101000000000101110011000000110011100100000000100111100100001110101111000000010000000111000010111100100110000000000111001100000011011110010000000010011110011000111010111101000000001000011100001001110010
111111111111111111111111111111111111111111111111111111111111111111111111111111111111111111111111111110111111111010001100111111001100011011111111011011011011110001010110111111101111111000111101001011011001111111111000110011111100100001101111111101101101100111000101000010111111110111100011110110001101
111111111111111111111111111111111111111111111111111111111111111111111111111111111111111111111111111101000000000101110011000000110011100100000000100100100100001110101001000000010000000111000010110100100110000000000111001100000011011110010000000010010010011000111010111101000000001000011100001001110010
000000000000000000000000000000000000000000000000000000000000000000000000000000000000000000000000000010111000001010001100111111001100011011000001011011011011000000010110111000101111111000111101001011011001110000111000110011111100100001101100000101101101100100000001000010100111110111100011110110001101
111111111111111111111111111111111111111111111111111111111111111111111111111111111111111111111111111101000111110101110011000000110011100100111110100100100100110001101001000111010000000111000010110100100110001111000111001100000011011110010011111010010010011011000110111101011000001000011100001001110010
111111111111111111111111111111111111111111111111111111111111111111111111111111111111111111111111111110111000001010001100111111001100011011000001011011011011001110010110111000101111111000111101001011011001110000111000110011111100100001101100000101101101100100111001000010100111110111100011110110001101
111111111111111111111111111111111111111111111111111111111111111111111111111111111111111111111111111101000111110101110011000000110011100100111110100100100100110001101001000111010000000111000010110100100110001111000111001100000011011110010011111010010010011011000110111101011000001000011100001001110010
111111111111111111111111111111111111111111111111111111111111111111111111111111111111111111111111111110111000001010001100111111001100011011000001011011011011001110010110111000101111111000111101001011011001110000111000110011111100100001101100000101101101100100111001000010100111110111100011110110001101
111111111111111111111111111111111111111111111111111111111111111111111111111111111111111111111111111101000111110101110011000000110011100100111110100100100100110001101001000111010000000111000010110100100110001111000111001100000011011110010011111010010010011011000110111101011000001000011100001001110010
111111111111111111111111111111111111111111111111111111111111111111111111111111111111111111111111111110111000001011111100111111001111111011000001011111111011001110011111111000101111111000111101111111011001110000111111110011111100111111101100000101111111100100111001111110100111111111100011110111111101
111111111111111111111111111111111111111111111111111111111111111111111111111111111111111111111111111100000000000010001000000000000100010000000000001011010000000000000110100000000111100000000000001010000000000000001000100000000000100001000000000000101101000000000000000010000000110110000000000010001000
111111111111111111111111111111111111111111111111111111111111111111111111111111111111111111111111111101000111110101110011000000110011100100111110100100100100110001101001000111010000000111000010110100100110001111000111001100000011011110010011111010010010011011000110111101011000001000011100001001110010
111111111111111111111111111111111111111111111111111111111111111111111111111111111111111111111111111110111000001010001100111111001100011011000001011011011011001110010110111000101111111000111101001011011001110000111000110011111100100001101100000101101101100100111001000010100111110111100011110110001101
111111111111111111111111111111111111111111111111111111111111111111111111111111111111111111111111111101000111110101110011000000110011100100111110100100100100110001101001000111010000000111000010110100100110001111000111001100000011011110010011111010010010011011000110111101011000001000011100001001110010
111111111111111111111111111111111111111111111111111111111111111111111111111111111111111111111111111110111000001010001100111111001100011011000001011011011011001110010110111000101111111000111101001011011001110000111000110011111100100001101100000101101101100100111001000010100111110111100011110110001101
111111111111111111111111111111111111111111111111111111111111111111111111111111111111111111111111111101000111110101110011000000110011100100111110100100100100110001101001000111010000000111000010110100100110001111000111001100000011011110010011111010010010011011000110111101011000001000011100001001110010
000000000000000000000000000000000000000000000000000000000000000000000000000000000000000000000000000010111000001010001100111111001100011011000001011011011011000000010110111000101111111000111101001011011001110000111000110011111100100001101100000101101101100100000001000010100111110111100011110110001101
111111111111111111111111111111111111111111111111111111111111111111111111111111111111111111111111111101000000000101110011000000110011100100000000100100100100001110101001000000010000000111000010110100100110000000000111001100000011011110010000000010010010011000111010111101000000001000011100001001110010
111111111111111111111111111111111111111111111111111111111111111111111111111111111111111111111111111110111111111010001100111111001100011011111111011011011011110001010110111111101111111000111101001011011001111111111000110011111100100001101111111101101101100111000101000010111111110111100011110110001101
111111111111111111111111111111111111111111111111111111111111111111111111111111111111111111111111111101000000000101110011000000110011100100000000100111100100001110101111000000010000000111000010111100100110000000000111001100000011011110010000000010011110011000111010111101000000001000011100001001110010
111111111111111111111111111111111111111111111111111111111111111111111111111111111111111111111111111110000111110010001100000000001100011000111110011000011000110001010000110111001111111000000001000011001000001111011000110000000000100001100011111001100001100011000101000010011001110111100000000110001100
111111111111111111111111111111111111111111111111111111111111111111111111111111111111111111111111111101111000001101110011111111110011100111000001100111100111000000101111001000110000000111111110111100110111110000100111001111111111011110011100000110011110011100000010111101100110001000011111111001110011
111111111111111111111111111111111111111111111111111111111111111111111111111111111111111111111111111110000111110010001100000000001100011000111110011000011000111111010000110111001111111000000001000011001000001111011000110000000000100001100011111001100001100011111101000010011001110111100000000110001100
111111111111111111111111111111111111111111111111111111111111111111111111111111111111111111111111111101111000001101110011111111110011100111000001100111100111000000101111001000110000000111111110111100110111110000100111001111111111011110011100000110011110011100000010111101100110001000011111111001110011
111111111111111111111111111111111111111111111111111111111111111111111111111111111111111111111111111110000000000010001100000000001100011000000000011000011000001110010000110000001111111000000001000011001000000000011000110000000000100001100000000001100001100000111001000010000001110111100000000110001100
111111111111111111111111111111111111111111111111111111111111111111111111111111111111111111111111111101111111111101110011111111110011100111111111100111100111110001101111001111110000000111111110111100110111111111100111001111111111011110011111111110011110011111000110111101111110001000011111111001110011
111111111111111111111111111111111111111111111111111111111111111111111111111111111111111111111111111110000000000011111100000000001111111000000000011100111000000000011001110000001111111000000001110111001000000000011111110000000000111111100000000001110011100000000001111110000001111111100000000111111100
111111111111111111111111111111111111111111111111111111111111111111111111111111111111111111111111111100111111111000000000111111000000000011111111000011000011111111000110001111100000000000111100001000010001111111100000000011111100000000001111111100001100000111111100000000111110000000000011110000000001
000000000000000000000000000000000000000000000000000000000000000000000000000000000000000000000000000011000000000111111111000000111111111100000000111100111100000000111001110000011111111111000011110111101110000000011111111100000011111111110000000011110011111000000011111111000001111111111100001111111110
111111111111111111111111111111111111111111111111111111111111111111111111111111111111111111111111111100000111110000000000000000000000000000111110000011000000111111000110000111000000000000000000001000000000001111000000000000000000000000000011111000001100000011111100000000011000000000000000000000000000
111111111111111111111111111111111111111111111111111111111111111111111111111111111111111111111111111111111000001111111111111111111111111111000001111111111111000000111111111000111111111111111111111111111111110000111111111111111111111111111100000111111111111100000011111111100111111111111111111111111111
111111111111111111111111111111111111111111111111111111111111111111111111111111111111111111111111111100000000000000000000000000000000000000000000000000000000000000000000000000000000000000000000000000000000000000000000000000000000000000000000000000000000000000000000000000000000000000000000000000000000
111111111111111111111111111111111111111111111111111111111111111111111111111111111111111111111111111111111111111111111111111111111111111111111111111111111111111111111111111111111111111111111111111111111111111111111111111111111111111111111111111111111111111111111111111111111111111111111111111111111111
111111111111111111111111111111111111111111111111111111111111111111111111111111111111111111111111111100000000000000000000000000000000000000000000000000000000000000000000000000000000000000000000000000000000000000000000000000000000000000000000000000000000000000000000000000000000000000000000000000000000
111111111111111111111111111111111111111111111111111111111111111111111111111111111111111111111111111111111111111111111111111111111111111111111111111111111111111111111111111111111111111111111111111111111111111111111111111111111111111111111111111111111111111111111111111111111111111111111111111111111111
000000000000000000000000000000000000000000000000000000000000000000000000000000000000000000000000000000000000000000000000000000000000000000000000000000000000000000000000000000000000000000000000000000000000000000000000000000000000000000000000000000000000000000000000000000000000000000000000000000000000
000000000000000000000000000000000000000000000000000000000000000000000000000000000000000000000000000000000000000000000000000000000000000000000000000000000000000000000000000000000000000000000000000000000000000000000000000000000000000000000000000000000000000000000000000000000000000000000000000000000000
000000000000000000000000000000000000000000000000000000000000000000000000000000000000000000000000000000000000000000000000000000000000000000000000000000000000000000000000000000000000000000000000000000000000000000000000000000000000000000000000000000000000000000000000000000000000000000000000000000000000
000000000000000000000000000000000000000000000000000000000000000000000000000000000000000000000000000000000000000000000000000000000000000000000000000000000000000000000000000000000000000000000000000000000000000000000000000000000000000000000000000000000000000000000000000000000000000000000000000000000000
000000000000000000000000000000000000000000000000000000000000000000000000000000000000000000000000000000000000000000000000000000000000000000000000000000000000000000000000000000000000000000000000000000000000000000000000000000000000000000000000000000000000000000000000000000000000000000000000000000000000
000000000000000000000000000000000000000000000000000000000000000000000000000000000000000000000000000000000000000000000000000000000000000000000000000000000000000000000000000000000000000000000000000000000000000000000000000000000000000000000000000000000000000000000000000000000000000000000000000000000000
000000000000000000000000000000000000000000000000000000000000000000000000000000000000000000000000000000000000000000000000000000000000000000000000000000000000000000000000000000000000000000000000000000000000000000000000000000000000000000000000000000000000000000000000000000000000000000000000000000000000
000000000000000000000000000000000000000000000000000000000000000000000000000000000000000000000000000000000000000000000000000000000000000000000000000000000000000000000000000000000000000000000000000000000000000000000000000000000000000000000000000000000000000000000000000000000000000000000000000000000000
000000000000000000000000000000000000000000000000000000000000000000000000000000000000000000000000000000000000000000000000000000000000000000000000000000000000000000000000000000000000000000000000000000000000000000000000000000000000000000000000000000000000000000000000000000000000000000000000000000000000
000000000000000000000000000000000000000000000000000000000000000000000000000000000000000000000000000000000000000000000000000000000000000000000000000000000000000000000000000000000000000000000000000000000000000000000000000000000000000000000000000000000000000000000000000000000000000000000000000000000000
111111111111111111111111111111111111111111111111111111111111111111111111111111111111111111111111111111111111111111111111111111111111111111111111111111111111111111111111111111111111111111111111111111111111111111111111111111111111111111111111111111111111111111111111111111111111111111111111111111111111
111111111111111111111111111111111111111111111111111111111111111111111111111111111111111111111111111100000000000000000000000000000000000000000000000000000000000000000000000000000000000000000000000000000000000000000000000000000000000000000000000000000000000000000000000000000000000000000000000000000000
111111111111111111111111111111111111111111111111111111111111111111111111111111111111111111111111111111111111111111111111111111111111111111111111111111111111111111111111111111111111111111111111111111111111111111111111111111111111111111111111111111111111111111111111111111111111111111111111111111111111
111111111111111111111111111111111111111111111111111111111111111111111111111111111111111111111111111100000000000000000000000000000000000000000000000000000000000000000000000000000000000000000000000000000000000000000000000000000000000000000000000000000000000000000000000000000000000000000000000000000000
111111111111111111111111111111111111111111111111111111111111111111111111111111111111111111111111111110011111111111100000111111111111111111111111111100000111111111111100000011111111100011111111111111110001111111111111000011111111111111111111111111110000011111111111110000001111111110011111111111111111
111111111111111111111111111111111111111111111111111111111111111111111111111111111111111111111111111101100000000000011111000000000000000000000000000011111000001100000011111100011000011100000000000000001110000000000000111100000000000000000000000000001111100000110000001111110000000001100000000000000000
000000000000000000000000000000000000000000000000000000000000000000000000000000000000000000000000000000001111111100000000011111111100000011111111110000000011110011110000000011100111000001111111111100000000111111111000000001111111110000001111111111000000001111001111100000001111111100000111111111110000
111111111111111111111111111111111111111111111111111111111111111111111111111111111111111111111111111111110000000011111111100000000011111100000000001111111100001100001111111100011000111110000000000011111111000000000111111110000000001111110000000000111111110000110000011111110000000011111000000000001111
111111111111111111111111111111111111111111111111111111111111111111111111111111111111111111111111111100000111111000000000001111110000000000111111100000000001110011100000000001100111000000111111100000000000011111100000000001111111000000000011111110000000000111001110000000000111111000000111111110000000
111111111111111111111111111111111111111111111111111111111111111111111111111111111111111111111111111111111011100111111111110111001111111111001110011111111110011110011111000110111100111111000000011111111111101110011111111110011100111111111101111001111111111001111001111100011011110111111000100001111111
111111111111111111111111111111111111111111111111111111111111111111111111111111111111111111111111111100000100011000000000001000110000000000110001100000000001100001100000111001000011000000111111100000000000010001100000000001100011000000000010000110000000000110000110000011100100001000000111011110000000
111111111111111111111111111111111111111111111111111111111111111111111111111111111111111111111111111110011011100111100000110111001111111111001110011100000110011110011100000010111100100011000000011111110001101110011111000010011100111111111101111001110000011001111001110000001011110110011000100001111111
111111111111111111111111111111111111111111111111111111111111111111111111111111111111111111111111111101100100011000011111001000110000000000110001100011111001100001100011111101000011011100111111100000001110010001100000111101100011000000000010000110001111100110000110001111110100001001100111011110000000
111111111111111111111111111111111111111111111111111111111111111111111111111111111111111111111111111110011011100111100000110111001111111111001110011100000110011110011100000010111100100011000000011111110001101110011111000010011100111111111101111001110000011001111001110000001011110110011000100001111111
111111111111111111111111111111111111111111111111111111111111111111111111111111111111111111111111111101100100011000011111001000110000000000110001100011111001100001100011000101000011011100111111100000001110010001100000111101100011000000000010000110001111100110000110001100010100001001100111011110000000
111111111111111111111111111111111111111111111111111111111111111111111111111111111111111111111111111100001011100100000000010111001100000011001110010000000010011110010000111010111100000001000000011100000000101110011000000000011100110000001101111001000000001001111001100011101011110100000000100001110000
111111111111111111111111111111111111111111111111111111111111111111111111111111111111111111111111111111110100011011111111101000110011111100110001101111111101101101101111000101011011111110111111100011111111010001100111111111100011001111110010000110111111110110110110011100010100001011111111011110001111
111111111111111111111111111111111111111111111111111111111111111111111111111111111111111111111111111100001011100100000000010111001100000011001110010000000010010010010000111010100100000001000000011100000000101110011000000000011100110000001101111001000000001001001001100011101011110100000000100001110000
000000000000000000000000000000000000000000000000000000000000000000000000000000000000000000000000000010010100011011100000101000110011111100110001101100000101101101101100000001011011100010111111100011110001010001100111000011100011001111110010000110110000010110110110010000000100001010011111011110001111
111111111111111111111111111111111111111111111111111111111111111111111111111111111111111111111111111101101011100100011111010111001100000011001110010011111010010010010011000110100100011101000000011100001110101110011000111100011100110000001101111001001111101001001001101100011011110101100000100001110000
111111111111111111111111111111111111111111111111111111111111111111111111111111111111111111111111111110010100011011100000101000110011111100110001101100000101101101101100111001011011100010111111100011110001010001100111000011100011001111110010000110110000010110110110010011100100001010011111011110001111
111111111111111111111111111111111111111111111111111111111111111111111111111111111111111111111111111101101011100100011111010111001100000011001110010011111010010010010011000110100100011101000000011100001110101110011000111100011100110000001101111001001111101001001001101100011011110101100000100001110000
111111111111111111111111111111111111111111111111111111111111111111111111111111111111111111111111111110010100011011100000101000110011111100110001101100000101101101101100111001011011100010111111100011110001010001100111000011100011001111110010000110110000010110110110010011100100001010011111011110001111
111111111111111111111111111111111111111111111111111111111111111111111111111111111111111111111111111101101011100100011111010111001100000011001110010011111010010010010011000110100100011101000000011100001110101110011000111100011100110000001101111001001111101001001001101100011011110101100000100001110000
111111111111111111111111111111111111111111111111111111111111111111111111111111111111111111111111111110010111111011100000101111110011111100111111101100000101111111101100111001111111100010111111100011110001011111100111000011111111001111110011111110110000010111111110010011100111111010011111111110001111
111111111111111111111111111111111111111111111111111111111111111111111111111111111111111111111111111100000100010000000000001000100000000000010001000000000000101101000000000000011010000000011110000000000000010001000000000000100010000000000010000100000000000010110100000000000000001000000011011000000000
111111111111111111111111111111111111111111111111111111111111111111111111111111111111111111111111111101101011100100011111010111001100000011001110010011111010010010010011000110100100011101000000011100001110101110011000111100011100110000001101111001001111101001001001101100011011110101100000100001110000
111111111111111111111111111111111111111111111111111111111111111111111111111111111111111111111111111110010100011011100000101000110011111100110001101100000101101101101100111001011011100010111111100011110001010001100111000011100011001111110010000110110000010110110110010011100100001010011111011110001111
111111111111111111111111111111111111111111111111111111111111111111111111111111111111111111111111111101101011100100011111010111001100000011001110010011111010010010010011000110100100011101000000011100001110101110011000111100011100110000001101111001001111101001001001101100011011110101100000100001110000
111111111111111111111111111111111111111111111111111111111111111111111111111111111111111111111111111110010100011011100000101000110011111100110001101100000101101101101100111001011011100010111111100011110001010001100111000011100011001111110010000110110000010110110110010011100100001010011111011110001111
111111111111111111111111111111111111111111111111111111111111111111111111111111111111111111111111111101101011100100011111010111001100000011001110010011111010010010010011000110100100011101000000011100001110101110011000111100011100110000001101111001001111101001001001101100011011110101100000100001110000
000000000000000000000000000000000000000000000000000000000000000000000000000000000000000000000000000010010100011011100000101000110011111100110001101100000101101101101100000001011011100010111111100011110001010001100111000011100011001111110010000110110000010110110110010000000100001010011111011110001111
111111111111111111111111111111111111111111111111111111111111111111111111111111111111111111111111111100001011100100000000010111001100000011001110010000000010010010010000111010100100000001000000011100000000101110011000000000011100110000001101111001000000001001001001100011101011110100000000100001110000
111111111111111111111111111111111111111111111111111111111111111111111111111111111111111111111111111111110100011011111111101000110011111100110001101111111101101101101111000101011011111110111111100011111111010001100111111111100011001111110010000110111111110110110110011100010100001011111111011110001111
111111111111111111111111111111111111111111111111111111111111111111111111111111111111111111111111111100001011100100000000010111001100000011001110010000000010011110010000111010111100000001000000011100000000101110011000000000011100110000001101111001000000001001111001100011101011110100000000100001110000
111111111111111111111111111111111111111111111111111111111111111111111111111111111111111111111111111101100100011000011111001000110000000000110001100011111001100001100011000101000011011100111111100000001110010001100000111101100011000000000010000110001111100110000110001100010100001001100111011110000000
111111111111111111111111111111111111111111111111111111111111111111111111111111111111111111111111111110011011100111100000110111001111111111001110011100000110011110011100000010111100100011000000011111110001101110011111000010011100111111111101111001110000011001111001110000001011110110011000100001111111
111111111111111111111111111111111111111111111111111111111111111111111111111111111111111111111111111101100100011000011111001000110000000000110001100011111001100001100011111101000011011100111111100000001110010001100000111101100011000000000010000110001111100110000110001111110100001001100111011110000000
111111111111111111111111111111111111111111111111111111111111111111111111111111111111111111111111111110011011100111100000110111001111111111001110011100000110011110011100000010111100100011000000011111110001101110011111000010011100111111111101111001110000011001111001110000001011110110011000100001111111
111111111111111111111111111111111111111111111111111111111111111111111111111111111111111111111111111100000100011000000000001000110000000000110001100000000001100001100000111001000011000000111111100000000000010001100000000001100011000000000010000110000000000110000110000011100100001000000111011110000000
111111111111111111111111111111111111111111111111111111111111111111111111111111111111111111111111111111111011100111111111110111001111111111001110011111111110011110011111000110111100111111000000011111111111101110011111111110011100111111111101111001111111111001111001111100011011110111111000100001111111
111111111111111111111111111111111111111111111111111111111111111111111111111111111111111111111111111100000111111000000000001111110000000000111111100000000001110011100000000001100111000000111111100000000000011111100000000001111111000000000011111110000000000111001110000000000111111000000111111110000000
111111111111111111111111111111111111111111111111111111111111111111111111111111111111111111111111111111110000000011111111100000000011111100000000001111111100001100001111111100011000111110000000000011111111000000000111111110000000001111110000000000111111110000110000011111110000000011111000000000001111
000000000000000000000000000000000000000000000000000000000000000000000000000000000000000000000000000000001111111100000000011111111100000011111111110000000011110011110000000011100111000001111111111100000000111111111000000001111111110000001111111111000000001111001111100000001111111100000111111111110000
111111111111111111111111111111111111111111111111111111111111111111111111111111111111111111111111111101100000000000011111000000000000000000000000000011111000001100000011111100011000011100000000000000001110000000000000111100000000000000000000000000001111100000110000001111110000000001100000000000000000
111111111111111111111111111111111111111111111111111111111111111111111111111111111111111111111111111110011111111111100000111111111111111111111111111100000111111111111100000011111111100011111111111111110001111111111111000011111111111111111111111111110000011111111111110000001111111110011111111111111111
111111111111111111111111111111111111111111111111111111111111111111111111111111111111111111111111111100000000000000000000000000000000000000000000000000000000000000000000000000000000000000000000000000000000000000000000000000000000000000000000000000000000000000000000000000000000000000000000000000000000
111111111111111111111111111111111111111111111111111111111111111111111111111111111111111111111111111111111111111111111111111111111111111111111111111111111111111111111111111111111111111111111111111111111111111111111111111111111111111111111111111111111111111111111111111111111111111111111111111111111111
111111111111111111111111111111111111111111111111111111111111111111111111111111111111111111111111111100000000000000000000000000000000000000000000000000000000000000000000000000000000000000000000000000000000000000000000000000000000000000000000000000000000000000000000000000000000000000000000000000000000
111111111111111111111111111111111111111111111111111111111111111111111111111111111111111111111111111111111111111111111111111111111111111111111111111111111111111111111111111111111111111111111111111111111111111111111111111111111111111111111111111111111111111111111111111111111111111111111111111111111111
000000000000000000000000000000000000000000000000000000000000000000000000000000000000000000000000000000000000000000000000000000000000000000000000000000000000000000000000000000000000000000000000000000000000000000000000000000000000000000000000000000000000000000000000000000000000000000000000000000000000
000000000000000000000000000000000000000000000000000000000000000000000000000000000000000000000000000000000000000000000000000000000000000000000000000000000000000000000000000000000000000000000000000000000000000000000000000000000000000000000000000000000000000000000000000000000000000000000000000000000000
000000000000000000000000000000000000000000000000000000000000000000000000000000000000000000000000000000000000000000000000000000000000000000000000000000000000000000000000000000000000000000000000000000000000000000000000000000000000000000000000000000000000000000000000000000000000000000000000000000000000
000000000000000000000000000000000000000000000000000000000000000000000000000000000000000000000000000000000000000000000000000000000000000000000000000000000000000000000000000000000000000000000000000000000000000000000000000000000000000000000000000000000000000000000000000000000000000000000000000000000000
000000000000000000000000000000000000000000000000000000000000000000000000000000000000000000000000000000000000000000000000000000000000000000000000000000000000000000000000000000000000000000000000000000000000000000000000000000000000000000000000000000000000000000000000000000000000000000000000000000000000
000000000000000000000000000000000000000000000000000000000000000000000000000000000000000000000000000000000000000000000000000000000000000000000000000000000000000000000000000000000000000000000000000000000000000000000000000000000000000000000000000000000000000000000000000000000000000000000000000000000000
000000000000000000000000000000000000000000000000000000000000000000000000000000000000000000000000000000000000000000000000000000000000000000000000000000000000000000000000000000000000000000000000000000000000000000000000000000000000000000000000000000000000000000000000000000000000000000000000000000000000
000000000000000000000000000000000000000000000000000000000000000000000000000000000000000000000000000000000000000000000000000000000000000000000000000000000000000000000000000000000000000000000000000000000000000000000000000000000000000000000000000000000000000000000000000000000000000000000000000000000000
000000000000000000000000000000000000000000000000000000000000000000000000000000000000000000000000000000000000000000000000000000000000000000000000000000000000000000000000000000000000000000000000000000000000000000000000000000000000000000000000000000000000000000000000000000000000000000000000000000000000
000000000000000000000000000000000000000000000000000000000000000000000000000000000000000000000000000000000000000000000000000000000000000000000000000000000000000000000000000000000000000000000000000000000000000000000000000000000000000000000000000000000000000000000000000000000000000000000000000000000000
111111111111111111111111111111111111111111111111111111111111111111111111111111111111111111111111111111111111111111111111111111111111111111111111111111111111111111111111111111111111111111111111111111111111111111111111111111111111111111111111111111111111111111111111111111111111111111111111111111111111
111111111111111111111111111111111111111111111111111111111111111111111111111111111111111111111111111100000000000000000000000000000000000000000000000000000000000000000000000000000000000000000000000000000000000000000000000000000000000000000000000000000000000000000000000000000000000000000000000000000000
111111111111111111111111111111111111111111111111111111111111111111111111111111111111111111111111111111111111111111111111111111111111111111111111111111111111111111111111111111111111111111111111111111111111111111111111111111111111111111111111111111111111111111111111111111111111111111111111111111111111
111111111111111111111111111111111111111111111111111111111111111111111111111111111111111111111111111100000000000000000000000000000000000000000000000000000000000000000000000000000000000000000000000000000000000000000000000000000000000000000000000000000000000000000000000000000000000000000000000000000000
111111111111111111111111111111111111111111111111111111111111111111111111111111111111111111111111111111111111111001111111111110000011111111111111111111111111110000011111111111110000001111111110001111111111111111000111111111111100001111111111111111111111111111000001111111111111000000111111111001111111
111111111111111111111111111111111111111111111111111111111111111111111111111111111111111111111111111111100000000110000000000001111100000000000000000000000000001111100000110000001111110001100001110000001100000000111000000000000011110000000000000000000000000000111110000011000000111111000000000110000000
000000000000000000000000000000000000000000000000000000000000000000000000000000000000000000000000000000011111100000111111110000000001111111110000001111111111000000001111001111000000001110011100000111110011111100000011111111100000000111111111000000111111111100000000111100111110000000111111110000011111
111111111111111111111111111111111111111111111111111111111111111111111111111111111111111111111111111111100000011111000000001111111110000000001111110000000000111111110000110000111111110001100011111000001100000011111100000000011111111000000000111111000000000011111111000011000001111111000000001111100000
111111111111111111111111111111111111111111111111111111111111111111111111111111111111111111111111111100011100000000011111100000000000111111000000000011111110000000000111001110000000000110011100000011110011110000000001111110000000000111111100000000001111111000000000011100111000000000011111100000011111
111111111111111111111111111111111111111111111111111111111111111111111111111111111111111111111111111111110011111111101110011111111111011100111111111100111001111111111001111001111100011011110011111100001110001111111110111001111111111001110011111111110111100111111111100111100111110001101111011111100010
111111111111111111111111111111111111111111111111111111111111111111111111111111111111111111111111111111001100000000010001100000000000100011000000000011000110000000000110000110000011100100001100000011111001110000000001000110000000000110001100000000001000011000000000011000011000001110010000100000011101
111111111111111111111111111111111111111111111111111111111111111111111111111111111111111111111111111100110011111001101110011110000011011100111111111100111001110000011001111001110000001011110010001100000110001111000110111001111100001001110011111111110111100111000001100111100111000000101111011001100010
111111111111111111111111111111111111111111111111111111111111111111111111111111111111111111111111111111001100000110010001100001111100100011000000000011000110001111100110000110001111110100001101110011111001110000111001000110000011110110001100000000001000011000111110011000011000111111010000100110011101
111111111111111111111111111111111111111111111111111111111111111111111111111111111111111111111111111100110011111001101110011110000011011100111111111100111001110000011001111001110000001011110010001100000110001111000110111001111100001001110011111111110111100111000001100111100111000000101111011001100010
111111111111111111111111111111111111111111111111111111111111111111111111111111111111111111111111111111001100000110010001100001111100100011000000000011000110001111100110000110001100010100001101110011111001110000111001000110000011110110001100000000001000011000111110011000011000110001010000100110011101
111111111111111111111111111111111111111111111111111111111111111111111111111111111111111111111111111100110011100000101110010000000001011100110000001100111001000000001001111001000011101011110000000100000110001100000010111001100000000001110011000000110111100100000000100111100110001110101111010000000010
111111111111111111111111111111111111111111111111111111111111111111111111111111111111111111111111111111101100011111010001101111111110100011001111110011000110111111110110110110111100010101101111111011111101110011111101000110011111111110001100111111001000011011111111011011011001110001010000101111111101
111111111111111111111111111111111111111111111111111111111111111111111111111111111111111111111111111100010011100000101110010000000001011100110000001100111001000000001001001001000011101010010000000100000010001100000010111001100000000001110011000000110111100100000000100100100110001110101111010000000010
000000000000000000000000000000000000000000000000000000000000000000000000000000000000000000000000000011101100011001010001101110000010100011001111110011000110110000010110110110110000000101101110001011111101110011000101000110011100001110001100111111001000011011000001011011011001000000010000101001111101
111111111111111111111111111111111111111111111111111111111111111111111111111111111111111111111111111111010011100110101110010001111101011100110000001100111001001111101001001001001100011010010001110100001010001100111010111001100011110001110011000000110111100100111110100100100110110001101111010110000010
111111111111111111111111111111111111111111111111111111111111111111111111111111111111111111111111111100101100011001010001101110000010100011001111110011000110110000010110110110110011100101101110001011110101110011000101000110011100001110001100111111001000011011000001011011011001001110010000101001111101
111111111111111111111111111111111111111111111111111111111111111111111111111111111111111111111111111111010011100110101110010001111101011100110000001100111001001111101001001001001100011010010001110100001010001100111010111001100011110001110011000000110111100100111110100100100110110001101111010110000010
111111111111111111111111111111111111111111111111111111111111111111111111111111111111111111111111111100101100011001010001101110000010100011001111110011000110110000010110110110110011100101101110001011110101110011000101000110011100001110001100111111001000011011000001011011011001001110010000101001111101
111111111111111111111111111111111111111111111111111111111111111111111111111111111111111111111111111111010011100110101110010001111101011100110000001100111001001111101001001001001100011010010001110100001010001100111010111001100011110001110011000000110111100100111110100100100110110001101111010110000010
111111111111111111111111111111111111111111111111111111111111111111111111111111111111111111111111111111111100011001011111101110000010111111001111110011111110110000010111111110110011100111111110001011111111110011000101111110011100001111111100111111001111111011000001011111111001001110011111101001111111
111111111111111111111111111111111111111111111111111111111111111111111111111111111111111111111111111100101000000000010001000000000000100010000000000001000100000000000010110100000000000001101000000001110101000000000001000100000000000010001000000000001000010000000000001011010000000000000000100000001101
111111111111111111111111111111111111111111111111111111111111111111111111111111111111111111111111111111010011100110101110010001111101011100110000001100111001001111101001001001001100011010010001110100001010001100111010111001100011110001110011000000110111100100111110100100100110110001101111010110000010
111111111111111111111111111111111111111111111111111111111111111111111111111111111111111111111111111100101100011001010001101110000010100011001111110011000110110000010110110110110011100101101110001011110101110011000101000110011100001110001100111111001000011011000001011011011001001110010000101001111101
111111111111111111111111111111111111111111111111111111111111111111111111111111111111111111111111111111010011100110101110010001111101011100110000001100111001001111101001001001001100011010010001110100001010001100111010111001100011110001110011000000110111100100111110100100100110110001101111010110000010
111111111111111111111111111111111111111111111111111111111111111111111111111111111111111111111111111100101100011001010001101110000010100011001111110011000110110000010110110110110011100101101110001011110101110011000101000110011100001110001100111111001000011011000001011011011001001110010000101001111101
111111111111111111111111111111111111111111111111111111111111111111111111111111111111111111111111111111010011100110101110010001111101011100110000001100111001001111101001001001001100011010010001110100001010001100111010111001100011110001110011000000110111100100111110100100100110110001101111010110000010
000000000000000000000000000000000000000000000000000000000000000000000000000000000000000000000000000000101100011001010001101110000010100011001111110011000110110000010110110110110000000101101110001011110101110011000101000110011100001110001100111111001000011011000001011011011001000000010000101001111101
111111111111111111111111111111111111111111111111111111111111111111111111111111111111111111111111111111010011100000101110010000000001011100110000001100111001000000001001001001000011101010010000000100001010001100000010111001100000000001110011000000110111100100000000100100100110001110101111010000000010
111111111111111111111111111111111111111111111111111111111111111111111111111111111111111111111111111111101100011111010001101111111110100011001111110011000110111111110110110110111100010101101111111011111101110011111101000110011111111110001100111111001000011011111111011011011001110001010000101111111101
111111111111111111111111111111111111111111111111111111111111111111111111111111111111111111111111111100110011100000101110010000000001011100110000001100111001000000001001111001000011101011110000000100000110001100000010111001100000000001110011000000110111100100000000100111100110001110101111010000000010
111111111111111111111111111111111111111111111111111111111111111111111111111111111111111111111111111111001100000110010001100001111100100011000000000011000110001111100110000110001100010100001101110011111001110000111001000110000011110110001100000000001000011000111110011000011000110001010000100110011101
111111111111111111111111111111111111111111111111111111111111111111111111111111111111111111111111111100110011111001101110011110000011011100111111111100111001110000011001111001110000001011110010001100000110001111000110111001111100001001110011111111110111100111000001100111100111000000101111011001100010
111111111111111111111111111111111111111111111111111111111111111111111111111111111111111111111111111111001100000110010001100001111100100011000000000011000110001111100110000110001111110100001101110011111001110000111001000110000011110110001100000000001000011000111110011000011000111111010000100110011101
111111111111111111111111111111111111111111111111111111111111111111111111111111111111111111111111111111110011111001101110011110000011011100111111111100111001110000011001111001110000001011110010001100001110001111000110111001111100001001110011111111110111100111000001100111100111000000101111011001100010
111111111111111111111111111111111111111111111111111111111111111111111111111111111111111111111111111100001100000000010001100000000000100011000000000011000110000000000110000110000011100100001100000011110001110000000001000110000000000110001100000000001000011000000000011000011000001110010000100000011101
111111111111111111111111111111111111111111111111111111111111111111111111111111111111111111111111111111110011111111101110011111111111011100111111111100111001111111111001111001111100011011110011111100001110001111111110111001111111111001110011111111110111100111111111100111100111110001101111011111100010
111111111111111111111111111111111111111111111111111111111111111111111111111111111111111111111111111100011100000000011111100000000000111111000000000011111110000000000111001110000000000110011100000011110011110000000001111110000000000111111100000000001111111000000000011100111000000000011111100000011111
111111111111111111111111111111111111111111111111111111111111111111111111111111111111111111111111111111100000011111000000001111111110000000001111110000000000111111110000110000111111110001100011111000001100000011111100000000011111111000000000111111000000000011111111000011000001111111000000001111100000
000000000000000000000000000000000000000000000000000000000000000000000000000000000000000000000000000000011111100000111111110000000001111111110000001111111111000000001111001111000000001110011100000111110011111100000011111111100000000111111111000000111111111100000000111100111110000000111111110000011111
111111111111111111111111111111111111111111111111111111111111111111111111111111111111111111111111111111100000000110000000000001111100000000000000000000000000001111100000110000001111110001100001110000001100000000111000000000000011110000000000000000000000000000111110000011000000111111000000000110000000
111111111111111111111111111111111111111111111111111111111111111111111111111111111111111111111111111100111111111001111111111110000011111111111111111111111111110000011111111111110000001111111110001111110111111111000111111111111100001111111111111111111111111111000001111111111111000000111111111001111111
111111111111111111111111111111111111111111111111111111111111111111111111111111111111111111111111111111000000000000000000000000000000000000000000000000000000000000000000000000000000000000000000000000001000000000000000000000000000000000000000000000000000000000000000000000000000000000000000000000000000
111111111111111111111111111111111111111111111111111111111111111111111111111111111111111111111111111111111111111111111111111111111111111111111111111111111111111111111111111111111111111111111111111111111111111111111111111111111111111111111111111111111111111111111111111111111111111111111111111111111111
111111111111111111111111111111111111111111111111111111111111111111111111111111111111111111111111111100000000000000000000000000000000000000000000000000000000000000000000000000000000000000000000000000000000000000000000000000000000000000000000000000000000000000000000000000000000000000000000000000000000
111111111111111111111111111111111111111111111111111111111111111111111111111111111111111111111111111111111111111111111111111111111111111111111111111111111111111111111111111111111111111111111111111111111111111111111111111111111111111111111111111111111111111111111111111111111111111111111111111111111111
000000000000000000000000000000000000000000000000000000000000000000000000000000000000000000000000000000000000000000000000000000000000000000000000000000000000000000000000000000000000000000000000000000000000000000000000000000000000000000000000000000000000000000000000000000000000000000000000000000000000
000000000000000000000000000000000000000000000000000000000000000000000000000000000000000000000000000000000000000000000000000000000000000000000000000000000000000000000000000000000000000000000000000000000000000000000000000000000000000000000000000000000000000000000000000000000000000000000000000000000000
000000000000000000000000000000000000000000000000000000000000000000000000000000000000000000000000000000000000000000000000000000000000000000000000000000000000000000000000000000000000000000000000000000000000000000000000000000000000000000000000000000000000000000000000000000000000000000000000000000000000
000000000000000000000000000000000000000000000000000000000000000000000000000000000000000000000000000000000000000000000000000000000000000000000000000000000000000000000000000000000000000000000000000000000000000000000000000000000000000000000000000000000000000000000000000000000000000000000000000000000000
000000000000000000000000000000000000000000000000000000000000000000000000000000000000000000000000000000000000000000000000000000000000000000000000000000000000000000000000000000000000000000000000000000000000000000000000000000000000000000000000000000000000000000000000000000000000000000000000000000000000
000000000000000000000000000000000000000000000000000000000000000000000000000000000000000000000000000000000000000000000000000000000000000000000000000000000000000000000000000000000000000000000000000000000000000000000000000000000000000000000000000000000000000000000000000000000000000000000000000000000000
000000000000000000000000000000000000000000000000000000000000000000000000000000000000000000000000000000000000000000000000000000000000000000000000000000000000000000000000000000000000000000000000000000000000000000000000000000000000000000000000000000000000000000000000000000000000000000000000000000000000
000000000000000000000000000000000000000000000000000000000000000000000000000000000000000000000000000000000000000000000000000000000000000000000000000000000000000000000000000000000000000000000000000000000000000000000000000000000000000000000000000000000000000000000000000000000000000000000000000000000000
000000000000000000000000000000000000000000000000000000000000000000000000000000000000000000000000000000000000000000000000000000000000000000000000000000000000000000000000000000000000000000000000000000000000000000000000000000000000000000000000000000000000000000000000000000000000000000000000000000000000
000000000000000000000000000000000000000000000000000000000000000000000000000000000000000000000000000000000000000000000000000000000000000000000000000000000000000000000000000000000000000000000000000000000000000000000000000000000000000000000000000000000000000000000000000000000000000000000000000000000000
111111111111111111111111111111111111111111111111111111111111111111111111111111111111111111111111111111111111111111111111111111111111111111111111111111111111111111111111111111111111111111111111111111111111111111111111111111111111111111111111111111111111111111111111111111111111111111111111111111111111
111111111111111111111111111111111111111111111111111111111111111111111111111111111111111111111111111100000000000000000000000000000000000000000000000000000000000000000000000000000000000000000000000000000000000000000000000000000000000000000000000000000000000000000000000000000000000000000000000000000000
111111111111111111111111111111111111111111111111111111111111111111111111111111111111111111111111111111111111111111111111111111111111111111111111111111111111111111111111111111111111111111111111111111111111111111111111111111111111111111111111111111111111111111111111111111111111111111111111111111111111
111111111111111111111111111111111111111111111111111111111111111111111111111111111111111111111111111100000000000000000000000000000000000000000000000000000000000000000000000000000000000000000000000000000000000000000000000000000000000000000000000000000000000000000000000000000000000000000000000000000000
111111111111111111111111111111111111111111111111111111111111111111111111111111111111111111111111111100000011111111111111100111111111111000001111111111111111111111111111000001111111111111000000111111110000001111111111111100011111111111110000111111111111111111111111111100000111111111111100000011111111
111111111111111111111111111111111111111111111111111111111111111111111111111111111111111111111111111111111100011110000000011000000000000111110000000000000000000000000000111110000011000000111111000110001111110001110000000011100000000000001111000000000000000000000000000011111000001100000011111100000000
000000000000000000000000000000000000000000000000000000000000000000000000000000000000000000000000000000000011100001111110000011111111000000000111111111000000111111111100000000111100111100000000111001110000001110001111110000001111111110000000011111111100000011111111110000000011110011111000000011111111
111111111111111111111111111111111111111111111111111111111111111111111111111111111111111111111111111111111100011110000001111100000000111111111000000000111111000000000011111111000011000011111111000110001111110001110000001111110000000001111111100000000011111100000000001111111100001100000111111100000000
111111111111111111111111111111111111111111111111111111111111111111111111111111111111111111111111111100000001100001110000000001111110000000000011111100000000001111111000000000011100111000000000011001110000000110001111000000000111111000000000011111110000000000111111100000000001110011100000000001111110
111111111111111111111111111111111111111111111111111111111111111111111111111111111111111111111111111100000110111111001111111110111001111111111101110011111111110011100111111111100111100111110001101111001100011011111000111111111011100111111111100111001111111111011110011111111110011110011111000110111101
111111111111111111111111111111111111111111111111111111111111111111111111111111111111111111111111111111111001011100110000000001000110000000000010001100000000001100011000000000011000011000001110010000110011100100100111000000000100011000000000011000110000000000100001100000000001100001100000111001000010
111111111111111111111111111111111111111111111111111111111111111111111111111111111111111111111111111100000010100011001111100110111001111000001101110011111111110011100111000001100111100111000000101111000000001011011000111100011011100111110000100111001111111111011110011100000110011110011100000010111101
111111111111111111111111111111111111111111111111111111111111111111111111111111111111111111111111111111111101011100110000011001000110000111110010001100000000001100011000111110011000011000111111010000111111110100100111000011100100011000001111011000110000000000100001100011111001100001100011111101000010
111111111111111111111111111111111111111111111111111111111111111111111111111111111111111111111111111100000010100011001111100110111001111000001101110011111111110011100111000001100111100111000000101111000000001011011000111100011011100111110000100111001111111111011110011100000110011110011100000010111101
111111111111111111111111111111111111111111111111111111111111111111111111111111111111111111111111111100000101011100110000011001000110000111110010001100000000001100011000111110011000011000110001010000111100010100100111000011100100011000001111011000110000000000100001100011111001100001100011000101000010
111111111111111111111111111111111111111111111111111111111111111111111111111111111111111111111111111111111010100011001110000010111001000000000101110011000000110011100100000000100111100100001110101111000011101011011000110000001011100110000000000111001100000011011110010000000010011110011000111010111101
111111111111111111111111111111111111111111111111111111111111111111111111111111111111111111111111111100000101011110110001111101000110111111111010001100111111001100011011111111011011011011110001010110111100010101110111001111110100011001111111111000110011111100100001101111111101101101100111000101000010
111111111111111111111111111111111111111111111111111111111111111111111111111111111111111111111111111111111010100001001110000010111001000000000101110011000000110011100100000000100100100100001110101001000011101010001000110000001011100110000000000111001100000011011110010000000010010010011000111010111101
000000000000000000000000000000000000000000000000000000000000000000000000000000000000000000000000000000000001011110110001100101000110111000001010001100111111001100011011000001011011011011000000010110110000000101110111001100010100011001110000111000110011111100100001101100000101101101100100000001000010
111111111111111111111111111111111111111111111111111111111111111111111111111111111111111111111111111100000110111101001110011010111001000111110101110011000000110011100100111110100100100100110001101001001100011010101000110011101011100110001111000111001100000011011110010011111010010010011011000110111101
111111111111111111111111111111111111111111111111111111111111111111111111111111111111111111111111111111111001000010110001100101000110111000001010001100111111001100011011000001011011011011001110010110110011100101010111001100010100011001110000111000110011111100100001101100000101101101100100111001000010
111111111111111111111111111111111111111111111111111111111111111111111111111111111111111111111111111100000110111101001110011010111001000111110101110011000000110011100100111110100100100100110001101001001100011010101000110011101011100110001111000111001100000011011110010011111010010010011011000110111101
111111111111111111111111111111111111111111111111111111111111111111111111111111111111111111111111111111111001000010110001100101000110111000001010001100111111001100011011000001011011011011001110010110110011100101010111001100010100011001110000111000110011111100100001101100000101101101100100111001000010
111111111111111111111111111111111111111111111111111111111111111111111111111111111111111111111111111100000110111101001110011010111001000111110101110011000000110011100100111110100100100100110001101001001100011010101000110011101011100110001111000111001100000011011110010011111010010010011011000110111101
111111111111111111111111111111111111111111111111111111111111111111111111111111111111111111111111111111111001111111110001100101111110111000001011111100111111001111111011000001011111111011001110011111110011100111111111001100010111111001110000111111110011111100111111101100000101111111100100111001111110
111111111111111111111111111111111111111111111111111111111111111111111111111111111111111111111111111100000001000010100000000001000100000000000010001000000000000100010000000000001011010000000000000110100000000101010100000000000100010000000000001000100000000000100001000000000000101101000000000000000010
111111111111111111111111111111111111111111111111111111111111111111111111111111111111111111111111111100000110111101001110011010111001000111110101110011000000110011100100111110100100100100110001101001001100011010101000110011101011100110001111000111001100000011011110010011111010010010011011000110111101
111111111111111111111111111111111111111111111111111111111111111111111111111111111111111111111111111111111001000010110001100101000110111000001010001100111111001100011011000001011011011011001110010110110011100101010111001100010100011001110000111000110011111100100001101100000101101101100100111001000010
111111111111111111111111111111111111111111111111111111111111111111111111111111111111111111111111111100000110111101001110011010111001000111110101110011000000110011100100111110100100100100110001101001001100011010101000110011101011100110001111000111001100000011011110010011111010010010011011000110111101
111111111111111111111111111111111111111111111111111111111111111111111111111111111111111111111111111111111001000010110001100101000110111000001010001100111111001100011011000001011011011011001110010110110011100101010111001100010100011001110000111000110011111100100001101100000101101101100100111001000010
111111111111111111111111111111111111111111111111111111111111111111111111111111111111111111111111111100000110111101001110011010111001000111110101110011000000110011100100111110100100100100110001101001001100011010101000110011101011100110001111000111001100000011011110010011111010010010011011000110111101
000000000000000000000000000000000000000000000000000000000000000000000000000000000000000000000000000000000001000010110001100101000110111000001010001100111111001100011011000001011011011011000000010110110000000101010111001100010100011001110000111000110011111100100001101100000101101101100100000001000010
111111111111111111111111111111111111111111111111111111111111111111111111111111111111111111111111111111111010111101001110000010111001000000000101110011000000110011100100000000100100100100001110101001000011101010101000110000001011100110000000000111001100000011011110010000000010010010011000111010111101
111111111111111111111111111111111111111111111111111111111111111111111111111111111111111111111111111100000101011110110001111101000110111111111010001100111111001100011011111111011011011011110001010110111100010101110111001111110100011001111111111000110011111100100001101111111101101101100111000101000010
111111111111111111111111111111111111111111111111111111111111111111111111111111111111111111111111111111111010100011001110000010111001000000000101110011000000110011100100000000100111100100001110101111000011101011011000110000001011100110000000000111001100000011011110010000000010011110011000111010111101
111111111111111111111111111111111111111111111111111111111111111111111111111111111111111111111111111100000101011100110000011001000110000111110010001100000000001100011000111110011000011000110001010000111100010100100111000011100100011000001111011000110000000000100001100011111001100001100011000101000010
111111111111111111111111111111111111111111111111111111111111111111111111111111111111111111111111111100000010100011001111100110111001111000001101110011111111110011100111000001100111100111000000101111000000001011011000111100011011100111110000100111001111111111011110011100000110011110011100000010111101
111111111111111111111111111111111111111111111111111111111111111111111111111111111111111111111111111111111101011100110000011001000110000111110010001100000000001100011000111110011000011000111111010000111111110100100111000011100100011000001111011000110000000000100001100011111001100001100011111101000010
111111111111111111111111111111111111111111111111111111111111111111111111111111111111111111111111111100000010111111001111100110111001111000001101110011111111110011100111000001100111100111000000101111000000001011111000111100011011100111110000100111001111111111011110011100000110011110011100000010111101
111111111111111111111111111111111111111111111111111111111111111111111111111111111111111111111111111111111001000000110000000001000110000000000010001100000000001100011000000000011000011000001110010000110011100100000111000000000100011000000000011000110000000000100001100000000001100001100000111001000010
111111111111111111111111111111111111111111111111111111111111111111111111111111111111111111111111111100000110111111001111111110111001111111111101110011111111110011100111111111100111100111110001101111001100011011111000111111111011100111111111100111001111111111011110011111111110011110011111000110111101
111111111111111111111111111111111111111111111111111111111111111111111111111111111111111111111111111100000001100001110000000001111110000000000011111100000000001111111000000000011100111000000000011001110000000110001111000000000111111000000000011111110000000000111111100000000001110011100000000001111110
111111111111111111111111111111111111111111111111111111111111111111111111111111111111111111111111111111111100011110000001111100000000111111111000000000111111000000000011111111000011000011111111000110001111110001110000001111110000000001111111100000000011111100000000001111111100001100000111111100000000
000000000000000000000000000000000000000000000000000000000000000000000000000000000000000000000000000000000011100001111110000011111111000000000111111111000000111111111100000000111100111100000000111001110000001110001111110000001111111110000000011111111100000011111111110000000011110011111000000011111111
111111111111111111111111111111111111111111111111111111111111111111111111111111111111111111111111111111111100011110000000011000000000000111110000000000000000000000000000111110000011000000111111000110001111110001110000000011100000000000001111000000000000000000000000000011111000001100000011111100000000
111111111111111111111111111111111111111111111111111111111111111111111111111111111111111111111111111100000011100011111111100111111111111000001111111111111111111111111111000001111111111111000000111111110000001111011111111100011111111111110000111111111111111111111111111100000111111111111100000011111111
111111111111111111111111111111111111111111111111111111111111111111111111111111111111111111111111111100000000011100000000000000000000000000000000000000000000000000000000000000000000000000000000000000000000000000100000000000000000000000000000000000000000000000000000000000000000000000000000000000000000
111111111111111111111111111111111111111111111111111111111111111111111111111111111111111111111111111111111111111111111111111111111111111111111111111111111111111111111111111111111111111111111111111111111111111111111111111111111111111111111111111111111111111111111111111111111111111111111111111111111111
111111111111111111111111111111111111111111111111111111111111111111111111111111111111111111111111111100000000000000000000000000000000000000000000000000000000000000000000000000000000000000000000000000000000000000000000000000000000000000000000000000000000000000000000000000000000000000000000000000000000
111111111111111111111111111111111111111111111111111111111111111111111111111111111111111111111111111111111111111111111111111111111111111111111111111111111111111111111111111111111111111111111111111111111111111111111111111111111111111111111111111111111111111111111111111111111111111111111111111111111111
000000000000000000000000000000000000000000000000000000000000000000000000000000000000000000000000000000000000000000000000000000000000000000000000000000000000000000000000000000000000000000000000000000000000000000000000000000000000000000000000000000000000000000000000000000000000000000000000000000000000
000000000000000000000000000000000000000000000000000000000000000000000000000000000000000000000000000000000000000000000000000000000000000000000000000000000000000000000000000000000000000000000000000000000000000000000000000000000000000000000000000000000000000000000000000000000000000000000000000000000000
000000000000000000000000000000000000000000000000000000000000000000000000000000000000000000000000000000000000000000000000000000000000000000000000000000000000000000000000000000000000000000000000000000000000000000000000000000000000000000000000000000000000000000000000000000000000000000000000000000000000
000000000000000000000000000000000000000000000000000000000000000000000000000000000000000000000000000000000000000000000000000000000000000000000000000000000000000000000000000000000000000000000000000000000000000000000000000000000000000000000000000000000000000000000000000000000000000000000000000000000000
000000000000000000000000000000000000000000000000000000000000000000000000000000000000000000000000000000000000000000000000000000000000000000000000000000000000000000000000000000000000000000000000000000000000000000000000000000000000000000000000000000000000000000000000000000000000000000000000000000000000
000000000000000000000000000000000000000000000000000000000000000000000000000000000000000000000000000000000000000000000000000000000000000000000000000000000000000000000000000000000000000000000000000000000000000000000000000000000000000000000000000000000000000000000000000000000000000000000000000000000000
000000000000000000000000000000000000000000000000000000000000000000000000000000000000000000000000000000000000000000000000000000000000000000000000000000000000000000000000000000000000000000000000000000000000000000000000000000000000000000000000000000000000000000000000000000000000000000000000000000000000
000000000000000000000000000000000000000000000000000000000000000000000000000000000000000000000000000000000000000000000000000000000000000000000000000000000000000000000000000000000000000000000000000000000000000000000000000000000000000000000000000000000000000000000000000000000000000000000000000000000000
000000000000000000000000000000000000000000000000000000000000000000000000000000000000000000000000000000000000000000000000000000000000000000000000000000000000000000000000000000000000000000000000000000000000000000000000000000000000000000000000000000000000000000000000000000000000000000000000000000000000
000000000000000000000000000000000000000000000000000000000000000000000000000000000000000000000000000000000000000000000000000000000000000000000000000000000000000000000000000000000000000000000000000000000000000000000000000000000000000000000000000000000000000000000000000000000000000000000000000000000000
111111111111111111111111111111111111111111111111111111111111111111111111111111111111111111111111111111111111111111111111111111111111111111111111111111111111111111111111111111111111111111111111111111111111111111111111111111111111111111111111111111111111111111111111111111111111111111111111111111111111
000000000000000000000000000000000000000000000000000000000000000000000000000000000000000000000000000000000000000000000000000000000000000000000000000000000000000000000000000000000000000000000000000000000000000000000000000000000111100000000000000000000000000000000000000000111000000000000000000000000000
111111111111111111111111111111111111111111111111111111111111111111111111111111111111111111111111111111111111111100000000111111111111111111100000111111111111111111111111111111111111100000000011111111111111111111100000000001111000011111110000000001111111111110001111111111000111111100000000000111111111
111111111111111111111111111111111111111111111111111111111111111111111111111111111111111111111111111100000000000011111111000001111100000000011111000000000000000000000000011111000000011111111100001111000001111000011111111110001111111000001111111110001111000001110000000011111110000011111000011001111111
000000000000000000000000000000000000000000000000000000000000000000000000000000000000000000000000000011111111110000000000001110000011111000000000011111111111000000000111100000111110000000000001110000111110000111000000000000110111100111000000000001110000111000000000001100111001111000000111100010000000
111111111111111111111111111111111111111111111111111111111111111111111111111111111111111111111111111100011110001111111111110011111110000111111111100011110000111111111000111111100001111000000110011111110011111100111000000011011000011100111111000110011111100111111111110011000111000110000000001101111111
111111111111111111111111111111111111111111111111111111111111111111111111111111111111111111111111111111100001110000000000001100111001110000000000001100001110000000000011000100011110000111111000100000001100110011000111111100100111110011000000111000100100011000000000001101111100110001100000010010111000
000000000000000000000000000000000000000000000000000000000000000000000000000000000000000000000000000000011110001100000000110011000110001111100000110011110001111111111100111011100001100000000011011111110011001100100000000001011111101100110000000001011011100110001111110010111011001100011111100101000111
111111111111111111111111111111111111111111111111111111111111111111111111111111111111111111111111111101100001100011111111000101111101100000011111001100001100000000000001011111011100011000000100101111000101111010011000000010101011011010001111000110101111010001110000000111000110110010000000001011111111
111111111111111111111111111111111111111111111111111111111111111111111111111111111111111111111111111110111111011000000000011110111011011100000000010111111011111111111110100100110011000111111001010000111010110101100111111101010100110101100000111001010100101100000000011101111101101001100000010100111000
000000000000000000000000000000000000000000000000000000000000000000000000000000000000000000000000000001001110100111111111100011000100100011111111101011100100000000000001011011101100110000000010101111110101001110010000000010101111101010011100000010111011010011111111100010111011010110011111100011000111
111111111111111111111111111111111111111111111111111111111111111111111111111111111111111111111111111110110001010000000000001101111011011000000000010100011011000000000110101110010010001000000101010100001011111001001000000000011011010101000011000101001110101000000000001101000110101000000000001000111100
111111111111111111111111111111111111111111111111111111111111111111111111111111111111111111111111111101001110101100000000110010010100100111100000101011100100111111111001010001101101100111111010101011110100000110100111111101100100111010110000111000110001010110001111110011111101010101100000010111011011
000000000000000000000000000000000000000000000000000000000000000000000000000000000000000000000000000010110001010011111111001101101011011000011111010100011011000000000110101110010010010000000001010100001011111001010000000010011111100101001100000011001110101001110000001100111010101010011000000000100100
111111111111111111111111111111111111111111111111111111111111111111111111111111111111111111111111111101001110101000000000010010111100100100000000001011100100111111111001010101101101001111111100101011110100110110101111111101100011111010100011111100110101010100000000010011110101010001000111101111111011
111111111111111111111111111111111111111111111111111111111111111111111111111111111111111111111111111110110001010111111111101101010111010011111111100100011010000000000010111011010010110000000010011111001011001001010000000010011111011101011100000010001011101011111111101111001110100110100000010001011111
000000000000000000000000000000000000000000000000000000000000000000000000000000000000000000000000000001011110101000000000010011101010101100000000011011110101111111111101101110101101001000000101110100110111111110101000000001111100100110100011000101111110110100000000010000111011011000011000001110100100
111111111111111111111111111111111111111111111111111111111111111111111111111111111111111111111111111110100001010100000000101100111101010011100000100100001010000000000010010101010010100111111010001011001000110001000111111100000011111001010000111000000101001010001111101111110100100101000000000001111011
111111111111111111111111111111111111111111111111111111111111111111111111111111111111111111111111111101011110100011111111000011010010101000011111011011110101000000000101101010101100010000000001110100110111001110010000000010111111010110001100000011111010110001110000000001001111011010100111110010011100
000000000000000000000000000000000000000000000000000000000000000000000000000000000000000000000000000010101111011000000000011110101101010100000000000111101010111111111010010101110011001000000100001011111000110101101000000001000100101001100011000100010101001100000000011110111001100000000000001101100011
111111111111111111111111111111111111111111111111111111111111111111111111111111111111111111111111111101010000100100000000100001010110101011100000111000010101000000000101111011001100100111111011111111000111001010000111111100111011111110010000111001101011110010001111100011110110011101011000000011011111
111111111111111111111111111111111111111111111111111111111111111111111111111111111111111111111111111110101111011011111111011111111001010100011111000111101010111111111010001110110011010000000000000100111001111101110000000011001111010001101100000010011110001101110000011101001111100010100111110100111100
000000000000000000000000000000000000000000000000000000000000000000000000000000000000000000000000000001010000100100000000100000101110101011100000111000010101000000000101110101001100101000000111111011000110110010001000000000110111101110010011000101100101110010001111100010111000011100000000001011100011
111111111111111111111111111111111111111111111111111111111111111111111111111111111111111111111111111110101111011011111111011111010001010100011111000111101010111111111010001010110011010111111000000100111001001101110111111111001000110001101100111010011010001101110000011101110111100011011000000100011100
111111111111111111111111111111111111111111111111111111111111111111111111111111111111111111111111111101111111100100000000100111111111101011100000111111111101000000000101111111111100101000000111111111110111111110001000000000111111111110010011000101111111110010001111100111111111111100100111111011111111
000000000000000000000000000000000000000000000000000000000000000000000000000000000000000000000000000000010000100000000000000000101110000000000000000000010100000000000001110101001000000000000000111011000110110010000000000000010111001100000000000000100101110000000000000010001000000000000000000011100011
111111111111111111111111111111111111111111111111111111111111111111111111111111111111111111111111111110101111011011111111011111010001010100011111000111101010111111111010001010110011010111111000000100111001001101110111111111001000110001101100111010011010001101110000011101110111100011011000000100011100
000000000000000000000000000000000000000000000000000000000000000000000000000000000000000000000000000001010000100100000000100000101110101011100000111000010101000000000101110101001100101000000111111011000110110010001000000000110111101110010011000101100101110010001111100010111000011100000000001011100011
111111111111111111111111111111111111111111111111111111111111111111111111111111111111111111111111111110101111011011111111011111111001010100011111000111101010111111111010001110110011010000000000000100111001111101110000000011001111010001101100000010011110001101110000011101001111100010100111110100111100
111111111111111111111111111111111111111111111111111111111111111111111111111111111111111111111111111101010000100100000000100001010110101011100000111000010101000000000101111011001100100111111011111111000111001010000111111100111011111110010000111001101011110010001111100011110110011101011000000011011111
000000000000000000000000000000000000000000000000000000000000000000000000000000000000000000000000000010101111011000000000011110101101010100000000000111101010111111111010010101110011001000000100001011111000110101101000000001000100101001100011000100010101001100000000011110111001100000000000001101100011
111111111111111111111111111111111111111111111111111111111111111111111111111111111111111111111111111101010000100011111111000001010010101000011111011000010101000000000101101010001100010000000001110100000111001010010000000010111111010110001100000011101010110001110000000001001110011010100000010010011100
111111111111111111111111111111111111111111111111111111111111111111111111111111111111111111111111111110101111010100000000101110111101010011100000100111101010000000000010010101110010100111111010001011111000110101000111111100000011111001010000111000010101001010001111101111110101100101000111100001111011
000000000000000000000000000000000000000000000000000000000000000000000000000000000000000000000000000001011110101000000000010011101010101100000000011011110101111111111101101110101101001000000101110100110111111110101000000001111100100110100011000101111110110100000000010000111011011000011000001110100100
111111111111111111111111111111111111111111111111111111111111111111111111111111111111111111111111111110110001010111111111101101010111010011111111100100011010000000000010111011010010110000000010011111001011001001010000000010011111011101011100000010001011101011111111101111001110100110100000010001011111
111111111111111111111111111111111111111111111111111111111111111111111111111111111111111111111111111101001110101000000000010010111100100100000000001011100100111111111001010101101101001111111100101011110100110110101111111101100011111010100011111100110101010100000000010011110101010001000111101111111011
000000000000000000000000000000000000000000000000000000000000000000000000000000000000000000000000000010110001010011111111001101101011011000011111010100011011000000000110101110010010010000000001010100001011111001010000000010011111100101001100000011001110101001110000001100111010101010011000000000100100
111111111111111111111111111111111111111111111111111111111111111111111111111111111111111111111111111101001110101100000000110010010100100111100000101011100100111111111001010001101101100111111010101011110100000110100111111101100100111010110000111000110001010110001111110011111101010101100000010111011011
111111111111111111111111111111111111111111111111111111111111111111111111111111111111111111111111111110111111010000000000001111111011011000000000010111111011000000000110101110110010001000000101010100111011111101001000000000011011010101000011000101011110101000000000001101000111101000000111101000111100
000000000000000000000000000000000000000000000000000000000000000000000000000000000000000000000000000001000000100111111111100001000100100011111111101000000100000000000001011011001100110000000010101111000101001010010000000010101111101010011100000010101011010011111111100010111010010110011000000011000111
111111111111111111111111111111111111111111111111111111111111111111111111111111111111111111111111111110111111011000000000011110111011011100000000010111111011111111111110100100110011000111111001010000111010110101100111111101010100110101100000111001010100101100000000011101111101101001100000010100111000
111111111111111111111111111111111111111111111111111111111111111111111111111111111111111111111111111101100001100011111111000101111101100000011111001100001100000000000001011111011100011000000100101111000101111010011000000010101011011010001111000110101111010001110000000111000110110010000000001011111111
000000000000000000000000000000000000000000000000000000000000000000000000000000000000000000000000000000011110001100000000110011000110001111100000110011110001111111111100111011100001100000000011011111110011001100100000000001011111101100110000000001011011100110001111110010111011001100011111100101000111
111111111111111111111111111111111111111111111111111111111111111111111111111111111111111111111111111111100001110000000000001100111001110000000000001100001110000000000011000100011110000111111000100000001100110011000111111100100111110011000000111000100100011000000000001101111100110001100000010010111000
111111111111111111111111111111111111111111111111111111111111111111111111111111111111111111111111111100011110001111111111110011111110000111111111100011110000111111111000111111100001111000000110011111110011111100111000000011011000011100111111000110011111100111111111110011000111000110000000001101111111
000000000000000000000000000000000000000000000000000000000000000000000000000000000000000000000000000011110001110000000000001100000011111000000000011100011111000000000111100000011110000000000001110000001110000011000000000000110111100111000000000001100000111000000000001100111000111000000000000010000000
111111111111111111111111111111111111111111111111111111111111111111111111111111111111111111111111111100001110000011111111000011111100000000011111000011100000000000000000011111100000011111111100001111110001111100011111111110001111111000001111111110011111000001110000000011111111000011111111111001111111
111111111111111111111111111111111111111111111111111111111111111111111111111111111111111111111111111111111111111100000000111111111111111111100000111111111111111111111111111111111111100000000011111111111111111111100000000001111000011111110000000001111111111110001111111111000111111100000000000111111111
000000000000000000000000000000000000000000000000000000000000000000000000000000000000000000000000000000000000000000000000000000000000000000000000000000000000000000000000000000000000000000000000000000000000000000000000000000000111100000000000000000000000000000000000000000111000000000000000000000000000
111111111111111111111111111111111111111111111111111111111111111111111111111111111111111111111111111111111111111111111111111111111111111111111111111111111111111111111111111111111111111111111111111111111111111111111111111111111111111111111111111111111111111111111111111111111111111111111111111111111111
000000000000000000000000000000000000000000000000000000000000000000000000000000000000000000000000000000000000000000000000000000000000000000000000000000000000000000000000000000000000000000000000000000000000000000000000000000000000000000000000000000000000000000000000000000000000000000000000000000000000
000000000000000000000000000000000000000000000000000000000000000000000000000000000000000000000000000000000000000000000000000000000000000000000000000000000000000000000000000000000000000000000000000000000000000000000000000000000000000000000000000000000000000000000000000000000000000000000000000000000000
000000000000000000000000000000000000000000000000000000000000000000000000000000000000000000000000000000000000000000000000000000000000000000000000000000000000000000000000000000000000000000000000000000000000000000000000000000000000000000000000000000000000000000000000000000000000000000000000000000000000
000000000000000000000000000000000000000000000000000000000000000000000000000000000000000000000000000000000000000000000000000000000000000000000000000000000000000000000000000000000000000000000000000000000000000000000000000000000000000000000000000000000000000000000000000000000000000000000000000000000000
000000000000000000000000000000000000000000000000000000000000000000000000000000000000000000000000000000000000000000000000000000000000000000000000000000000000000000000000000000000000000000000000000000000000000000000000000000000000000000000000000000000000000000000000000000000000000000000000000000000000
000000000000000000000000000000000000000000000000000000000000000000000000000000000000000000000000000000000000000000000000000000000000000000000000000000000000000000000000000000000000000000000000000000000000000000000000000000000000000000000000000000000000000000000000000000000000000000000000000000000000
000000000000000000000000000000000000000000000000000000000000000000000000000000000000000000000000000000000000000000000000000000000000000000000000000000000000000000000000000000000000000000000000000000000000000000000000000000000000000000000000000000000000000000000000000000000000000000000000000000000000
000000000000000000000000000000000000000000000000000000000000000000000000000000000000000000000000000000000000000000000000000000000000000000000000000000000000000000000000000000000000000000000000000000000000000000000000000000000000000000000000000000000000000000000000000000000000000000000000000000000000
000000000000000000000000000000000000000000000000000000000000000000000000000000000000000000000000000000000000000000000000000000000000000000000000000000000000000000000000000000000000000000000000000000000000000000000000000000000000000000000000000000000000000000000000000000000000000000000000000000000000
000000000000000000000000000000000000000000000000000000000000000000000000000000000000000000000000000000000000000000000000000000000000000000000000000000000000000000000000000000000000000000000000000000000000000000000000000000000000000000000000000000000000000000000000000000000000000000000000000000000000
111111111111111111111111111111111111111111111111111111111111111111111111111111111111111111111111111111111111111111111111111111111111111111111111111111111111111111111111111111111111111111111111111111111111111111111111111111111111111111111111111111111111111111111111111111111111111111111111111111111111
000000000000000000000000000000000000000000000000000000000000000000000000000000000000000000000000000000000000000000000000000000000000000000000000000000000000000000000000000000000000000000000000000000000000000000000000000000000000000000011110000000000000000000000000000000000000000011100000000000000000
111111111111111111111111111111111111111111111111111111111111111111111111111111111111111111111111111111111111111111111111110000000011111111111111111110000011111111111111111111111111111111111110000000001111111111111111111110000000000111100001111111000000000111111111111000111111111100011111110000000000
111111111111111111111111111111111111111111111111111111111111111111111111111111111111111111111111111100000000000000000000001111111100000111110000000001111100000000000000000000000001111100000001111111110000000000000111100001111111111000111111100000111111111000111100000111000000001111111000001111100001
000000000000000000000000000000000000000000000000000000000000000000000000000000000000000000000000000011100000111111111111000000000000111000001111100000000001111111111100000000011110000011111000000000001000000000111000011100000000000011011110011100000000000111000011100000000000110011100111100000011110
111111111111111111111111111111111111111111111111111111111111111111111111111111111111111111111111111100011111000001111000111111111111001111111000011111111110001111000011111111100011111110000111100000010111111111001111110011100000001101100001110011111100011001111110011111111111001100011100011000000000
111111111111111111111111111111111111111111111111111111111111111111111111111111111111111111111111111110000000001110000111000000000000110011100111000000000000110000111000000000001100010001111000011111100000000000110011001100011111110010011111001100000011100010010001100000000000110111110011000110000001
000000000000000000000000000000000000000000000000000000000000000000000000000000000000000000000000000001111111110001111000110000000011001100011000111110000011001111000111111111110011101110000110000000001111111111001100110010000000000101111110110011000000000101101110011000111111001011101100110001111110
111111111111111111111111111111111111111111111111111111111111111111111111111111111111111111111111111100000000000110000110001111111100010111110110000001111100110000110000000000000101111101110001100000010000000000010111101001100000001010101101101000111100011010111101000111000000011100011011001000000000
111111111111111111111111111111111111111111111111111111111111111111111111111111111111111111111111111111111111111011111101100000000001111011101101110000000001011111101111111111111010010011001100011111101100000011101011010110011111110101010011010110000011100101010010110000000001110111110110100110000001
000000000000000000000000000000000000000000000000000000000000000000000000000000000000000000000000000000000000000100111010011111111110001100010010001111111110101110010000000000000101101110110011000000000011111100010100111001000000001010111110101001110000001011101101001111111110001011101101011001111110
111111111111111111111111111111111111111111111111111111111111111111111111111111111111111111111111111111100000111011000101000000000000110111101101100000000001010001101100000000011010111001001000100000011000000000101111100100100000000001101101010100001100010100111010100000000000110100011010100000000000
111111111111111111111111111111111111111111111111111111111111111111111111111111111111111111111111111100011111000100111010110000000011001001010010011110000010101110010011111111100101000110110110011111100111111111010000011010011111110110010011101011000011100011000101011000111111001111110101010110000001
000000000000000000000000000000000000000000000000000000000000000000000000000000000000000000000000000011100000111011000101001111111100110110101101100001111101010001101100000000011010111001001001000000001000000000101111100101000000001001111110010100110000001100111010100111000000110011101010101001100000
111111111111111111111111111111111111111111111111111111111111111111111111111111111111111111111111111100011111000100111010100000000001001011110010010000000000101110010011111111100101010110110100111111110100000011010011011010111111110110001111101010001111110011010101010000000001001111010101000100011110
111111111111111111111111111111111111111111111111111111111111111111111111111111111111111111111111111110000000001011000101011111111110110101011101001111111110010001101000000000001011101101001011000000000011111100101100100101000000001001111101110101110000001000101110101111111110111100111010011010000001
000000000000000000000000000000000000000000000000000000000000000000000000000000000000000000000000000001111111110101111010100000000001001110101010110000000001101111010111111111110110111010110100100000011100000011011111111010100000000111110010011010001100010111111011010000000001000011101101100001100000
111111111111111111111111111111111111111111111111111111111111111111111111111111111111111111111111111110000000001010000101010000000010110011110101001110000010010000101000000000001001010101001010011111100011111100100011000100011111110000001111100101000011100000010100101000111110111111010010010100000000
111111111111111111111111111111111111111111111111111111111111111111111111111111111111111111111111111101100000110101111010001111111100001101001010100001111101101111010100000000010110101010110001000000001000000000011100111001000000001011111101011000110000001111101011000111000000000100111101101010011111
000000000000000000000000000000000000000000000000000000000000000000000000000000000000000000000000000010011111001010111101100000000001111010110101010000000000011110101011111111101001010111001100100000010100000011100011010110100000000100010010100110001100010001010100110000000001111011100110000000000000
111111111111111111111111111111111111111111111111111111111111111111111111111111111111111111111111111101100000110101000010010000000010000101011010101110000011100001010100000000010111101100110010011111101011111100011100101000011111110011101111111001000011100110101111001000111110001111011001110101100000
111111111111111111111111111111111111111111111111111111111111111111111111111111111111111111111111111110011111001010111101101111111101111111100101010001111100011110101011111111101000111011001101000000000100000011100111110111000000001100111101000110110000001001111000110111000001110100111110001010011111
000000000000000000000000000000000000000000000000000000000000000000000000000000000000000000000000000001100000110101000010010000000010000010111010101110000011100001010100000000010111010100110010100000011011111100011011001000100000000011011110111001001100010110010111001000111110001011100001110000000000
111111111111111111111111111111111111111111111111111111111111111111111111111111111111111111111111111110011111001010111101101111111101111101000101010001111100011110101011111111101000101011001101011111100100000011100100110111011111111100100011000110110011101001101000110111000001110111011110001101100000
111111111111111111111111111111111111111111111111111111111111111111111111111111111111111111111111111101100000110111111110010000000010011111111110101110000011111111110100000000010111111111110010100000011011111100011111111000100000000011111111111001001100010111111111001000111110011111111111110010011111
000000000000000000000000000000000000000000000000000000000000000000000000000000000000000000000000000000000000000001000010000000000000000010111000000000000000000001010000000000000111010100100000000000000000000000011011001000000000000001011100110000000000000010010111000000000000001000100000000000000000
111111111111111111111111111111111111111111111111111111111111111111111111111111111111111111111111111110011111001010111101101111111101111101000101010001111100011110101011111111101000101011001101011111100100000011100100110111011111111100100011000110110011101001101000110111000001110111011110001101100000
000000000000000000000000000000000000000000000000000000000000000000000000000000000000000000000000000001100000110101000010010000000010000010111010101110000011100001010100000000010111010100110010100000011011111100011011001000100000000011011110111001001100010110010111001000111110001011100001110000000000
111111111111111111111111111111111111111111111111111111111111111111111111111111111111111111111111111110011111001010111101101111111101111111100101010001111100011110101011111111101000111011001101000000000100000011100111110111000000001100111101000110110000001001111000110111000001110100111110001010011111
111111111111111111111111111111111111111111111111111111111111111111111111111111111111111111111111111101100000110101000010010000000010000101011010101110000011100001010100000000010111101100110010011111101011111100011100101000011111110011101111111001000011100110101111001000111110001111011001110101100000
000000000000000000000000000000000000000000000000000000000000000000000000000000000000000000000000000010011111001010111101100000000001111010110101010000000000011110101011111111101001010111001100100000010100000011100011010110100000000100010010100110001100010001010100110000000001111011100110000000000000
111111111111111111111111111111111111111111111111111111111111111111111111111111111111111111111111111101100000110101000010001111111100000101001010100001111101100001010100000000010110101000110001000000001000000000011100101001000000001011111101011000110000001110101011000111000000000100111001101010000001
111111111111111111111111111111111111111111111111111111111111111111111111111111111111111111111111111110000000001010111101010000000010111011110101001110000010011110101000000000001001010111001010011111100011111100100011010100011111110000001111100101000011100001010100101000111110111111010110010100011110
000000000000000000000000000000000000000000000000000000000000000000000000000000000000000000000000000001111111110101111010100000000001001110101010110000000001101111010111111111110110111010110100100000011100000011011111111010100000000111110010011010001100010111111011010000000001000011101101100001100000
111111111111111111111111111111111111111111111111111111111111111111111111111111111111111111111111111110000000001011000101011111111110110101011101001111111110010001101000000000001011101101001011000000000011111100101100100101000000001001111101110101110000001000101110101111111110111100111010011010000001
111111111111111111111111111111111111111111111111111111111111111111111111111111111111111111111111111100011111000100111010100000000001001011110010010000000000101110010011111111100101010110110100111111110100000011010011011010111111110110001111101010001111110011010101010000000001001111010101000100011110
000000000000000000000000000000000000000000000000000000000000000000000000000000000000000000000000000011100000111011000101001111111100110110101101100001111101010001101100000000011010111001001001000000001000000000101111100101000000001001111110010100110000001100111010100111000000110011101010101001100000
111111111111111111111111111111111111111111111111111111111111111111111111111111111111111111111111111100011111000100111010110000000011001001010010011110000010101110010011111111100101000110110110011111100111111111010000011010011111110110010011101011000011100011000101011000111111001111110101010110000001
111111111111111111111111111111111111111111111111111111111111111111111111111111111111111111111111111111100000111011111101000000000000111111101101100000000001011111101100000000011010111011001000100000011000000000101111110100100000000001101101010100001100010101111010100000000000110100011110100000011110
000000000000000000000000000000000000000000000000000000000000000000000000000000000000000000000000000000000000000100000010011111111110000100010010001111111110100000010000000000000101101100110011000000000011111100010100101001000000001010111110101001110000001010101101001111111110001011101001011001100000
111111111111111111111111111111111111111111111111111111111111111111111111111111111111111111111111111111111111111011111101100000000001111011101101110000000001011111101111111111111010010011001100011111101100000011101011010110011111110101010011010110000011100101010010110000000001110111110110100110000001
111111111111111111111111111111111111111111111111111111111111111111111111111111111111111111111111111100000000000110000110001111111100010111110110000001111100110000110000000000000101111101110001100000010000000000010111101001100000001010101101101000111100011010111101000111000000011100011011001000000000
000000000000000000000000000000000000000000000000000000000000000000000000000000000000000000000000000001111111110001111000110000000011001100011000111110000011001111000111111111110011101110000110000000001111111111001100110010000000000101111110110011000000000101101110011000111111001011101100110001111110
111111111111111111111111111111111111111111111111111111111111111111111111111111111111111111111111111110000000001110000111000000000000110011100111000000000000110000111000000000001100010001111000011111100000000000110011001100011111110010011111001100000011100010010001100000000000110111110011000110000001
111111111111111111111111111111111111111111111111111111111111111111111111111111111111111111111111111100011111000001111000111111111111001111111000011111111110001111000011111111100011111110000111100000010111111111001111110011100000001101100001110011111100011001111110011111111111001100011100011000000000
000000000000000000000000000000000000000000000000000000000000000000000000000000000000000000000000000011100000111111000111000000000000110000001111100000000001110001111100000000011110000001111000000000001000000000111000001100000000000011011110011100000000000110000011100000000000110011100011100000000000
111111111111111111111111111111111111111111111111111111111111111111111111111111111111111111111111111100000000000000111000001111111100001111110000000001111100001110000000000000000001111110000001111111110000000000000111110001111111111000111111100000111111111001111100000111000000001111111100001111111111
111111111111111111111111111111111111111111111111111111111111111111111111111111111111111111111111111111111111111111111111110000000011111111111111111110000011111111111111111111111111111111111110000000001111111111111111111110000000000111100001111111000000000111111111111000111111111100011111110000000000
000000000000000000000000000000000000000000000000000000000000000000000000000000000000000000000000000000000000000000000000000000000000000000000000000000000000000000000000000000000000000000000000000000000000000000000000000000000000000000011110000000000000000000000000000000000000000011100000000000000000
111111111111111111111111111111111111111111111111111111111111111111111111111111111111111111111111111111111111111111111111111111111111111111111111111111111111111111111111111111111111111111111111111111111111111111111111111111111111111111111111111111111111111111111111111111111111111111111111111111111111
000000000000000000000000000000000000000000000000000000000000000000000000000000000000000000000000000000000000000000000000000000000000000000000000000000000000000000000000000000000000000000000000000000000000000000000000000000000000000000000000000000000000000000000000000000000000000000000000000000000000
000000000000000000000000000000000000000000000000000000000000000000000000000000000000000000000000000000000000000000000000000000000000000000000000000000000000000000000000000000000000000000000000000000000000000000000000000000000000000000000000000000000000000000000000000000000000000000000000000000000000
000000000000000000000000000000000000000000000000000000000000000000000000000000000000000000000000000000000000000000000000000000000000000000000000000000000000000000000000000000000000000000000000000000000000000000000000000000000000000000000000000000000000000000000000000000000000000000000000000000000000
000000000000000000000000000000000000000000000000000000000000000000000000000000000000000000000000000000000000000000000000000000000000000000000000000000000000000000000000000000000000000000000000000000000000000000000000000000000000000000000000000000000000000000000000000000000000000000000000000000000000
000000000000000000000000000000000000000000000000000000000000000000000000000000000000000000000000000000000000000000000000000000000000000000000000000000000000000000000000000000000000000000000000000000000000000000000000000000000000000000000000000000000000000000000000000000000000000000000000000000000000
000000000000000000000000000000000000000000000000000000000000000000000000000000000000000000000000000000000000000000000000000000000000000000000000000000000000000000000000000000000000000000000000000000000000000000000000000000000000000000000000000000000000000000000000000000000000000000000000000000000000
000000000000000000000000000000000000000000000000000000000000000000000000000000000000000000000000000000000000000000000000000000000000000000000000000000000000000000000000000000000000000000000000000000000000000000000000000000000000000000000000000000000000000000000000000000000000000000000000000000000000
000000000000000000000000000000000000000000000000000000000000000000000000000000000000000000000000000000000000000000000000000000000000000000000000000000000000000000000000000000000000000000000000000000000000000000000000000000000000000000000000000000000000000000000000000000000000000000000000000000000000
000000000000000000000000000000000000000000000000000000000000000000000000000000000000000000000000000000000000000000000000000000000000000000000000000000000000000000000000000000000000000000000000000000000000000000000000000000000000000000000000000000000000000000000000000000000000000000000000000000000000
000000000000000000000000000000000000000000000000000000000000000000000000000000000000000000000000000000000000000000000000000000000000000000000000000000000000000000000000000000000000000000000000000000000000000000000000000000000000000000000000000000000000000000000000000000000000000000000000000000000000
111111111111111111111111111111111111111111111111111111111111111111111111111111111111111111111111111111111111111111111111111111111111111111111111111111111111111111111111111111111111111111111111111111111111111111111111111111111111111111111111111111111111111111111111111111111111111111111111111111111111
000000000000000000000000000000000000000000000000000000000000000000000000000000000000000000000000000000000000000000000000000000000000000000000000000000000000000000000000000000000000000000000000000000000000000000000000000000000000000000000000000001111000000000000000000000000000000000000000001110000000
111111111111111111111111111111111111111111111111111111111111111111111111111111111111111111111111111111111111111111111111111111111111000000001111111111111111111000001111111111111111111111111111111111111111111111111111111111111111111000000000011110000111111100000000011111111111100011111111110001111111
111111111111111111111111111111111111111111111111111111111111111111111111111111111111111111111111111100000000000000000000000000000000111111110000011111000000000111110000000000000000000000000111110000000001110000000000000000011110000111111111100011111110000011111111100011110000011100000000111111100000
000000000000000000000000000000000000000000000000000000000000000000000000000000000000000000000000000011111111111110000011111111111100000000000011100000111110000000000111111111110000000001111000001111101110001111100000000011100001110000000000001101111001110000000000011100001110000000000011001110011110
111111111111111111111111111111111111111111111111111111111111111111111111111111111111111111111111111100011110000001111100000111100011111111111100111111100001111111111000111100001111111110001111111000010011111000011111111100111111001110000000110110000111001111110001100111111001111111111100110001110001
111111111111111111111111111111111111111111111111111111111111111111111111111111111111111111111111111111100001111000000000111000011100000000000011001110011100000000000011000011100000000000110001000111101100000111000000000011001100110001111111001001111100110000001110001001000110000000000011011111001100
000000000000000000000000000000000000000000000000000000000000000000000000000000000000000000000000000000011110000111111111000111100011000000001100110001100011111000001100111100011111111111001110111000010011111000111111111100110011001000000000010111111011001100000000010110111001100011111100101110110011
111111111111111111111111111111111111111111111111111111111111111111111111111111111111111111111111111101100001100000000000011000011000111111110001011111011000000111110011000011000000000000010111110111000101110110000000000001011110100110000000101010110110100011110001101011110100011100000001110001101100
111111111111111111111111111111111111111111111111111111111111111111111111111111111111111111111111111110111111011111111111101111110110000000000111101110110111000000000101111110111111111111101001001100111110001101110000001110101101011001111111010101001101011000001110010101001011000000000111011111011010
000000000000000000000000000000000000000000000000000000000000000000000000000000000000000000000000000001001100100000000000010011101001111111111000110001001000111111111010111001000000000000010110111011000011111010001111110001010011100100000000101011111010100111000000101110110100111111111000101110110101
111111111111111111111111111111111111111111111111111111111111111111111111111111111111111111111111111110110011011110000011101100010100000000000011011110110110000000000101000110110000000001101011100100101101110101100000000010111110010010000000000110110101010000110001010011101010000000000011010001101010
111111111111111111111111111111111111111111111111111111111111111111111111111111111111111111111111111101001100100001111100010011101011000000001100100101001001111000001010111001001111111110010100011011010010001010011111111101000001101001111111011001001110101100001110001100010101100011111100111111010101
000000000000000000000000000000000000000000000000000000000000000000000000000000000000000000000000000010110011011110000011101100010100111111110011011010110110000111110101000110110000000001101011100100101101110101100000000010111110010100000000100111111001010011000000110011101010011100000011001110101010
111111111111111111111111111111111111111111111111111111111111111111111111111111111111111111111111111101001100100001111100010011101010000000000100101111001001000000000010111001001111111110010101011011010010001010010000001101001101101011111111011000111110101000111111001101010101000000000100111101010100
111111111111111111111111111111111111111111111111111111111111111111111111111111111111111111111111111110110011011000000000101100010101111111111011010101110100111111111001000110100000000000101110110100101101110101001111110010110010010100000000100111110111010111000000100010111010111111111011110011101001
000000000000000000000000000000000000000000000000000000000000000000000000000000000000000000000000000001011110100111111111010111101010000000000100111010101011000000000110111101011111111111011011101011010011111010110000001101111111101010000000011111001001101000110001011111101101000000000100001110110110
111111111111111111111111111111111111111111111111111111111111111111111111111111111111111111111111111110100001011000000000101000010101000000001011001111010100111000001001000010100000000000100101010100101100000101001111110010001100010001111111000000111110010100001110000001010010100011111011111101001001
111111111111111111111111111111111111111111111111111111111111111111111111111111111111111111111111111101011110100110000011010111101000111111110000110100101010000111110110111101010000000001011010101011000011111010100000000001110011100100000000101111110101100011000000111110101100011100000000010011110110
000000000000000000000000000000000000000000000000000000000000000000000000000000000000000000000000000010101101011001111100101011110110000000000111101011010101000000000001111010101111111110100101011100111110001101010000001110001101011010000000010001001010011000110001000101010011000000000111101110011000
111111111111111111111111111111111111111111111111111111111111111111111111111111111111111111111111111101010010100110000011010100001001000000001000010101101010111000001110000101010000000001011110110011000001110010101111110001110010100001111111001110111111100100001110011010111100100011111000111101100111
111111111111111111111111111111111111111111111111111111111111111111111111111111111111111111111111111110101101011001111100101011110110111111110111111110010101000111110001111010101111111110100011101100111111111101010000001110011111011100000000110011110100011011000000100111100011011100000111010011111000
000000000000000000000000000000000000000000000000000000000000000000000000000000000000000000000000000001010010100110000011010100001001000000001000001011101010111000001110000101010000000001011101010011000000000010101111110001101100100010000000001101111011100100110001011001011100100011111000101110000111
111111111111111111111111111111111111111111111111111111111111111111111111111111111111111111111111111110101101011001111100101011110110111111110111110100010101000111110001111010101111111110100010101100111111111101010000001110010011011101111111110010001100011011001110100110100011011100000111011101111000
111111111111111111111111111111111111111111111111111111111111111111111111111111111111111111111111111101111111100110000011011111111001000000001001111111111010111000001111111111010000000001011111111111000111111110101111110001111111100010000000001111111111100100110001011111111100100011111001111111111111
000000000000000000000000000000000000000000000000000000000000000000000000000000000000000000000000000001010010100000000000000100001000000000000000001011100000000000000000000101000000000000011101010010000000000010000000000001101100100000000000000101110011000000000000001001011100000000000000100010000000
111111111111111111111111111111111111111111111111111111111111111111111111111111111111111111111111111110101101011001111100101011110110111111110111110100010101000111110001111010101111111110100010101100111111111101010000001110010011011101111111110010001100011011001110100110100011011100000111011101111000
000000000000000000000000000000000000000000000000000000000000000000000000000000000000000000000000000001010010100110000011010100001001000000001000001011101010111000001110000101010000000001011101010011000000000010101111110001101100100010000000001101111011100100110001011001011100100011111000101110000111
111111111111111111111111111111111111111111111111111111111111111111111111111111111111111111111111111110101101011001111100101011110110111111110111111110010101000111110001111010101111111110100011101100111111111101010000001110011111011100000000110011110100011011000000100111100011011100000111010011111000
111111111111111111111111111111111111111111111111111111111111111111111111111111111111111111111111111101010010100110000011010100001001000000001000010101101010111000001110000101010000000001011110110011000001110010101111110001110010100001111111001110111111100100001110011010111100100011111000111101100111
000000000000000000000000000000000000000000000000000000000000000000000000000000000000000000000000000010101101011001111100101011110110000000000111101011010101000000000001111010101111111110100101011100111110001101010000001110001101011010000000010001001010011000110001000101010011000000000111101110011000
111111111111111111111111111111111111111111111111111111111111111111111111111111111111111111111111111101010010100110000011010100001000111111110000010100101010000111110110000101010000000001011010100011000001110010100000000001110010100100000000101111110101100011000000111010101100011100000000010011100110
111111111111111111111111111111111111111111111111111111111111111111111111111111111111111111111111111110101101011000000000101011110101000000001011101111010100111000001001111010100000000000100101011100101110001101001111110010001101010001111111000000111110010100001110000101010010100011111011111101011001
000000000000000000000000000000000000000000000000000000000000000000000000000000000000000000000000000001011110100111111111010111101010000000000100111010101011000000000110111101011111111111011011101011010011111010110000001101111111101010000000011111001001101000110001011111101101000000000100001110110110
111111111111111111111111111111111111111111111111111111111111111111111111111111111111111111111111111110110011011000000000101100010101111111111011010101110100111111111001000110100000000000101110110100101101110101001111110010110010010100000000100111110111010111000000100010111010111111111011110011101001
111111111111111111111111111111111111111111111111111111111111111111111111111111111111111111111111111101001100100001111100010011101010000000000100101111001001000000000010111001001111111110010101011011010010001010010000001101001101101011111111011000111110101000111111001101010101000000000100111101010100
000000000000000000000000000000000000000000000000000000000000000000000000000000000000000000000000000010110011011110000011101100010100111111110011011010110110000111110101000110110000000001101011100100101101110101100000000010111110010100000000100111111001010011000000110011101010011100000011001110101010
111111111111111111111111111111111111111111111111111111111111111111111111111111111111111111111111111101001100100001111100010011101011000000001100100101001001111000001010111001001111111110010100011011010010001010011111111101000001101001111111011001001110101100001110001100010101100011111100111111010101
111111111111111111111111111111111111111111111111111111111111111111111111111111111111111111111111111110111111011110000011101111110100000000000011111110110110000000000101111110110000000001101011101100101111111101100000000010111111010010000000000110110101010000110001010111101010000000000011010001111010
000000000000000000000000000000000000000000000000000000000000000000000000000000000000000000000000000001000000100000000000010000001001111111111000010001001000111111111010000001000000000000010110110011000001110010001111110001010010100100000000101011111010100111000000101010110100111111111000101110100101
111111111111111111111111111111111111111111111111111111111111111111111111111111111111111111111111111110111111011111111111101111110110000000000111101110110111000000000101111110111111111111101001001100111110001101110000001110101101011001111111010101001101011000001110010101001011000000000111011111011010
111111111111111111111111111111111111111111111111111111111111111111111111111111111111111111111111111101100001100000000000011000011000111111110001011111011000000111110011000011000000000000010111110111000101110110000000000001011110100110000000101010110110100011110001101011110100011100000001110001101100
000000000000000000000000000000000000000000000000000000000000000000000000000000000000000000000000000000011110000111111111000111100011000000001100110001100011111000001100111100011111111111001110111000010011111000111111111100110011001000000000010111111011001100000000010110111001100011111100101110110011
111111111111111111111111111111111111111111111111111111111111111111111111111111111111111111111111111111100001111000000000111000011100000000000011001110011100000000000011000011100000000000110001000111101100000111000000000011001100110001111111001001111100110000001110001001000110000000000011011111001100
111111111111111111111111111111111111111111111111111111111111111111111111111111111111111111111111111100011110000001111100000111100011111111111100111111100001111111111000111100001111111110001111111000010011111000011111111100111111001110000000110110000111001111110001100111111001111111111100110001110001
000000000000000000000000000000000000000000000000000000000000000000000000000000000000000000000000000011110011111110000011111100011100000000000011000000111110000000000111000111110000000001111000000111101100000111100000000011100000110000000000001101111001110000000000011000001110000000000011001110001110
111111111111111111111111111111111111111111111111111111111111111111111111111111111111111111111111111100001100000000000000000011100000111111110000111111000000000111110000111000000000000000000111111000000011111000000000000000011111000111111111100011111110000011111111100111110000011100000000111111110000
111111111111111111111111111111111111111111111111111111111111111111111111111111111111111111111111111111111111111111111111111111111111000000001111111111111111111000001111111111111111111111111111111111111111111111111111111111111111111000000000011110000111111100000000011111111111100011111111110001111111
000000000000000000000000000000000000000000000000000000000000000000000000000000000000000000000000000000000000000000000000000000000000000000000000000000000000000000000000000000000000000000000000000000000000000000000000000000000000000000000000000001111000000000000000000000000000000000000000001110000000
111111111111111111111111111111111111111111111111111111111111111111111111111111111111111111111111111111111111111111111111111111111111111111111111111111111111111111111111111111111111111111111111111111111111111111111111111111111111111111111111111111111111111111111111111111111111111111111111111111111111
000000000000000000000000000000000000000000000000000000000000000000000000000000000000000000000000000000000000000000000000000000000000000000000000000000000000000000000000000000000000000000000000000000000000000000000000000000000000000000000000000000000000000000000000000000000000000000000000000000000000
000000000000000000000000000000000000000000000000000000000000000000000000000000000000000000000000000000000000000000000000000000000000000000000000000000000000000000000000000000000000000000000000000000000000000000000000000000000000000000000000000000000000000000000000000000000000000000000000000000000000
000000000000000000000000000000000000000000000000000000000000000000000000000000000000000000000000000000000000000000000000000000000000000000000000000000000000000000000000000000000000000000000000000000000000000000000000000000000000000000000000000000000000000000000000000000000000000000000000000000000000
000000000000000000000000000000000000000000000000000000000000000000000000000000000000000000000000000000000000000000000000000000000000000000000000000000000000000000000000000000000000000000000000000000000000000000000000000000000000000000000000000000000000000000000000000000000000000000000000000000000000
000000000000000000000000000000000000000000000000000000000000000000000000000000000000000000000000000000000000000000000000000000000000000000000000000000000000000000000000000000000000000000000000000000000000000000000000000000000000000000000000000000000000000000000000000000000000000000000000000000000000
000000000000000000000000000000000000000000000000000000000000000000000000000000000000000000000000000000000000000000000000000000000000000000000000000000000000000000000000000000000000000000000000000000000000000000000000000000000000000000000000000000000000000000000000000000000000000000000000000000000000
000000000000000000000000000000000000000000000000000000000000000000000000000000000000000000000000000000000000000000000000000000000000000000000000000000000000000000000000000000000000000000000000000000000000000000000000000000000000000000000000000000000000000000000000000000000000000000000000000000000000
000000000000000000000000000000000000000000000000000000000000000000000000000000000000000000000000000000000000000000000000000000000000000000000000000000000000000000000000000000000000000000000000000000000000000000000000000000000000000000000000000000000000000000000000000000000000000000000000000000000000
000000000000000000000000000000000000000000000000000000000000000000000000000000000000000000000000000000000000000000000000000000000000000000000000000000000000000000000000000000000000000000000000000000000000000000000000000000000000000000000000000000000000000000000000000000000000000000000000000000000000
000000000000000000000000000000000000000000000000000000000000000000000000000000000000000000000000000000000000000000000000000000000000000000000000000000000000000000000000000000000000000000000000000000000000000000000000000000000000000000000000000000000000000000000000000000000000000000000000000000000000
111111111111111111111111111111111111111111111111111111111111111111111111111111111111111111111111111111111111111111111111111111111111111111111111111111111111111111111111111111111111111111111111111111111111111111111111111111111111111111111111111111111111111111111111111111111111111111111111111111111111
000000000000000000000000000000000000000000000000000000000000000000000000000000000000000000000000000000000000000000000000000000000000000000000000000000000000000000000000000000000000000000000000000000000000000000000000000000000000000000000000000000000000000111100000000000000000000000000000000000000000
111111111111111111111111111111111111111111111111111111111111111111111111111111111111111111111111111111111111111111111111111111111111111111111100000000111111111111111111100000111111111111111111111111111111110011111111111111111111111111111111100000000001111000011111110000000001111111111110001111111111
111111111111111111111111111111111111111111111111111111111111111111111111111111111111111111111111111100000000000000000000000000000000000000000011111111000001111100000000011111000000000000000000000000010000001100000111000000000000000001111000011111111110001111111000001111111110001111000001110000000011
000000000000000000000000000000000000000000000000000000000000000000000000000000000000000000000000000010000000001111111111111000001111111111110000000000001110000011111000000000011111111111000000000111100000000000111000111110000000001110000111000000000000110111100111000000000001110000111000000000001100
111111111111111111111111111111111111111111111111111111111111111111111111111111111111111111111111111101111111110001111000000111110000011110001111111111110011111110000111111111100011110000111111111000111111111111001111100001111111110011111100111000000011011000011100111111000110011111100111111111110011
111111111111111111111111111111111111111111111111111111111111111111111111111111111111111111111111111100000000001110000111100000000011100001110000000000001100111001110000000000001100001110000000000011000000000000110000011100000000001100110011000111111100100111110011000000111000100100011000000000001101
000000000000000000000000000000000000000000000000000000000000000000000000000000000000000000000000000011111111110001111000011111111100011110001100000000110011000110001111100000110011110001111111111100111111110011001111100011111111110011001100100000000001011111101100110000000001011011100110001111110010
111111111111111111111111111111111111111111111111111111111111111111111111111111111111111111111111111100000000000110000110000000000001100001100011111111000101111101100000011111001100001100000000000001010000001100010111011000000000000101111010011000000010101011011010001111000110101111010001110000000111
111111111111111111111111111111111111111111111111111111111111111111111111111111111111111111111111111111111100111011111101111111111110111111011000000000011110111011011100000000010111111011111111111110101000000001111000110111000000111010110101100111111101010100110101100000111001010100101100000000011101
000000000000000000000000000000000000000000000000000000000000000000000000000000000000000000000000000000000011000100110010000000000001001110100111111111100011000100100011111111101011100100000000000001010111111110001111101000111111000101001110010000000010101111101010011100000010111011010011111111100010
111111111111111111111111111111111111111111111111111111111111111111111111111111111111111111111111111110000000001011001101111000001110110001010000000000001101111011011000000000010100011011000000000110100000000000110111010110000000001011111001001000000000011011010101000011000101001110101000000000001101
111111111111111111111111111111111111111111111111111111111111111111111111111111111111111111111111111101111111110100110010000111110001001110101100000000110010010100100111100000101011100100111111111001011111110011001000101001111111110100000110100111111101100100111010110000111000110001010110001111110011
000000000000000000000000000000000000000000000000000000000000000000000000000000000000000000000000000010000000001011001101111000001110110001010011111111001101101011011000011111010100011011000000000110100000001100110111010110000000001011111001010000000010011111100101001100000011001110101001110000001100
111111111111111111111111111111111111111111111111111111111111111111111111111111111111111111111111111101111100110100110010000111110001001110101000000000010010111100100100000000001011100100111111111001011000000001001000101001000000110100110110101111111101100011111010100011111100110101010100000000010011
111111111111111111111111111111111111111111111111111111111111111111111111111111111111111111111111111100000011001011001101100000000010110001010111111111101101010111010011111111100100011010000000000010110111111110110111010100111111001011001001010000000010011111011101011100000010001011101011111111101111
000000000000000000000000000000000000000000000000000000000000000000000000000000000000000000000000000011111100110101111010011111111101011110101000000000010011101010101100000000011011110101111111111101101000000001001111101011000000110111111110101000000001111100100110100011000101111110110100000000010000
111111111111111111111111111111111111111111111111111111111111111111111111111111111111111111111111111100000011001010000101100000000010100001010100000000101100111101010011100000100100001010000000000010010111110010110000010100111111001000110001000111111100000011111001010000111000000101001010001111101111
111111111111111111111111111111111111111111111111111111111111111111111111111111111111111111111111111110000000000101111010011000001101011110100011111111000011010010101000011111011011110101000000000101100000001100001111101010000000000111001110010000000010111111010110001100000011111010110001110000000001
000000000000000000000000000000000000000000000000000000000000000000000000000000000000000000000000000001111100111010110101100111110010101111011000000000011110101101010100000000000111101010111111111010011000000001111000110101000000111000110101101000000001000100101001100011000100010101001100000000011110
111111111111111111111111111111111111111111111111111111111111111111111111111111111111111111111111111110000011000101001010011000001101010000100100000000100001010110101011100000111000010101000000000101110111110010000111001010111111000111001010000111111100111011111110010000111001101011110010001111100011
111111111111111111111111111111111111111111111111111111111111111111111111111111111111111111111111111101111100111010110101100111110010101111011011111111011111111001010100011111000111101010111111111010001000001101111111110101000000111001111101110000000011001111010001101100000010011110001101110000011101
000000000000000000000000000000000000000000000000000000000000000000000000000000000000000000000000000010000011000101001010011000001101010000100100000000100000101110101011100000111000010101000000000101110111110010000000001010111111000110110010001000000000110111101110010011000101100101110010001111100010
111111111111111111111111111111111111111111111111111111111111111111111111111111111111111111111111111101111100111010110101100111110010101111011011111111011111010001010100011111000111101010111111111010001000001101111111110101000000111001001101110111111111001000110001101100111010011010001101110000011101
111111111111111111111111111111111111111111111111111111111111111111111111111111111111111111111111111110000011000111111110011000001101111111100100000000100111111111101011100000111111111101000000000101110111110010011111111010111111000111111110001000000000111111111110010011000101111111110010001111100111
000000000000000000000000000000000000000000000000000000000000000000000000000000000000000000000000000000000000000101001010000000000000010000100000000000000000101110000000000000000000010100000000000001110000000000000000001000000000000110110010000000000000010111001100000000000000100101110000000000000010
111111111111111111111111111111111111111111111111111111111111111111111111111111111111111111111111111101111100111010110101100111110010101111011011111111011111010001010100011111000111101010111111111010001000001101111111110101000000111001001101110111111111001000110001101100111010011010001101110000011101
000000000000000000000000000000000000000000000000000000000000000000000000000000000000000000000000000010000011000101001010011000001101010000100100000000100000101110101011100000111000010101000000000101110111110010000000001010111111000110110010001000000000110111101110010011000101100101110010001111100010
111111111111111111111111111111111111111111111111111111111111111111111111111111111111111111111111111101111100111010110101100111110010101111011011111111011111111001010100011111000111101010111111111010001000001101111111110101000000111001111101110000000011001111010001101100000010011110001101110000011101
111111111111111111111111111111111111111111111111111111111111111111111111111111111111111111111111111110000011000101001010011000001101010000100100000000100001010110101011100000111000010101000000000101110111110010000111001010111111000111001010000111111100111011111110010000111001101011110010001111100011
000000000000000000000000000000000000000000000000000000000000000000000000000000000000000000000000000001111100111010110101100111110010101111011000000000011110101101010100000000000111101010111111111010011000000001111000110101000000111000110101101000000001000100101001100011000100010101001100000000011110
111111111111111111111111111111111111111111111111111111111111111111111111111111111111111111111111111110000000000101001010011000001101010000100011111111000001010010101000011111011000010101000000000101100000001100000111001010000000000111001010010000000010111111010110001100000011101010110001110000000001
111111111111111111111111111111111111111111111111111111111111111111111111111111111111111111111111111100000011001010110101100000000010101111010100000000101110111101010011100000100111101010000000000010010111110010111000110100111111001000110101000111111100000011111001010000111000010101001010001111101111
000000000000000000000000000000000000000000000000000000000000000000000000000000000000000000000000000011111100110101111010011111111101011110101000000000010011101010101100000000011011110101111111111101101000000001001111101011000000110111111110101000000001111100100110100011000101111110110100000000010000
111111111111111111111111111111111111111111111111111111111111111111111111111111111111111111111111111100000011001011001101100000000010110001010111111111101101010111010011111111100100011010000000000010110111111110110111010100111111001011001001010000000010011111011101011100000010001011101011111111101111
111111111111111111111111111111111111111111111111111111111111111111111111111111111111111111111111111101111100110100110010000111110001001110101000000000010010111100100100000000001011100100111111111001011000000001001000101001000000110100110110101111111101100011111010100011111100110101010100000000010011
000000000000000000000000000000000000000000000000000000000000000000000000000000000000000000000000000010000000001011001101111000001110110001010011111111001101101011011000011111010100011011000000000110100000001100110111010110000000001011111001010000000010011111100101001100000011001110101001110000001100
111111111111111111111111111111111111111111111111111111111111111111111111111111111111111111111111111101111111110100110010000111110001001110101100000000110010010100100111100000101011100100111111111001011111110011001000101001111111110100000110100111111101100100111010110000111000110001010110001111110011
111111111111111111111111111111111111111111111111111111111111111111111111111111111111111111111111111110000000001011111101111000001110111111010000000000001111111011011000000000010111111011000000000110100000000000111111110110000000001011111101001000000000011011010101000011000101011110101000000000001101
000000000000000000000000000000000000000000000000000000000000000000000000000000000000000000000000000000000011000100000010000000000001000000100111111111100001000100100011111111101000000100000000000001010111111110000111001000111111000101001010010000000010101111101010011100000010101011010011111111100010
111111111111111111111111111111111111111111111111111111111111111111111111111111111111111111111111111111111100111011111101111111111110111111011000000000011110111011011100000000010111111011111111111110101000000001111000110111000000111010110101100111111101010100110101100000111001010100101100000000011101
111111111111111111111111111111111111111111111111111111111111111111111111111111111111111111111111111100000000000110000110000000000001100001100011111111000101111101100000011111001100001100000000000001010000001100010111011000000000000101111010011000000010101011011010001111000110101111010001110000000111
000000000000000000000000000000000000000000000000000000000000000000000000000000000000000000000000000011111111110001111000011111111100011110001100000000110011000110001111100000110011110001111111111100111111110011001111100011111111110011001100100000000001011111101100110000000001011011100110001111110010
111111111111111111111111111111111111111111111111111111111111111111111111111111111111111111111111111100000000001110000111100000000011100001110000000000001100111001110000000000001100001110000000000011000000000000110000011100000000001100110011000111111100100111110011000000111000100100011000000000001101
111111111111111111111111111111111111111111111111111111111111111111111111111111111111111111111111111101111111110001111000000111110000011110001111111111110011111110000111111111100011110000111111111000111111111111001111100001111111110011111100111000000011011000011100111111000110011111100111111111110011
000000000000000000000000000000000000000000000000000000000000000000000000000000000000000000000000000010000000001111001111111000001111110001110000000000001100000011111000000000011100011111000000000111100000000000110000011110000000001110000011000000000000110111100111000000000001100000111000000000001100
111111111111111111111111111111111111111111111111111111111111111111111111111111111111111111111111111100000000000000110000000000000000001110000011111111000011111100000000011111000011100000000000000000010000001100001111100000000000000001111100011111111110001111111000001111111110011111000001110000000011
111111111111111111111111111111111111111111111111111111111111111111111111111111111111111111111111111111111111111111111111111111111111111111111100000000111111111111111111100000111111111111111111111111111111110011111111111111111111111111111111100000000001111000011111110000000001111111111110001111111111
000000000000000000000000000000000000000000000000000000000000000000000000000000000000000000000000000000000000000000000000000000000000000000000000000000000000000000000000000000000000000000000000000000000000000000000000000000000000000000000000000000000000000111100000000000000000000000000000000000000000
111111111111111111111111111111111111111111111111111111111111111111111111111111111111111111111111111111111111111111111111111111111111111111111111111111111111111111111111111111111111111111111111111111111111111111111111111111111111111111111111111111111111111111111111111111111111111111111111111111111111
000000000000000000000000000000000000000000000000000000000000000000000000000000000000000000000000000000000000000000000000000000000000000000000000000000000000000000000000000000000000000000000000000000000000000000000000000000000000000000000000000000000000000000000000000000000000000000000000000000000000
000000000000000000000000000000000000000000000000000000000000000000000000000000000000000000000000000000000000000000000000000000000000000000000000000000000000000000000000000000000000000000000000000000000000000000000000000000000000000000000000000000000000000000000000000000000000000000000000000000000000
000000000000000000000000000000000000000000000000000000000000000000000000000000000000000000000000000000000000000000000000000000000000000000000000000000000000000000000000000000000000000000000000000000000000000000000000000000000000000000000000000000000000000000000000000000000000000000000000000000000000
000000000000000000000000000000000000000000000000000000000000000000000000000000000000000000000000000000000000000000000000000000000000000000000000000000000000000000000000000000000000000000000000000000000000000000000000000000000000000000000000000000000000000000000000000000000000000000000000000000000000
000000000000000000000000000000000000000000000000000000000000000000000000000000000000000000000000000000000000000000000000000000000000000000000000000000000000000000000000000000000000000000000000000000000000000000000000000000000000000000000000000000000000000000000000000000000000000000000000000000000000
000000000000000000000000000000000000000000000000000000000000000000000000000000000000000000000000000000000000000000000000000000000000000000000000000000000000000000000000000000000000000000000000000000000000000000000000000000000000000000000000000000000000000000000000000000000000000000000000000000000000
000000000000000000000000000000000000000000000000000000000000000000000000000000000000000000000000000000000000000000000000000000000000000000000000000000000000000000000000000000000000000000000000000000000000000000000000000000000000000000000000000000000000000000000000000000000000000000000000000000000000
000000000000000000000000000000000000000000000000000000000000000000000000000000000000000000000000000000000000000000000000000000000000000000000000000000000000000000000000000000000000000000000000000000000000000000000000000000000000000000000000000000000000000000000000000000000000000000000000000000000000
000000000000000000000000000000000000000000000000000000000000000000000000000000000000000000000000000000000000000000000000000000000000000000000000000000000000000000000000000000000000000000000000000000000000000000000000000000000000000000000000000000000000000000000000000000000000000000000000000000000000
000000000000000000000000000000000000000000000000000000000000000000000000000000000000000000000000000000000000000000000000000000000000000000000000000000000000000000000000000000000000000000000000000000000000000000000000000000000000000000000000000000000000000000000000000000000000000000000000000000000000
111111111111111111111111111111111111111111111111111111111111111111111111111111111111111111111111111111111111111111111111111111111111111111111111111111111111111111111111111111111111111111111111111111111111111111111111111111111111111111111111111111111111111111111111111111111111111111111111111111111111
000000000000000000000000000000000000000000000000000000000000000000000000000000000000000000000000000000000000000000000000000000000000000000000000000000000000000000000000000000000000000000000000000000000000000000000000000000000000000000000000000000000000000000000000011110000000000000000000000000000000
111111111111111111111111111111111111111111111111111111111111111111111111111111111111111111111111111111111111111111111111111111111111111111111111111111110000000011111111111111111110000011111111111111111111111111111111001111111111111111111111111111111110000000000111100001111111000000000111111111111000
111111111111111111111111111111111111111111111111111111111111111111111111111111111111111111111111111100000000000000000000000000000000000000000000000000001111111100000111110000000001111100000000000000000011110000000000110000011100000000000000000111100001111111111000111111100000111111111000111100000111
000000000000000000000000000000000000000000000000000000000000000000000000000000000000000000000000000011111111111000000000111111111111100000111111111111000000000000111000001111100000000001111111111100001100001110000000000011100011111000000000111000011100000000000011011110011100000000000111000011100000
111111111111111111111111111111111111111111111111111111111111111111111111111111111111111111111111111100111100000111111111000111100000011111000001111000111111111111001111111000011111111110001111000011110111111001111111111100111110000111111111001111110011100000001101100001110011111100011001111110011111
111111111111111111111111111111111111111111111111111111111111111111111111111111111111111111111111111111000011100000000000111000011110000000001110000111000000000000110011100111000000000000110000111000001000000110000000000011000001110000000000110011001100011111110010011111001100000011100010010001100000
000000000000000000000000000000000000000000000000000000000000000000000000000000000000000000000000000000111100011111111111000111100001111111110001111000110000000011001100011000111110000011001111000111110111111001111111001100111110001111111111001100110010000000000101111110110011000000000101101110011000
111111111111111111111111111111111111111111111111111111111111111111111111111111111111111111111111111111000011000000000000011000011000000000000110000110001111111100010111110110000001111100110000110000001011110100000000110001011101100000000000010111101001100000001010101101101000111100011010111101000111
111111111111111111111111111111111111111111111111111111111111111111111111111111111111111111111111111101111110111111110011101111110111111111111011111101100000000001111011101101110000000001011111101111110100001011100000000111100011011100000011101011010110011111110101010011010110000011100101010010110000
000000000000000000000000000000000000000000000000000000000000000000000000000000000000000000000000000010011001000000001100010011001000000000000100111010011111111110001100010010001111111110101110010000001011110100011111111000111110100011111100010100111001000000001010111110101001110000001011101101001111
111111111111111111111111111111111111111111111111111111111111111111111111111111111111111111111111111101100110111000000000101100110111100000111011000101000000000000110111101101100000000001010001101100000101101010000000000011011101011000000000101111100100100000000001101101010100001100010100111010100000
111111111111111111111111111111111111111111111111111111111111111111111111111111111111111111111111111110011001000111111111010011001000011111000100111010110000000011001001010010011110000010101110010011111010010101111111001100100010100111111111010000011010011111110110010011101011000011100011000101011000
000000000000000000000000000000000000000000000000000000000000000000000000000000000000000000000000000001100110111000000000101100110111100000111011000101001111111100110110101101100001111101010001101100000101101010000000110011011101011000000000101111100101000000001001111110010100110000001100111010100111
111111111111111111111111111111111111111111111111111111111111111111111111111111111111111111111111111110011001000111110011010011001000011111000100111010100000000001001011110010010000000000101110010011111010010101100000000100100010100100000011010011011010111111110110001111101010001111110011010101010000
111111111111111111111111111111111111111111111111111111111111111111111111111111111111111111111111111101100110100000001100101100110110000000001011000101011111111110110101011101001111111110010001101000000111111010011111111011011101010011111100101100100101000000001001111101110101110000001000101110101111
000000000000000000000000000000000000000000000000000000000000000000000000000000000000000000000000000010111101011111110011010111101001111111110101111010100000000001001110101010110000000001101111010111111101101101100000000100111110101100000011011111111010100000000111110010011010001100010111111011010000
111111111111111111111111111111111111111111111111111111111111111111111111111111111111111111111111111101000010100000001100101000010110000000001010000101010000000010110011110101001110000010010000101000000010010010011111001011000001010011111100100011000100011111110000001111100101000011100000010100101000
111111111111111111111111111111111111111111111111111111111111111111111111111111111111111111111111111110111101011000000000010111101001100000110101111010001111111100001101001010100001111101101111010100001101101100000000110000111110101000000000011100111001000000001011111101011000110000001111101011000111
000000000000000000000000000000000000000000000000000000000000000000000000000000000000000000000000000001011010100111110011101011010110011111001010111101100000000001111010110101010000000000011110101011110010010011100000000111100011010100000011100011010110100000000100010010100110001100010001010100110000
111111111111111111111111111111111111111111111111111111111111111111111111111111111111111111111111111110100101011000001100010100101001100000110101000010010000000010000101011010101110000011100001010100001111111100011111001000011100101011111100011100101000011111110011101111111001000011100110101111001000
111111111111111111111111111111111111111111111111111111111111111111111111111111111111111111111111111101011010100111110011101011010110011111001010111101101111111101111111100101010001111100011110101011110001100011100000110111111111010100000011100111110111000000001100111101000110110000001001111000110111
000000000000000000000000000000000000000000000000000000000000000000000000000000000000000000000000000010100101011000001100010100101001100000110101000010010000000010000010111010101110000011100001010100001110011100011111001000000000101011111100011011001000100000000011011110111001001100010110010111001000
111111111111111111111111111111111111111111111111111111111111111111111111111111111111111111111111111101011010100111110011101011010110011111001010111101101111111101111101000101010001111100011110101011110001100011100000110111111111010100000011100100110111011111111100100011000110110011101001101000110111
111111111111111111111111111111111111111111111111111111111111111111111111111111111111111111111111111111111111011000001100011111111001100000110111111110010000000010011111111110101110000011111111110100001111111100011111001001111111101011111100011111111000100000000011111111111001001100010111111111001000
000000000000000000000000000000000000000000000000000000000000000000000000000000000000000000000000000000100101000000000000010100101000000000000001000010000000000000000010111000000000000000000001010000000110011100000000000000000000100000000000011011001000000000000001011100110000000000000010010111000000
111111111111111111111111111111111111111111111111111111111111111111111111111111111111111111111111111101011010100111110011101011010110011111001010111101101111111101111101000101010001111100011110101011110001100011100000110111111111010100000011100100110111011111111100100011000110110011101001101000110111
000000000000000000000000000000000000000000000000000000000000000000000000000000000000000000000000000010100101011000001100010100101001100000110101000010010000000010000010111010101110000011100001010100001110011100011111001000000000101011111100011011001000100000000011011110111001001100010110010111001000
111111111111111111111111111111111111111111111111111111111111111111111111111111111111111111111111111101011010100111110011101011010110011111001010111101101111111101111111100101010001111100011110101011110001100011100000110111111111010100000011100111110111000000001100111101000110110000001001111000110111
111111111111111111111111111111111111111111111111111111111111111111111111111111111111111111111111111110100101011000001100010100101001100000110101000010010000000010000101011010101110000011100001010100001111111100011111001000011100101011111100011100101000011111110011101111111001000011100110101111001000
000000000000000000000000000000000000000000000000000000000000000000000000000000000000000000000000000001011010100111110011101011010110011111001010111101100000000001111010110101010000000000011110101011110010010011100000000111100011010100000011100011010110100000000100010010100110001100010001010100110000
111111111111111111111111111111111111111111111111111111111111111111111111111111111111111111111111111110100101011000000000010100101001100000110101000010001111111100000101001010100001111101100001010100001101101100000000110000011100101000000000011100101001000000001011111101011000110000001110101011000111
111111111111111111111111111111111111111111111111111111111111111111111111111111111111111111111111111101011010100000001100101011010110000000001010111101010000000010111011110101001110000010011110101000000010010010011111001011100011010011111100100011010100011111110000001111100101000011100001010100101000
000000000000000000000000000000000000000000000000000000000000000000000000000000000000000000000000000010111101011111110011010111101001111111110101111010100000000001001110101010110000000001101111010111111101101101100000000100111110101100000011011111111010100000000111110010011010001100010111111011010000
111111111111111111111111111111111111111111111111111111111111111111111111111111111111111111111111111101100110100000001100101100110110000000001011000101011111111110110101011101001111111110010001101000000111111010011111111011011101010011111100101100100101000000001001111101110101110000001000101110101111
111111111111111111111111111111111111111111111111111111111111111111111111111111111111111111111111111110011001000111110011010011001000011111000100111010100000000001001011110010010000000000101110010011111010010101100000000100100010100100000011010011011010111111110110001111101010001111110011010101010000
000000000000000000000000000000000000000000000000000000000000000000000000000000000000000000000000000001100110111000000000101100110111100000111011000101001111111100110110101101100001111101010001101100000101101010000000110011011101011000000000101111100101000000001001111110010100110000001100111010100111
111111111111111111111111111111111111111111111111111111111111111111111111111111111111111111111111111110011001000111111111010011001000011111000100111010110000000011001001010010011110000010101110010011111010010101111111001100100010100111111111010000011010011111110110010011101011000011100011000101011000
111111111111111111111111111111111111111111111111111111111111111111111111111111111111111111111111111101111110111000000000101111110111100000111011111101000000000000111111101101100000000001011111101100000101101010000000000011111111011000000000101111110100100000000001101101010100001100010101111010100000
000000000000000000000000000000000000000000000000000000000000000000000000000000000000000000000000000010000001000000001100010000001000000000000100000010011111111110000100010010001111111110100000010000001011110100011111111000011100100011111100010100101001000000001010111110101001110000001010101101001111
111111111111111111111111111111111111111111111111111111111111111111111111111111111111111111111111111101111110111111110011101111110111111111111011111101100000000001111011101101110000000001011111101111110100001011100000000111100011011100000011101011010110011111110101010011010110000011100101010010110000
111111111111111111111111111111111111111111111111111111111111111111111111111111111111111111111111111111000011000000000000011000011000000000000110000110001111111100010111110110000001111100110000110000001011110100000000110001011101100000000000010111101001100000001010101101101000111100011010111101000111
000000000000000000000000000000000000000000000000000000000000000000000000000000000000000000000000000000111100011111111111000111100001111111110001111000110000000011001100011000111110000011001111000111110111111001111111001100111110001111111111001100110010000000000101111110110011000000000101101110011000
111111111111111111111111111111111111111111111111111111111111111111111111111111111111111111111111111111000011100000000000111000011110000000001110000111000000000000110011100111000000000000110000111000001000000110000000000011000001110000000000110011001100011111110010011111001100000011100010010001100000
111111111111111111111111111111111111111111111111111111111111111111111111111111111111111111111111111100111100000111111111000111100000011111000001111000111111111111001111111000011111111110001111000011110111111001111111111100111110000111111111001111110011100000001101100001110011111100011001111110011111
000000000000000000000000000000000000000000000000000000000000000000000000000000000000000000000000000011100111111000000000111100111111100000111111000111000000000000110000001111100000000001110001111100001100001110000000000011000001111000000000111000001100000000000011011110011100000000000110000011100000
111111111111111111111111111111111111111111111111111111111111111111111111111111111111111111111111111100011000000000000000000011000000000000000000111000001111111100001111110000000001111100001110000000000011110000000000110000111110000000000000000111110001111111111000111111100000111111111001111100000111
111111111111111111111111111111111111111111111111111111111111111111111111111111111111111111111111111111111111111111111111111111111111111111111111111111110000000011111111111111111110000011111111111111111111111111111111001111111111111111111111111111111110000000000111100001111111000000000111111111111000
000000000000000000000000000000000000000000000000000000000000000000000000000000000000000000000000000000000000000000000000000000000000000000000000000000000000000000000000000000000000000000000000000000000000000000000000000000000000000000000000000000000000000000000000011110000000000000000000000000000000
111111111111111111111111111111111111111111111111111111111111111111111111111111111111111111111111111111111111111111111111111111111111111111111111111111111111111111111111111111111111111111111111111111111111111111111111111111111111111111111111111111111111111111111111111111111111111111111111111111111111
000000000000000000000000000000000000000000000000000000000000000000000000000000000000000000000000000000000000000000000000000000000000000000000000000000000000000000000000000000000000000000000000000000000000000000000000000000000000000000000000000000000000000000000000000000000000000000000000000000000000
000000000000000000000000000000000000000000000000000000000000000000000000000000000000000000000000000000000000000000000000000000000000000000000000000000000000000000000000000000000000000000000000000000000000000000000000000000000000000000000000000000000000000000000000000000000000000000000000000000000000
000000000000000000000000000000000000000000000000000000000000000000000000000000000000000000000000000000000000000000000000000000000000000000000000000000000000000000000000000000000000000000000000000000000000000000000000000000000000000000000000000000000000000000000000000000000000000000000000000000000000
000000000000000000000000000000000000000000000000000000000000000000000000000000000000000000000000000000000000000000000000000000000000000000000000000000000000000000000000000000000000000000000000000000000000000000000000000000000000000000000000000000000000000000000000000000000000000000000000000000000000
000000000000000000000000000000000000000000000000000000000000000000000000000000000000000000000000000000000000000000000000000000000000000000000000000000000000000000000000000000000000000000000000000000000000000000000000000000000000000000000000000000000000000000000000000000000000000000000000000000000000
000000000000000000000000000000000000000000000000000000000000000000000000000000000000000000000000000000000000000000000000000000000000000000000000000000000000000000000000000000000000000000000000000000000000000000000000000000000000000000000000000000000000000000000000000000000000000000000000000000000000
000000000000000000000000000000000000000000000000000000000000000000000000000000000000000000000000000000000000000000000000000000000000000000000000000000000000000000000000000000000000000000000000000000000000000000000000000000000000000000000000000000000000000000000000000000000000000000000000000000000000
000000000000000000000000000000000000000000000000000000000000000000000000000000000000000000000000000000000000000000000000000000000000000000000000000000000000000000000000000000000000000000000000000000000000000000000000000000000000000000000000000000000000000000000000000000000000000000000000000000000000
000000000000000000000000000000000000000000000000000000000000000000000000000000000000000000000000000000000000000000000000000000000000000000000000000000000000000000000000000000000000000000000000000000000000000000000000000000000000000000000000000000000000000000000000000000000000000000000000000000000000
000000000000000000000000000000000000000000000000000000000000000000000000000000000000000000000000000000000000000000000000000000000000000000000000000000000000000000000000000000000000000000000000000000000000000000000000000000000000000000000000000000000000000000000000000000000000000000000000000000000000
111111111111111111111111111111111111111111111111111111111111111111111111111111111111111111111111111111111111111111111111111111111111111111111111111111111111111111111111111111111111111111111111111111111111111111111111111111111111111111111111111111111111111111111111111111111111111111111111111111111111
000000000000000000000000000000000000000000000000000000000000000000000000000000000000000000000000000000000000000000000000000000000000000000000000000000000000000000000000000000000000000000000000000000000000000000000000000000000000000000000000000000000000000000000000000000000001111000000000000000000000
111111111111111111111111111111111111111111111111111111111111111111111111111111111111111111111111111111111111111111111111111111111111111111111111111111111111111111000000001111111111111111111000001111111110000011111111111111111100111111111111111111111111111111111000000000011110000111111100000000011111
111111111111111111111111111111111111111111111111111111111111111111111111111111111111111111111111111100000000000000000000000000000000000000000000000000000000000000111111110000011111000000000111110000000001111100001111000000000011000001110000000000000000011110000111111111100011111110000011111111100011
000000000000000000000000000000000000000000000000000000000000000000000000000000000000000000000000000000000000011111111111100000000011111111111110000011111111111100000000000011100000111110000000000111110000000001110000111000000000001110001111100000000011100001110000000000001101111001110000000000011100
111111111111111111111111111111111111111111111111111111111111111111111111111111111111111111111111111111111111100011110000011111111100011110000001111100000111100011111111111100111111100001111111111000111111111110011111100111111111110011111000011111111100111111001110000000110110000111001111110001100111
111111111111111111111111111111111111111111111111111111111111111111111111111111111111111111111111111100000000001100001110000000000011100001111000000000111000011100000000000011001110011100000000000011000000000000100000011000000000001100000111000000000011001100110001111111001001111100110000001110001001
000000000000000000000000000000000000000000000000000000000000000000000000000000000000000000000000000011111111110011110001111111111100011110000111111111000111100011000000001100110001100011111000001100111110000011011111100111111100110011111000111111111100110011001000000000010111111011001100000000010110
111111111111111111111111111111111111111111111111111111111111111111111111111111111111111111111111111100000000001100001100000000000001100001100000000000011000011000111111110001011111011000000111110011000001111100101111010000000011000101110110000000000001011110100110000000101010110110100011110001101011
111111111111111111111111111111111111111111111111111111111111111111111111111111111111111111111111111111111000110111111011111111001110111111011111111111101111110110000000000111101110110111000000000101110000000001010000101110000000011110001101110000001110101101011001111111010101001101011000001110010101
000000000000000000000000000000000000000000000000000000000000000000000000000000000000000000000000000000000111001001100100000000110001001100100000000000010011101001111111111000110001001000111111111010111111111110101111010001111111100011111010001111110001010011100100000000101011111010100111000000101110
111111111111111111111111111111111111111111111111111111111111111111111111111111111111111111111111111100000000010110011011100000000010110011011110000011101100010100000000000011011110110110000000000101000000000001010110101000000000001101110101100000000010111110010010000000000110110101010000110001010011
111111111111111111111111111111111111111111111111111111111111111111111111111111111111111111111111111111111111101001100100011111111101001100100001111100010011101011000000001100100101001001111000001010111110000010101001010111111100110010001010011111111101000001101001111111011001001110101100001110001100
000000000000000000000000000000000000000000000000000000000000000000000000000000000000000000000000000000000000010110011011100000000010110011011110000011101100010100111111110011011010110110000111110101000001111101010110101000000011001101110101100000000010111110010100000000100111111001010011000000110011
111111111111111111111111111111111111111111111111111111111111111111111111111111111111111111111111111111111000101001100100011111001101001100100001111100010011101010000000000100101111001001000000000010110000000000101001010110000000010010001010010000001101001101101011111111011000111110101000111111001101
111111111111111111111111111111111111111111111111111111111111111111111111111111111111111111111111111100000111000110011010000000110010110011011000000000101100010101111111111011010101110100111111111001001111111110011111101001111111101101110101001111110010110010010100000000100111110111010111000000100010
000000000000000000000000000000000000000000000000000000000000000000000000000000000000000000000000000011111000111011110101111111001101011110100111111111010111101010000000000100111010101011000000000110110000000001110110110110000000010011111010110000001101111111101010000000011111001001101000110001011111
111111111111111111111111111111111111111111111111111111111111111111111111111111111111111111111111111100000111000100001010000000110010100001011000000000101000010101000000001011001111010100111000001001001110000010001001001001111100101100000101001111110010001100010001111111000000111110010100001110000001
111111111111111111111111111111111111111111111111111111111111111111111111111111111111111111111111111100000000011011110101100000000001011110100110000011010111101000111111110000110100101010000111110110110001111101110110110000000011000011111010100000000001110011100100000000101111110101100011000000111110
000000000000000000000000000000000000000000000000000000000000000000000000000000000000000000000000000011111000100101101010011111001110101101011001111100101011110110000000000111101011010101000000000001110000000000001001001110000000011110001101010000001110001101011010000000010001001010011000110001000101
111111111111111111111111111111111111111111111111111111111111111111111111111111111111111111111111111100000111011010010101100000110001010010100110000011010100001001000000001000010101101010111000001110001110000011111111110001111100100001110010101111110001110010100001111111001110111111100100001110011010
111111111111111111111111111111111111111111111111111111111111111111111111111111111111111111111111111111111000100101101010011111001110101101011001111100101011110110111111110111111110010101000111110001110001111100000110001110000011011111111101010000001110011111011100000000110011110100011011000000100111
000000000000000000000000000000000000000000000000000000000000000000000000000000000000000000000000000000000111011010010101100000110001010010100110000011010100001001000000001000001011101010111000001110001110000011111001110001111100100000000010101111110001101100100010000000001101111011100100110001011001
111111111111111111111111111111111111111111111111111111111111111111111111111111111111111111111111111111111000100101101010011111001110101101011001111100101011110110111111110111110100010101000111110001110001111100000110001110000011011111111101010000001110010011011101111111110010001100011011001110100110
111111111111111111111111111111111111111111111111111111111111111111111111111111111111111111111111111100000111011111111101100000110001111111100110000011011111111001000000001001111111111010111000001111111110000011111111110001111100100111111110101111110001111111100010000000001111111111100100110001011111
000000000000000000000000000000000000000000000000000000000000000000000000000000000000000000000000000000000000000010010100000000000001010010100000000000000100001000000000000000001011100000000000000000000000000000011001110000000000000000000010000000000001101100100000000000000101110011000000000000001001
111111111111111111111111111111111111111111111111111111111111111111111111111111111111111111111111111111111000100101101010011111001110101101011001111100101011110110111111110111110100010101000111110001110001111100000110001110000011011111111101010000001110010011011101111111110010001100011011001110100110
000000000000000000000000000000000000000000000000000000000000000000000000000000000000000000000000000000000111011010010101100000110001010010100110000011010100001001000000001000001011101010111000001110001110000011111001110001111100100000000010101111110001101100100010000000001101111011100100110001011001
111111111111111111111111111111111111111111111111111111111111111111111111111111111111111111111111111111111000100101101010011111001110101101011001111100101011110110111111110111111110010101000111110001110001111100000110001110000011011111111101010000001110011111011100000000110011110100011011000000100111
111111111111111111111111111111111111111111111111111111111111111111111111111111111111111111111111111100000111011010010101100000110001010010100110000011010100001001000000001000010101101010111000001110001110000011111111110001111100100001110010101111110001110010100001111111001110111111100100001110011010
000000000000000000000000000000000000000000000000000000000000000000000000000000000000000000000000000011111000100101101010011111001110101101011001111100101011110110000000000111101011010101000000000001110000000000001001001110000000011110001101010000001110001101011010000000010001001010011000110001000101
111111111111111111111111111111111111111111111111111111111111111111111111111111111111111111111111111100000000011010010101100000000001010010100110000011010100001000111111110000010100101010000111110110000001111101110110110000000011000001110010100000000001110010100100000000101111110101100011000000111010
111111111111111111111111111111111111111111111111111111111111111111111111111111111111111111111111111100000111000101101010000000110010101101011000000000101011110101000000001011101111010100111000001001111110000010001001001001111100101110001101001111110010001101010001111111000000111110010100001110000101
000000000000000000000000000000000000000000000000000000000000000000000000000000000000000000000000000011111000111011110101111111001101011110100111111111010111101010000000000100111010101011000000000110110000000001110110110110000000010011111010110000001101111111101010000000011111001001101000110001011111
111111111111111111111111111111111111111111111111111111111111111111111111111111111111111111111111111100000111000110011010000000110010110011011000000000101100010101111111111011010101110100111111111001001111111110011111101001111111101101110101001111110010110010010100000000100111110111010111000000100010
111111111111111111111111111111111111111111111111111111111111111111111111111111111111111111111111111111111000101001100100011111001101001100100001111100010011101010000000000100101111001001000000000010110000000000101001010110000000010010001010010000001101001101101011111111011000111110101000111111001101
000000000000000000000000000000000000000000000000000000000000000000000000000000000000000000000000000000000000010110011011100000000010110011011110000011101100010100111111110011011010110110000111110101000001111101010110101000000011001101110101100000000010111110010100000000100111111001010011000000110011
111111111111111111111111111111111111111111111111111111111111111111111111111111111111111111111111111111111111101001100100011111111101001100100001111100010011101011000000001100100101001001111000001010111110000010101001010111111100110010001010011111111101000001101001111111011001001110101100001110001100
111111111111111111111111111111111111111111111111111111111111111111111111111111111111111111111111111100000000010111111011100000000010111111011110000011101111110100000000000011111110110110000000000101110000000001010110101000000000001111111101100000000010111111010010000000000110110101010000110001010111
000000000000000000000000000000000000000000000000000000000000000000000000000000000000000000000000000000000111001000000100000000110001000000100000000000010000001001111111111000010001001000111111111010001111111110101111010001111111100001110010001111110001010010100100000000101011111010100111000000101010
111111111111111111111111111111111111111111111111111111111111111111111111111111111111111111111111111111111000110111111011111111001110111111011111111111101111110110000000000111101110110111000000000101110000000001010000101110000000011110001101110000001110101101011001111111010101001101011000001110010101
111111111111111111111111111111111111111111111111111111111111111111111111111111111111111111111111111100000000001100001100000000000001100001100000000000011000011000111111110001011111011000000111110011000001111100101111010000000011000101110110000000000001011110100110000000101010110110100011110001101011
000000000000000000000000000000000000000000000000000000000000000000000000000000000000000000000000000011111111110011110001111111111100011110000111111111000111100011000000001100110001100011111000001100111110000011011111100111111100110011111000111111111100110011001000000000010111111011001100000000010110
111111111111111111111111111111111111111111111111111111111111111111111111111111111111111111111111111100000000001100001110000000000011100001111000000000111000011100000000000011001110011100000000000011000000000000100000011000000000001100000111000000000011001100110001111111001001111100110000001110001001
111111111111111111111111111111111111111111111111111111111111111111111111111111111111111111111111111111111111100011110000011111111100011110000001111100000111100011111111111100111111100001111111111000111111111110011111100111111111110011111000011111111100111111001110000000110110000111001111110001100111
000000000000000000000000000000000000000000000000000000000000000000000000000000000000000000000000000000000000011110011111100000000011110011111110000011111100011100000000000011000000111110000000000111000000000001110000111000000000001100000111100000000011100000110000000000001101111001110000000000011000
111111111111111111111111111111111111111111111111111111111111111111111111111111111111111111111111111100000000000001100000000000000000001100000000000000000011100000111111110000111111000000000111110000110001111100001111000000000011000011111000000000000000011111000111111111100011111110000011111111100111
111111111111111111111111111111111111111111111111111111111111111111111111111111111111111111111111111111111111111111111111111111111111111111111111111111111111111111000000001111111111111111111000001111111110000011111111111111111100111111111111111111111111111111111000000000011110000111111100000000011111
000000000000000000000000000000000000000000000000000000000000000000000000000000000000000000000000000000000000000000000000000000000000000000000000000000000000000000000000000000000000000000000000000000000000000000000000000000000000000000000000000000000000000000000000000000000001111000000000000000000000
111111111111111111111111111111111111111111111111111111111111111111111111111111111111111111111111111111111111111111111111111111111111111111111111111111111111111111111111111111111111111111111111111111111111111111111111111111111111111111111111111111111111111111111111111111111111111111111111111111111111
000000000000000000000000000000000000000000000000000000000000000000000000000000000000000000000000000000000000000000000000000000000000000000000000000000000000000000000000000000000000000000000000000000000000000000000000000000000000000000000000000000000000000000000000000000000000000000000000000000000000
000000000000000000000000000000000000000000000000000000000000000000000000000000000000000000000000000000000000000000000000000000000000000000000000000000000000000000000000000000000000000000000000000000000000000000000000000000000000000000000000000000000000000000000000000000000000000000000000000000000000
000000000000000000000000000000000000000000000000000000000000000000000000000000000000000000000000000000000000000000000000000000000000000000000000000000000000000000000000000000000000000000000000000000000000000000000000000000000000000000000000000000000000000000000000000000000000000000000000000000000000
000000000000000000000000000000000000000000000000000000000000000000000000000000000000000000000000000000000000000000000000000000000000000000000000000000000000000000000000000000000000000000000000000000000000000000000000000000000000000000000000000000000000000000000000000000000000000000000000000000000000
000000000000000000000000000000000000000000000000000000000000000000000000000000000000000000000000000000000000000000000000000000000000000000000000000000000000000000000000000000000000000000000000000000000000000000000000000000000000000000000000000000000000000000000000000000000000000000000000000000000000
000000000000000000000000000000000000000000000000000000000000000000000000000000000000000000000000000000000000000000000000000000000000000000000000000000000000000000000000000000000000000000000000000000000000000000000000000000000000000000000000000000000000000000000000000000000000000000000000000000000000
000000000000000000000000000000000000000000000000000000000000000000000000000000000000000000000000000000000000000000000000000000000000000000000000000000000000000000000000000000000000000000000000000000000000000000000000000000000000000000000000000000000000000000000000000000000000000000000000000000000000
000000000000000000000000000000000000000000000000000000000000000000000000000000000000000000000000000000000000000000000000000000000000000000000000000000000000000000000000000000000000000000000000000000000000000000000000000000000000000000000000000000000000000000000000000000000000000000000000000000000000
000000000000000000000000000000000000000000000000000000000000000000000000000000000000000000000000000000000000000000000000000000000000000000000000000000000000000000000000000000000000000000000000000000000000000000000000000000000000000000000000000000000000000000000000000000000000000000000000000000000000
000000000000000000000000000000000000000000000000000000000000000000000000000000000000000000000000000000000000000000000000000000000000000000000000000000000000000000000000000000000000000000000000000000000000000000000000000000000000000000000000000000000000000000000000000000000000000000000000000000000000
111111111111111111111111111111111111111111111111111111111111111111111111111111111111111111111111111111111111111111111111111111111111111111111111111111111111111111111111111111111111111111111111111111111111111111111111111111111111111111111111111111111111111111111111111111111111111111111111111111111111
000000000000000000000000000000000000000000000000000000000000000000000000000000000000000000000000000000000000000000000000000000000000000000000000000000000000000000000000000000000000000000000000000000000000000000000000000000000000000000000000000000000000000000000000000000000000000000000111100000000000
111111111111111111111111111111111111111111111111111111111111111111111111111111111111111111111111111111111111111111111111111111111111111111111111111111111111111111111111111100000000111111111111111111101111111111111000001111111111111111110011111111111111111111111111111111100000000001111000011111110000
111111111111111111111111111111111111111111111111111111111111111111111111111111111111111111111111111101110000000000000000000000000000000000000000000000000000000000000000000011111111000001111100000000011111100000000111110000111100000000001100000111000000000000000001111000011111111110001111111000001111
000000000000000000000000000000000000000000000000000000000000000000000000000000000000000000000000000010001111110000000001111111111110000000001111111111111000001111111111110000000000001110000011111000000000011110000000000111000011100000000000111000111110000000001110000111000000000000110111100111000000
111111111111111111111111111111111111111111111111111111111111111111111111111111111111111111111111111111111000001111111110001111000001111111110001111000000111110000011110001111111111110011111110000111111111110001111111111001111110011111111111001111100001111111110011111100111000000011011000011100111111
111111111111111111111111111111111111111111111111111111111111111111111111111111111111111111111111111100000111100000000000110000111000000000001110000111100000000011100001110000000000001100111001110000000111001100000000000010000001100000000000110000011100000000001100110011000111111100100111110011000000
000000000000000000000000000000000000000000000000000000000000000000000000000000000000000000000000000011111000011111111111001111000111111111110001111000011111111100011110001100000000110011000110001111101000110011111000001101111110011111110011001111100011111111110011001100100000000001011111101100110000
111111111111111111111111111111111111111111111111111111111111111111111111111111111111111111111111111101110111000000000000110000110000000000000110000110000000000001100001100011111111000101111101100000011111101100000111110010111101000000001100010111011000000000000101111010011000000010101011011010001111
111111111111111111111111111111111111111111111111111111111111111111111111111111111111111111111111111110001100111111100011011111101111111100111011111101111111111110111111011000000000011110111011011100000111010011000000000101000010111000000001111000110111000000111010110101100111111101010100110101100000
000000000000000000000000000000000000000000000000000000000000000000000000000000000000000000000000000011111011000000011100100110010000000011000100110010000000000001001110100111111111100011000100100011111000101100111111111010111101000111111110001111101000111111000101001110010000000010101111101010011100
111111111111111111111111111111111111111111111111111111111111111111111111111111111111111111111111111100000100110000000001011001101110000000001011001101111000001110110001010000000000001101111011011000001111010010000000000101011010100000000000110111010110000000001011111001001000000000011011010101000011
111111111111111111111111111111111111111111111111111111111111111111111111111111111111111111111111111111111011001111111110100110010001111111110100110010000111110001001110101100000000110010010100100111100110101101111000001010100101011111110011001000101001111111110100000110100111111101100100111010110000
000000000000000000000000000000000000000000000000000000000000000000000000000000000000000000000000000000000100110000000001011001101110000000001011001101111000001110110001010011111111001101101011011000011001010010000111110101011010100000001100110111010110000000001011111001010000000010011111100101001100
111111111111111111111111111111111111111111111111111111111111111111111111111111111111111111111111111111111011001111100010100110010001111100110100110010000111110001001110101000000000010010111100100100000111101101000000000010100101011000000001001000101001000000110100110110101111111101100011111010100011
111111111111111111111111111111111111111111111111111111111111111111111111111111111111111111111111111101110100100000011100011001101000000011001011001101100000000010110001010111111111101101010111010011111110110000111111111001111110100111111110110111010100111111001011001001010000000010011111011101011100
000000000000000000000000000000000000000000000000000000000000000000000000000000000000000000000000000010001011011111100011101111010111111100110101111010011111111101011110101000000000010011101010101100001001011111000000000111011011011000000001001111101011000000110111111110101000000001111100100110100011
111111111111111111111111111111111111111111111111111111111111111111111111111111111111111111111111111101110100100000011100010000101000000011001010000101100000000010100001010100000000101100111101010011100111100000111000001000100100100111110010110000010100111111001000110001000111111100000011111001010000
111111111111111111111111111111111111111111111111111111111111111111111111111111111111111111111111111110001011010000000001101111010110000000000101111010011000001101011110100011111111000011010010101000011110011110000111110111011011000000001100001111101010000000000111001110010000000010111111010110001100
000000000000000000000000000000000000000000000000000000000000000000000000000000000000000000000000000011111100101111100010010110101001111100111010110101100111110010101111011000000000011110101101010100000001100001000000000000100100111000000001111000110101000000111000110101101000000001000100101001100011
111111111111111111111111111111111111111111111111111111111111111111111111111111111111111111111111111101110011010000011101101001010110000011000101001010011000001101010000100100000000100001010110101011101110111110111000001111111111000111110010000111001010111111000111001010000111111100111011111110010000
111111111111111111111111111111111111111111111111111111111111111111111111111111111111111111111111111110001100101111100010010110101001111100111010110101100111110010101111011011111111011111111001010100011111000001000111110000011000111000001101111111110101000000111001111101110000000011001111010001101100
000000000000000000000000000000000000000000000000000000000000000000000000000000000000000000000000000001110011010000011101101001010110000011000101001010011000001101010000100100000000100000101110101011100001111110111000001111100111000111110010000000001010111111000110110010001000000000110111101110010011
111111111111111111111111111111111111111111111111111111111111111111111111111111111111111111111111111110001100101111100010010110101001111100111010110101100111110010101111011011111111011111010001010100011110000001000111110000011000111000001101111111110101000000111001001101110111111111001000110001101100
111111111111111111111111111111111111111111111111111111111111111111111111111111111111111111111111111111111111010000011101111111110110000011000111111110011000001101111111100100000000100111111111101011101111111110111000001111111111000111110010011111111010111111000111111110001000000000111111111110010011
000000000000000000000000000000000000000000000000000000000000000000000000000000000000000000000000000001110010000000000000001001010000000000000101001010000000000000010000100000000000000000101110000000000001111000000000000001100111000000000000000000001000000000000110110010000000000000010111001100000000
111111111111111111111111111111111111111111111111111111111111111111111111111111111111111111111111111110001100101111100010010110101001111100111010110101100111110010101111011011111111011111010001010100011110000001000111110000011000111000001101111111110101000000111001001101110111111111001000110001101100
000000000000000000000000000000000000000000000000000000000000000000000000000000000000000000000000000001110011010000011101101001010110000011000101001010011000001101010000100100000000100000101110101011100001111110111000001111100111000111110010000000001010111111000110110010001000000000110111101110010011
111111111111111111111111111111111111111111111111111111111111111111111111111111111111111111111111111110001100101111100010010110101001111100111010110101100111110010101111011011111111011111111001010100011111000001000111110000011000111000001101111111110101000000111001111101110000000011001111010001101100
111111111111111111111111111111111111111111111111111111111111111111111111111111111111111111111111111101110011010000011101101001010110000011000101001010011000001101010000100100000000100001010110101011101110111110111000001111111111000111110010000111001010111111000111001010000111111100111011111110010000
000000000000000000000000000000000000000000000000000000000000000000000000000000000000000000000000000011111100101111100010010110101001111100111010110101100111110010101111011000000000011110101101010100000001100001000000000000100100111000000001111000110101000000111000110101101000000001000100101001100011
111111111111111111111111111111111111111111111111111111111111111111111111111111111111111111111111111100000011010000000001101001010110000000000101001010011000001101010000100011111111000001010010101000011110011110000111110111011011000000001100000111001010000000000111001010010000000010111111010110001100
111111111111111111111111111111111111111111111111111111111111111111111111111111111111111111111111111111111100100000011100010110101000000011001010110101100000000010101111010100000000101110111101010011100111100000111000001000100100100111110010111000110100111111001000110101000111111100000011111001010000
000000000000000000000000000000000000000000000000000000000000000000000000000000000000000000000000000010001011011111100011101111010111111100110101111010011111111101011110101000000000010011101010101100001001011111000000000111011011011000000001001111101011000000110111111110101000000001111100100110100011
111111111111111111111111111111111111111111111111111111111111111111111111111111111111111111111111111101110100100000011100011001101000000011001011001101100000000010110001010111111111101101010111010011111110110000111111111001111110100111111110110111010100111111001011001001010000000010011111011101011100
111111111111111111111111111111111111111111111111111111111111111111111111111111111111111111111111111111111011001111100010100110010001111100110100110010000111110001001110101000000000010010111100100100000111101101000000000010100101011000000001001000101001000000110100110110101111111101100011111010100011
000000000000000000000000000000000000000000000000000000000000000000000000000000000000000000000000000000000100110000000001011001101110000000001011001101111000001110110001010011111111001101101011011000011001010010000111110101011010100000001100110111010110000000001011111001010000000010011111100101001100
111111111111111111111111111111111111111111111111111111111111111111111111111111111111111111111111111111111011001111111110100110010001111111110100110010000111110001001110101100000000110010010100100111100110101101111000001010100101011111110011001000101001111111110100000110100111111101100100111010110000
111111111111111111111111111111111111111111111111111111111111111111111111111111111111111111111111111110001100110000000001011111101110000000001011111101111000001110111111010000000000001111111011011000001111010010000000000101011010100000000000111111110110000000001011111101001000000000011011010101000011
000000000000000000000000000000000000000000000000000000000000000000000000000000000000000000000000000001110011000000011100100000010000000011000100000010000000000001000000100111111111100001000100100011111000101100111111111010111101000111111110000111001000111111000101001010010000000010101111101010011100
111111111111111111111111111111111111111111111111111111111111111111111111111111111111111111111111111110001100111111100011011111101111111100111011111101111111111110111111011000000000011110111011011100000111010011000000000101000010111000000001111000110111000000111010110101100111111101010100110101100000
111111111111111111111111111111111111111111111111111111111111111111111111111111111111111111111111111101110111000000000000110000110000000000000110000110000000000001100001100011111111000101111101100000011111101100000111110010111101000000001100010111011000000000000101111010011000000010101011011010001111
000000000000000000000000000000000000000000000000000000000000000000000000000000000000000000000000000011111000011111111111001111000111111111110001111000011111111100011110001100000000110011000110001111101000110011111000001101111110011111110011001111100011111111110011001100100000000001011111101100110000
111111111111111111111111111111111111111111111111111111111111111111111111111111111111111111111111111100000111100000000000110000111000000000001110000111100000000011100001110000000000001100111001110000000111001100000000000010000001100000000000110000011100000000001100110011000111111100100111110011000000
111111111111111111111111111111111111111111111111111111111111111111111111111111111111111111111111111111111000001111111110001111000001111111110001111000000111110000011110001111111111110011111110000111111111110001111111111001111110011111111111001111100001111111110011111100111000000011011000011100111111
000000000000000000000000000000000000000000000000000000000000000000000000000000000000000000000000000000000111110000000001111001111110000000001111001111111000001111110001110000000000001100000011111000000000011110000000000111000011100000000000110000011110000000001110000011000000000000110111100111000000
111111111111111111111111111111111111111111111111111111111111111111111111111111111111111111111111111111111000000000000000000110000000000000000000110000000000000000001110000011111111000011111100000000011111100000000111110000111100000000001100001111100000000000000001111100011111111110001111111000001111
111111111111111111111111111111111111111111111111111111111111111111111111111111111111111111111111111111111111111111111111111111111111111111111111111111111111111111111111111100000000111111111111111111101111111111111000001111111111111111110011111111111111111111111111111111100000000001111000011111110000
000000000000000000000000000000000000000000000000000000000000000000000000000000000000000000000000000000000000000000000000000000000000000000000000000000000000000000000000000000000000000000000000000000000000000000000000000000000000000000000000000000000000000000000000000000000000000000000111100000000000
111111111111111111111111111111111111111111111111111111111111111111111111111111111111111111111111111111111111111111111111111111111111111111111111111111111111111111111111111111111111111111111111111111111111111111111111111111111111111111111111111111111111111111111111111111111111111111111111111111111111
000000000000000000000000000000000000000000000000000000000000000000000000000000000000000000000000000000000000000000000000000000000000000000000000000000000000000000000000000000000000000000000000000000000000000000000000000000000000000000000000000000000000000000000000000000000000000000000000000000000000
000000000000000000000000000000000000000000000000000000000000000000000000000000000000000000000000000000000000000000000000000000000000000000000000000000000000000000000000000000000000000000000000000000000000000000000000000000000000000000000000000000000000000000000000000000000000000000000000000000000000
000000000000000000000000000000000000000000000000000000000000000000000000000000000000000000000000000000000000000000000000000000000000000000000000000000000000000000000000000000000000000000000000000000000000000000000000000000000000000000000000000000000000000000000000000000000000000000000000000000000000
000000000000000000000000000000000000000000000000000000000000000000000000000000000000000000000000000000000000000000000000000000000000000000000000000000000000000000000000000000000000000000000000000000000000000000000000000000000000000000000000000000000000000000000000000000000000000000000000000000000000
000000000000000000000000000000000000000000000000000000000000000000000000000000000000000000000000000000000000000000000000000000000000000000000000000000000000000000000000000000000000000000000000000000000000000000000000000000000000000000000000000000000000000000000000000000000000000000000000000000000000
000000000000000000000000000000000000000000000000000000000000000000000000000000000000000000000000000000000000000000000000000000000000000000000000000000000000000000000000000000000000000000000000000000000000000000000000000000000000000000000000000000000000000000000000000000000000000000000000000000000000
000000000000000000000000000000000000000000000000000000000000000000000000000000000000000000000000000000000000000000000000000000000000000000000000000000000000000000000000000000000000000000000000000000000000000000000000000000000000000000000000000000000000000000000000000000000000000000000000000000000000
000000000000000000000000000000000000000000000000000000000000000000000000000000000000000000000000000000000000000000000000000000000000000000000000000000000000000000000000000000000000000000000000000000000000000000000000000000000000000000000000000000000000000000000000000000000000000000000000000000000000
000000000000000000000000000000000000000000000000000000000000000000000000000000000000000000000000000000000000000000000000000000000000000000000000000000000000000000000000000000000000000000000000000000000000000000000000000000000000000000000000000000000000000000000000000000000000000000000000000000000000
000000000000000000000000000000000000000000000000000000000000000000000000000000000000000000000000000000000000000000000000000000000000000000000000000000000000000000000000000000000000000000000000000000000000000000000000000000000000000000000000000000000000000000000000000000000000000000000000000000000000
111111111111111111111111111111111111111111111111111111111111111111111111111111111111111111111111111111111111111111111111111111111111111111111111111111111111111111111111111111111111111111111111111111111111111111111111111111111111111111111111111111111111111111111111111111111111111111111111111111111111
000000000000000000000000000000000000000000000000000000000000000000000000000000000000000000000000000000000000000000000000000000000000000000000000000000000000000000000000000000000000000000000000000000000000000000000000000000000000000000000000000000000000000000000000000000000000000000000000000000011110
111111111111111111111111111111111111111111111111111111111111111111111111111111111111111111111111111111000011111111111111111111111111111111111111111111111111111111111111111111111111110000000011111111110000001111111111111111100000111111111111111111001111111111111111111111111111111110000000000111100001
111111111111111111111111111111111111111111111111111111111111111111111111111111111111111111111111111100111100000111000000000000000000000000000000000000000000000000000000000000000000001111111100000111111111110000111110000000011111000011110000000000110000011100000000000000000111100001111111111000111111
000000000000000000000000000000000000000000000000000000000000000000000000000000000000000000000000000000000001111000111111000000000111111111111000000000111111111111100000111111111111000000000000111000000000000111000001111000000000011100001110000000000011100011111000000000111000011100000000000011011110
111111111111111111111111111111111111111111111111111111111111111111111111111111111111111111111111111111111110001111100000111111111000111100000111111111000111100000011111000001111000111111111111001111111111111001111111000111111111100111111001111111111100111110000111111111001111110011100000001101100001
111111111111111111111111111111111111111111111111111111111111111111111111111111111111111111111111111100000000110000011110000000000011000011100000000000111000011110000000001110000111000000000000110011100000000010011100110000000000001000000110000000000011000001110000000000110011001100011111110010011111
000000000000000000000000000000000000000000000000000000000000000000000000000000000000000000000000000011000011001111100001111111111100111100011111111111000111100001111111110001111000110000000011001100010000001101100011001111100000110111111001111111001100111110001111111111001100110010000000000101111110
111111111111111111111111111111111111111111111111111111111111111111111111111111111111111111111111111100111100110111011100000000000011000011000000000000011000011000000000000110000110001111111100010111111111110010111110110000011111001011110100000000110001011101100000000000010111101001100000001010101101
111111111111111111111111111111111111111111111111111111111111111111111111111111111111111111111111111100000001011000110011111110001101111110111111110011101111110111111111111011111101100000000001111011100000000101011101001100000000010100001011100000000111100011011100000011101011010110011111110101010011
000000000000000000000000000000000000000000000000000000000000000000000000000000000000000000000000000011111110101111101100000001110010011001000000001100010011001000000000000100111010011111111110001100010000001011100010110011111111101011110100011111111000111110100011111100010100111001000000001010111110
111111111111111111111111111111111111111111111111111111111111111111111111111111111111111111111111111100000001010000010011000000000101100110111000000000101100110111100000111011000101000000000000110111101111110100111101001000000000010101101010000000000011011101011000000000101111100100100000000001101101
111111111111111111111111111111111111111111111111111111111111111111111111111111111111111111111111111111000010101111101100111111111010011001000111111111010011001000011111000100111010110000000011001001010000001011011010110111100000101010010101111111001100100010100111111111010000011010011111110110010011
000000000000000000000000000000000000000000000000000000000000000000000000000000000000000000000000000000111101010000010011000000000101100110111000000000101100110111100000111011000101001111111100110110100000000100100101001000011111010101101010000000110011011101011000000000101111100101000000001001111110
111111111111111111111111111111111111111111111111111111111111111111111111111111111111111111111111111100000000101111101100111110001010011001000111110011010011001000011111000100111010100000000001001011111111110011011110110100000000001010010101100000000100100010100100000011010011011010111111110110001111
111111111111111111111111111111111111111111111111111111111111111111111111111111111111111111111111111111111110010111010010000001110001100110100000001100101100110110000000001011000101011111111110110101010000001000111011000011111111100111111010011111111011011101010011111100101100100101000000001001111101
000000000000000000000000000000000000000000000000000000000000000000000000000000000000000000000000000000000001101000101101111110001110111101011111110011010111101001111111110101111010100000000001001110101111110111100101111100000000011101101101100000000100111110101100000011011111111010100000000111110010
111111111111111111111111111111111111111111111111111111111111111111111111111111111111111111111111111111000010010111010010000001110001000010100000001100101000010110000000001010000101010000000010110011110000001000011110000011100000100010010010011111001011000001010011111100100011000100011111110000001111
111111111111111111111111111111111111111111111111111111111111111111111111111111111111111111111111111100111101101000101101000000000110111101011000000000010111101001100000110101111010001111111100001101000000000111111001111000011111011101101100000000110000111110101000000000011100111001000000001011111101
000000000000000000000000000000000000000000000000000000000000000000000000000000000000000000000000000000000000011111110010111110001001011010100111110011101011010110011111001010111101100000000001111010111111110001000110000100000000000010010011100000000111100011010100000011100011010110100000000100010010
111111111111111111111111111111111111111111111111111111111111111111111111111111111111111111111111111111000011100111001101000001110110100101011000001100010100101001100000110101000010010000000010000101010000001110111011111011100000111111111100011111001000011100101011111100011100101000011111110011101111
111111111111111111111111111111111111111111111111111111111111111111111111111111111111111111111111111100111100011000110010111110001001011010100111110011101011010110011111001010111101101111111101111111100000000001111100000100011111000001100011100000110111111111010100000011100111110111000000001100111101
000000000000000000000000000000000000000000000000000000000000000000000000000000000000000000000000000011000011100111001101000001110110100101011000001100010100101001100000110101000010010000000010000010111111111110000111111011100000111110011100011111001000000000101011111100011011001000100000000011011110
111111111111111111111111111111111111111111111111111111111111111111111111111111111111111111111111111100111100011000110010111110001001011010100111110011101011010110011111001010111101101111111101111101000000000001111000000100011111000001100011100000110111111111010100000011100100110111011111111100100011
111111111111111111111111111111111111111111111111111111111111111111111111111111111111111111111111111111000011111111111101000001110111111111011000001100011111111001100000110111111110010000000010011111111111111111111111111011100000111111111100011111001001111111101011111100011111111000100000000011111111
000000000000000000000000000000000000000000000000000000000000000000000000000000000000000000000000000000000000000111001000000000000000100101000000000000010100101000000000000001000010000000000000000010110000000010000111100000000000000110011100000000000000000000100000000000011011001000000000000001011100
111111111111111111111111111111111111111111111111111111111111111111111111111111111111111111111111111100111100011000110010111110001001011010100111110011101011010110011111001010111101101111111101111101000000000001111000000100011111000001100011100000110111111111010100000011100100110111011111111100100011
000000000000000000000000000000000000000000000000000000000000000000000000000000000000000000000000000011000011100111001101000001110110100101011000001100010100101001100000110101000010010000000010000010111111111110000111111011100000111110011100011111001000000000101011111100011011001000100000000011011110
111111111111111111111111111111111111111111111111111111111111111111111111111111111111111111111111111100111100011000110010111110001001011010100111110011101011010110011111001010111101101111111101111111100000000001111100000100011111000001100011100000110111111111010100000011100111110111000000001100111101
111111111111111111111111111111111111111111111111111111111111111111111111111111111111111111111111111111000011100111001101000001110110100101011000001100010100101001100000110101000010010000000010000101010000001110111011111011100000111111111100011111001000011100101011111100011100101000011111110011101111
000000000000000000000000000000000000000000000000000000000000000000000000000000000000000000000000000000000000011111110010111110001001011010100111110011101011010110011111001010111101100000000001111010111111110001000110000100000000000010010011100000000111100011010100000011100011010110100000000100010010
111111111111111111111111111111111111111111111111111111111111111111111111111111111111111111111111111100111101100000001101000000000110100101011000000000010100101001100000110101000010001111111100000101000000000110111001111000011111011101101100000000110000011100101000000000011100101001000000001011111101
111111111111111111111111111111111111111111111111111111111111111111111111111111111111111111111111111111000010011111110010000001110001011010100000001100101011010110000000001010111101010000000010111011110000001001011110000011100000100010010010011111001011100011010011111100100011010100011111110000001111
000000000000000000000000000000000000000000000000000000000000000000000000000000000000000000000000000000000001101000101101111110001110111101011111110011010111101001111111110101111010100000000001001110101111110111100101111100000000011101101101100000000100111110101100000011011111111010100000000111110010
111111111111111111111111111111111111111111111111111111111111111111111111111111111111111111111111111111111110010111010010000001110001100110100000001100101100110110000000001011000101011111111110110101010000001000111011000011111111100111111010011111111011011101010011111100101100100101000000001001111101
111111111111111111111111111111111111111111111111111111111111111111111111111111111111111111111111111100000000101111101100111110001010011001000111110011010011001000011111000100111010100000000001001011111111110011011110110100000000001010010101100000000100100010100100000011010011011010111111110110001111
000000000000000000000000000000000000000000000000000000000000000000000000000000000000000000000000000000111101010000010011000000000101100110111000000000101100110111100000111011000101001111111100110110100000000100100101001000011111010101101010000000110011011101011000000000101111100101000000001001111110
111111111111111111111111111111111111111111111111111111111111111111111111111111111111111111111111111111000010101111101100111111111010011001000111111111010011001000011111000100111010110000000011001001010000001011011010110111100000101010010101111111001100100010100111111111010000011010011111110110010011
111111111111111111111111111111111111111111111111111111111111111111111111111111111111111111111111111100000001011000110011000000000101111110111000000000101111110111100000111011111101000000000000111111101111110101111101001000000000010101101010000000000011111111011000000000101111110100100000000001101101
000000000000000000000000000000000000000000000000000000000000000000000000000000000000000000000000000011111110100111001100000001110010000001000000001100010000001000000000000100000010011111111110000100010000001010100010110011111111101011110100011111111000011100100011111100010100101001000000001010111110
111111111111111111111111111111111111111111111111111111111111111111111111111111111111111111111111111100000001011000110011111110001101111110111111110011101111110111111111111011111101100000000001111011100000000101011101001100000000010100001011100000000111100011011100000011101011010110011111110101010011
111111111111111111111111111111111111111111111111111111111111111111111111111111111111111111111111111100111100110111011100000000000011000011000000000000011000011000000000000110000110001111111100010111111111110010111110110000011111001011110100000000110001011101100000000000010111101001100000001010101101
000000000000000000000000000000000000000000000000000000000000000000000000000000000000000000000000000011000011001111100001111111111100111100011111111111000111100001111111110001111000110000000011001100010000001101100011001111100000110111111001111111001100111110001111111111001100110010000000000101111110
111111111111111111111111111111111111111111111111111111111111111111111111111111111111111111111111111100000000110000011110000000000011000011100000000000111000011110000000001110000111000000000000110011100000000010011100110000000000001000000110000000000011000001110000000000110011001100011111110010011111
111111111111111111111111111111111111111111111111111111111111111111111111111111111111111111111111111111111110001111100000111111111000111100000111111111000111100000011111000001111000111111111111001111111111111001111111000111111111100111111001111111111100111110000111111111001111110011100000001101100001
000000000000000000000000000000000000000000000000000000000000000000000000000000000000000000000000000000000001110000011111000000000111100111111000000000111100111111100000111111000111000000000000110000000000000110000001111000000000011100001110000000000011000001111000000000111000001100000000000011011110
111111111111111111111111111111111111111111111111111111111111111111111111111111111111111111111111111100111100001111100000000000000000011000000000000000000011000000000000000000111000001111111100001111111111110001111110000000011111000011110000000000110000111110000000000000000111110001111111111000111111
111111111111111111111111111111111111111111111111111111111111111111111111111111111111111111111111111111000011111111111111111111111111111111111111111111111111111111111111111111111111110000000011111111110000001111111111111111100000111111111111111111001111111111111111111111111111111110000000000111100001
000000000000000000000000000000000000000000000000000000000000000000000000000000000000000000000000000000000000000000000000000000000000000000000000000000000000000000000000000000000000000000000000000000000000000000000000000000000000000000000000000000000000000000000000000000000000000000000000000000011110
111111111111111111111111111111111111111111111111111111111111111111111111111111111111111111111111111111111111111111111111111111111111111111111111111111111111111111111111111111111111111111111111111111111111111111111111111111111111111111111111111111111111111111111111111111111111111111111111111111111111
000000000000000000000000000000000000000000000000000000000000000000000000000000000000000000000000000000000000000000000000000000000000000000000000000000000000000000000000000000000000000000000000000000000000000000000000000000000000000000000000000000000000000000000000000000000000000000000000000000000000
000000000000000000000000000000000000000000000000000000000000000000000000000000000000000000000000000000000000000000000000000000000000000000000000000000000000000000000000000000000000000000000000000000000000000000000000000000000000000000000000000000000000000000000000000000000000000000000000000000000000
000000000000000000000000000000000000000000000000000000000000000000000000000000000000000000000000000000000000000000000000000000000000000000000000000000000000000000000000000000000000000000000000000000000000000000000000000000000000000000000000000000000000000000000000000000000000000000000000000000000000
000000000000000000000000000000000000000000000000000000000000000000000000000000000000000000000000000000000000000000000000000000000000000000000000000000000000000000000000000000000000000000000000000000000000000000000000000000000000000000000000000000000000000000000000000000000000000000000000000000000000
000000000000000000000000000000000000000000000000000000000000000000000000000000000000000000000000000000000000000000000000000000000000000000000000000000000000000000000000000000000000000000000000000000000000000000000000000000000000000000000000000000000000000000000000000000000000000000000000000000000000
000000000000000000000000000000000000000000000000000000000000000000000000000000000000000000000000000000000000000000000000000000000000000000000000000000000000000000000000000000000000000000000000000000000000000000000000000000000000000000000000000000000000000000000000000000000000000000000000000000000000
000000000000000000000000000000000000000000000000000000000000000000000000000000000000000000000000000000000000000000000000000000000000000000000000000000000000000000000000000000000000000000000000000000000000000000000000000000000000000000000000000000000000000000000000000000000000000000000000000000000000
000000000000000000000000000000000000000000000000000000000000000000000000000000000000000000000000000000000000000000000000000000000000000000000000000000000000000000000000000000000000000000000000000000000000000000000000000000000000000000000000000000000000000000000000000000000000000000000000000000000000
000000000000000000000000000000000000000000000000000000000000000000000000000000000000000000000000000000000000000000000000000000000000000000000000000000000000000000000000000000000000000000000000000000000000000000000000000000000000000000000000000000000000000000000000000000000000000000000000000000000000
000000000000000000000000000000000000000000000000000000000000000000000000000000000000000000000000000000000000000000000000000000000000000000000000000000000000000000000000000000000000000000000000000000000000000000000000000000000000000000000000000000000000000000000000000000000000000000000000000000000000
111111111111111111111111111111111111111111111111111111111111111111111111111111111111111111111111111111111111111111111111111111111111111111111111111111111111111111111111111111111111111111111111111111111111111111111111111111111111111111111111111111111111111111111111111111111111111111111111111111111111
000000000000000000000000000000000000000000000000000000000000000000000000000000000000000000000000000000000000000000000000000000000000000000000000000000000000000000000000000000000000000000000000000000000000000000000000000000000000000000000000000000000000000000000000000000000000000000000000000000000000
111111111111111111111111111111111111111111111111111111111111111111111111111111111111111111111111111111111111111100001111111111111111111111111111111111111111111111111111111111111111111111111111000000001111111100000000111111111111111110000011111111111111111100111111111111111111111111111111111000000000
111111111111111111111111111111111111111111111111111111111111111111111111111111111111111111111111111110000000000011110000011100000000000000000000000000000000000000000000000000000000000000000000111111111100000011111111000011111000000001111100001111000000000011000001110000000000000000011110000111111111
000000000000000000000000000000000000000000000000000000000000000000000000000000000000000000000000000001111110000000000111100011111100000000011111111111100000000011111111111110000011111111111100000000000011110000000000011100000111100000000001110000111000000000001110001111100000000011100001110000000000
111111111111111111111111111111111111111111111111111111111111111111111111111111111111111111111111111111100001111111111000111110000011111111100011110000011111111100011110000001111100000111100011111111111110001111111111100111111100011111111110011111100111111111110011111000011111111100111111001110000000
111111111111111111111111111111111111111111111111111111111111111111111111111111111111111111111111111100011100000000000011000001111000000000001100001110000000000011100001111000000000111000011100000000001001100000000000001001110011000000000000100000011000000000001100000111000000000011001100110001111111
000000000000000000000000000000000000000000000000000000000000000000000000000000000000000000000000000011100011111100001100111110000111111111110011110001111111111100011110000111111111000111100011000000000110011100000000110110001100111110000011011111100111111100110011111000111111111100110011001000000000
111111111111111111111111111111111111111111111111111111111111111111111111111111111111111111111111111110011000000011110011011101110000000000001100001100000000000001100001100000000000011000011000111111111101100011111111001011111011000001111100101111010000000011000101110110000000000001011110100110000000
111111111111111111111111111111111111111111111111111111111111111111111111111111111111111111111111111101100111100000000101100011001111111000110111111011111111001110111111011111111111101111110110000000001011011000000000010101110100110000000001010000101110000000011110001101110000001110101101011001111111
000000000000000000000000000000000000000000000000000000000000000000000000000000000000000000000000000011011000011111111010111110110000000111001001100100000000110001001100100000000000010011101001111111110110100110000000101110001011001111111110101111010001111111100011111010001111110001010011100100000000
111111111111111111111111111111111111111111111111111111111111111111111111111111111111111111111111111100100110000000000101000001001100000000010110011011100000000010110011011110000011101100010100000000001101010001111111010011110100100000000001010110101000000000001101110101100000000010111110010010000000
111111111111111111111111111111111111111111111111111111111111111111111111111111111111111111111111111111011001111100001010111110110011111111101001100100011111111101001100100001111100010011101011000000000010101100000000101101101011011110000010101001010111111100110010001010011111111101000001101001111111
000000000000000000000000000000000000000000000000000000000000000000000000000000000000000000000000000000100110000011110101000001001100000000010110011011100000000010110011011110000011101100010100111111111101010010000000010010010100100001111101010110101000000011001101110101100000000010111110010100000000
111111111111111111111111111111111111111111111111111111111111111111111111111111111111111111111111111111011001100000000010111110110011111000101001100100011111001101001100100001111100010011101010000000001010101001111111001101111011010000000000101001010110000000010010001010010000001101001101101011111111
111111111111111111111111111111111111111111111111111111111111111111111111111111111111111111111111111110100100011111111001011101001000000111000110011010000000110010110011011000000000101100010101111111110101000110000000100011101100001111111110011111101001111111101101110101001111110010110010010100000000
000000000000000000000000000000000000000000000000000000000000000000000000000000000000000000000000000001111011100000000110100010110111111000111011110101111111001101011110100111111111010111101010000000001110111001111111011110010111110000000001110110110110000000010011111010110000001101111111101010000000
111111111111111111111111111111111111111111111111111111111111111111111111111111111111111111111111111110000100011100001001011101001000000111000100001010000000110010100001011000000000101000010101000000001001000100000000100001111000001110000010001001001001111100101100000101001111110010001100010001111111
111111111111111111111111111111111111111111111111111111111111111111111111111111111111111111111111111101111010000011110110100010110100000000011011110101100000000001011110100110000011010111101000111111110110110010000000011111100111100001111101110110110000000011000011111010100000000001110011100100000000
000000000000000000000000000000000000000000000000000000000000000000000000000000000000000000000000000011000101100000000001111111001011111000100101101010011111001110101101011001111100101011110110000000001011001001111111000100011000010000000000001001001110000000011110001101010000001110001101011010000000
111111111111111111111111111111111111111111111111111111111111111111111111111111111111111111111111111110111010011100001110011100110100000111011010010101100000110001010010100110000011010100001001000000000100110100000000111011101111101110000011111111110001111100100001110010101111110001110010100001111111
111111111111111111111111111111111111111111111111111111111111111111111111111111111111111111111111111101000101100011110001100011001011111000100101101010011111001110101101011001111100101011110110111111111111001010000000000111110000010001111100000110001110000011011111111101010000001110011111011100000000
000000000000000000000000000000000000000000000000000000000000000000000000000000000000000000000000000010111010011100001110011100110100000111011010010101100000110001010010100110000011010100001001000000001000110101111111111000011111101110000011111001110001111100100000000010101111110001101100100010000000
111111111111111111111111111111111111111111111111111111111111111111111111111111111111111111111111111101000101100011110001100011001011111000100101101010011111001110101101011001111100101011110110111111110111001010000000000111100000010001111100000110001110000011011111111101010000001110010011011101111111
111111111111111111111111111111111111111111111111111111111111111111111111111111111111111111111111111111111010011100001111111111110100000111011111111101100000110001111111100110000011011111111001000000001111110101111111111111111111101110000011111111110001111100100111111110101111110001111111100010000000
000000000000000000000000000000000000000000000000000000000000000000000000000000000000000000000000000010110000000000000000011100100000000000000010010100000000000001010010100000000000000100001000000000001000000000000000001000011110000000000000011001110000000000000000000010000000000001101100100000000000
111111111111111111111111111111111111111111111111111111111111111111111111111111111111111111111111111101000101100011110001100011001011111000100101101010011111001110101101011001111100101011110110111111110111001010000000000111100000010001111100000110001110000011011111111101010000001110010011011101111111
000000000000000000000000000000000000000000000000000000000000000000000000000000000000000000000000000010111010011100001110011100110100000111011010010101100000110001010010100110000011010100001001000000001000110101111111111000011111101110000011111001110001111100100000000010101111110001101100100010000000
111111111111111111111111111111111111111111111111111111111111111111111111111111111111111111111111111101000101100011110001100011001011111000100101101010011111001110101101011001111100101011110110111111111111001010000000000111110000010001111100000110001110000011011111111101010000001110011111011100000000
111111111111111111111111111111111111111111111111111111111111111111111111111111111111111111111111111110111010011100001110011100110100000111011010010101100000110001010010100110000011010100001001000000000100110100000000111011101111101110000011111111110001111100100001110010101111110001110010100001111111
000000000000000000000000000000000000000000000000000000000000000000000000000000000000000000000000000011000101100000000001111111001011111000100101101010011111001110101101011001111100101011110110000000001011001001111111000100011000010000000000001001001110000000011110001101010000001110001101011010000000
111111111111111111111111111111111111111111111111111111111111111111111111111111111111111111111111111100111010000011110110000000110100000000011010010101100000000001010010100110000011010100001000111111110100110010000000011011100111100001111101110110110000000011000001110010100000000001110010100100000000
111111111111111111111111111111111111111111111111111111111111111111111111111111111111111111111111111111000100011100001001111111001000000111000101101010000000110010101101011000000000101011110101000000001011000100000000100101111000001110000010001001001001111100101110001101001111110010001101010001111111
000000000000000000000000000000000000000000000000000000000000000000000000000000000000000000000000000001111011100000000110100010110111111000111011110101111111001101011110100111111111010111101010000000001110111001111111011110010111110000000001110110110110000000010011111010110000001101111111101010000000
111111111111111111111111111111111111111111111111111111111111111111111111111111111111111111111111111110100100011111111001011101001000000111000110011010000000110010110011011000000000101100010101111111110101000110000000100011101100001111111110011111101001111111101101110101001111110010110010010100000000
111111111111111111111111111111111111111111111111111111111111111111111111111111111111111111111111111111011001100000000010111110110011111000101001100100011111001101001100100001111100010011101010000000001010101001111111001101111011010000000000101001010110000000010010001010010000001101001101101011111111
000000000000000000000000000000000000000000000000000000000000000000000000000000000000000000000000000000100110000011110101000001001100000000010110011011100000000010110011011110000011101100010100111111111101010010000000010010010100100001111101010110101000000011001101110101100000000010111110010100000000
111111111111111111111111111111111111111111111111111111111111111111111111111111111111111111111111111111011001111100001010111110110011111111101001100100011111111101001100100001111100010011101011000000000010101100000000101101101011011110000010101001010111111100110010001010011111111101000001101001111111
111111111111111111111111111111111111111111111111111111111111111111111111111111111111111111111111111101100110000000000101100011001100000000010111111011100000000010111111011110000011101111110100000000001111010001111111010111110100100000000001010110101000000000001111111101100000000010111111010010000000
000000000000000000000000000000000000000000000000000000000000000000000000000000000000000000000000000010011000011111111010011100110000000111001000000100000000110001000000100000000000010000001001111111110100100110000000101010001011001111111110101111010001111111100001110010001111110001010010100100000000
111111111111111111111111111111111111111111111111111111111111111111111111111111111111111111111111111101100111100000000101100011001111111000110111111011111111001110111111011111111111101111110110000000001011011000000000010101110100110000000001010000101110000000011110001101110000001110101101011001111111
111111111111111111111111111111111111111111111111111111111111111111111111111111111111111111111111111110011000000011110011011101110000000000001100001100000000000001100001100000000000011000011000111111111101100011111111001011111011000001111100101111010000000011000101110110000000000001011110100110000000
000000000000000000000000000000000000000000000000000000000000000000000000000000000000000000000000000011100011111100001100111110000111111111110011110001111111111100011110000111111111000111100011000000000110011100000000110110001100111110000011011111100111111100110011111000111111111100110011001000000000
111111111111111111111111111111111111111111111111111111111111111111111111111111111111111111111111111100011100000000000011000001111000000000001100001110000000000011100001111000000000111000011100000000001001100000000000001001110011000000000000100000011000000000001100000111000000000011001100110001111111
111111111111111111111111111111111111111111111111111111111111111111111111111111111111111111111111111111100001111111111000111110000011111111100011110000011111111100011110000001111100000111100011111111111110001111111111100111111100011111111110011111100111111111110011111000011111111100111111001110000000
000000000000000000000000000000000000000000000000000000000000000000000000000000000000000000000000000000111110000000000111000001111100000000011110011111100000000011110011111110000011111100011100000000000001110000000000011000000111100000000001110000111000000000001100000111100000000011100000110000000000
111111111111111111111111111111111111111111111111111111111111111111111111111111111111111111111111111111000000000011110000111110000000000000000001100000000000000000001100000000000000000011100000111111111110000011111111000111111000000001111100001111000000000011000011111000000000000000011111000111111111
111111111111111111111111111111111111111111111111111111111111111111111111111111111111111111111111111111111111111100001111111111111111111111111111111111111111111111111111111111111111111111111111000000001111111100000000111111111111111110000011111111111111111100111111111111111111111111111111111000000000
000000000000000000000000000000000000000000000000000000000000000000000000000000000000000000000000000000000000000000000000000000000000000000000000000000000000000000000000000000000000000000000000000000000000000000000000000000000000000000000000000000000000000000000000000000000000000000000000000000000000
111111111111111111111111111111111111111111111111111111111111111111111111111111111111111111111111111111111111111111111111111111111111111111111111111111111111111111111111111111111111111111111111111111111111111111111111111111111111111111111111111111111111111111111111111111111111111111111111111111111111
000000000000000000000000000000000000000000000000000000000000000000000000000000000000000000000000000000000000000000000000000000000000000000000000000000000000000000000000000000000000000000000000000000000000000000000000000000000000000000000000000000000000000000000000000000000000000000000000000000000000
000000000000000000000000000000000000000000000000000000000000000000000000000000000000000000000000000000000000000000000000000000000000000000000000000000000000000000000000000000000000000000000000000000000000000000000000000000000000000000000000000000000000000000000000000000000000000000000000000000000000
000000000000000000000000000000000000000000000000000000000000000000000000000000000000000000000000000000000000000000000000000000000000000000000000000000000000000000000000000000000000000000000000000000000000000000000000000000000000000000000000000000000000000000000000000000000000000000000000000000000000
000000000000000000000000000000000000000000000000000000000000000000000000000000000000000000000000000000000000000000000000000000000000000000000000000000000000000000000000000000000000000000000000000000000000000000000000000000000000000000000000000000000000000000000000000000000000000000000000000000000000
000000000000000000000000000000000000000000000000000000000000000000000000000000000000000000000000000000000000000000000000000000000000000000000000000000000000000000000000000000000000000000000000000000000000000000000000000000000000000000000000000000000000000000000000000000000000000000000000000000000000
000000000000000000000000000000000000000000000000000000000000000000000000000000000000000000000000000000000000000000000000000000000000000000000000000000000000000000000000000000000000000000000000000000000000000000000000000000000000000000000000000000000000000000000000000000000000000000000000000000000000
000000000000000000000000000000000000000000000000000000000000000000000000000000000000000000000000000000000000000000000000000000000000000000000000000000000000000000000000000000000000000000000000000000000000000000000000000000000000000000000000000000000000000000000000000000000000000000000000000000000000
000000000000000000000000000000000000000000000000000000000000000000000000000000000000000000000000000000000000000000000000000000000000000000000000000000000000000000000000000000000000000000000000000000000000000000000000000000000000000000000000000000000000000000000000000000000000000000000000000000000000
000000000000000000000000000000000000000000000000000000000000000000000000000000000000000000000000000000000000000000000000000000000000000000000000000000000000000000000000000000000000000000000000000000000000000000000000000000000000000000000000000000000000000000000000000000000000000000000000000000000000
000000000000000000000000000000000000000000000000000000000000000000000000000000000000000000000000000000000000000000000000000000000000000000000000000000000000000000000000000000000000000000000000000000000000000000000000000000000000000000000000000000000000000000000000000000000000000000000000000000000000
111111111111111111111111111111111111111111111111111111111111111111111111111111111111111111111111111111111111111111111111111111111111111111111111111111111111111111111111111111111111111111111111111111111111111111111111111111111111111111111111111111111111111111111111111111111111111111111111111111111111
000000000000000000000000000000000000000000000000000000000000000000000000000000000000000000000000000000000000000000000000000000000000000000000000000000000000000000000000000000000000000000000000000000000000000000000000000000000000000000000000000000000000000000000000000000000000000000000000000000000000
111111111111111111111111111111111111111111111111111111111111111111111111111111111111111111111111111111111111111111111111110000111111111111111111111111111111111111111111111111111111111111111111111111110001111111111111110000000011111111111111111000001111111111111111110011111111111111111111111111111111
111111111111111111111111111111111111111111111111111111111111111111111111111111111111111111111111111100000000111000000000001111000001110000000000000000000000000000000000000000000000000000000000000000001110000111110000001111111100001111100000000111110000111100000000001100000111000000000000000001111000
000000000000000000000000000000000000000000000000000000000000000000000000000000000000000000000000000000001111000111111000000000011110001111110000000001111111111110000000001111111111111000001111111111110000011000001111000000000001110000011110000000000111000011100000000000111000111110000000001110000111
111111111111111111111111111111111111111111111111111111111111111111111111111111111111111111111111111111110001111110000111111111100011111000001111111110001111000001111111110001111000000111110000011110001111101111111000111111111110011111110001111111111001111110011111111111001111100001111111110011111100
111111111111111111111111111111111111111111111111111111111111111111111111111111111111111111111111111100000110000001110000000000001100000111100000000000110000111000000000001110000111100000000011100001110000010011100110000000000000100111001100000000000010000001100000000000110000011100000000001100110011
000000000000000000000000000000000000000000000000000000000000000000000000000000000000000000000000000011111001111110001111110000110011111000011111111111001111000111111111110001111000011111111100011110000001101100011001110000000011011000110011111000001101111110011111110011001111100011111111110011001100
111111111111111111111111111111111111111111111111111111111111111111111111111111111111111111111111111100000010111001100000001111001101110111000000000000110000110000000000000110000110000000000001100001101110010111110110001111111100101111101100000111110010111101000000001100010111011000000000000101111010
111111111111111111111111111111111111111111111111111111111111111111111111111111111111111111111111111110011101000110011110000000010110001100111111100011011111101111111100111011111101111111111110111111010000101011101101100000000001010111010011000000000101000010111000000001111000110111000000111010110101
000000000000000000000000000000000000000000000000000000000000000000000000000000000000000000000000000001100010111101100001111111101011111011000000011100100110010000000011000100110010000000000001001110101111010100011010011000000010111000101100111111111010111101000111111110001111101000111111000101001110
111111111111111111111111111111111111111111111111111111111111111111111111111111111111111111111111111100001101000010011000000000010100000100110000000001011001101110000000001011001101111000001110110001010000001011110101000111111101001111010010000000000101011010100000000000110111010110000000001011111001
111111111111111111111111111111111111111111111111111111111111111111111111111111111111111111111111111111110010111101100111110000101011111011001111111110100110010001111111110100110010000111110001001110100001110101001010110000000010110110101101111000001010100101011111110011001000101001111111110100000110
000000000000000000000000000000000000000000000000000000000000000000000000000000000000000000000000000000001101000010011000001111010100000100110000000001011001101110000000001011001101111000001110110001011110001010110101001000000001001001010010000111110101011010100000001100110111010110000000001011111001
111111111111111111111111111111111111111111111111111111111111111111111111111111111111111111111111111110010010111101100110000000001011111011001111100010100110010001111100110100110010000111110001001110100000110111101010100111111100110111101101000000000010100101011000000001001000101001000000110100110110
111111111111111111111111111111111111111111111111111111111111111111111111111111111111111111111111111101100101111010010001111111100101110100100000011100011001101000000011001011001101100000000010110001011111001101010100011000000010001110110000111111111001111110100111111110110111010100111111001011001001
000000000000000000000000000000000000000000000000000000000000000000000000000000000000000000000000000010011011000111101110000000011010001011011111100011101111010111111100110101111010011111111101011110100000111010111011100111111101111001011111000000000111011011011000000001001111101011000000110111111110
111111111111111111111111111111111111111111111111111111111111111111111111111111111111111111111111111101100100111000010001110000100101110100100000011100010000101000000011001010000101100000000010100001010001000111100100010000000010000111100000111000001000100100100111110010110000010100111111001000110001
111111111111111111111111111111111111111111111111111111111111111111111111111111111111111111111111111100001011000111101000001111011010001011010000000001101111010110000000000101111010011000001101011110101110011001011011001000000001111110011110000111110111011011000000001100001111101010000000000111001110
000000000000000000000000000000000000000000000000000000000000000000000000000000000000000000000000000010010100111100010110000000000111111100101111100010010110101001111100111010110101100111110010101111010000100110101100100111111100010001100001000000000000100100111000000001111000110101000000111000110101
111111111111111111111111111111111111111111111111111111111111111111111111111111111111111111111111111101101011111011101001110000111001110011010000011101101001010110000011000101001010011000001101010000100001011101010011010000000011101110111110111000001111111111000111110010000111001010111111000111001010
111111111111111111111111111111111111111111111111111111111111111111111111111111111111111111111111111110010100000100010110001111000110001100101111100010010110101001111100111010110101100111110010101111011110100011111100101000000000011111000001000111110000011000111000001101111111110101000000111001111101
000000000000000000000000000000000000000000000000000000000000000000000000000000000000000000000000000001101011111011101001110000111001110011010000011101101001010110000011000101001010011000001101010000100001011110100011010111111111100001111110111000001111100111000111110010000000001010111111000110110010
111111111111111111111111111111111111111111111111111111111111111111111111111111111111111111111111111110010100000100010110001111000110001100101111100010010110101001111100111010110101100111110010101111011110100001011100101000000000011110000001000111110000011000111000001101111111110101000000111001001101
111111111111111111111111111111111111111111111111111111111111111111111111111111111111111111111111111101101011111111101001110000111111111111010000011101111111110110000011000111111110011000001101111111100001011111111111010111111111111111111110111000001111111111000111110010011111111010111111000111111110
000000000000000000000000000000000000000000000000000000000000000000000000000000000000000000000000000000000011111011000000000000000001110010000000000000001001010000000000000101001010000000000000010000100000001110100000000000000000100001111000000000000001100111000000000000000000001000000000000110110010
111111111111111111111111111111111111111111111111111111111111111111111111111111111111111111111111111110010100000100010110001111000110001100101111100010010110101001111100111010110101100111110010101111011110100001011100101000000000011110000001000111110000011000111000001101111111110101000000111001001101
000000000000000000000000000000000000000000000000000000000000000000000000000000000000000000000000000001101011111011101001110000111001110011010000011101101001010110000011000101001010011000001101010000100001011110100011010111111111100001111110111000001111100111000111110010000000001010111111000110110010
111111111111111111111111111111111111111111111111111111111111111111111111111111111111111111111111111110010100000100010110001111000110001100101111100010010110101001111100111010110101100111110010101111011110100011111100101000000000011111000001000111110000011000111000001101111111110101000000111001111101
111111111111111111111111111111111111111111111111111111111111111111111111111111111111111111111111111101101011111011101001110000111001110011010000011101101001010110000011000101001010011000001101010000100001011101010011010000000011101110111110111000001111111111000111110010000111001010111111000111001010
000000000000000000000000000000000000000000000000000000000000000000000000000000000000000000000000000010010100111100010110000000000111111100101111100010010110101001111100111010110101100111110010101111010000100110101100100111111100010001100001000000000000100100111000000001111000110101000000111000110101
111111111111111111111111111111111111111111111111111111111111111111111111111111111111111111111111111100001011000011101000001111011000000011010000000001101001010110000000000101001010011000001101010000101110011001010011001000000001101110011110000111110111011011000000001100000111001010000000000111001010
111111111111111111111111111111111111111111111111111111111111111111111111111111111111111111111111111101100100111100010001110000100111111100100000011100010110101000000011001010110101100000000010101111010001000111101100010000000010010111100000111000001000100100100111110010111000110100111111001000110101
000000000000000000000000000000000000000000000000000000000000000000000000000000000000000000000000000010011011000111101110000000011010001011011111100011101111010111111100110101111010011111111101011110100000111010111011100111111101111001011111000000000111011011011000000001001111101011000000110111111110
111111111111111111111111111111111111111111111111111111111111111111111111111111111111111111111111111101100101111010010001111111100101110100100000011100011001101000000011001011001101100000000010110001011111001101010100011000000010001110110000111111111001111110100111111110110111010100111111001011001001
111111111111111111111111111111111111111111111111111111111111111111111111111111111111111111111111111110010010111101100110000000001011111011001111100010100110010001111100110100110010000111110001001110100000110111101010100111111100110111101101000000000010100101011000000001001000101001000000110100110110
000000000000000000000000000000000000000000000000000000000000000000000000000000000000000000000000000000001101000010011000001111010100000100110000000001011001101110000000001011001101111000001110110001011110001010110101001000000001001001010010000111110101011010100000001100110111010110000000001011111001
111111111111111111111111111111111111111111111111111111111111111111111111111111111111111111111111111111110010111101100111110000101011111011001111111110100110010001111111110100110010000111110001001110100001110101001010110000000010110110101101111000001010100101011111110011001000101001111111110100000110
111111111111111111111111111111111111111111111111111111111111111111111111111111111111111111111111111100001101000110011000000000010110001100110000000001011111101110000000001011111101111000001110111111010000001011111101000111111101011111010010000000000101011010100000000000111111110110000000001011111101
000000000000000000000000000000000000000000000000000000000000000000000000000000000000000000000000000001100010111001100001111111101001110011000000011100100000010000000011000100000010000000000001000000101111010100010010011000000010101000101100111111111010111101000111111110000111001000111111000101001010
111111111111111111111111111111111111111111111111111111111111111111111111111111111111111111111111111110011101000110011110000000010110001100111111100011011111101111111100111011111101111111111110111111010000101011101101100000000001010111010011000000000101000010111000000001111000110111000000111010110101
111111111111111111111111111111111111111111111111111111111111111111111111111111111111111111111111111100000010111001100000001111001101110111000000000000110000110000000000000110000110000000000001100001101110010111110110001111111100101111101100000111110010111101000000001100010111011000000000000101111010
000000000000000000000000000000000000000000000000000000000000000000000000000000000000000000000000000011111001111110001111110000110011111000011111111111001111000111111111110001111000011111111100011110000001101100011001110000000011011000110011111000001101111110011111110011001111100011111111110011001100
111111111111111111111111111111111111111111111111111111111111111111111111111111111111111111111111111100000110000001110000000000001100000111100000000000110000111000000000001110000111100000000011100001110000010011100110000000000000100111001100000000000010000001100000000000110000011100000000001100110011
111111111111111111111111111111111111111111111111111111111111111111111111111111111111111111111111111111110001111110000111111111100011111000001111111110001111000001111111110001111000000111110000011110001111101111111000111111111110011111110001111111111001111110011111111111001111100001111111110011111100
000000000000000000000000000000000000000000000000000000000000000000000000000000000000000000000000000000001111000011111000000000011100000111110000000001111001111110000000001111001111111000001111110001110000011000000111000000000001100000011110000000000111000011100000000000110000011110000000001110000011
111111111111111111111111111111111111111111111111111111111111111111111111111111111111111111111111111100000000111100000000001111000011111000000000000000000110000000000000000000110000000000000000001110001110000111111000001111111100011111100000000111110000111100000000001100001111100000000000000001111100
111111111111111111111111111111111111111111111111111111111111111111111111111111111111111111111111111111111111111111111111110000111111111111111111111111111111111111111111111111111111111111111111111111110001111111111111110000000011111111111111111000001111111111111111110011111111111111111111111111111111
000000000000000000000000000000000000000000000000000000000000000000000000000000000000000000000000000000000000000000000000000000000000000000000000000000000000000000000000000000000000000000000000000000000000000000000000000000000000000000000000000000000000000000000000000000000000000000000000000000000000
111111111111111111111111111111111111111111111111111111111111111111111111111111111111111111111111111111111111111111111111111111111111111111111111111111111111111111111111111111111111111111111111111111111111111111111111111111111111111111111111111111111111111111111111111111111111111111111111111111111111
000000000000000000000000000000000000000000000000000000000000000000000000000000000000000000000000000000000000000000000000000000000000000000000000000000000000000000000000000000000000000000000000000000000000000000000000000000000000000000000000000000000000000000000000000000000000000000000000000000000000
000000000000000000000000000000000000000000000000000000000000000000000000000000000000000000000000000000000000000000000000000000000000000000000000000000000000000000000000000000000000000000000000000000000000000000000000000000000000000000000000000000000000000000000000000000000000000000000000000000000000
000000000000000000000000000000000000000000000000000000000000000000000000000000000000000000000000000000000000000000000000000000000000000000000000000000000000000000000000000000000000000000000000000000000000000000000000000000000000000000000000000000000000000000000000000000000000000000000000000000000000
000000000000000000000000000000000000000000000000000000000000000000000000000000000000000000000000000000000000000000000000000000000000000000000000000000000000000000000000000000000000000000000000000000000000000000000000000000000000000000000000000000000000000000000000000000000000000000000000000000000000
000000000000000000000000000000000000000000000000000000000000000000000000000000000000000000000000000000000000000000000000000000000000000000000000000000000000000000000000000000000000000000000000000000000000000000000000000000000000000000000000000000000000000000000000000000000000000000000000000000000000
000000000000000000000000000000000000000000000000000000000000000000000000000000000000000000000000000000000000000000000000000000000000000000000000000000000000000000000000000000000000000000000000000000000000000000000000000000000000000000000000000000000000000000000000000000000000000000000000000000000000
000000000000000000000000000000000000000000000000000000000000000000000000000000000000000000000000000000000000000000000000000000000000000000000000000000000000000000000000000000000000000000000000000000000000000000000000000000000000000000000000000000000000000000000000000000000000000000000000000000000000
000000000000000000000000000000000000000000000000000000000000000000000000000000000000000000000000000000000000000000000000000000000000000000000000000000000000000000000000000000000000000000000000000000000000000000000000000000000000000000000000000000000000000000000000000000000000000000000000000000000000
000000000000000000000000000000000000000000000000000000000000000000000000000000000000000000000000000000000000000000000000000000000000000000000000000000000000000000000000000000000000000000000000000000000000000000000000000000000000000000000000000000000000000000000000000000000000000000000000000000000000
000000000000000000000000000000000000000000000000000000000000000000000000000000000000000000000000000000000000000000000000000000000000000000000000000000000000000000000000000000000000000000000000000000000000000000000000000000000000000000000000000000000000000000000000000000000000000000000000000000000000
111111111111111111111111111111111111111111111111111111111111111111111111111111111111111111111111111111111111111111111111111111111111111111111111111111111111111111111111111111111111111111111111111111111111111111111111111111111111111111111111111111111111111111111111111111111111111111111111111111111111
000000000000000000000000000000000000000000000000000000000000000000000000000000000000000000000000000000000000000000000000000000000000000000000000000000000000000000000000000000000000000000000000000000000000000000000000000000000000000000000000000000000000000000000000000000000000000000000000000000000000
111111111111111111111111111111111111111111111111111111111111111111111111111111111111111111111111111111111111111111111111111111111111000011111111111111111111111111111111111111111111111111111111111111111111110000000111111111111111000000001111111111111111100000111111111111111111001111111111111111111111
111111111111111111111111111111111111111111111111111111111111111111111111111111111111111111111111111100000000000000000011100000000000111100000111000000000000000000000000000000000000000000000000000000001000001111111000011111000000111111110000111110000000011111000011110000000000110000011100000000000000
000000000000000000000000000000000000000000000000000000000000000000000000000000000000000000000000000011111000000000111100011111100000000001111000111111000000000111111111111000000000111111111111100000110111000000000001100000111100000000000111000001111000000000011100001110000000000011100011111000000000
111111111111111111111111111111111111111111111111111111111111111111111111111111111111111111111111111111000111111111000111111000011111111110001111100000111111111000111100000111111111000111100000011111001100111111111110111111100011111111111001111111000111111111100111111001111111111100111110000111111111
111111111111111111111111111111111111111111111111111111111111111111111111111111111111111111111111111100110000000000011000000111000000000000110000011110000000000011000011100000000000111000011110000000000011000000000001001110011000000000000010011100110000000000001000000110000000000011000001110000000000
000000000000000000000000000000000000000000000000000000000000000000000000000000000000000000000000000011001111111111100111111000111111000011001111100001111111111100111100011111111111000111100001111111111100110000000110110001100111000000001101100011001111100000110111111001111111001100111110001111111111
111111111111111111111111111111111111111111111111111111111111111111111111111111111111111111111111111100100000000000001011100110000000111100110111011100000000000011000011000000000000011000011000000000001010001111111001011111011000111111110010111110110000011111001011110100000000110001011101100000000000
111111111111111111111111111111111111111111111111111111111111111111111111111111111111111111111111111111011111111001110100011001111000000001011000110011111110001101111110111111110011101111110111111111110111100000000010101110110110000000000101011101001100000000010100001011100000000111100011011100000011
000000000000000000000000000000000000000000000000000000000000000000000000000000000000000000000000000010100000000110001011110110000111111110101111101100000001110010011001000000001100010011001000000000001100011111111101010001101001100000001011100010110011111111101011110100011111111000111110100011111100
111111111111111111111111111111111111111111111111111111111111111111111111111111111111111111111111111101011000000000110100001001100000000001010000010011000000000101100110111000000000101100110111100000111011000000000000101111010100011111110100111101001000000000010101101010000000000011011101011000000000
111111111111111111111111111111111111111111111111111111111111111111111111111111111111111111111111111110100111111111001011110110011111000010101111101100111111111010011001000111111111010011001000011111000100110000000111010100101011000000001011011010110111100000101010010101111111001100100010100111111111
000000000000000000000000000000000000000000000000000000000000000000000000000000000000000000000000000001011000000000110100001001100000111101010000010011000000000101100110111000000000101100110111100000111011001111111000101011010100100000000100100101001000011111010101101010000000110011011101011000000000
111111111111111111111111111111111111111111111111111111111111111111111111111111111111111111111111111110100111111001001011110110011000000000101111101100111110001010011001000111110011010011001000011111000100100000000011011110101010011111110011011110110100000000001010010101100000000100100010100100000011
111111111111111111111111111111111111111111111111111111111111111111111111111111111111111111111111111101010000000110010111101001000111111110010111010010000001110001100110100000001100101100110110000000001011011111111100110101010001100000001000111011000011111111100111111010011111111011011101010011111100
000000000000000000000000000000000000000000000000000000000000000000000000000000000000000000000000000011101111111001101100011110111000000001101000101101111110001110111101011111110011010111101001111111111100100000000011101011101110011111110111100101111100000000011101101101100000000100111110101100000011
111111111111111111111111111111111111111111111111111111111111111111111111111111111111111111111111111100010000000110010011100001000111000010010111010010000001110001000010100000001100101000010110000000000011010000000100011110010001000000001000011110000011100000100010010010011111001011000001010011111100
111111111111111111111111111111111111111111111111111111111111111111111111111111111111111111111111111111101000000000101100011110100000111101101000101101000000000110111101011000000000010111101001100000111100001111111001100101101100100000000111111001111000011111011101101100000000110000111110101000000000
000000000000000000000000000000000000000000000000000000000000000000000000000000000000000000000000000010010111111001010011110001011000000000011111110010111110001001011010100111110011101011010110011111000111100000000010011010110010011111110001000110000100000000000010010011100000000111100011010100000011
111111111111111111111111111111111111111111111111111111111111111111111111111111111111111111111111111101101000000110101111101110100111000011100111001101000001110110100101011000001100010100101001100000111000010000000101110101001101000000001110111011111011100000111111111100011111001000011100101011111100
111111111111111111111111111111111111111111111111111111111111111111111111111111111111111111111111111110010111111001010000010001011000111100011000110010111110001001011010100111110011101011010110011111001111101111111010001111110010100000000001111100000100011111000001100011100000110111111111010100000011
000000000000000000000000000000000000000000000000000000000000000000000000000000000000000000000000000001101000000110101111101110100111000011100111001101000001110110100101011000001100010100101001100000110000010000000101111010001101011111111110000111111011100000111110011100011111001000000000101011111100
111111111111111111111111111111111111111111111111111111111111111111111111111111111111111111111111111110010111111001010000010001011000111100011000110010111110001001011010100111110011101011010110011111001111101111111010000101110010100000000001111000000100011111000001100011100000110111111111010100000011
111111111111111111111111111111111111111111111111111111111111111111111111111111111111111111111111111111101000000110101111111110100111000011111111111101000001110111111111011000001100011111111001100000111110010000000101111111111101011111111111111111111011100000111111111100011111001001111111101011111100
000000000000000000000000000000000000000000000000000000000000000000000000000000000000000000000000000001100000000000001111101100000000000000000111001000000000000000100101000000000000010100101000000000000000000000000000111010000000000000000010000111100000000000000110011100000000000000000000100000000000
111111111111111111111111111111111111111111111111111111111111111111111111111111111111111111111111111110010111111001010000010001011000111100011000110010111110001001011010100111110011101011010110011111001111101111111010000101110010100000000001111000000100011111000001100011100000110111111111010100000011
000000000000000000000000000000000000000000000000000000000000000000000000000000000000000000000000000001101000000110101111101110100111000011100111001101000001110110100101011000001100010100101001100000110000010000000101111010001101011111111110000111111011100000111110011100011111001000000000101011111100
111111111111111111111111111111111111111111111111111111111111111111111111111111111111111111111111111110010111111001010000010001011000111100011000110010111110001001011010100111110011101011010110011111001111101111111010001111110010100000000001111100000100011111000001100011100000110111111111010100000011
111111111111111111111111111111111111111111111111111111111111111111111111111111111111111111111111111101101000000110101111101110100111000011100111001101000001110110100101011000001100010100101001100000111000010000000101110101001101000000001110111011111011100000111111111100011111001000011100101011111100
000000000000000000000000000000000000000000000000000000000000000000000000000000000000000000000000000010010111111001010011110001011000000000011111110010111110001001011010100111110011101011010110011111000111100000000010011010110010011111110001000110000100000000000010010011100000000111100011010100000011
111111111111111111111111111111111111111111111111111111111111111111111111111111111111111111111111111101101000000000101100001110100000111101100000001101000000000110100101011000000000010100101001100000111000001111111001100101001100100000000110111001111000011111011101101100000000110000011100101000000000
111111111111111111111111111111111111111111111111111111111111111111111111111111111111111111111111111110010000000110010011110001000111000010011111110010000001110001011010100000001100101011010110000000000111010000000100011110110001000000001001011110000011100000100010010010011111001011100011010011111100
000000000000000000000000000000000000000000000000000000000000000000000000000000000000000000000000000011101111111001101100011110111000000001101000101101111110001110111101011111110011010111101001111111111100100000000011101011101110011111110111100101111100000000011101101101100000000100111110101100000011
111111111111111111111111111111111111111111111111111111111111111111111111111111111111111111111111111101010000000110010111101001000111111110010111010010000001110001100110100000001100101100110110000000001011011111111100110101010001100000001000111011000011111111100111111010011111111011011101010011111100
111111111111111111111111111111111111111111111111111111111111111111111111111111111111111111111111111110100111111001001011110110011000000000101111101100111110001010011001000111110011010011001000011111000100100000000011011110101010011111110011011110110100000000001010010101100000000100100010100100000011
000000000000000000000000000000000000000000000000000000000000000000000000000000000000000000000000000001011000000000110100001001100000111101010000010011000000000101100110111000000000101100110111100000111011001111111000101011010100100000000100100101001000011111010101101010000000110011011101011000000000
111111111111111111111111111111111111111111111111111111111111111111111111111111111111111111111111111110100111111111001011110110011111000010101111101100111111111010011001000111111111010011001000011111000100110000000111010100101011000000001011011010110111100000101010010101111111001100100010100111111111
111111111111111111111111111111111111111111111111111111111111111111111111111111111111111111111111111111011000000000110100011001100000000001011000110011000000000101111110111000000000101111110111100000111111000000000000101111110100011111110101111101001000000000010101101010000000000011111111011000000000
000000000000000000000000000000000000000000000000000000000000000000000000000000000000000000000000000000100000000110001011100110000111111110100111001100000001110010000001000000001100010000001000000000001000011111111101010001001001100000001010100010110011111111101011110100011111111000011100100011111100
111111111111111111111111111111111111111111111111111111111111111111111111111111111111111111111111111111011111111001110100011001111000000001011000110011111110001101111110111111110011101111110111111111110111100000000010101110110110000000000101011101001100000000010100001011100000000111100011011100000011
111111111111111111111111111111111111111111111111111111111111111111111111111111111111111111111111111100100000000000001011100110000000111100110111011100000000000011000011000000000000011000011000000000001010001111111001011111011000111111110010111110110000011111001011110100000000110001011101100000000000
000000000000000000000000000000000000000000000000000000000000000000000000000000000000000000000000000011001111111111100111111000111111000011001111100001111111111100111100011111111111000111100001111111111100110000000110110001100111000000001101100011001111100000110111111001111111001100111110001111111111
111111111111111111111111111111111111111111111111111111111111111111111111111111111111111111111111111100110000000000011000000111000000000000110000011110000000000011000011100000000000111000011110000000000011000000000001001110011000000000000010011100110000000000001000000110000000000011000001110000000000
111111111111111111111111111111111111111111111111111111111111111111111111111111111111111111111111111111000111111111000111111000011111111110001111100000111111111000111100000111111111000111100000011111001100111111111110111111100011111111111001111111000111111111100111111001111111111100111110000111111111
000000000000000000000000000000000000000000000000000000000000000000000000000000000000000000000000000001111000000000111100001111100000000001110000011111000000000111100111111000000000111100111111100000110011000000000001100000011100000000000110000001111000000000011100001110000000000011000001111000000000
111111111111111111111111111111111111111111111111111111111111111111111111111111111111111111111111111110000000000000000011110000000000111100001111100000000000000000011000000000000000000011000000000000001100001111111000011111100000111111110001111110000000011111000011110000000000110000111110000000000000
111111111111111111111111111111111111111111111111111111111111111111111111111111111111111111111111111111111111111111111111111111111111000011111111111111111111111111111111111111111111111111111111111111111111110000000111111111111111000000001111111111111111100000111111111111111111001111111111111111111111
000000000000000000000000000000000000000000000000000000000000000000000000000000000000000000000000000000000000000000000000000000000000000000000000000000000000000000000000000000000000000000000000000000000000000000000000000000000000000000000000000000000000000000000000000000000000000000000000000000000000
111111111111111111111111111111111111111111111111111111111111111111111111111111111111111111111111111111111111111111111111111111111111111111111111111111111111111111111111111111111111111111111111111111111111111111111111111111111111111111111111111111111111111111111111111111111111111111111111111111111111
000000000000000000000000000000000000000000000000000000000000000000000000000000000000000000000000000000000000000000000000000000000000000000000000000000000000000000000000000000000000000000000000000000000000000000000000000000000000000000000000000000000000000000000000000000000000000000000000000000000000
000000000000000000000000000000000000000000000000000000000000000000000000000000000000000000000000000000000000000000000000000000000000000000000000000000000000000000000000000000000000000000000000000000000000000000000000000000000000000000000000000000000000000000000000000000000000000000000000000000000000
000000000000000000000000000000000000000000000000000000000000000000000000000000000000000000000000000000000000000000000000000000000000000000000000000000000000000000000000000000000000000000000000000000000000000000000000000000000000000000000000000000000000000000000000000000000000000000000000000000000000
000000000000000000000000000000000000000000000000000000000000000000000000000000000000000000000000000000000000000000000000000000000000000000000000000000000000000000000000000000000000000000000000000000000000000000000000000000000000000000000000000000000000000000000000000000000000000000000000000000000000
000000000000000000000000000000000000000000000000000000000000000000000000000000000000000000000000000000000000000000000000000000000000000000000000000000000000000000000000000000000000000000000000000000000000000000000000000000000000000000000000000000000000000000000000000000000000000000000000000000000000
000000000000000000000000000000000000000000000000000000000000000000000000000000000000000000000000000000000000000000000000000000000000000000000000000000000000000000000000000000000000000000000000000000000000000000000000000000000000000000000000000000000000000000000000000000000000000000000000000000000000
000000000000000000000000000000000000000000000000000000000000000000000000000000000000000000000000000000000000000000000000000000000000000000000000000000000000000000000000000000000000000000000000000000000000000000000000000000000000000000000000000000000000000000000000000000000000000000000000000000000000
000000000000000000000000000000000000000000000000000000000000000000000000000000000000000000000000000000000000000000000000000000000000000000000000000000000000000000000000000000000000000000000000000000000000000000000000000000000000000000000000000000000000000000000000000000000000000000000000000000000000
000000000000000000000000000000000000000000000000000000000000000000000000000000000000000000000000000000000000000000000000000000000000000000000000000000000000000000000000000000000000000000000000000000000000000000000000000000000000000000000000000000000000000000000000000000000000000000000000000000000000
000000000000000000000000000000000000000000000000000000000000000000000000000000000000000000000000000000000000000000000000000000000000000000000000000000000000000000000000000000000000000000000000000000000000000000000000000000000000000000000000000000000000000000000000000000000000000000000000000000000000
111111111111111111111111111111111111111111111111111111111111111111111111111111111111111111111111111111111111111111111111111111111111111111111111111111111111111111111111111111111111111111111111111111111111111111111111111111111111111111111111111111111111111111111111111111111111111111111111111111111111
000000000000000000000000000000000000000000000000000000000000000000000000000000000000000000000000000000000000000000000000000000000000000000000000000000000000000000000000000000000000000000000000000000000000000000000000000000000000000000000000000000000000000000000000000000000000000000000000000000000000
111111111111111111111111111111111111111111111111111111111111111111111111111111111111111111111111111111111111111111111111111111111111111111111100001111111111111111111111111111111111111111111111111111110000111111111111000000011111111111111100000000111111111111111110000011111111111111111100111111111111
111111111111111111111111111111111111111111111111111111111111111111111111111111111111111111111111111100000000000000000000000000001110000000000011110000011100000000000000000000000000000000000000000000001111000011100000111111100001111100000011111111000011111000000001111100001111000000000011000001110000
000000000000000000000000000000000000000000000000000000000000000000000000000000000000000000000000000000000111111111100000000011110001111110000000000111100011111100000000011111111111100000000011111111110000011100011100000000000110000011110000000000011100000111100000000001110000111000000000001110001111
111111111111111111111111111111111111111111111111111111111111111111111111111111111111111111111111111111111001111100011111111100011111100001111111111000111110000011111111100011110000011111111100011110001111100111110011111111111011111110001111111111100111111100011111111110011111100111111111110011111000
111111111111111111111111111111111111111111111111111111111111111111111111111111111111111111111111111100000110000011000000000001100000011100000000000011000001111000000000001100001110000000000011100001110000011001001100000000000100111001100000000000001001110011000000000000100000011000000000001100000111
000000000000000000000000000000000000000000000000000000000000000000000000000000000000000000000000000011111001111100111111111110011111100011111100001100111110000111111111110011110001111111111100011110000000100110110011000000011011000110011100000000110110001100111110000011011111100111111100110011111000
111111111111111111111111111111111111111111111111111111111111111111111111111111111111111111111111111100000010000010000000000000101110011000000011110011011101110000000000001100001100000000000001100001101111001011101000111111100101111101100011111111001011111011000001111100101111010000000011000101110110
111111111111111111111111111111111111111111111111111111111111111111111111111111111111111111111111111110001101111101111111100111010001100111100000000101100011001111111000110111111011111111001110111111010000011101011110000000001010111011011000000000010101110100110000000001010000101110000000011110001101
000000000000000000000000000000000000000000000000000000000000000000000000000000000000000000000000000001110010111010000000011000101111011000011111111010111110110000000111001001100100000000110001001100101101100110110001111111110101000110100110000000101110001011001111111110101111010001111111100011111010
111111111111111111111111111111111111111111111111111111111111111111111111111111111111111111111111111100000101000101100000000011010000100110000000000101000001001100000000010110011011100000000010110011010010011011101100000000000010111101010001111111010011110100100000000001010110101000000000001101110101
111111111111111111111111111111111111111111111111111111111111111111111111111111111111111111111111111111111010111010011111111100101111011001111100001010111110110011111111101001100100011111111101001100100000100100010011000000011101010010101100000000101101101011011110000010101001010111111100110010001010
000000000000000000000000000000000000000000000000000000000000000000000000000000000000000000000000000000000101000101100000000011010000100110000011110101000001001100000000010110011011100000000010110011011101011011101100111111100010101101010010000000010010010100100001111101010110101000000011001101110101
111111111111111111111111111111111111111111111111111111111111111111111111111111111111111111111111111110001010111010011111100100101111011001100000000010111110110011111000101001100100011111001101001100100010000101010010000000001101111010101001111111001101111011010000000000101001010110000000010010001010
111111111111111111111111111111111111111111111111111111111111111111111111111111111111111111111111111101110101000101000000011001011110100100011111111001011101001000000111000110011010000000110010110011011101111010101101111111110011010101000110000000100011101100001111111110011111101001111111101101110101
000000000000000000000000000000000000000000000000000000000000000000000000000000000000000000000000000010001011111110111111100110110001111011100000000110100010110111111000111011110101111111001101011110100010000111110010000000001110101110111001111111011110010111110000000001110110110110000000010011111010
111111111111111111111111111111111111111111111111111111111111111111111111111111111111111111111111111101110100000001000000011001001110000100011100001001011101001000000111000100001010000000110010100001010000111001001101000000010001111001000100000000100001111000001110000010001001001001111100101100000101
111111111111111111111111111111111111111111111111111111111111111111111111111111111111111111111111111100000011111110100000000010110001111010000011110110100010110100000000011011110101100000000001011110101101000110110000111111100110010110110010000000011111100111100001111101110110110000000011000011111010
000000000000000000000000000000000000000000000000000000000000000000000000000000000000000000000000000010001100111001011111100101001111000101100000000001111111001011111000100101101010011111001110101101010010011101011110000000001001101011001001111111000100011000010000000000001001001110000000011110001101
111111111111111111111111111111111111111111111111111111111111111111111111111111111111111111111111111101110011000110100000011010111110111010011100001110011100110100000111011010010101100000110001010010100000100010100001000000010111010100110100000000111011101111101110000011111111110001111100100001110010
111111111111111111111111111111111111111111111111111111111111111111111111111111111111111111111111111110001100111001011111100101000001000101100011110001100011001011111000100101101010011111001110101101011101011111111110111111101000111111001010000000000111110000010001111100000110001110000011011111111101
000000000000000000000000000000000000000000000000000000000000000000000000000000000000000000000000000001110011000110100000011010111110111010011100001110011100110100000111011010010101100000110001010010100010100001000001000000010111101000110101111111111000011111101110000011111001110001111100100000000010
111111111111111111111111111111111111111111111111111111111111111111111111111111111111111111111111111110001100111001011111100101000001000101100011110001100011001011111000100101101010011111001110101101011101011110111110111111101000010111001010000000000111100000010001111100000110001110000011011111111101
111111111111111111111111111111111111111111111111111111111111111111111111111111111111111111111111111101110011111110100000011010111111111010011100001111111111110100000111011111111101100000110001111111100010101111111001000000010111111111110101111111111111111111101110000011111111110001111100100111111110
000000000000000000000000000000000000000000000000000000000000000000000000000000000000000000000000000000000011000110000000000000111110110000000000000000011100100000000000000010010100000000000001010010100000000001000000000000000011101000000000000000001000011110000000000000011001110000000000000000000010
111111111111111111111111111111111111111111111111111111111111111111111111111111111111111111111111111110001100111001011111100101000001000101100011110001100011001011111000100101101010011111001110101101011101011110111110111111101000010111001010000000000111100000010001111100000110001110000011011111111101
000000000000000000000000000000000000000000000000000000000000000000000000000000000000000000000000000001110011000110100000011010111110111010011100001110011100110100000111011010010101100000110001010010100010100001000001000000010111101000110101111111111000011111101110000011111001110001111100100000000010
111111111111111111111111111111111111111111111111111111111111111111111111111111111111111111111111111110001100111001011111100101000001000101100011110001100011001011111000100101101010011111001110101101011101011111111110111111101000111111001010000000000111110000010001111100000110001110000011011111111101
111111111111111111111111111111111111111111111111111111111111111111111111111111111111111111111111111101110011000110100000011010111110111010011100001110011100110100000111011010010101100000110001010010100000100010100001000000010111010100110100000000111011101111101110000011111111110001111100100001110010
000000000000000000000000000000000000000000000000000000000000000000000000000000000000000000000000000010001100111001011111100101001111000101100000000001111111001011111000100101101010011111001110101101010010011101011110000000001001101011001001111111000100011000010000000000001001001110000000011110001101
111111111111111111111111111111111111111111111111111111111111111111111111111111111111111111111111111100000011000110100000000010110000111010000011110110000000110100000000011010010101100000000001010010101101000010100000111111100110010100110010000000011011100111100001111101110110110000000011000001110010
111111111111111111111111111111111111111111111111111111111111111111111111111111111111111111111111111101110100111001000000011001001111000100011100001001111111001000000111000101101010000000110010101101010000111101011101000000010001111011000100000000100101111000001110000010001001001001111100101110001101
000000000000000000000000000000000000000000000000000000000000000000000000000000000000000000000000000010001011111110111111100110110001111011100000000110100010110111111000111011110101111111001101011110100010000111110010000000001110101110111001111111011110010111110000000001110110110110000000010011111010
111111111111111111111111111111111111111111111111111111111111111111111111111111111111111111111111111101110101000101000000011001011110100100011111111001011101001000000111000110011010000000110010110011011101111010101101111111110011010101000110000000100011101100001111111110011111101001111111101101110101
111111111111111111111111111111111111111111111111111111111111111111111111111111111111111111111111111110001010111010011111100100101111011001100000000010111110110011111000101001100100011111001101001100100010000101010010000000001101111010101001111111001101111011010000000000101001010110000000010010001010
000000000000000000000000000000000000000000000000000000000000000000000000000000000000000000000000000000000101000101100000000011010000100110000011110101000001001100000000010110011011100000000010110011011101011011101100111111100010101101010010000000010010010100100001111101010110101000000011001101110101
111111111111111111111111111111111111111111111111111111111111111111111111111111111111111111111111111111111010111010011111111100101111011001111100001010111110110011111111101001100100011111111101001100100000100100010011000000011101010010101100000000101101101011011110000010101001010111111100110010001010
111111111111111111111111111111111111111111111111111111111111111111111111111111111111111111111111111100000101111101100000000011010001100110000000000101100011001100000000010111111011100000000010111111010010011111111100000000000010111111010001111111010111110100100000000001010110101000000000001111111101
000000000000000000000000000000000000000000000000000000000000000000000000000000000000000000000000000001110010000010000000011000101110011000011111111010011100110000000111001000000100000000110001000000101101100010100001111111110101000100100110000000101010001011001111111110101111010001111111100001110010
111111111111111111111111111111111111111111111111111111111111111111111111111111111111111111111111111110001101111101111111100111010001100111100000000101100011001111111000110111111011111111001110111111010000011101011110000000001010111011011000000000010101110100110000000001010000101110000000011110001101
111111111111111111111111111111111111111111111111111111111111111111111111111111111111111111111111111100000010000010000000000000101110011000000011110011011101110000000000001100001100000000000001100001101111001011101000111111100101111101100011111111001011111011000001111100101111010000000011000101110110
000000000000000000000000000000000000000000000000000000000000000000000000000000000000000000000000000011111001111100111111111110011111100011111100001100111110000111111111110011110001111111111100011110000000100110110011000000011011000110011100000000110110001100111110000011011111100111111100110011111000
111111111111111111111111111111111111111111111111111111111111111111111111111111111111111111111111111100000110000011000000000001100000011100000000000011000001111000000000001100001110000000000011100001110000011001001100000000000100111001100000000000001001110011000000000000100000011000000000001100000111
111111111111111111111111111111111111111111111111111111111111111111111111111111111111111111111111111111111001111100011111111100011111100001111111111000111110000011111111100011110000011111111100011110001111100111110011111111111011111110001111111111100111111100011111111110011111100111111111110011111000
000000000000000000000000000000000000000000000000000000000000000000000000000000000000000000000000000000000111000111100000000011110000111110000000000111000001111100000000011110011111100000000011110011110000011000001100000000000110000001110000000000011000000111100000000001110000111000000000001100000111
111111111111111111111111111111111111111111111111111111111111111111111111111111111111111111111111111100000000111000000000000000001111000000000011110000111110000000000000000001100000000000000000001100001111000111110000111111100001111110000011111111000111111000000001111100001111000000000011000011111000
111111111111111111111111111111111111111111111111111111111111111111111111111111111111111111111111111111111111111111111111111111111111111111111100001111111111111111111111111111111111111111111111111111110000111111111111000000011111111111111100000000111111111111111110000011111111111111111100111111111111
000000000000000000000000000000000000000000000000000000000000000000000000000000000000000000000000000000000000000000000000000000000000000000000000000000000000000000000000000000000000000000000000000000000000000000000000000000000000000000000000000000000000000000000000000000000000000000000000000000000000
111111111111111111111111111111111111111111111111111111111111111111111111111111111111111111111111111111111111111111111111111111111111111111111111111111111111111111111111111111111111111111111111111111111111111111111111111111111111111111111111111111111111111111111111111111111111111111111111111111111111
000000000000000000000000000000000000000000000000000000000000000000000000000000000000000000000000000000000000000000000000000000000000000000000000000000000000000000000000000000000000000000000000000000000000000000000000000000000000000000000000000000000000000000000000000000000000000000000000000000000000
000000000000000000000000000000000000000000000000000000000000000000000000000000000000000000000000000000000000000000000000000000000000000000000000000000000000000000000000000000000000000000000000000000000000000000000000000000000000000000000000000000000000000000000000000000000000000000000000000000000000
000000000000000000000000000000000000000000000000000000000000000000000000000000000000000000000000000000000000000000000000000000000000000000000000000000000000000000000000000000000000000000000000000000000000000000000000000000000000000000000000000000000000000000000000000000000000000000000000000000000000
000000000000000000000000000000000000000000000000000000000000000000000000000000000000000000000000000000000000000000000000000000000000000000000000000000000000000000000000000000000000000000000000000000000000000000000000000000000000000000000000000000000000000000000000000000000000000000000000000000000000
000000000000000000000000000000000000000000000000000000000000000000000000000000000000000000000000000000000000000000000000000000000000000000000000000000000000000000000000000000000000000000000000000000000000000000000000000000000000000000000000000000000000000000000000000000000000000000000000000000000000
000000000000000000000000000000000000000000000000000000000000000000000000000000000000000000000000000000000000000000000000000000000000000000000000000000000000000000000000000000000000000000000000000000000000000000000000000000000000000000000000000000000000000000000000000000000000000000000000000000000000
000000000000000000000000000000000000000000000000000000000000000000000000000000000000000000000000000000000000000000000000000000000000000000000000000000000000000000000000000000000000000000000000000000000000000000000000000000000000000000000000000000000000000000000000000000000000000000000000000000000000
000000000000000000000000000000000000000000000000000000000000000000000000000000000000000000000000000000000000000000000000000000000000000000000000000000000000000000000000000000000000000000000000000000000000000000000000000000000000000000000000000000000000000000000000000000000000000000000000000000000000
000000000000000000000000000000000000000000000000000000000000000000000000000000000000000000000000000000000000000000000000000000000000000000000000000000000000000000000000000000000000000000000000000000000000000000000000000000000000000000000000000000000000000000000000000000000000000000000000000000000000
000000000000000000000000000000000000000000000000000000000000000000000000000000000000000000000000000000000000000000000000000000000000000000000000000000000000000000000000000000000000000000000000000000000000000000000000000000000000000000000000000000000000000000000000000000000000000000000000000000000000
111111111111111111111111111111111111111111111111111111111111111111111111111111111111111111111111111111111111111111111111111111111111111111111111111111111111111111111111111111111111111111111111111111111111111111111111111111111111111111111111111111111111111111111111111111111111111111111111111111111111
000000000000000000000000000000000000000000000000000000000000000000000000000000000000000000000000000000000000000000000000000000000000000000000000000000000000000000000000000000000000000000000000000000001100000000000000000000000000000000000000000000000000000000000000000000000000000000000000000000000000
111111111111111111111111111111111111111111111111111111111111111111111111111111111111111111111111111111111111111111111111111111111111111111111111111111110000111111111111111111111111111111111111111111110011111111000011111111111100000001111111111111110000000011111111111111111000001111111111111111110011
111111111111111111111111111111111111111111111111111111111111111111111111111111111111111111111111111111000000000000000000000000000000000000111000000000001111000001110000000000000000000000000000000000001110000000111100001110000011111110000111110000001111111100001111100000000111110000111100000000001100
000000000000000000000000000000000000000000000000000000000000000000000000000000000000000000000000000000111110000000011111111110000000001111000111111000000000011110001111110000000001111111111110000000001101110000000001110001110000000000011000001111000000000001110000011110000000000111000011100000000000
111111111111111111111111111111111111111111111111111111111111111111111111111111111111111111111111111111100001111111100111110001111111110001111110000111111111100011111000001111111110001111000001111111110011001111111110011111001111111111101111111000111111111110011111110001111111111001111110011111111111
111111111111111111111111111111111111111111111111111111111111111111111111111111111111111111111111111110011000000000011000001100000000000110000001110000000000001100000111100000000000110000111000000000001100100000000001100100110000000000010011100110000000000000100111001100000000000010000001100000000000
000000000000000000000000000000000000000000000000000000000000000000000000000000000000000000000000000001100111111111100111110011111111111001111110001111110000110011111000011111111111001111000111111111111111011111000010011011001100000001101100011001110000000011011000110011111000001101111110011111110011
111111111111111111111111111111111111111111111111111111111111111111111111111111111111111111111111111111011000000000001000001000000000000010111001100000001111001101110111000000000000110000110000000000000010100000111100101110100011111110010111110110001111111100101111101100000111110010111101000000001100
111111111111111111111111111111111111111111111111111111111111111111111111111111111111111111111111111110110111111000110111110111111110011101000110011110000000010110001100111111100011011111101111111100111101011000000001110101111000000000101011101101100000000001010111010011000000000101000010111000000001
000000000000000000000000000000000000000000000000000000000000000000000000000000000000000000000000000001101000000111001011101000000001100010111101100001111111101011111011000000011100100110010000000011001110100111110110011011000111111111010100011010011000000010111000101100111111111010111101000111111110
111111111111111111111111111111111111111111111111111111111111111111111111111111111111111111111111111111010110000000010100010110000000001101000010011000000000010100000100110000000001011001101110000000000011010000001001101110110000000000001011110101000111111101001111010010000000000101011010100000000000
111111111111111111111111111111111111111111111111111111111111111111111111111111111111111111111111111100101001111111101011101001111111110010111101100111110000101011111011001111111110100110010001111111111100101111000010010001001100000001110101001010110000000010110110101101111000001010100101011111110011
000000000000000000000000000000000000000000000000000000000000000000000000000000000000000000000000000011010110000000010100010110000000001101000010011000001111010100000100110000000001011001101110000000001111010000110101101110110011111110001010110101001000000001001001010010000111110101011010100000001100
111111111111111111111111111111111111111111111111111111111111111111111111111111111111111111111111111110101001111000101011101001111110010010111101100110000000001011111011001111100010100110010001111100111000101000001000010101001000000000110111101010100111111100110111101101000000000010100101011000000001
111111111111111111111111111111111111111111111111111111111111111111111111111111111111111111111111111101010000000111010100010100000001100101111010010001111111100101110100100000011100011001101000000011000111000111110111101010110111111111001101010100011000000010001110110000111111111001111110100111111110
000000000000000000000000000000000000000000000000000000000000000000000000000000000000000000000000000011101111111000101111111011111110011011000111101110000000011010001011011111100011101111010111111100111111111000001000011111001000000000111010111011100111111101111001011111000000000111011011011000000001
111111111111111111111111111111111111111111111111111111111111111111111111111111111111111111111111111110010000000111010000000100000001100100111000010001110000100101110100100000011100010000101000000011001000000111000011100100110100000001000111100100010000000010000111100000111000001000100100100111110010
111111111111111111111111111111111111111111111111111111111111111111111111111111111111111111111111111101101110000000001111111010000000001011000111101000001111011010001011010000000001101111010110000000000111110000110100011011000011111110011001011011001000000001111110011110000111110111011011000000001100
000000000000000000000000000000000000000000000000000000000000000000000000000000000000000000000000000010110001111000110011100101111110010100111100010110000000000111111100101111100010010110101001111100111100001000001001110101111000000000100110101100100111111100010001100001000000000000100100111000000001
111111111111111111111111111111111111111111111111111111111111111111111111111111111111111111111111111101001110000111001100011010000001101011111011101001110000111001110011010000011101101001010110000011001011110111000010001010000100000001011101010011010000000011101110111110111000001111111111000111110010
111111111111111111111111111111111111111111111111111111111111111111111111111111111111111111111111111111110001111000110011100101111110010100000100010110001111000110001100101111100010010110101001111100110110001000110101111111111011111110100011111100101000000000011111000001000111110000011000111000001101
000000000000000000000000000000000000000000000000000000000000000000000000000000000000000000000000000010001110000111001100011010000001101011111011101001110000111001110011010000011101101001010110000011001101110111001010000100000100000001011110100011010111111111100001111110111000001111100111000111110010
111111111111111111111111111111111111111111111111111111111111111111111111111111111111111111111111111101110001111000110011100101111110010100000100010110001111000110001100101111100010010110101001111100111010001000110101111011111011111110100001011100101000000000011110000001000111110000011000111000001101
111111111111111111111111111111111111111111111111111111111111111111111111111111111111111111111111111111111110000111001111111010000001101011111111101001110000111111111111010000011101111111110110000011001111110111001010111111100100000001011111111111010111111111111111111110111000001111111111000111110010
000000000000000000000000000000000000000000000000000000000000000000000000000000000000000000000000000010000000000000001100011000000000000011111011000000000000000001110010000000000000001001010000000000000101000000000000000100000000000000001110100000000000000000100001111000000000000001100111000000000000
111111111111111111111111111111111111111111111111111111111111111111111111111111111111111111111111111101110001111000110011100101111110010100000100010110001111000110001100101111100010010110101001111100111010001000110101111011111011111110100001011100101000000000011110000001000111110000011000111000001101
000000000000000000000000000000000000000000000000000000000000000000000000000000000000000000000000000010001110000111001100011010000001101011111011101001110000111001110011010000011101101001010110000011001101110111001010000100000100000001011110100011010111111111100001111110111000001111100111000111110010
111111111111111111111111111111111111111111111111111111111111111111111111111111111111111111111111111111110001111000110011100101111110010100000100010110001111000110001100101111100010010110101001111100110110001000110101111111111011111110100011111100101000000000011111000001000111110000011000111000001101
111111111111111111111111111111111111111111111111111111111111111111111111111111111111111111111111111101001110000111001100011010000001101011111011101001110000111001110011010000011101101001010110000011001011110111000010001010000100000001011101010011010000000011101110111110111000001111111111000111110010
000000000000000000000000000000000000000000000000000000000000000000000000000000000000000000000000000010110001111000110011100101111110010100111100010110000000000111111100101111100010010110101001111100111100001000001001110101111000000000100110101100100111111100010001100001000000000000100100111000000001
111111111111111111111111111111111111111111111111111111111111111111111111111111111111111111111111111101001110000000001100011010000000001011000011101000001111011000000011010000000001101001010110000000000111110000110100001010000011111110011001010011001000000001101110011110000111110111011011000000001100
111111111111111111111111111111111111111111111111111111111111111111111111111111111111111111111111111110110000000111010011100100000001100100111100010001110000100111111100100000011100010110101000000011001000000111000011110101110100000001000111101100010000000010010111100000111000001000100100100111110010
000000000000000000000000000000000000000000000000000000000000000000000000000000000000000000000000000011101111111000101111111011111110011011000111101110000000011010001011011111100011101111010111111100111111111000001000011111001000000000111010111011100111111101111001011111000000000111011011011000000001
111111111111111111111111111111111111111111111111111111111111111111111111111111111111111111111111111101010000000111010100010100000001100101111010010001111111100101110100100000011100011001101000000011000111000111110111101010110111111111001101010100011000000010001110110000111111111001111110100111111110
111111111111111111111111111111111111111111111111111111111111111111111111111111111111111111111111111110101001111000101011101001111110010010111101100110000000001011111011001111100010100110010001111100111000101000001000010101001000000000110111101010100111111100110111101101000000000010100101011000000001
000000000000000000000000000000000000000000000000000000000000000000000000000000000000000000000000000011010110000000010100010110000000001101000010011000001111010100000100110000000001011001101110000000001111010000110101101110110011111110001010110101001000000001001001010010000111110101011010100000001100
111111111111111111111111111111111111111111111111111111111111111111111111111111111111111111111111111100101001111111101011101001111111110010111101100111110000101011111011001111111110100110010001111111111100101111000010010001001100000001110101001010110000000010110110101101111000001010100101011111110011
111111111111111111111111111111111111111111111111111111111111111111111111111111111111111111111111111111110110000000010111110110000000001101000110011000000000010110001100110000000001011111101110000000000011010000001001111111110000000000001011111101000111111101011111010010000000000101011010100000000000
000000000000000000000000000000000000000000000000000000000000000000000000000000000000000000000000000001001000000111001000001000000001100010111001100001111111101001110011000000011100100000010000000011001110100111110110001010000111111111010100010010011000000010101000101100111111111010111101000111111110
111111111111111111111111111111111111111111111111111111111111111111111111111111111111111111111111111110110111111000110111110111111110011101000110011110000000010110001100111111100011011111101111111100111101011000000001110101111000000000101011101101100000000001010111010011000000000101000010111000000001
111111111111111111111111111111111111111111111111111111111111111111111111111111111111111111111111111111011000000000001000001000000000000010111001100000001111001101110111000000000000110000110000000000000010100000111100101110100011111110010111110110001111111100101111101100000111110010111101000000001100
000000000000000000000000000000000000000000000000000000000000000000000000000000000000000000000000000001100111111111100111110011111111111001111110001111110000110011111000011111111111001111000111111111111111011111000010011011001100000001101100011001110000000011011000110011111000001101111110011111110011
111111111111111111111111111111111111111111111111111111111111111111111111111111111111111111111111111110011000000000011000001100000000000110000001110000000000001100000111100000000000110000111000000000001100100000000001100100110000000000010011100110000000000000100111001100000000000010000001100000000000
111111111111111111111111111111111111111111111111111111111111111111111111111111111111111111111111111111100001111111100111110001111111110001111110000111111111100011111000001111111110001111000001111111110011001111111110011111001111111111101111111000111111111110011111110001111111111001111110011111111111
000000000000000000000000000000000000000000000000000000000000000000000000000000000000000000000000000000011110000000011100011110000000001111000011111000000000011100000111110000000001111001111110000000001101110000000001100000110000000000011000000111000000000001100000011110000000000111000011100000000000
111111111111111111111111111111111111111111111111111111111111111111111111111111111111111111111111111111100000000000000011100000000000000000111100000000001111000011111000000000000000000110000000000000001110000000111100011111000011111110000111111000001111111100011111100000000111110000111100000000001100
111111111111111111111111111111111111111111111111111111111111111111111111111111111111111111111111111111111111111111111111111111111111111111111111111111110000111111111111111111111111111111111111111111110011111111000011111111111100000001111111111111110000000011111111111111111000001111111111111111110011
000000000000000000000000000000000000000000000000000000000000000000000000000000000000000000000000000000000000000000000000000000000000000000000000000000000000000000000000000000000000000000000000000000001100000000000000000000000000000000000000000000000000000000000000000000000000000000000000000000000000
111111111111111111111111111111111111111111111111111111111111111111111111111111111111111111111111111111111111111111111111111111111111111111111111111111111111111111111111111111111111111111111111111111111111111111111111111111111111111111111111111111111111111111111111111111111111111111111111111111111111
000000000000000000000000000000000000000000000000000000000000000000000000000000000000000000000000000000000000000000000000000000000000000000000000000000000000000000000000000000000000000000000000000000000000000000000000000000000000000000000000000000000000000000000000000000000000000000000000000000000000
000000000000000000000000000000000000000000000000000000000000000000000000000000000000000000000000000000000000000000000000000000000000000000000000000000000000000000000000000000000000000000000000000000000000000000000000000000000000000000000000000000000000000000000000000000000000000000000000000000000000
000000000000000000000000000000000000000000000000000000000000000000000000000000000000000000000000000000000000000000000000000000000000000000000000000000000000000000000000000000000000000000000000000000000000000000000000000000000000000000000000000000000000000000000000000000000000000000000000000000000000
000000000000000000000000000000000000000000000000000000000000000000000000000000000000000000000000000000000000000000000000000000000000000000000000000000000000000000000000000000000000000000000000000000000000000000000000000000000000000000000000000000000000000000000000000000000000000000000000000000000000
000000000000000000000000000000000000000000000000000000000000000000000000000000000000000000000000000000000000000000000000000000000000000000000000000000000000000000000000000000000000000000000000000000000000000000000000000000000000000000000000000000000000000000000000000000000000000000000000000000000000
000000000000000000000000000000000000000000000000000000000000000000000000000000000000000000000000000000000000000000000000000000000000000000000000000000000000000000000000000000000000000000000000000000000000000000000000000000000000000000000000000000000000000000000000000000000000000000000000000000000000
000000000000000000000000000000000000000000000000000000000000000000000000000000000000000000000000000000000000000000000000000000000000000000000000000000000000000000000000000000000000000000000000000000000000000000000000000000000000000000000000000000000000000000000000000000000000000000000000000000000000
000000000000000000000000000000000000000000000000000000000000000000000000000000000000000000000000000000000000000000000000000000000000000000000000000000000000000000000000000000000000000000000000000000000000000000000000000000000000000000000000000000000000000000000000000000000000000000000000000000000000
000000000000000000000000000000000000000000000000000000000000000000000000000000000000000000000000000000000000000000000000000000000000000000000000000000000000000000000000000000000000000000000000000000000000000000000000000000000000000000000000000000000000000000000000000000000000000000000000000000000000
000000000000000000000000000000000000000000000000000000000000000000000000000000000000000000000000000000000000000000000000000000000000000000000000000000000000000000000000000000000000000000000000000000000000000000000000000000000000000000000000000000000000000000000000000000000000000000000000000000000000
111111111111111111111111111111111111111111111111111111111111111111111111111111111111111111111111111111111111111111111111111111111111111111111111111111111111111111111111111111111111111111111111111111111111111111111111111111111111111111111111111111111111111111111111111111111111111111111111111111111111
000000000000000000000000000000000000000000000000000000000000000000000000000000000000000000000000000000000000000000000000000000000000000000000000000000000000000000000000000000000000000000000000000000000000000001110000000000000000000000000000000000000000000000000000000000000000000000000000000000000000
111111111111111111111111111111111111111111111111111111111111111111111111111111111111111111111111111100000111111111111111111111111111111111111111111111111111111111000011111111111111111111111111111111110000001110001111111100001111111111110000000111111111111111000000001111111111111111100000111111111111
111111111111111111111111111111111111111111111111111111111111111111111111111111111111111111111111111111111000111100000000000000000000000000000000000011100000000000111100000111000000000000000000000000001100110011111000000011110000111000001111111000011111000000111111110000111110000000011111000011110000
000000000000000000000000000000000000000000000000000000000000000000000000000000000000000000000000000000000011000011111000000001111111111000000000111100011111100000000001111000111111000000000111111111110011001101110111000000000111000111000000000001100000111100000000000111000001111000000000011100001110
111111111111111111111111111111111111111111111111111111111111111111111111111111111111111111111111111111001100111110000111111110011111000111111111000111111000011111111110001111100000111111111000111100000000010110001100111111111001111100111111111110111111100011111111111001111111000111111111100111111001
111111111111111111111111111111111111111111111111111111111111111111111111111111111111111111111111111100110011011001100000000001100000110000000000011000000111000000000000110000011110000000000011000011101000000011110010000000000110010011000000000001001110011000000000000010011100110000000000001000000110
000000000000000000000000000000000000000000000000000000000000000000000000000000000000000000000000000000000100100110011111111110011111001111111111100111111000111111000011001111100001111111111100111100010111101101111101111100001001101100110000000110110001100111000000001101100011001111100000110111111001
111111111111111111111111111111111111111111111111111111111111111111111111111111111111111111111111111111001001111101100000000000100000100000000000001011100110000000111100110111011100000000000011000011000000010010001010000011110010111010001111111001011111011000111111110010111110110000011111001011110100
111111111111111111111111111111111111111111111111111111111111111111111111111111111111111111111111111100110011011011011111100011011111011111111001110100011001111000000001011000110011111110001101111110111000001111110101100000000111010111100000000010101110110110000000000101011101001100000000010100001011
000000000000000000000000000000000000000000000000000000000000000000000000000000000000000000000000000010000100100110100000011100101110100000000110001011110110000111111110101111101100000001110010011001000111100001111010011111011001101100011111111101010001101001100000001011100010110011111111101011110100
111111111111111111111111111111111111111111111111111111111111111111111111111111111111111111111111111101001011011101011000000001010001011000000000110100001001100000000001010000010011000000000101100110110000011110001101000000100110111011000000000000101111010100011111110100111101001000000000010101101010
111111111111111111111111111111111111111111111111111111111111111111111111111111111111111111111111111100110100100010100111111110101110100111111111001011110110011111000010101111101100111111111010011001001000000001110010111100001001000100110000000111010100101011000000001011011010110111100000101010010101
000000000000000000000000000000000000000000000000000000000000000000000000000000000000000000000000000010000011011101011000000001010001011000000000110100001001100000111101010000010011000000000101100110110100101111111101000011010110111011001111111000101011010100100000000100100101001000011111010101101010
111111111111111111111111111111111111111111111111111111111111111111111111111111111111111111111111111101111000111010100111100010101110100111111001001011110110011000000000101111101100111110001010011001001011010011100010100000100001010100100000000011011110101010011111110011011110110100000000001010010101
111111111111111111111111111111111111111111111111111111111111111111111111111111111111111111111111111110000111100101000000011101010001010000000110010111101001000111111110010111010010000001110001100110100000000100011100011111011110101011011111111100110101010001100000001000111011000011111111100111111010
000000000000000000000000000000000000000000000000000000000000000000000000000000000000000000000000000001001000011110111111100010111111101111111001101100011110111000000001101000101101111110001110111101010100111111111111100000100001111100100000000011101011101110011111110111100101111100000000011101101101
111111111111111111111111111111111111111111111111111111111111111111111111111111111111111111111111111100110111111001000000011101000000010000000110010011100001000111000010010111010010000001110001000010101000000011100000011100001110010011010000000100011110010001000000001000011110000011100000100010010010
111111111111111111111111111111111111111111111111111111111111111111111111111111111111111111111111111110000000000110111000000000111111101000000000101100011110100000111101101000101101000000000110111101010011001100011111000011010001101100001111111001100101101100100000000111111001111000011111011101101100
000000000000000000000000000000000000000000000000000000000000000000000000000000000000000000000000000001001011111011000111100011001110010111111001010011110001011000000000011111110010111110001001011010100000010011110000100000100111010111100000000010011010110010011111110001000110000100000000000010010011
111111111111111111111111111111111111111111111111111111111111111111111111111111111111111111111111111100110100100100111000011100110001101000000110101111101110100111000011100111001101000001110110100101011100101101101111011100001000101000010000000101110101001101000000001110111011111011100000111111111100
111111111111111111111111111111111111111111111111111111111111111111111111111111111111111111111111111110000011011111000111100011001110010111111001010000010001011000111100011000110010111110001001011010100011000010011000100011010111111111101111111010001111110010100000000001111100000100011111000001100011
000000000000000000000000000000000000000000000000000000000000000000000000000000000000000000000000000001001100111000111000011100110001101000000110101111101110100111000011100111001101000001110110100101010000011111110111011100101000010000010000000101111010001101011111111110000111111011100000111110011100
111111111111111111111111111111111111111111111111111111111111111111111111111111111111111111111111111110110011000111000111100011001110010111111001010000010001011000111100011000110010111110001001011010101100100001101000100011010111101111101111111010000101110010100000000001111000000100011111000001100011
111111111111111111111111111111111111111111111111111111111111111111111111111111111111111111111111111101001101111111111000011100111111101000000110101111111110100111000011111111111101000001110111111111010011011111111111011100101011111110010000000101111111111101011111111111111111111011100000111111111100
000000000000000000000000000000000000000000000000000000000000000000000000000000000000000000000000000000000000111000000000000000110001100000000000001111101100000000000000000111001000000000000000100101000000000110010100000000000000010000000000000000111010000000000000000010000111100000000000000110011100
111111111111111111111111111111111111111111111111111111111111111111111111111111111111111111111111111110110011000111000111100011001110010111111001010000010001011000111100011000110010111110001001011010101100100001101000100011010111101111101111111010000101110010100000000001111000000100011111000001100011
000000000000000000000000000000000000000000000000000000000000000000000000000000000000000000000000000001001100111000111000011100110001101000000110101111101110100111000011100111001101000001110110100101010000011111110111011100101000010000010000000101111010001101011111111110000111111011100000111110011100
111111111111111111111111111111111111111111111111111111111111111111111111111111111111111111111111111110000011011111000111100011001110010111111001010000010001011000111100011000110010111110001001011010100011000010011000100011010111111111101111111010001111110010100000000001111100000100011111000001100011
111111111111111111111111111111111111111111111111111111111111111111111111111111111111111111111111111100110100100100111000011100110001101000000110101111101110100111000011100111001101000001110110100101011100101101101111011100001000101000010000000101110101001101000000001110111011111011100000111111111100
000000000000000000000000000000000000000000000000000000000000000000000000000000000000000000000000000001001011111011000111100011001110010111111001010011110001011000000000011111110010111110001001011010100000010011110000100000100111010111100000000010011010110010011111110001000110000100000000000010010011
111111111111111111111111111111111111111111111111111111111111111111111111111111111111111111111111111110000000000100111000000000110001101000000000101100001110100000111101100000001101000000000110100101010000001100011111000011010000101000001111111001100101001100100000000110111001111000011111011101101100
111111111111111111111111111111111111111111111111111111111111111111111111111111111111111111111111111100110111111011000000011101001110010000000110010011110001000111000010011111110010000001110001011010101011000011100000011100001111010111010000000100011110110001000000001001011110000011100000100010010010
000000000000000000000000000000000000000000000000000000000000000000000000000000000000000000000000000001001000011110111111100010111111101111111001101100011110111000000001101000101101111110001110111101010100111111111111100000100001111100100000000011101011101110011111110111100101111100000000011101101101
111111111111111111111111111111111111111111111111111111111111111111111111111111111111111111111111111110000111100101000000011101010001010000000110010111101001000111111110010111010010000001110001100110100000000100011100011111011110101011011111111100110101010001100000001000111011000011111111100111111010
111111111111111111111111111111111111111111111111111111111111111111111111111111111111111111111111111101111000111010100111100010101110100111111001001011110110011000000000101111101100111110001010011001001011010011100010100000100001010100100000000011011110101010011111110011011110110100000000001010010101
000000000000000000000000000000000000000000000000000000000000000000000000000000000000000000000000000010000011011101011000000001010001011000000000110100001001100000111101010000010011000000000101100110110100101111111101000011010110111011001111111000101011010100100000000100100101001000011111010101101010
111111111111111111111111111111111111111111111111111111111111111111111111111111111111111111111111111100110100100010100111111110101110100111111111001011110110011111000010101111101100111111111010011001001000000001110010111100001001000100110000000111010100101011000000001011011010110111100000101010010101
111111111111111111111111111111111111111111111111111111111111111111111111111111111111111111111111111101001011011111011000000001011111011000000000110100011001100000000001011000110011000000000101111110110011011110001101000000100111111111000000000000101111110100011111110101111101001000000000010101101010
000000000000000000000000000000000000000000000000000000000000000000000000000000000000000000000000000010000100100100100000011100100000100000000110001011100110000111111110100111001100000001110010000001000100100001111010011111011000101000011111111101010001001001100000001010100010110011111111101011110100
111111111111111111111111111111111111111111111111111111111111111111111111111111111111111111111111111100110011011011011111100011011111011111111001110100011001111000000001011000110011111110001101111110111000001111110101100000000111010111100000000010101110110110000000000101011101001100000000010100001011
111111111111111111111111111111111111111111111111111111111111111111111111111111111111111111111111111111001001111101100000000000100000100000000000001011100110000000111100110111011100000000000011000011000000010010001010000011110010111010001111111001011111011000111111110010111110110000011111001011110100
000000000000000000000000000000000000000000000000000000000000000000000000000000000000000000000000000000000100100110011111111110011111001111111111100111111000111111000011001111100001111111111100111100010111101101111101111100001001101100110000000110110001100111000000001101100011001111100000110111111001
111111111111111111111111111111111111111111111111111111111111111111111111111111111111111111111111111100110011011001100000000001100000110000000000011000000111000000000000110000011110000000000011000011101000000011110010000000000110010011000000000001001110011000000000000010011100110000000000001000000110
111111111111111111111111111111111111111111111111111111111111111111111111111111111111111111111111111111001100111110000111111110011111000111111111000111111000011111111110001111100000111111111000111100000000010110001100111111111001111100111111111110111111100011111111111001111111000111111111100111111001
000000000000000000000000000000000000000000000000000000000000000000000000000000000000000000000000000000000011000001111000000001110001111000000000111100001111100000000001110000011111000000000111100111110000001101110111000000000110000011000000000001100000011100000000000110000001111000000000011100001110
111111111111111111111111111111111111111111111111111111111111111111111111111111111111111111111111111111111000111110000000000000001110000000000000000011110000000000111100001111100000000000000000011000001111110011111000000011110001111100001111111000011111100000111111110001111110000000011111000011110000
111111111111111111111111111111111111111111111111111111111111111111111111111111111111111111111111111100000111111111111111111111111111111111111111111111111111111111000011111111111111111111111111111111110000001110001111111100001111111111110000000111111111111111000000001111111111111111100000111111111111
000000000000000000000000000000000000000000000000000000000000000000000000000000000000000000000000000000000000000000000000000000000000000000000000000000000000000000000000000000000000000000000000000000000000000001110000000000000000000000000000000000000000000000000000000000000000000000000000000000000000
111111111111111111111111111111111111111111111111111111111111111111111111111111111111111111111111111111111111111111111111111111111111111111111111111111111111111111111111111111111111111111111111111111111111111111111111111111111111111111111111111111111111111111111111111111111111111111111111111111111111
000000000000000000000000000000000000000000000000000000000000000000000000000000000000000000000000000000000000000000000000000000000000000000000000000000000000000000000000000000000000000000000000000000000000000000000000000000000000000000000000000000000000000000000000000000000000000000000000000000000000
000000000000000000000000000000000000000000000000000000000000000000000000000000000000000000000000000000000000000000000000000000000000000000000000000000000000000000000000000000000000000000000000000000000000000000000000000000000000000000000000000000000000000000000000000000000000000000000000000000000000
000000000000000000000000000000000000000000000000000000000000000000000000000000000000000000000000000000000000000000000000000000000000000000000000000000000000000000000000000000000000000000000000000000000000000000000000000000000000000000000000000000000000000000000000000000000000000000000000000000000000
000000000000000000000000000000000000000000000000000000000000000000000000000000000000000000000000000000000000000000000000000000000000000000000000000000000000000000000000000000000000000000000000000000000000000000000000000000000000000000000000000000000000000000000000000000000000000000000000000000000000
000000000000000000000000000000000000000000000000000000000000000000000000000000000000000000000000000000000000000000000000000000000000000000000000000000000000000000000000000000000000000000000000000000000000000000000000000000000000000000000000000000000000000000000000000000000000000000000000000000000000
000000000000000000000000000000000000000000000000000000000000000000000000000000000000000000000000000000000000000000000000000000000000000000000000000000000000000000000000000000000000000000000000000000000000000000000000000000000000000000000000000000000000000000000000000000000000000000000000000000000000
000000000000000000000000000000000000000000000000000000000000000000000000000000000000000000000000000000000000000000000000000000000000000000000000000000000000000000000000000000000000000000000000000000000000000000000000000000000000000000000000000000000000000000000000000000000000000000000000000000000000
000000000000000000000000000000000000000000000000000000000000000000000000000000000000000000000000000000000000000000000000000000000000000000000000000000000000000000000000000000000000000000000000000000000000000000000000000000000000000000000000000000000000000000000000000000000000000000000000000000000000
000000000000000000000000000000000000000000000000000000000000000000000000000000000000000000000000000000000000000000000000000000000000000000000000000000000000000000000000000000000000000000000000000000000000000000000000000000000000000000000000000000000000000000000000000000000000000000000000000000000000
000000000000000000000000000000000000000000000000000000000000000000000000000000000000000000000000000000000000000000000000000000000000000000000000000000000000000000000000000000000000000000000000000000000000000000000000000000000000000000000000000000000000000000000000000000000000000000000000000000000000
111111111111111111111111111111111111111111111111111111111111111111111111111111111111111111111111111111111111111111111111111111111111111111111111111111111111111111111111111111111111111111111111111111111111111111111111111111111111111111111111111111111111111111111111111111111111111111111111111111111111
000000000000000000000000000000000000000000000000000000000000000000000000000000000000000000000000000000000000000000000000000000000000000000000000000000000000000000000000000000000000000000000000000000000000000000000000000111000000000000000000000000000000000000000000000000000000000000000000000000000000
111111111111111111111111111111111111111111111111111111111111111111111111111111111111111111111111111111111111110000011111111111111111111111111111111111111111111111111111111100001111111111111111111111111111111110000000111000111111110000111111111111000000011111111111111100000000111111111111111110000011
111111111111111111111111111111111111111111111111111111111111111111111111111111111111111111111111111101100000001111100011110000000000000000000000000000000000001110000000000011110000011100000000000000001111000001110011001111100000001111000011100000111111100001111100000011111111000011111000000001111100
000000000000000000000000000000000000000000000000000000000000000000000000000000000000000000000000000010011111000000001100001111100000000111111111100000000011110001111110000000000111100011111100000000010000111000001100110111011100000000011100011100000000000110000011110000000000011100000111100000000001
111111111111111111111111111111111111111111111111111111111111111111111111111111111111111111111111111111111000111100110011111000011111111001111100011111111100011111100001111111111000111110000011111111101111100111000001011000110011111111100111110011111111111011111110001111111111100111111100011111111110
111111111111111111111111111111111111111111111111111111111111111111111111111111111111111111111111111100000110000011001101100110000000000110000011000000000001100000011100000000000011000001111000000000001110011000100000001111001000000000011001001100000000000100111001100000000000001001110011000000000000
000000000000000000000000000000000000000000000000000000000000000000000000000000000000000000000000000011111001110000010010011001111111111001111100111111111110011111100011111100001100111110000111111111110001100110011110110111110111110000100110110011000000011011000110011100000000110110001100111110000011
111111111111111111111111111111111111111111111111111111111111111111111111111111111111111111111111111101100100001100100111110110000000000010000010000000000000101110011000000011110011011101110000000000001111010001000001001000101000001111001011101000111111100101111101100011111111001011111011000001111100
111111111111111111111111111111111111111111111111111111111111111111111111111111111111111111111111111110011011100011001101101101111110001101111101111111100111010001100111100000000101100011001111111000111110101100100000111111010110000000011101011110000000001010111011011000000000010101110100110000000001
000000000000000000000000000000000000000000000000000000000000000000000000000000000000000000000000000011110100011000010010011010000001110010111010000000011000101111011000011111111010111110110000000111000001110010011110000111101001111101100110110001111111110101000110100110000000101110001011001111111110
111111111111111111111111111111111111111111111111111111111111111111111111111111111111111111111111111100001011000100101101110101100000000101000101100000000011010000100110000000000101000001001100000000011111001001000001111000110100000010011011101100000000000010111101010001111111010011110100100000000001
111111111111111111111111111111111111111111111111111111111111111111111111111111111111111111111111111111110100110011010010001010011111111010111010011111111100101111011001111100001010111110110011111111100110110110100000000111001011110000100100010011000000011101010010101100000000101101101011011110000010
000000000000000000000000000000000000000000000000000000000000000000000000000000000000000000000000000000001011001000001101110101100000000101000101100000000011010000100110000011110101000001001100000000011001001000010010111111110100001101011011101100111111100010101101010010000000010010010100100001111101
111111111111111111111111111111111111111111111111111111111111111111111111111111111111111111111111111111110100100111100011101010011110001010111010011111100100101111011001100000000010111110110011111000101110110101101101001110001010000010000101010010000000001101111010101001111111001101111011010000000000
111111111111111111111111111111111111111111111111111111111111111111111111111111111111111111111111111101101010011000011110010100000001110101000101000000011001011110100100011111111001011101001000000111000111001010000000010001110001111101111010101101111111110011010101000110000000100011101100001111111110
000000000000000000000000000000000000000000000000000000000000000000000000000000000000000000000000000010011101100100100001111011111110001011111110111111100110110001111011100000000110100010110111111000111001110101010011111111111110000010000111110010000000001110101110111001111111011110010111110000000001
111111111111111111111111111111111111111111111111111111111111111111111111111111111111111111111111111101100010010011011111100100000001110100000001000000011001001110000100011100001001011101001000000111001110001010100000001110000001110000111001001101000000010001111001000100000000100001111000001110000010
111111111111111111111111111111111111111111111111111111111111111111111111111111111111111111111111111110011101001000000000011011100000000011111110100000000010110001111010000011110110100010110100000000010111110000001100110001111100001101000110110000111111100110010110110010000000011111100111100001111101
000000000000000000000000000000000000000000000000000000000000000000000000000000000000000000000000000011110010100100101111101100011110001100111001011111100101001111000101100000000001111111001011111000101000101101000001001111000010000010011101011110000000001001101011001001111111000100011000010000000000
111111111111111111111111111111111111111111111111111111111111111111111111111111111111111111111111111101101101010011010010010011100001110011000110100000011010111110111010011100001110011100110100000111010111010010110010110110111101110000100010100001000000010111010100110100000000111011101111101110000011
111111111111111111111111111111111111111111111111111111111111111111111111111111111111111111111111111110010010101000001101111100011110001100111001011111100101000001000101100011110001100011001011111000101111101100001100001001100010001101011111111110111111101000111111001010000000000111110000010001111100
000000000000000000000000000000000000000000000000000000000000000000000000000000000000000000000000000001101101010100110011100011100001110011000110100000011010111110111010011100001110011100110100000111011000010011000001111111011101110010100001000001000000010111101000110101111111111000011111101110000011
111111111111111111111111111111111111111111111111111111111111111111111111111111111111111111111111111110010010101011001100011100011110001100111001011111100101000001000101100011110001100011001011111000100111101100110010000110100010001101011110111110111111101000010111001010000000000111100000010001111100
111111111111111111111111111111111111111111111111111111111111111111111111111111111111111111111111111111111101010100110111111111100001110011111110100000011010111111111010011100001111111111110100000111011111110011001101111111111101110010101111111001000000010111111111110101111111111111111111101110000011
000000000000000000000000000000000000000000000000000000000000000000000000000000000000000000000000000001101100000000000011100000000000000011000110000000000000111110110000000000000000011100100000000000001000010000000000011001010000000000000001000000000000000011101000000000000000001000011110000000000000
111111111111111111111111111111111111111111111111111111111111111111111111111111111111111111111111111110010010101011001100011100011110001100111001011111100101000001000101100011110001100011001011111000100111101100110010000110100010001101011110111110111111101000010111001010000000000111100000010001111100
000000000000000000000000000000000000000000000000000000000000000000000000000000000000000000000000000001101101010100110011100011100001110011000110100000011010111110111010011100001110011100110100000111011000010011000001111111011101110010100001000001000000010111101000110101111111111000011111101110000011
111111111111111111111111111111111111111111111111111111111111111111111111111111111111111111111111111110010010101000001101111100011110001100111001011111100101000001000101100011110001100011001011111000101111101100001100001001100010001101011111111110111111101000111111001010000000000111110000010001111100
111111111111111111111111111111111111111111111111111111111111111111111111111111111111111111111111111101101101010011010010010011100001110011000110100000011010111110111010011100001110011100110100000111010111010010110010110110111101110000100010100001000000010111010100110100000000111011101111101110000011
000000000000000000000000000000000000000000000000000000000000000000000000000000000000000000000000000011110010100100101111101100011110001100111001011111100101001111000101100000000001111111001011111000101000101101000001001111000010000010011101011110000000001001101011001001111111000100011000010000000000
111111111111111111111111111111111111111111111111111111111111111111111111111111111111111111111111111100001101001000000000010011100000000011000110100000000010110000111010000011110110000000110100000000010111010000000000110001111100001101000010100000111111100110010100110010000000011011100111100001111101
111111111111111111111111111111111111111111111111111111111111111111111111111111111111111111111111111111110010010011011111101100000001110100111001000000011001001111000100011100001001111111001000000111001110101010101100001110000001110000111101011101000000010001111011000100000000100101111000001110000010
000000000000000000000000000000000000000000000000000000000000000000000000000000000000000000000000000010011101100100100001111011111110001011111110111111100110110001111011100000000110100010110111111000111001110101010011111111111110000010000111110010000000001110101110111001111111011110010111110000000001
111111111111111111111111111111111111111111111111111111111111111111111111111111111111111111111111111101101010011000011110010100000001110101000101000000011001011110100100011111111001011101001000000111000111001010000000010001110001111101111010101101111111110011010101000110000000100011101100001111111110
111111111111111111111111111111111111111111111111111111111111111111111111111111111111111111111111111111110100100111100011101010011110001010111010011111100100101111011001100000000010111110110011111000101110110101101101001110001010000010000101010010000000001101111010101001111111001101111011010000000000
000000000000000000000000000000000000000000000000000000000000000000000000000000000000000000000000000000001011001000001101110101100000000101000101100000000011010000100110000011110101000001001100000000011001001000010010111111110100001101011011101100111111100010101101010010000000010010010100100001111101
111111111111111111111111111111111111111111111111111111111111111111111111111111111111111111111111111111110100110011010010001010011111111010111010011111111100101111011001111100001010111110110011111111100110110110100000000111001011110000100100010011000000011101010010101100000000101101101011011110000010
111111111111111111111111111111111111111111111111111111111111111111111111111111111111111111111111111110011011000100101101111101100000000101111101100000000011010001100110000000000101100011001100000000011111101001001101111000110100000010011111111100000000000010111111010001111111010111110100100000000001
000000000000000000000000000000000000000000000000000000000000000000000000000000000000000000000000000001100100011000010010010010000001110010000010000000011000101110011000011111111010011100110000000111000001010010010010000111101001111101100010100001111111110101000100100110000000101010001011001111111110
111111111111111111111111111111111111111111111111111111111111111111111111111111111111111111111111111110011011100011001101101101111110001101111101111111100111010001100111100000000101100011001111111000111110101100100000111111010110000000011101011110000000001010111011011000000000010101110100110000000001
111111111111111111111111111111111111111111111111111111111111111111111111111111111111111111111111111101100100001100100111110110000000000010000010000000000000101110011000000011110011011101110000000000001111010001000001001000101000001111001011101000111111100101111101100011111111001011111011000001111100
000000000000000000000000000000000000000000000000000000000000000000000000000000000000000000000000000011111001110000010010011001111111111001111100111111111110011111100011111100001100111110000111111111110001100110011110110111110111110000100110110011000000011011000110011100000000110110001100111110000011
111111111111111111111111111111111111111111111111111111111111111111111111111111111111111111111111111100000110000011001101100110000000000110000011000000000001100000011100000000000011000001111000000000001110011000100000001111001000000000011001001100000000000100111001100000000000001001110011000000000000
111111111111111111111111111111111111111111111111111111111111111111111111111111111111111111111111111111111000111100110011111000011111111001111100011111111100011111100001111111111000111110000011111111101111100111000001011000110011111111100111110011111111111011111110001111111111100111111100011111111110
000000000000000000000000000000000000000000000000000000000000000000000000000000000000000000000000000000001111000000001100000111100000000111000111100000000011110000111110000000000111000001111100000000010000011000000000110111011100000000011000001100000000000110000001110000000000011000000111100000000001
111111111111111111111111111111111111111111111111111111111111111111111111111111111111111111111111111111110000001111100011111000000000000000111000000000000000001111000000000011110000111110000000000000001111100001111111001111100000001111000111110000111111100001111110000011111111000111111000000001111100
111111111111111111111111111111111111111111111111111111111111111111111111111111111111111111111111111111111111110000011111111111111111111111111111111111111111111111111111111100001111111111111111111111111111111110000000111000111111110000111111111111000000011111111111111100000000111111111111111110000011
000000000000000000000000000000000000000000000000000000000000000000000000000000000000000000000000000000000000000000000000000000000000000000000000000000000000000000000000000000000000000000000000000000000000000000000000000111000000000000000000000000000000000000000000000000000000000000000000000000000000
111111111111111111111111111111111111111111111111111111111111111111111111111111111111111111111111111111111111111111111111111111111111111111111111111111111111111111111111111111111111111111111111111111111111111111111111111111111111111111111111111111111111111111111111111111111111111111111111111111111111
000000000000000000000000000000000000000000000000000000000000000000000000000000000000000000000000000000000000000000000000000000000000000000000000000000000000000000000000000000000000000000000000000000000000000000000000000000000000000000000000000000000000000000000000000000000000000000000000000000000000
000000000000000000000000000000000000000000000000000000000000000000000000000000000000000000000000000000000000000000000000000000000000000000000000000000000000000000000000000000000000000000000000000000000000000000000000000000000000000000000000000000000000000000000000000000000000000000000000000000000000
000000000000000000000000000000000000000000000000000000000000000000000000000000000000000000000000000000000000000000000000000000000000000000000000000000000000000000000000000000000000000000000000000000000000000000000000000000000000000000000000000000000000000000000000000000000000000000000000000000000000
000000000000000000000000000000000000000000000000000000000000000000000000000000000000000000000000000000000000000000000000000000000000000000000000000000000000000000000000000000000000000000000000000000000000000000000000000000000000000000000000000000000000000000000000000000000000000000000000000000000000
000000000000000000000000000000000000000000000000000000000000000000000000000000000000000000000000000000000000000000000000000000000000000000000000000000000000000000000000000000000000000000000000000000000000000000000000000000000000000000000000000000000000000000000000000000000000000000000000000000000000
000000000000000000000000000000000000000000000000000000000000000000000000000000000000000000000000000000000000000000000000000000000000000000000000000000000000000000000000000000000000000000000000000000000000000000000000000000000000000000000000000000000000000000000000000000000000000000000000000000000000
000000000000000000000000000000000000000000000000000000000000000000000000000000000000000000000000000000000000000000000000000000000000000000000000000000000000000000000000000000000000000000000000000000000000000000000000000000000000000000000000000000000000000000000000000000000000000000000000000000000000
000000000000000000000000000000000000000000000000000000000000000000000000000000000000000000000000000000000000000000000000000000000000000000000000000000000000000000000000000000000000000000000000000000000000000000000000000000000000000000000000000000000000000000000000000000000000000000000000000000000000
000000000000000000000000000000000000000000000000000000000000000000000000000000000000000000000000000000000000000000000000000000000000000000000000000000000000000000000000000000000000000000000000000000000000000000000000000000000000000000000000000000000000000000000000000000000000000000000000000000000000
000000000000000000000000000000000000000000000000000000000000000000000000000000000000000000000000000000000000000000000000000000000000000000000000000000000000000000000000000000000000000000000000000000000000000000000000000000000000000000000000000000000000000000000000000000000000000000000000000000000000
111111111111111111111111111111111111111111111111111111111111111111111111111111111111111111111111111111111111111111111111111111111111111111111111111111111111111111111111111111111111111111111111111111111111111111111111111111111111111111111111111111111111111111111111111111111111111111111111111111111111
000000000000000000000000000000000000000000000000000000000000000000000000000000000000000000000000000000000000000000000000000000000000000000000000000000000000000000000000000000000000000000000000000000000000000000000000000000000000011100000000000000000000000000000000000000000000000000000000000000000000
111111111111111111111111111111111111111111111111111111111111111111111111111111111111111111111111111111100111111111111111000001111111111111111111111111111111111111111111111111111111110000111111111111110000001111111111111000000011100011111111000011111111111100000001111111111111110000000011111111111111
111111111111111111111111111111111111111111111111111111111111111111111111111111111111111111111111111100011000000110000000111110001111000000000000000000000000000000000000111000000000001111000001110000001111110001111100000111001100111110000000111100001110000011111110000111110000001111111100001111100000
000000000000000000000000000000000000000000000000000000000000000000000000000000000000000000000000000000000001111001111100000000110000111110000000011111111110000000001111000111111000000000011110001111110000000110000011100000110011011101110000000001110001110000000000011000001111000000000001110000011110
111111111111111111111111111111111111111111111111111111111111111111111111111111111111111111111111111111111110011111100011110011001111100001111111100111110001111111110001111110000111111111100011111000001111111001111110011100000101100011001111111110011111001111111111101111111000111111111110011111110001
111111111111111111111111111111111111111111111111111111111111111111111111111111111111111111111111111100000000100000011000001100110110011000000000011000001100000000000110000001110000000000001100000111100000000110111001100010000000111100100000000001100100110000000000010011100110000000000000100111001100
000000000000000000000000000000000000000000000000000000000000000000000000000000000000000000000000000011100111011111100111000001001001100111111111100111110011111111111001111110001111110000110011111000010000001001000110011001111011011111011111000010011011001100000001101100011001110000000011011000110011
111111111111111111111111111111111111111111111111111111111111111111111111111111111111111111111111111100011000100110010000110010011111011000000000001000001000000000000010111001100000001111001101110111001111110011111101000100000100100010100000111100101110100011111110010111110110001111111100101111101100
111111111111111111111111111111111111111111111111111111111111111111111111111111111111111111111111111100000011011001101110001100110110110111111000110111110111111110011101000110011110000000010110001100110000000110111010110010000011111101011000000001110101111000000000101011101101100000000001010111010011
000000000000000000000000000000000000000000000000000000000000000000000000000000000000000000000000000011111100101111010001100001001001101000000111001011101000000001100010111101100001111111101011111011001100001001000111001001111000011110100111110110011011000111111111010100011010011000000010111000101100
111111111111111111111111111111111111111111111111111111111111111111111111111111111111111111111111111100000001010000101100010010110111010110000000010100010110000000001101000010011000000000010100000100110011110110111100100100000111100011010000001001101110110000000000001011110101000111111101001111010010
111111111111111111111111111111111111111111111111111111111111111111111111111111111111111111111111111111100110101111010011001101001000101001111111101011101001111111110010111101100111110000101011111011000000001001011011011010000000011100101111000010010001001100000001110101001010110000000010110110101101
000000000000000000000000000000000000000000000000000000000000000000000000000000000000000000000000000000011001010000101100100000110111010110000000010100010110000000001101000010011000001111010100000100111100000110100100100001001011111111010000110101101110110011111110001010110101001000000001001001010010
111111111111111111111111111111111111111111111111111111111111111111111111111111111111111111111111111100000010101111010010011110001110101001111000101011101001111110010010111101100110000000001011111011000011110001111011010110110100111000101000001000010101001000000000110111101010100111111100110111101101
111111111111111111111111111111111111111111111111111111111111111111111111111111111111111111111111111111111100010110101001100001111001010000000111010100010100000001100101111010010001111111100101110100101100001111011100101000000001000111000111110111101010110111111111001101010100011000000010001110110000
000000000000000000000000000000000000000000000000000000000000000000000000000000000000000000000000000000000011111001110110010010000111101111111000101111111011111110011011000111101110000000011010001011010011110000100111010101001111111111111000001000011111001000000000111010111011100111111101111001011111
111111111111111111111111111111111111111111111111111111111111111111111111111111111111111111111111111111100100000110001001001101111110010000000111010000000100000001100100111000010001110000100101110100100000001111111000101010000000111000000111000011100100110100000001000111100100010000000010000111100000
111111111111111111111111111111111111111111111111111111111111111111111111111111111111111111111111111100011001111001110100100000000001101110000000001111111010000000001011000111101000001111011010001011011100000000011111000000110011000111110000110100011011000011111110011001011011001000000001111110011110
000000000000000000000000000000000000000000000000000000000000000000000000000000000000000000000000000000000010001111001010010010111110110001111000110011100101111110010100111100010110000000000111111100100011110111100010110100000100111100001000001001110101111000000000100110101100100111111100010001100001
111111111111111111111111111111111111111111111111111111111111111111111111111111111111111111111111111111100101110110110101001101001001001110000111001100011010000001101011111011101001110000111001110011010000001001011101001011001011011011110111000010001010000100000001011101010011010000000011101110111110
111111111111111111111111111111111111111111111111111111111111111111111111111111111111111111111111111100011010001001001010100000110111110001111000110011100101111110010100000100010110001111000110001100101100000110111110110000110000100110001000110101111111111011111110100011111100101000000000011111000001
000000000000000000000000000000000000000000000000000000000000000000000000000000000000000000000000000011100101110110110101010011001110001110000111001100011010000001101011111011101001110000111001110011010011111001100001001100000111111101110111001010000100000100000001011110100011010111111111100001111110
111111111111111111111111111111111111111111111111111111111111111111111111111111111111111111111111111100011010001001001010101100110001110001111000110011100101111110010100000100010110001111000110001100101100000110011110110011001000011010001000110101111011111011111110100001011100101000000000011110000001
111111111111111111111111111111111111111111111111111111111111111111111111111111111111111111111111111111100101111111110101010011011111111110000111001111111010000001101011111111101001110000111111111111010011111011111111001100110111111111110111001010111111100100000001011111111111010111111111111111111110
000000000000000000000000000000000000000000000000000000000000000000000000000000000000000000000000000000000000110110110000000000001110000000000000001100011000000000000011111011000000000000000001110010000000000001100001000000000001100101000000000000000100000000000000001110100000000000000000100001111000
111111111111111111111111111111111111111111111111111111111111111111111111111111111111111111111111111100011010001001001010101100110001110001111000110011100101111110010100000100010110001111000110001100101100000110011110110011001000011010001000110101111011111011111110100001011100101000000000011110000001
000000000000000000000000000000000000000000000000000000000000000000000000000000000000000000000000000011100101110110110101010011001110001110000111001100011010000001101011111011101001110000111001110011010011111001100001001100000111111101110111001010000100000100000001011110100011010111111111100001111110
111111111111111111111111111111111111111111111111111111111111111111111111111111111111111111111111111100011010001001001010100000110111110001111000110011100101111110010100000100010110001111000110001100101100000110111110110000110000100110001000110101111111111011111110100011111100101000000000011111000001
111111111111111111111111111111111111111111111111111111111111111111111111111111111111111111111111111111100101110110110101001101001001001110000111001100011010000001101011111011101001110000111001110011010000001001011101001011001011011011110111000010001010000100000001011101010011010000000011101110111110
000000000000000000000000000000000000000000000000000000000000000000000000000000000000000000000000000000000010001111001010010010111110110001111000110011100101111110010100111100010110000000000111111100100011110111100010110100000100111100001000001001110101111000000000100110101100100111111100010001100001
111111111111111111111111111111111111111111111111111111111111111111111111111111111111111111111111111100011001110000110100100000000001001110000000001100011010000000001011000011101000001111011000000011011100000000011101000000000011000111110000110100001010000011111110011001010011001000000001101110011110
111111111111111111111111111111111111111111111111111111111111111111111111111111111111111111111111111111100100001111001001001101111110110000000111010011100100000001100100111100010001110000100111111100100000001111111010101010110000111000000111000011110101110100000001000111101100010000000010010111100000
000000000000000000000000000000000000000000000000000000000000000000000000000000000000000000000000000000000011111001110110010010000111101111111000101111111011111110011011000111101110000000011010001011010011110000100111010101001111111111111000001000011111001000000000111010111011100111111101111001011111
111111111111111111111111111111111111111111111111111111111111111111111111111111111111111111111111111111111100010110101001100001111001010000000111010100010100000001100101111010010001111111100101110100101100001111011100101000000001000111000111110111101010110111111111001101010100011000000010001110110000
111111111111111111111111111111111111111111111111111111111111111111111111111111111111111111111111111100000010101111010010011110001110101001111000101011101001111110010010111101100110000000001011111011000011110001111011010110110100111000101000001000010101001000000000110111101010100111111100110111101101
000000000000000000000000000000000000000000000000000000000000000000000000000000000000000000000000000000011001010000101100100000110111010110000000010100010110000000001101000010011000001111010100000100111100000110100100100001001011111111010000110101101110110011111110001010110101001000000001001001010010
111111111111111111111111111111111111111111111111111111111111111111111111111111111111111111111111111111100110101111010011001101001000101001111111101011101001111111110010111101100111110000101011111011000000001001011011011010000000011100101111000010010001001100000001110101001010110000000010110110101101
111111111111111111111111111111111111111111111111111111111111111111111111111111111111111111111111111100000001011001101100010010110111110110000000010111110110000000001101000110011000000000010110001100110011110110111110100100110111100011010000001001111111110000000000001011111101000111111101011111010010
000000000000000000000000000000000000000000000000000000000000000000000000000000000000000000000000000011111100100110010001100001001001001000000111001000001000000001100010111001100001111111101001110011001100001001000101001001001000011110100111110110001010000111111111010100010010011000000010101000101100
111111111111111111111111111111111111111111111111111111111111111111111111111111111111111111111111111100000011011001101110001100110110110111111000110111110111111110011101000110011110000000010110001100110000000110111010110010000011111101011000000001110101111000000000101011101101100000000001010111010011
111111111111111111111111111111111111111111111111111111111111111111111111111111111111111111111111111100011000100110010000110010011111011000000000001000001000000000000010111001100000001111001101110111001111110011111101000100000100100010100000111100101110100011111110010111110110001111111100101111101100
000000000000000000000000000000000000000000000000000000000000000000000000000000000000000000000000000011100111011111100111000001001001100111111111100111110011111111111001111110001111110000110011111000010000001001000110011001111011011111011111000010011011001100000001101100011001110000000011011000110011
111111111111111111111111111111111111111111111111111111111111111111111111111111111111111111111111111100000000100000011000001100110110011000000000011000001100000000000110000001110000000000001100000111100000000110111001100010000000111100100000000001100100110000000000010011100110000000000000100111001100
111111111111111111111111111111111111111111111111111111111111111111111111111111111111111111111111111111111110011111100011110011001111100001111111100111110001111111110001111110000111111111100011111000001111111001111110011100000101100011001111111110011111001111111111101111111000111111111110011111110001
000000000000000000000000000000000000000000000000000000000000000000000000000000000000000000000000000000000001110000111100000000110000011110000000011100011110000000001111000011111000000000011100000111110000000110000001100000000011011101110000000001100000110000000000011000000111000000000001100000011110
111111111111111111111111111111111111111111111111111111111111111111111111111111111111111111111111111100011000001111000000111110001111100000000000000011100000000000000000111100000000001111000011111000001111110001111110000111111100111110000000111100011111000011111110000111111000001111111100011111100000
111111111111111111111111111111111111111111111111111111111111111111111111111111111111111111111111111111100111111111111111000001111111111111111111111111111111111111111111111111111111110000111111111111110000001111111111111000000011100011111111000011111111111100000001111111111111110000000011111111111111
000000000000000000000000000000000000000000000000000000000000000000000000000000000000000000000000000000000000000000000000000000000000000000000000000000000000000000000000000000000000000000000000000000000000000000000000000000000000011100000000000000000000000000000000000000000000000000000000000000000000
111111111111111111111111111111111111111111111111111111111111111111111111111111111111111111111111111111111111111111111111111111111111111111111111111111111111111111111111111111111111111111111111111111111111111111111111111111111111111111111111111111111111111111111111111111111111111111111111111111111111
000000000000000000000000000000000000000000000000000000000000000000000000000000000000000000000000000000000000000000000000000000000000000000000000000000000000000000000000000000000000000000000000000000000000000000000000000000000000000000000000000000000000000000000000000000000000000000000000000000000000
000000000000000000000000000000000000000000000000000000000000000000000000000000000000000000000000000000000000000000000000000000000000000000000000000000000000000000000000000000000000000000000000000000000000000000000000000000000000000000000000000000000000000000000000000000000000000000000000000000000000
000000000000000000000000000000000000000000000000000000000000000000000000000000000000000000000000000000000000000000000000000000000000000000000000000000000000000000000000000000000000000000000000000000000000000000000000000000000000000000000000000000000000000000000000000000000000000000000000000000000000
000000000000000000000000000000000000000000000000000000000000000000000000000000000000000000000000000000000000000000000000000000000000000000000000000000000000000000000000000000000000000000000000000000000000000000000000000000000000000000000000000000000000000000000000000000000000000000000000000000000000
000000000000000000000000000000000000000000000000000000000000000000000000000000000000000000000000000000000000000000000000000000000000000000000000000000000000000000000000000000000000000000000000000000000000000000000000000000000000000000000000000000000000000000000000000000000000000000000000000000000000
000000000000000000000000000000000000000000000000000000000000000000000000000000000000000000000000000000000000000000000000000000000000000000000000000000000000000000000000000000000000000000000000000000000000000000000000000000000000000000000000000000000000000000000000000000000000000000000000000000000000
000000000000000000000000000000000000000000000000000000000000000000000000000000000000000000000000000000000000000000000000000000000000000000000000000000000000000000000000000000000000000000000000000000000000000000000000000000000000000000000000000000000000000000000000000000000000000000000000000000000000
000000000000000000000000000000000000000000000000000000000000000000000000000000000000000000000000000000000000000000000000000000000000000000000000000000000000000000000000000000000000000000000000000000000000000000000000000000000000000000000000000000000000000000000000000000000000000000000000000000000000
000000000000000000000000000000000000000000000000000000000000000000000000000000000000000000000000000000000000000000000000000000000000000000000000000000000000000000000000000000000000000000000000000000000000000000000000000000000000000000000000000000000000000000000000000000000000000000000000000000000000
000000000000000000000000000000000000000000000000000000000000000000000000000000000000000000000000000000000000000000000000000000000000000000000000000000000000000000000000000000000000000000000000000000000000000000000000000000000000000000000000000000000000000000000000000000000000000000000000000000000000
111111111111111111111111111111111111111111111111111111111111111111111111111111111111111111111111111111111111111111111111111111111111111111111111111111111111111111111111111111111111111111111111111111111111111111111111111111111111111111111111111111111111111111111111111111111111111111111111111111111111
000000000000000000000000000000000000000000000000000000000000000000000000000000000000000000000000000000000000000000000000000000000000000000000000000000000000000000000000000000000000000000000000000000000000000000000000000000000000000000000001110000000000000000000000000000000000000000000000000000000000
111111111111111111111111111111111111111111111111111111111111111111111111111111111111111111111111111111111111111110011111111111111100000111111111111111111111111111111111111111111111111111111111000011111111111111000000111111111111100000001110001111111100001111111111110000000111111111111111000000001111
111111111111111111111111111111111111111111111111111111111111111111111111111111111111111111111111111111000000000001100000011000000011111000111100000000000000000000000000000000000011100000000000111100001110000000111111000111110000011100110011111000000011110000111000001111111000011111000000111111110000
000000000000000000000000000000000000000000000000000000000000000000000000000000000000000000000000000000111111000000000111100111110000000011000011111000000001111111111000000000111100011111100000000001110001111000000000011000001110000011001101110111000000000111000111000000000001100000111100000000000111
111111111111111111111111111111111111111111111111111111111111111111111111111111111111111111111111111111110000111111111001111110001111001100111110000111111110011111000111111111000111111000011111111110001111000111111111100111111001110000010110001100111111111001111100111111111110111111100011111111111001
111111111111111111111111111111111111111111111111111111111111111111111111111111111111111111111111111100001110000000000010000001100000110011011001100000000001100000110000000000011000000111000000000000111110110000000000011011100110001000000011110010000000000110010011000000000001001110011000000000000010
000000000000000000000000000000000000000000000000000000000000000000000000000000000000000000000000000011110001111110011101111110011100000100100110011111111110011111001111111111100111111000111111000011000001001111000000100100011001100111101101111101111100001001101100110000000110110001100111000000001101
111111111111111111111111111111111111111111111111111111111111111111111111111111111111111111111111111111001100000001100010011001000011001001111101100000000000100000100000000000001011100110000000111100111110110000111111001111110100010000010010001010000011110010111010001111111001011111011000111111110010
111111111111111111111111111111111111111111111111111111111111111111111111111111111111111111111111111100110011110000001101100110111000110011011011011111100011011111011111111001110100011001111000000001011111101100000000011011101011001000001111110101100000000111010111100000000010101110110110000000000101
000000000000000000000000000000000000000000000000000000000000000000000000000000000000000000000000000011101100001111110010111101000110000100100110100000011100101110100000000110001011110110000111111110100001010011110000100100011100100111100001111010011111011001101100011111111101010001101001100000001011
111111111111111111111111111111111111111111111111111111111111111111111111111111111111111111111111111100010011000000000101000010110001001011011101011000000001010001011000000000110100001001100000000001011110101000001111011011110010010000011110001101000000100110111011000000000000101111010100011111110100
111111111111111111111111111111111111111111111111111111111111111111111111111111111111111111111111111111101100111110011010111101001100110100100010100111111110101110100111111111001011110110011111000010101101010111000000100101101101101000000001110010111100001001000100110000000111010100101011000000001011
000000000000000000000000000000000000000000000000000000000000000000000000000000000000000000000000000000010011000001100101000010110010000011011101011000000001010001011000000000110100001001100000111101010010101000110000011010010010000100101111111101000011010110111011001111111000101011010100100000000100
111111111111111111111111111111111111111111111111111111111111111111111111111111111111111111111111111111101100110000001010111101001001111000111010100111100010101110100111111001001011110110011000000000101111010100001111000111101101011011010011100010100000100001010100100000000011011110101010011111110011
111111111111111111111111111111111111111111111111111111111111111111111111111111111111111111111111111111010010001111110001011010100110000111100101000000011101010001010000000110010111101001000111111110011100100011110000111101110010100000000100011100011111011110101011011111111100110101010001100000001000
000000000000000000000000000000000000000000000000000000000000000000000000000000000000000000000000000000111101110000001111100111011001001000011110111111100010111111101111111001101100011110111000000001100011011100001111000010011101010100111111111111100000100001111100100000000011101011101110011111110111
111111111111111111111111111111111111111111111111111111111111111111111111111111111111111111111111111111000010001110010000011000100100110111111001000000011101000000010000000110010011100001000111000010011110100011000000111111100010101000000011100000011100001110010011010000000100011110010001000000001000
111111111111111111111111111111111111111111111111111111111111111111111111111111111111111111111111111100111101000001100111100111010010000000000110111000000000111111101000000000101100011110100000111101101101011000110000000001111100000011001100011111000011010001101100001111111001100101101100100000000111
000000000000000000000000000000000000000000000000000000000000000000000000000000000000000000000000000011100010110000001000111100101001001011111011000111100011001110010111111001010011110001011000000000010011100100001111011110001011010000010011110000100000100111010111100000000010011010110010011111110001
111111111111111111111111111111111111111111111111111111111111111111111111111111111111111111111111111111011101001110010111011011010100110100100100111000011100110001101000000110101111101110100111000011101100011011000000100101110100101100101101101111011100001000101000010000000101110101001101000000001110
111111111111111111111111111111111111111111111111111111111111111111111111111111111111111111111111111100100010110001101000100100101010000011011111000111100011001110010111111001010000010001011000111100011111100100110000011011111011000011000010011000100011010111111111101111111010001111110010100000000001
000000000000000000000000000000000000000000000000000000000000000000000000000000000000000000000000000011011101001110010111011011010101001100111000111000011100110001101000000110101111101110100111000011100010011011001111100110000100110000011111110111011100101000010000010000000101111010001101011111111110
111111111111111111111111111111111111111111111111111111111111111111111111111111111111111111111111111100100010110001101000100100101010110011000111000111100011001110010111111001010000010001011000111100011101100100110000011001111011001100100001101000100011010111101111101111111010000101110010100000000001
111111111111111111111111111111111111111111111111111111111111111111111111111111111111111111111111111111111101001110010111111111010101001101111111111000011100111111101000000110101111111110100111000011111111111011001111101111111100110011011111111111011100101011111110010000000101111111111101011111111111
000000000000000000000000000000000000000000000000000000000000000000000000000000000000000000000000000011011000000000000011011011000000000000111000000000000000110001100000000000001111101100000000000000000010000000000000000110000100000000000110010100000000000000010000000000000000111010000000000000000010
111111111111111111111111111111111111111111111111111111111111111111111111111111111111111111111111111100100010110001101000100100101010110011000111000111100011001110010111111001010000010001011000111100011101100100110000011001111011001100100001101000100011010111101111101111111010000101110010100000000001
000000000000000000000000000000000000000000000000000000000000000000000000000000000000000000000000000011011101001110010111011011010101001100111000111000011100110001101000000110101111101110100111000011100010011011001111100110000100110000011111110111011100101000010000010000000101111010001101011111111110
111111111111111111111111111111111111111111111111111111111111111111111111111111111111111111111111111100100010110001101000100100101010000011011111000111100011001110010111111001010000010001011000111100011111100100110000011011111011000011000010011000100011010111111111101111111010001111110010100000000001
111111111111111111111111111111111111111111111111111111111111111111111111111111111111111111111111111111011101001110010111011011010100110100100100111000011100110001101000000110101111101110100111000011101100011011000000100101110100101100101101101111011100001000101000010000000101110101001101000000001110
000000000000000000000000000000000000000000000000000000000000000000000000000000000000000000000000000011100010110000001000111100101001001011111011000111100011001110010111111001010011110001011000000000010011100100001111011110001011010000010011110000100000100111010111100000000010011010110010011111110001
111111111111111111111111111111111111111111111111111111111111111111111111111111111111111111111111111100011101000001100111000011010010000000000100111000000000110001101000000000101100001110100000111101101100011000110000000001110100000000001100011111000011010000101000001111111001100101001100100000000110
111111111111111111111111111111111111111111111111111111111111111111111111111111111111111111111111111111100010001110010000111100100100110111111011000000011101001110010000000110010011110001000111000010011111100011000000111111101010101011000011100000011100001111010111010000000100011110110001000000001001
000000000000000000000000000000000000000000000000000000000000000000000000000000000000000000000000000000111101110000001111100111011001001000011110111111100010111111101111111001101100011110111000000001100011011100001111000010011101010100111111111111100000100001111100100000000011101011101110011111110111
111111111111111111111111111111111111111111111111111111111111111111111111111111111111111111111111111111010010001111110001011010100110000111100101000000011101010001010000000110010111101001000111111110011100100011110000111101110010100000000100011100011111011110101011011111111100110101010001100000001000
111111111111111111111111111111111111111111111111111111111111111111111111111111111111111111111111111111101100110000001010111101001001111000111010100111100010101110100111111001001011110110011000000000101111010100001111000111101101011011010011100010100000100001010100100000000011011110101010011111110011
000000000000000000000000000000000000000000000000000000000000000000000000000000000000000000000000000000010011000001100101000010110010000011011101011000000001010001011000000000110100001001100000111101010010101000110000011010010010000100101111111101000011010110111011001111111000101011010100100000000100
111111111111111111111111111111111111111111111111111111111111111111111111111111111111111111111111111111101100111110011010111101001100110100100010100111111110101110100111111111001011110110011111000010101101010111000000100101101101101000000001110010111100001001000100110000000111010100101011000000001011
111111111111111111111111111111111111111111111111111111111111111111111111111111111111111111111111111100110011000000000101100110110001001011011111011000000001011111011000000000110100011001100000000001011111101000001111011011111010010011011110001101000000100111111111000000000000101111110100011111110101
000000000000000000000000000000000000000000000000000000000000000000000000000000000000000000000000000011001100001111110010011001000110000100100100100000011100100000100000000110001011100110000111111110100000010011110000100100010100100100100001111010011111011000101000011111111101010001001001100000001010
111111111111111111111111111111111111111111111111111111111111111111111111111111111111111111111111111100110011110000001101100110111000110011011011011111100011011111011111111001110100011001111000000001011111101100000000011011101011001000001111110101100000000111010111100000000010101110110110000000000101
111111111111111111111111111111111111111111111111111111111111111111111111111111111111111111111111111111001100000001100010011001000011001001111101100000000000100000100000000000001011100110000000111100111110110000111111001111110100010000010010001010000011110010111010001111111001011111011000111111110010
000000000000000000000000000000000000000000000000000000000000000000000000000000000000000000000000000011110001111110011101111110011100000100100110011111111110011111001111111111100111111000111111000011000001001111000000100100011001100111101101111101111100001001101100110000000110110001100111000000001101
111111111111111111111111111111111111111111111111111111111111111111111111111111111111111111111111111100001110000000000010000001100000110011011001100000000001100000110000000000011000000111000000000000111110110000000000011011100110001000000011110010000000000110010011000000000001001110011000000000000010
111111111111111111111111111111111111111111111111111111111111111111111111111111111111111111111111111111110000111111111001111110001111001100111110000111111110011111000111111111000111111000011111111110001111000111111111100111111001110000010110001100111111111001111100111111111110111111100011111111111001
000000000000000000000000000000000000000000000000000000000000000000000000000000000000000000000000000000011111000000000111000011110000000011000001111000000001110001111000000000111100001111100000000001110000111000000000011000000110000000001101110111000000000110000011000000000001100000011100000000000110
111111111111111111111111111111111111111111111111111111111111111111111111111111111111111111111111111111100000000001100000111100000011111000111110000000000000001110000000000000000011110000000000111100001111000000111111000111111000011111110011111000000011110001111100001111111000011111100000111111110001
111111111111111111111111111111111111111111111111111111111111111111111111111111111111111111111111111111111111111110011111111111111100000111111111111111111111111111111111111111111111111111111111000011111111111111000000111111111111100000001110001111111100001111111111110000000111111111111111000000001111
000000000000000000000000000000000000000000000000000000000000000000000000000000000000000000000000000000000000000000000000000000000000000000000000000000000000000000000000000000000000000000000000000000000000000000000000000000000000000000000001110000000000000000000000000000000000000000000000000000000000
111111111111111111111111111111111111111111111111111111111111111111111111111111111111111111111111111111111111111111111111111111111111111111111111111111111111111111111111111111111111111111111111111111111111111111111111111111111111111111111111111111111111111111111111111111111111111111111111111111111111
000000000000000000000000000000000000000000000000000000000000000000000000000000000000000000000000000000000000000000000000000000000000000000000000000000000000000000000000000000000000000000000000000000000000000000000000000000000000000000000000000000000000000000000000000000000000000000000000000000000000
000000000000000000000000000000000000000000000000000000000000000000000000000000000000000000000000000000000000000000000000000000000000000000000000000000000000000000000000000000000000000000000000000000000000000000000000000000000000000000000000000000000000000000000000000000000000000000000000000000000000
000000000000000000000000000000000000000000000000000000000000000000000000000000000000000000000000000000000000000000000000000000000000000000000000000000000000000000000000000000000000000000000000000000000000000000000000000000000000000000000000000000000000000000000000000000000000000000000000000000000000
000000000000000000000000000000000000000000000000000000000000000000000000000000000000000000000000000000000000000000000000000000000000000000000000000000000000000000000000000000000000000000000000000000000000000000000000000000000000000000000000000000000000000000000000000000000000000000000000000000000000
000000000000000000000000000000000000000000000000000000000000000000000000000000000000000000000000000000000000000000000000000000000000000000000000000000000000000000000000000000000000000000000000000000000000000000000000000000000000000000000000000000000000000000000000000000000000000000000000000000000000
000000000000000000000000000000000000000000000000000000000000000000000000000000000000000000000000000000000000000000000000000000000000000000000000000000000000000000000000000000000000000000000000000000000000000000000000000000000000000000000000000000000000000000000000000000000000000000000000000000000000
000000000000000000000000000000000000000000000000000000000000000000000000000000000000000000000000000000000000000000000000000000000000000000000000000000000000000000000000000000000000000000000000000000000000000000000000000000000000000000000000000000000000000000000000000000000000000000000000000000000000
000000000000000000000000000000000000000000000000000000000000000000000000000000000000000000000000000000000000000000000000000000000000000000000000000000000000000000000000000000000000000000000000000000000000000000000000000000000000000000000000000000000000000000000000000000000000000000000000000000000000
000000000000000000000000000000000000000000000000000000000000000000000000000000000000000000000000000000000000000000000000000000000000000000000000000000000000000000000000000000000000000000000000000000000000000000000000000000000000000000000000000000000000000000000000000000000000000000000000000000000000
000000000000000000000000000000000000000000000000000000000000000000000000000000000000000000000000000000000000000000000000000000000000000000000000000000000000000000000000000000000000000000000000000000000000000000000000000000000000000000000000000000000000000000000000000000000000000000000000000000000000
111111111111111111111111111111111111111111111111111111111111111111111111111111111111111111111111111111111111111111111111111111111111111111111111111111111111111111111111111111111111111111111111111111111111111111111111111111111111111111111111111111111111111111111111111111111111111111111111111111111111
000000000000000000000000000000000000000000000000000000000000000000000000000000000000000000000000000000000000000000000000000000000000000000000000000000000000000000000000000000000000000000000000000000000000000000000000000000000000000000000000000000000111000000000000000000000000000000000000000000000000
111111111111111111111111111111111111111111111111111111111111111111111111111111111111111111111111111111111111111111111111111001111111111111110000011111111111111111111111111111111111111111111111111111110000011111111111111100000011111111111110000000111000111111110000111111111111000000011111111111111100
111111111111111111111111111111111111111111111111111111111111111111111111111111111111111111111111111100000000011100000000000110000001100000001111100011110000000000000000000000000000000000001110000000001111100011111000000011111100011111000001110011001111100000001111000011100000111111100001111100000011
000000000000000000000000000000000000000000000000000000000000000000000000000000000000000000000000000000000111100011111100000000011110011111000000001100001111100000000111111111100000000011110001111110000000001100000111100000000001100000111000001100110111011100000000011100011100000000000110000011110000
111111111111111111111111111111111111111111111111111111111111111111111111111111111111111111111111111111111000111111000011111111100111111000111100110011111000011111111001111100011111111100011111100001111111110011111100011111111110011111100111000001011000110011111111100111110011111111111011111110001111
111111111111111111111111111111111111111111111111111111111111111111111111111111111111111111111111111100000011000000111000000000001000000110000011001101100110000000000110000011000000000001100000011100000000001101111011000000000001101110011000100000001111001000000000011001001100000000000100111001100000
000000000000000000000000000000000000000000000000000000000000000000000000000000000000000000000000000011111100111111000111111001110111111001110000010010011001111111111001111100111111111110011111100011110000010010000100111100000010010001100110011110110111110111110000100110110011000000011011000110011100
111111111111111111111111111111111111111111111111111111111111111111111111111111111111111111111111111100000001011100110000000110001001100100001100100111110110000000000010000010000000000000101110011000001111100111111011000011111100111111010001000001001000101000001111001011101000111111100101111101100011
111111111111111111111111111111111111111111111111111111111111111111111111111111111111111111111111111100001110100011001111000000110110011011100011001101101101111110001101111101111111100111010001100111100000011101111110110000000001101110101100100000111111010110000000011101011110000000001010111011011000
000000000000000000000000000000000000000000000000000000000000000000000000000000000000000000000000000011110001011110110000111111001011110100011000010010011010000001110010111010000000011000101111011000011101100010000101001111000010010001110010011110000111101001111101100110110001111111110101000110100110
111111111111111111111111111111111111111111111111111111111111111111111111111111111111111111111111111100000110100001001100000000010100001011000100101101110101100000000101000101100000000011010000100110000010001101111010100000111101101111001001000001111000110100000010011011101100000000000010111101010001
111111111111111111111111111111111111111111111111111111111111111111111111111111111111111111111111111111111001011110110011111001101011110100110011010010001010011111111010111010011111111100101111011001110000010010110101011100000010010110110110100000000111001011110000100100010011000000011101010010101100
000000000000000000000000000000000000000000000000000000000000000000000000000000000000000000000000000000000110100001001100000110010100001011001000001101110101100000000101000101100000000011010000100110001101101101001010100011000001101001001000010010111111110100001101011011101100111111100010101101010010
111111111111111111111111111111111111111111111111111111111111111111111111111111111111111111111111111100001001011110110011000000101011110100100111100011101010011110001010111010011111100100101111011001100010010011111101010000111100011110110101101101001110001010000010000101010010000000001101111010101001
111111111111111111111111111111111111111111111111111111111111111111111111111111111111111111111111111111110010111101001000111111000101101010011000011110010100000001110101000101000000011001011110100100011101101110110010001111000011110111001010000000010001110001111101111010101101111111110011010101000110
000000000000000000000000000000000000000000000000000000000000000000000000000000000000000000000000000000001101100011110111000000111110011101100100100001111011111110001011111110111111100110110001111011100010010001001101110000111100001001110101010011111111111110000010000111110010000000001110101110111001
111111111111111111111111111111111111111111111111111111111111111111111111111111111111111111111111111111110010011100001000111001000001100010010011011111100100000001110100000001000000011001001110000100010000001111111010001100000011111110001010100000001110000001110000111001001101000000010001111001000100
111111111111111111111111111111111111111111111111111111111111111111111111111111111111111111111111111100000101100011110100000110011110011101001000000000011011100000000011111110100000000010110001111010001101100000110101100011000000000111110000001100110001111100001101000110110000111111100110010110110010
000000000000000000000000000000000000000000000000000000000000000000000000000000000000000000000000000000001010011110001011000000100011110010100100101111101100011110001100111001011111100101001111000101100010011111001110010000111101111000101101000001001111000010000010011101011110000000001001101011001001
111111111111111111111111111111111111111111111111111111111111111111111111111111111111111111111111111111110101111101110100111001011101101101010011010010010011100001110011000110100000011010111110111010010000000010110001101100000010010111010010110010110110111101110000100010100001000000010111010100110100
111111111111111111111111111111111111111111111111111111111111111111111111111111111111111111111111111100001010000010001011000110100010010010101000001101111100011110001100111001011111100101000001000101101101111101111110010011000001101111101100001100001001100010001101011111111110111111101000111111001010
000000000000000000000000000000000000000000000000000000000000000000000000000000000000000000000000000011110101111101110100111001011101101101010100110011100011100001110011000110100000011010111110111010010010000011001001101100111110011000010011000001111111011101110010100001000001000000010111101000110101
111111111111111111111111111111111111111111111111111111111111111111111111111111111111111111111111111100001010000010001011000110100010010010101011001100011100011110001100111001011111100101000001000101101101111100110110010011000001100111101100110010000110100010001101011110111110111111101000010111001010
111111111111111111111111111111111111111111111111111111111111111111111111111111111111111111111111111111110101111111110100111001011111111101010100110111111111100001110011111110100000011010111111111010010010000111111111101100111110111111110011001101111111111101110010101111111001000000010111111111110101
000000000000000000000000000000000000000000000000000000000000000000000000000000000000000000000000000000000001111101100000000000001101101100000000000011100000000000000011000110000000000000111110110000000000000011001000000000000000011000010000000000011001010000000000000001000000000000000011101000000000
111111111111111111111111111111111111111111111111111111111111111111111111111111111111111111111111111100001010000010001011000110100010010010101011001100011100011110001100111001011111100101000001000101101101111100110110010011000001100111101100110010000110100010001101011110111110111111101000010111001010
000000000000000000000000000000000000000000000000000000000000000000000000000000000000000000000000000011110101111101110100111001011101101101010100110011100011100001110011000110100000011010111110111010010010000011001001101100111110011000010011000001111111011101110010100001000001000000010111101000110101
111111111111111111111111111111111111111111111111111111111111111111111111111111111111111111111111111100001010000010001011000110100010010010101000001101111100011110001100111001011111100101000001000101101101111101111110010011000001101111101100001100001001100010001101011111111110111111101000111111001010
111111111111111111111111111111111111111111111111111111111111111111111111111111111111111111111111111111110101111101110100111001011101101101010011010010010011100001110011000110100000011010111110111010010000000010110001101100000010010111010010110010110110111101110000100010100001000000010111010100110100
000000000000000000000000000000000000000000000000000000000000000000000000000000000000000000000000000000001010011110001011000000100011110010100100101111101100011110001100111001011111100101001111000101100010011111001110010000111101111000101101000001001111000010000010011101011110000000001001101011001001
111111111111111111111111111111111111111111111111111111111111111111111111111111111111111111111111111100000101100001110100000110011100001101001000000000010011100000000011000110100000000010110000111010001101100000110001100011000000000111010000000000110001111100001101000010100000111111100110010100110010
111111111111111111111111111111111111111111111111111111111111111111111111111111111111111111111111111111110010011110001000111001000011110010010011011111101100000001110100111001000000011001001111000100010000001111111110001100000011111110101010101100001110000001110000111101011101000000010001111011000100
000000000000000000000000000000000000000000000000000000000000000000000000000000000000000000000000000000001101100011110111000000111110011101100100100001111011111110001011111110111111100110110001111011100010010001001101110000111100001001110101010011111111111110000010000111110010000000001110101110111001
111111111111111111111111111111111111111111111111111111111111111111111111111111111111111111111111111111110010111101001000111111000101101010011000011110010100000001110101000101000000011001011110100100011101101110110010001111000011110111001010000000010001110001111101111010101101111111110011010101000110
111111111111111111111111111111111111111111111111111111111111111111111111111111111111111111111111111100001001011110110011000000101011110100100111100011101010011110001010111010011111100100101111011001100010010011111101010000111100011110110101101101001110001010000010000101010010000000001101111010101001
000000000000000000000000000000000000000000000000000000000000000000000000000000000000000000000000000000000110100001001100000110010100001011001000001101110101100000000101000101100000000011010000100110001101101101001010100011000001101001001000010010111111110100001101011011101100111111100010101101010010
111111111111111111111111111111111111111111111111111111111111111111111111111111111111111111111111111111111001011110110011111001101011110100110011010010001010011111111010111010011111111100101111011001110000010010110101011100000010010110110110100000000111001011110000100100010011000000011101010010101100
111111111111111111111111111111111111111111111111111111111111111111111111111111111111111111111111111100000110100011001100000000010110011011000100101101111101100000000101111101100000000011010001100110000010001101111110100000111101101111101001001101111000110100000010011111111100000000000010111111010001
000000000000000000000000000000000000000000000000000000000000000000000000000000000000000000000000000011110001011100110000111111001001100100011000010010010010000001110010000010000000011000101110011000011101100010000001001111000010010001010010010010000111101001111101100010100001111111110101000100100110
111111111111111111111111111111111111111111111111111111111111111111111111111111111111111111111111111100001110100011001111000000110110011011100011001101101101111110001101111101111111100111010001100111100000011101111110110000000001101110101100100000111111010110000000011101011110000000001010111011011000
111111111111111111111111111111111111111111111111111111111111111111111111111111111111111111111111111100000001011100110000000110001001100100001100100111110110000000000010000010000000000000101110011000001111100111111011000011111100111111010001000001001000101000001111001011101000111111100101111101100011
000000000000000000000000000000000000000000000000000000000000000000000000000000000000000000000000000011111100111111000111111001110111111001110000010010011001111111111001111100111111111110011111100011110000010010000100111100000010010001100110011110110111110111110000100110110011000000011011000110011100
111111111111111111111111111111111111111111111111111111111111111111111111111111111111111111111111111100000011000000111000000000001000000110000011001101100110000000000110000011000000000001100000011100000000001101111011000000000001101110011000100000001111001000000000011001001100000000000100111001100000
111111111111111111111111111111111111111111111111111111111111111111111111111111111111111111111111111111111000111111000011111111100111111000111100110011111000011111111001111100011111111100011111100001111111110011111100011111111110011111100111000001011000110011111111100111110011111111111011111110001111
000000000000000000000000000000000000000000000000000000000000000000000000000000000000000000000000000000000111100001111100000000011100001111000000001100000111100000000111000111100000000011110000111110000000001100000011100000000001100000011000000000110111011100000000011000001100000000000110000001110000
111111111111111111111111111111111111111111111111111111111111111111111111111111111111111111111111111100000000011110000000000110000011110000001111100011111000000000000000111000000000000000001111000000001111100011111100000011111100011111100001111111001111100000001111000111110000111111100001111110000011
111111111111111111111111111111111111111111111111111111111111111111111111111111111111111111111111111111111111111111111111111001111111111111110000011111111111111111111111111111111111111111111111111111110000011111111111111100000011111111111110000000111000111111110000111111111111000000011111111111111100
000000000000000000000000000000000000000000000000000000000000000000000000000000000000000000000000000000000000000000000000000000000000000000000000000000000000000000000000000000000000000000000000000000000000000000000000000000000000000000000000000000000111000000000000000000000000000000000000000000000000
111111111111111111111111111111111111111111111111111111111111111111111111111111111111111111111111111111111111111111111111111111111111111111111111111111111111111111111111111111111111111111111111111111111111111111111111111111111111111111111111111111111111111111111111111111111111111111111111111111111111
000000000000000000000000000000000000000000000000000000000000000000000000000000000000000000000000000000000000000000000000000000000000000000000000000000000000000000000000000000000000000000000000000000000000000000000000000000000000000000000000000000000000000000000000000000000000000000000000000000000000
000000000000000000000000000000000000000000000000000000000000000000000000000000000000000000000000000000000000000000000000000000000000000000000000000000000000000000000000000000000000000000000000000000000000000000000000000000000000000000000000000000000000000000000000000000000000000000000000000000000000
000000000000000000000000000000000000000000000000000000000000000000000000000000000000000000000000000000000000000000000000000000000000000000000000000000000000000000000000000000000000000000000000000000000000000000000000000000000000000000000000000000000000000000000000000000000000000000000000000000000000
000000000000000000000000000000000000000000000000000000000000000000000000000000000000000000000000000000000000000000000000000000000000000000000000000000000000000000000000000000000000000000000000000000000000000000000000000000000000000000000000000000000000000000000000000000000000000000000000000000000000
000000000000000000000000000000000000000000000000000000000000000000000000000000000000000000000000000000000000000000000000000000000000000000000000000000000000000000000000000000000000000000000000000000000000000000000000000000000000000000000000000000000000000000000000000000000000000000000000000000000000
000000000000000000000000000000000000000000000000000000000000000000000000000000000000000000000000000000000000000000000000000000000000000000000000000000000000000000000000000000000000000000000000000000000000000000000000000000000000000000000000000000000000000000000000000000000000000000000000000000000000
000000000000000000000000000000000000000000000000000000000000000000000000000000000000000000000000000000000000000000000000000000000000000000000000000000000000000000000000000000000000000000000000000000000000000000000000000000000000000000000000000000000000000000000000000000000000000000000000000000000000
000000000000000000000000000000000000000000000000000000000000000000000000000000000000000000000000000000000000000000000000000000000000000000000000000000000000000000000000000000000000000000000000000000000000000000000000000000000000000000000000000000000000000000000000000000000000000000000000000000000000
000000000000000000000000000000000000000000000000000000000000000000000000000000000000000000000000000000000000000000000000000000000000000000000000000000000000000000000000000000000000000000000000000000000000000000000000000000000000000000000000000000000000000000000000000000000000000000000000000000000000
000000000000000000000000000000000000000000000000000000000000000000000000000000000000000000000000000000000000000000000000000000000000000000000000000000000000000000000000000000000000000000000000000000000000000000000000000000000000000000000000000000000000000000000000000000000000000000000000000000000000
111111111111111111111111111111111111111111111111111111111111111111111111111111111111111111111111111111111111111111111111111111111111111111111111111111111111111111111111111111111111111111111111111111111111111111111111111111111111111111111111111111111111111111111111111111111111111111111111111111111111
000000000000000000000000000000000000000000000000000000000000000000000000000000000000000000000000000000000000000000000000000000000000000000000000000000000000000000000000000000000000000000000000000000000000000000000000000000000000000000000000000000000000000000011100000000000000000000000000000000000000
111111111111111111111111111111111111111111111111111111111111111111111111111111111111111111111111111111111111111111111111111111111111100111111111111111000001111111111111111111111111111111111111111111111111111000000001111111111111110000001111111111111000000011100011111111000011111111111100000001111111
111111111111111111111111111111111111111111111111111111111111111111111111111111111111111111111111111100000000000000000001110000000000011000000110000000111110001111000000000000000000000000000000000000111110000111111110001111100000001111110001111100000111001100111110000000111100001110000011111110000111
000000000000000000000000000000000000000000000000000000000000000000000000000000000000000000000000000011111100000000011110001111110000000001111001111100000000110000111110000000011111111110000000001111000001110000000000110000011110000000000110000011100000110011011101110000000001110001110000000000011000
111111111111111111111111111111111111111111111111111111111111111111111111111111111111111111111111111111100011111111100011111100001111111110011111100011110011001111100001111111100111110001111111110001111111001111111111001111110001111111111001111110011100000101100011001111111110011111001111111111101111
111111111111111111111111111111111111111111111111111111111111111111111111111111111111111111111111111100011000000000001100000011100000000000100000011000001100110110011000000000011000001100000000000110000000100000000000110111101100000000000110111001100010000000111100100000000001100100110000000000010011
000000000000000000000000000000000000000000000000000000000000000000000000000000000000000000000000000011100111111111110011111100011111100111011111100111000001001001100111111111100111110011111111111001111111011000000001001000010011110000001001000110011001111011011111011111000010011011001100000001101100
111111111111111111111111111111111111111111111111111111111111111111111111111111111111111111111111111100011000000000000101110011000000011000100110010000110010011111011000000000001000001000000000000010111110100111111110011111101100001111110011111101000100000100100010100000111100101110100011111110010111
111111111111111111111111111111111111111111111111111111111111111111111111111111111111111111111111111111110110000000111010001100111100000011011001101110001100110110110111111000110111110111111110011101000001010000000001110111111011000000000110111010110010000011111101011000000001110101111000000000101011
000000000000000000000000000000000000000000000000000000000000000000000000000000000000000000000000000011001001111111000101111011000011111100101111010001100001001001101000000111001011101000000001100010111110101111110110001000010100111100001001000111001001111000011110100111110110011011000111111111010100
111111111111111111111111111111111111111111111111111111111111111111111111111111111111111111111111111100110100000000011010000100110000000001010000101100010010110111010110000000010100010110000000001101001101010000001000110111101010000011110110111100100100000111100011010000001001101110110000000000001011
111111111111111111111111111111111111111111111111111111111111111111111111111111111111111111111111111111001011111111100101111011001111100110101111010011001101001000101001111111101011101001111111110010110010101000000001001011010101110000001001011011011010000000011100101111000010010001001100000001110101
000000000000000000000000000000000000000000000000000000000000000000000000000000000000000000000000000000110100000000011010000100110000011001010000101100100000110111010110000000010100010110000000001101001101010111110110110100101010001100000110100100100001001011111111010000110101101110110011111110001010
111111111111111111111111111111111111111111111111111111111111111111111111111111111111111111111111111111001010000000100101111011001100000010101111010010011110001110101001111000101011101001111110010010110010100000001001001111110101000011110001111011010110110100111000101000001000010101001000000000110111
111111111111111111111111111111111111111111111111111111111111111111111111111111111111111111111111111100110001111111001011110100100011111100010110101001100001111001010000000111010100010100000001100101111111001111110110111011001000111100001111011100101000000001000111000111110111101010110111111111001101
000000000000000000000000000000000000000000000000000000000000000000000000000000000000000000000000000011101110000000110110001111011100000011111001110110010010000111101111111000101111111011111110011011001101110000001001000100110111000011110000100111010101001111111111111000001000011111001000000000111010
111111111111111111111111111111111111111111111111111111111111111111111111111111111111111111111111111100010001111111001001110000100011100100000110001001001101111110010000000111010000000100000001100100110010001000000000111111101000110000001111111000101010000000111000000111000011100100110100000001000111
111111111111111111111111111111111111111111111111111111111111111111111111111111111111111111111111111111101100000000010110001111010000011001111001110100100000000001101110000000001111111010000000001011001101110111110110000011010110001100000000011111000000110011000111110000110100011011000011111110011001
000000000000000000000000000000000000000000000000000000000000000000000000000000000000000000000000000011010010000000101001111000101100000010001111001010010010111110110001111000110011100101111110010100110010000000001001111100111001000011110111100010110100000100111100001000001001110101111000000000100110
111111111111111111111111111111111111111111111111111111111111111111111111111111111111111111111111111100101101111111010111110111010011100101110110110101001101001001001110000111001100011010000001101011111111111000000000001011000110110000001001011101001011001011011011110111000010001010000100000001011101
111111111111111111111111111111111111111111111111111111111111111111111111111111111111111111111111111111010010000000101000001000101100011010001001001010100000110111110001111000110011100101111110010100001100000111110111110111111001001100000110111110110000110000100110001000110101111111111011111110100011
000000000000000000000000000000000000000000000000000000000000000000000000000000000000000000000000000000101101111111010111110111010011100101110110110101010011001110001110000111001100011010000001101011110011111000001000001100100110110011111001100001001100000111111101110111001010000100000100000001011110
111111111111111111111111111111111111111111111111111111111111111111111111111111111111111111111111111111010010000000101000001000101100011010001001001010101100110001110001111000110011100101111110010100001100000111110111110011011001001100000110011110110011001000011010001000110101111011111011111110100001
111111111111111111111111111111111111111111111111111111111111111111111111111111111111111111111111111111111101111111010111111111010011100101111111110101010011011111111110000111001111111010000001101011111111111000001000011111111110110011111011111111001100110111111111110111001010111111100100000001011111
000000000000000000000000000000000000000000000000000000000000000000000000000000000000000000000000000000100000000000000111110110000000000000110110110000000000001110000000000000001100011000000000000011110011000000000000001100100000000000000001100001000000000001100101000000000000000100000000000000001110
111111111111111111111111111111111111111111111111111111111111111111111111111111111111111111111111111111010010000000101000001000101100011010001001001010101100110001110001111000110011100101111110010100001100000111110111110011011001001100000110011110110011001000011010001000110101111011111011111110100001
000000000000000000000000000000000000000000000000000000000000000000000000000000000000000000000000000000101101111111010111110111010011100101110110110101010011001110001110000111001100011010000001101011110011111000001000001100100110110011111001100001001100000111111101110111001010000100000100000001011110
111111111111111111111111111111111111111111111111111111111111111111111111111111111111111111111111111111010010000000101000001000101100011010001001001010100000110111110001111000110011100101111110010100001100000111110111110111111001001100000110111110110000110000100110001000110101111111111011111110100011
111111111111111111111111111111111111111111111111111111111111111111111111111111111111111111111111111100101101111111010111110111010011100101110110110101001101001001001110000111001100011010000001101011111111111000000000001011000110110000001001011101001011001011011011110111000010001010000100000001011101
000000000000000000000000000000000000000000000000000000000000000000000000000000000000000000000000000011010010000000101001111000101100000010001111001010010010111110110001111000110011100101111110010100110010000000001001111100111001000011110111100010110100000100111100001000001001110101111000000000100110
111111111111111111111111111111111111111111111111111111111111111111111111111111111111111111111111111100101100000000010110000111010000011001110000110100100000000001001110000000001100011010000000001011001101110111110110000011000110001100000000011101000000000011000111110000110100001010000011111110011001
111111111111111111111111111111111111111111111111111111111111111111111111111111111111111111111111111111010001111111001001111000100011100100001111001001001101111110110000000111010011100100000001100100110010001000000000111111111000110000001111111010101010110000111000000111000011110101110100000001000111
000000000000000000000000000000000000000000000000000000000000000000000000000000000000000000000000000011101110000000110110001111011100000011111001110110010010000111101111111000101111111011111110011011001101110000001001000100110111000011110000100111010101001111111111111000001000011111001000000000111010
111111111111111111111111111111111111111111111111111111111111111111111111111111111111111111111111111100110001111111001011110100100011111100010110101001100001111001010000000111010100010100000001100101111111001111110110111011001000111100001111011100101000000001000111000111110111101010110111111111001101
111111111111111111111111111111111111111111111111111111111111111111111111111111111111111111111111111111001010000000100101111011001100000010101111010010011110001110101001111000101011101001111110010010110010100000001001001111110101000011110001111011010110110100111000101000001000010101001000000000110111
000000000000000000000000000000000000000000000000000000000000000000000000000000000000000000000000000000110100000000011010000100110000011001010000101100100000110111010110000000010100010110000000001101001101010111110110110100101010001100000110100100100001001011111111010000110101101110110011111110001010
111111111111111111111111111111111111111111111111111111111111111111111111111111111111111111111111111111001011111111100101111011001111100110101111010011001101001000101001111111101011101001111111110010110010101000000001001011010101110000001001011011011010000000011100101111000010010001001100000001110101
111111111111111111111111111111111111111111111111111111111111111111111111111111111111111111111111111111110100000000011010001100110000000001011001101100010010110111110110000000010111110110000000001101001101010000001000110111111010000011110110111110100100110111100011010000001001111111110000000000001011
000000000000000000000000000000000000000000000000000000000000000000000000000000000000000000000000000000001001111111000101110011000011111100100110010001100001001001001000000111001000001000000001100010111110101111110110001000000100111100001001000101001001001000011110100111110110001010000111111111010100
111111111111111111111111111111111111111111111111111111111111111111111111111111111111111111111111111111110110000000111010001100111100000011011001101110001100110110110111111000110111110111111110011101000001010000000001110111111011000000000110111010110010000011111101011000000001110101111000000000101011
111111111111111111111111111111111111111111111111111111111111111111111111111111111111111111111111111100011000000000000101110011000000011000100110010000110010011111011000000000001000001000000000000010111110100111111110011111101100001111110011111101000100000100100010100000111100101110100011111110010111
000000000000000000000000000000000000000000000000000000000000000000000000000000000000000000000000000011100111111111110011111100011111100111011111100111000001001001100111111111100111110011111111111001111111011000000001001000010011110000001001000110011001111011011111011111000010011011001100000001101100
111111111111111111111111111111111111111111111111111111111111111111111111111111111111111111111111111100011000000000001100000011100000000000100000011000001100110110011000000000011000001100000000000110000000100000000000110111101100000000000110111001100010000000111100100000000001100100110000000000010011
111111111111111111111111111111111111111111111111111111111111111111111111111111111111111111111111111111100011111111100011111100001111111110011111100011110011001111100001111111100111110001111111110001111111001111111111001111110001111111111001111110011100000101100011001111111110011111001111111111101111
000000000000000000000000000000000000000000000000000000000000000000000000000000000000000000000000000000111100000000011110000111110000000001110000111100000000110000011110000000011100011110000000001111000001110000000000110000001110000000000110000001100000000011011101110000000001100000110000000000011000
111111111111111111111111111111111111111111111111111111111111111111111111111111111111111111111111111111000000000000000001111000000000011000001111000000111110001111100000000000000011100000000000000000111110000111111110001111110000001111110001111110000111111100111110000000111100011111000011111110000111
111111111111111111111111111111111111111111111111111111111111111111111111111111111111111111111111111111111111111111111111111111111111100111111111111111000001111111111111111111111111111111111111111111111111111000000001111111111111110000001111111111111000000011100011111111000011111111111100000001111111
000000000000000000000000000000000000000000000000000000000000000000000000000000000000000000000000000000000000000000000000000000000000000000000000000000000000000000000000000000000000000000000000000000000000000000000000000000000000000000000000000000000000000000011100000000000000000000000000000000000000
111111111111111111111111111111111111111111111111111111111111111111111111111111111111111111111111111111111111111111111111111111111111111111111111111111111111111111111111111111111111111111111111111111111111111111111111111111111111111111111111111111111111111111111111111111111111111111111111111111111111
000000000000000000000000000000000000000000000000000000000000000000000000000000000000000000000000000000000000000000000000000000000000000000000000000000000000000000000000000000000000000000000000000000000000000000000000000000000000000000000000000000000000000000000000000000000000000000000000000000000000
000000000000000000000000000000000000000000000000000000000000000000000000000000000000000000000000000000000000000000000000000000000000000000000000000000000000000000000000000000000000000000000000000000000000000000000000000000000000000000000000000000000000000000000000000000000000000000000000000000000000
000000000000000000000000000000000000000000000000000000000000000000000000000000000000000000000000000000000000000000000000000000000000000000000000000000000000000000000000000000000000000000000000000000000000000000000000000000000000000000000000000000000000000000000000000000000000000000000000000000000000
000000000000000000000000000000000000000000000000000000000000000000000000000000000000000000000000000000000000000000000000000000000000000000000000000000000000000000000000000000000000000000000000000000000000000000000000000000000000000000000000000000000000000000000000000000000000000000000000000000000000
000000000000000000000000000000000000000000000000000000000000000000000000000000000000000000000000000000000000000000000000000000000000000000000000000000000000000000000000000000000000000000000000000000000000000000000000000000000000000000000000000000000000000000000000000000000000000000000000000000000000
000000000000000000000000000000000000000000000000000000000000000000000000000000000000000000000000000000000000000000000000000000000000000000000000000000000000000000000000000000000000000000000000000000000000000000000000000000000000000000000000000000000000000000000000000000000000000000000000000000000000
000000000000000000000000000000000000000000000000000000000000000000000000000000000000000000000000000000000000000000000000000000000000000000000000000000000000000000000000000000000000000000000000000000000000000000000000000000000000000000000000000000000000000000000000000000000000000000000000000000000000
000000000000000000000000000000000000000000000000000000000000000000000000000000000000000000000000000000000000000000000000000000000000000000000000000000000000000000000000000000000000000000000000000000000000000000000000000000000000000000000000000000000000000000000000000000000000000000000000000000000000
000000000000000000000000000000000000000000000000000000000000000000000000000000000000000000000000000000000000000000000000000000000000000000000000000000000000000000000000000000000000000000000000000000000000000000000000000000000000000000000000000000000000000000000000000000000000000000000000000000000000
000000000000000000000000000000000000000000000000000000000000000000000000000000000000000000000000000000000000000000000000000000000000000000000000000000000000000000000000000000000000000000000000000000000000000000000000000000000000000000000000000000000000000000000000000000000000000000000000000000000000
111111111111111111111111111111111111111111111111111111111111111111111111111111111111111111111111111111111111111111111111111111111111111111111111111111111111111111111111111111111111111111111111111111111111111111111111111111111111111111111111111111111111111111111111111111111111111111111111111111111111
000000000000000000000000000000000000000000000000000000000000000000000000000000000000000000000000000000000000000000000000000000000000000000000000000000000000000000000000000000000000000000000000000000000000000000000000000000000000000000000000000000000000000000000000000001110000000000000000000000000000
111111111111111111111111111111111111111111111111111111111111111111111111111111111111111111111111111111111111111111111111111111111111111111111110011111111111111100000111111111111111111111111111111111111000011111111111100000000111111111111111000000111111111111100000001110001111111100001111111111110000
111111111111111111111111111111111111111111111111111111111111111111111111111111111111111111111111111100000000000000000000000000000111000000000001100000011000000011111000111100000000000000000000000000000111100001111000011111111000111110000000111111000111110000011100110011111000000011110000111000001111
000000000000000000000000000000000000000000000000000000000000000000000000000000000000000000000000000000000011111111110000000001111000111111000000000111100111110000000011000011111000000001111111111000000000001110000111000000000011000001111000000000011000001110000011001101110111000000000111000111000000
111111111111111111111111111111111111111111111111111111111111111111111111111111111111111111111111111111111100011110001111111110001111110000111111111001111110001111001100111110000111111110011111000111111111110011111100111111111100111111000111111111100111111001110000010110001100111111111001111100111111
111111111111111111111111111111111111111111111111111111111111111111111111111111111111111111111111111100000001100001100000000000110000001110000000000010000001100000110011011001100000000001100000110000000000000100000010000000000011011110110000000000011011100110001000000011110010000000000110010011000000
000000000000000000000000000000000000000000000000000000000000000000000000000000000000000000000000000011111110011110011111111111001111110001111110011101111110011100000100100110011111111110011111001111111000011011111101100000000100100001001111000000100100011001100111101101111101111100001001101100110000
111111111111111111111111111111111111111111111111111111111111111111111111111111111111111111111111111100000001100001100000000000010111001100000001100010011001000011001001111101100000000000100000100000000111100101111010011111111001111110110000111111001111110100010000010010001010000011110010111010001111
111111111111111111111111111111111111111111111111111111111111111111111111111111111111111111111111111111000110111111011000000011101000110011110000001101100110111000110011011011011111100011011111011111110000001010000101000000000111011111101100000000011011101011001000001111110101100000000111010111100000
000000000000000000000000000000000000000000000000000000000000000000000000000000000000000000000000000000111001001100100111111100010111101100001111110010111101000110000100100110100000011100101110100000001111110101111010111111011000100001010011110000100100011100100111100001111010011111011001101100011111
111111111111111111111111111111111111111111111111111111111111111111111111111111111111111111111111111100000010110011010000000001101000010011000000000101000010110001001011011101011000000001010001011000000000001010110101000000100011011110101000001111011011110010010000011110001101000000100110111011000000
111111111111111111111111111111111111111111111111111111111111111111111111111111111111111111111111111111111101001100101111111110010111101100111110011010111101001100110100100010100111111110101110100111111000010101001010100000000100101101010111000000100101101101101000000001110010111100001001000100110000
000000000000000000000000000000000000000000000000000000000000000000000000000000000000000000000000000000000010110011010000000001101000010011000001100101000010110010000011011101011000000001010001011000000111101010110101011111011011010010101000110000011010010010000100101111111101000011010110111011001111
111111111111111111111111111111111111111111111111111111111111111111111111111111111111111111111111111111000101001100101000000010010111101100110000001010111101001001111000111010100111100010101110100111110000000101001010000000100100111111010100001111000111101101011011010011100010100000100001010100100000
111111111111111111111111111111111111111111111111111111111111111111111111111111111111111111111111111100111000110011000111111100101111010010001111110001011010100110000111100101000000011101010001010000001111110011111100111111011011101100100011110000111101110010100000000100011100011111011110101011011111
000000000000000000000000000000000000000000000000000000000000000000000000000000000000000000000000000011000111011110111000000011011000111101110000001111100111011001001000011110111111100010111111101111110000001110110111000000100100010011011100001111000010011101010100111111111111100000100001111100100000
111111111111111111111111111111111111111111111111111111111111111111111111111111111111111111111111111100111000100001000111111100100111000010001110010000011000100100110111111001000000011101000000010000001000010001001000100000000011111110100011000000111111100010101000000011100000011100001110010011010000
111111111111111111111111111111111111111111111111111111111111111111111111111111111111111111111111111100000011011110110000000001011000111101000001100111100111010010000000000110111000000000111111101000000111101110110111011111011000001101011000110000000001111100000011001100011111000011010001101100001111
000000000000000000000000000000000000000000000000000000000000000000000000000000000000000000000000000011000100101101001000000010100111100010110000001000111100101001001011111011000111100011001110010111110000000001001000000000100111110011100100001111011110001011010000010011110000100000100111010111100000
111111111111111111111111111111111111111111111111111111111111111111111111111111111111111111111111111100111011010010110111111101011111011101001110010111011011010100110100100100111000011100110001101000001000011111111111100000000000101100011011000000100101110100101100101101101111011100001000101000010000
111111111111111111111111111111111111111111111111111111111111111111111111111111111111111111111111111111000100101101001000000010100000100010110001101000100100101010000011011111000111100011001110010111110111100000110000011111011111011111100100110000011011111011000011000010011000100011010111111111101111
000000000000000000000000000000000000000000000000000000000000000000000000000000000000000000000000000000111011010010110111111101011111011101001110010111011011010101001100111000111000011100110001101000001000011111001111100000100000110010011011001111100110000100110000011111110111011100101000010000010000
111111111111111111111111111111111111111111111111111111111111111111111111111111111111111111111111111111000100101101001000000010100000100010110001101000100100101010110011000111000111100011001110010111110111100000110000011111011111001101100100110000011001111011001100100001101000100011010111101111101111
111111111111111111111111111111111111111111111111111111111111111111111111111111111111111111111111111100111011111111110111111101011111111101001110010111111111010101001101111111111000011100111111101000001000011111111111100000100001111111111011001111101111111100110011011111111111011100101011111110010000
000000000000000000000000000000000000000000000000000000000000000000000000000000000000000000000000000000000000010010000000000000011111011000000000000011011011000000000000111000000000000000110001100000000000000011001100000000000000110010000000000000000110000100000000000110010100000000000000010000000000
111111111111111111111111111111111111111111111111111111111111111111111111111111111111111111111111111111000100101101001000000010100000100010110001101000100100101010110011000111000111100011001110010111110111100000110000011111011111001101100100110000011001111011001100100001101000100011010111101111101111
000000000000000000000000000000000000000000000000000000000000000000000000000000000000000000000000000000111011010010110111111101011111011101001110010111011011010101001100111000111000011100110001101000001000011111001111100000100000110010011011001111100110000100110000011111110111011100101000010000010000
111111111111111111111111111111111111111111111111111111111111111111111111111111111111111111111111111111000100101101001000000010100000100010110001101000100100101010000011011111000111100011001110010111110111100000110000011111011111011111100100110000011011111011000011000010011000100011010111111111101111
111111111111111111111111111111111111111111111111111111111111111111111111111111111111111111111111111100111011010010110111111101011111011101001110010111011011010100110100100100111000011100110001101000001000011111111111100000000000101100011011000000100101110100101100101101101111011100001000101000010000
000000000000000000000000000000000000000000000000000000000000000000000000000000000000000000000000000011000100101101001000000010100111100010110000001000111100101001001011111011000111100011001110010111110000000001001000000000100111110011100100001111011110001011010000010011110000100000100111010111100000
111111111111111111111111111111111111111111111111111111111111111111111111111111111111111111111111111100000011010010110000000001011000011101000001100111000011010010000000000100111000000000110001101000000111101110110111011111011000001100011000110000000001110100000000001100011111000011010000101000001111
111111111111111111111111111111111111111111111111111111111111111111111111111111111111111111111111111100111000101101000111111100100111100010001110010000111100100100110111111011000000011101001110010000001000010001001000100000000011111111100011000000111111101010101011000011100000011100001111010111010000
000000000000000000000000000000000000000000000000000000000000000000000000000000000000000000000000000011000111011110111000000011011000111101110000001111100111011001001000011110111111100010111111101111110000001110110111000000100100010011011100001111000010011101010100111111111111100000100001111100100000
111111111111111111111111111111111111111111111111111111111111111111111111111111111111111111111111111100111000110011000111111100101111010010001111110001011010100110000111100101000000011101010001010000001111110011111100111111011011101100100011110000111101110010100000000100011100011111011110101011011111
111111111111111111111111111111111111111111111111111111111111111111111111111111111111111111111111111111000101001100101000000010010111101100110000001010111101001001111000111010100111100010101110100111110000000101001010000000100100111111010100001111000111101101011011010011100010100000100001010100100000
000000000000000000000000000000000000000000000000000000000000000000000000000000000000000000000000000000000010110011010000000001101000010011000001100101000010110010000011011101011000000001010001011000000111101010110101011111011011010010101000110000011010010010000100101111111101000011010110111011001111
111111111111111111111111111111111111111111111111111111111111111111111111111111111111111111111111111111111101001100101111111110010111101100111110011010111101001100110100100010100111111110101110100111111000010101001010100000000100101101010111000000100101101101101000000001110010111100001001000100110000
111111111111111111111111111111111111111111111111111111111111111111111111111111111111111111111111111100000010111111010000000001101000110011000000000101100110110001001011011111011000000001011111011000000000001010110101000000100011011111101000001111011011111010010011011110001101000000100111111111000000
000000000000000000000000000000000000000000000000000000000000000000000000000000000000000000000000000000111001000000100111111100010111001100001111110010011001000110000100100100100000011100100000100000001111110101111010111111011000100000010011110000100100010100100100100001111010011111011000101000011111
111111111111111111111111111111111111111111111111111111111111111111111111111111111111111111111111111111000110111111011000000011101000110011110000001101100110111000110011011011011111100011011111011111110000001010000101000000000111011111101100000000011011101011001000001111110101100000000111010111100000
111111111111111111111111111111111111111111111111111111111111111111111111111111111111111111111111111100000001100001100000000000010111001100000001100010011001000011001001111101100000000000100000100000000111100101111010011111111001111110110000111111001111110100010000010010001010000011110010111010001111
000000000000000000000000000000000000000000000000000000000000000000000000000000000000000000000000000011111110011110011111111111001111110001111110011101111110011100000100100110011111111110011111001111111000011011111101100000000100100001001111000000100100011001100111101101111101111100001001101100110000
111111111111111111111111111111111111111111111111111111111111111111111111111111111111111111111111111100000001100001100000000000110000001110000000000010000001100000110011011001100000000001100000110000000000000100000010000000000011011110110000000000011011100110001000000011110010000000000110010011000000
111111111111111111111111111111111111111111111111111111111111111111111111111111111111111111111111111111111100011110001111111110001111110000111111111001111110001111001100111110000111111110011111000111111111110011111100111111111100111111000111111111100111111001110000010110001100111111111001111100111111
000000000000000000000000000000000000000000000000000000000000000000000000000000000000000000000000000000000011110011110000000001111000011111000000000111000011110000000011000001111000000001110001111000000000001110000111000000000011000000111000000000011000000110000000001101110111000000000110000011000000
111111111111111111111111111111111111111111111111111111111111111111111111111111111111111111111111111100000000001100000000000000000111100000000001100000111100000011111000111110000000000000001110000000000111100001111000011111111000111111000000111111000111111000011111110011111000000011110001111100001111
111111111111111111111111111111111111111111111111111111111111111111111111111111111111111111111111111111111111111111111111111111111111111111111110011111111111111100000111111111111111111111111111111111111000011111111111100000000111111111111111000000111111111111100000001110001111111100001111111111110000
000000000000000000000000000000000000000000000000000000000000000000000000000000000000000000000000000000000000000000000000000000000000000000000000000000000000000000000000000000000000000000000000000000000000000000000000000000000000000000000000000000000000000000000000000001110000000000000000000000000000
111111111111111111111111111111111111111111111111111111111111111111111111111111111111111111111111111111111111111111111111111111111111111111111111111111111111111111111111111111111111111111111111111111111111111111111111111111111111111111111111111111111111111111111111111111111111111111111111111111111111
000000000000000000000000000000000000000000000000000000000000000000000000000000000000000000000000000000000000000000000000000000000000000000000000000000000000000000000000000000000000000000000000000000000000000000000000000000000000000000000000000000000000000000000000000000000000000000000000000000000000
000000000000000000000000000000000000000000000000000000000000000000000000000000000000000000000000000000000000000000000000000000000000000000000000000000000000000000000000000000000000000000000000000000000000000000000000000000000000000000000000000000000000000000000000000000000000000000000000000000000000
000000000000000000000000000000000000000000000000000000000000000000000000000000000000000000000000000000000000000000000000000000000000000000000000000000000000000000000000000000000000000000000000000000000000000000000000000000000000000000000000000000000000000000000000000000000000000000000000000000000000
000000000000000000000000000000000000000000000000000000000000000000000000000000000000000000000000000000000000000000000000000000000000000000000000000000000000000000000000000000000000000000000000000000000000000000000000000000000000000000000000000000000000000000000000000000000000000000000000000000000000
000000000000000000000000000000000000000000000000000000000000000000000000000000000000000000000000000000000000000000000000000000000000000000000000000000000000000000000000000000000000000000000000000000000000000000000000000000000000000000000000000000000000000000000000000000000000000000000000000000000000
000000000000000000000000000000000000000000000000000000000000000000000000000000000000000000000000000000000000000000000000000000000000000000000000000000000000000000000000000000000000000000000000000000000000000000000000000000000000000000000000000000000000000000000000000000000000000000000000000000000000
000000000000000000000000000000000000000000000000000000000000000000000000000000000000000000000000000000000000000000000000000000000000000000000000000000000000000000000000000000000000000000000000000000000000000000000000000000000000000000000000000000000000000000000000000000000000000000000000000000000000
000000000000000000000000000000000000000000000000000000000000000000000000000000000000000000000000000000000000000000000000000000000000000000000000000000000000000000000000000000000000000000000000000000000000000000000000000000000000000000000000000000000000000000000000000000000000000000000000000000000000
000000000000000000000000000000000000000000000000000000000000000000000000000000000000000000000000000000000000000000000000000000000000000000000000000000000000000000000000000000000000000000000000000000000000000000000000000000000000000000000000000000000000000000000000000000000000000000000000000000000000
000000000000000000000000000000000000000000000000000000000000000000000000000000000000000000000000000000000000000000000000000000000000000000000000000000000000000000000000000000000000000000000000000000000000000000000000000000000000000000000000000000000000000000000000000000000000000000000000000000000000
111111111111111111111111111111111111111111111111111111111111111111111111111111111111111111111111111111111111111111111111111111111111111111111111111111111111111111111111111111111111111111111111111111111111111111111111111111111111111111111111111111111111111111111111111111111111111111111111111111111111
000000000000000000000000000000000000000000000000000000000000000000000000000000000000000000000000000000000000000000000000000000000000000000000000000000000000000000000000000000000000000000000000000000001100000000000000000000000000000000000000000000000000000000000000000000000000000111000000000000000000
111111111111111111111111111111111111111111111111111111111111111111111111111111111111111111111111111111111111111111111111111111111111111111111111111111111001111111111111110000011111111111111111111111110011111111100001111111111110000000011111111111111100000011111111111110000000111000111111110000111111
111111111111111111111111111111111111111111111111111111111111111111111111111111111111111111111111111111100000000000000000000000000000000000011100000000000110000001100000001111100011110000000000000000001111000000011110000111100001111111100011111000000011111100011111000001110011001111100000001111000011
000000000000000000000000000000000000000000000000000000000000000000000000000000000000000000000000000000011111100000001111111111000000000111100011111100000000011110011111000000001100001111100000000111111100111000000000111000011100000000001100000111100000000001100000111000001100110111011100000000011100
111111111111111111111111111111111111111111111111111111111111111111111111111111111111111111111111111111110000011111110001111000111111111000111111000011111111100111111000111100110011111000011111111001110011000111111111001111110011111111110011111100011111111110011111100111000001011000110011111111100111
111111111111111111111111111111111111111111111111111111111111111111111111111111111111111111111111111110001110000000000110000110000000000011000000111000000000001000000110000011001101100110000000000110001110111000000000010000001000000000001101111011000000000001101110011000100000001111001000000000011001
000000000000000000000000000000000000000000000000000000000000000000000000000000000000000000000000000001110001111111111001111001111111111100111111000111111001110111111001110000010010011001111111111001111101000111100001101111110110000000010010000100111100000010010001100110011110110111110111110000100110
111111111111111111111111111111111111111111111111111111111111111111111111111111111111111111111111111111101100000000000110000110000000000001011100110000000110001001100100001100100111110110000000000010000011110000011110010111101001111111100111111011000011111100111111010001000001001000101000001111001011
111111111111111111111111111111111111111111111111111111111111111111111111111111111111111111111111111110010011111100011011111101100000001110100011001111000000110110011011100011001101101101111110001101111110101110000000101000010100000000011101111110110000000001101110101100100000111111010110000000011101
000000000000000000000000000000000000000000000000000000000000000000000000000000000000000000000000000001101100000011100100110010011111110001011110110000111111001011110100011000010010011010000001110010111101010001111111010111101011111101100010000101001111000010010001110010011110000111101001111101100110
111111111111111111111111111111111111111111111111111111111111111111111111111111111111111111111111111111010011100000001011001101000000000110100001001100000000010100001011000100101101110101100000000101000010101000000000101011010100000010001101111010100000111101101111001001000001111000110100000010011011
111111111111111111111111111111111111111111111111111111111111111111111111111111111111111111111111111100101100011111110100110010111111111001011110110011111001101011110100110011010010001010011111111010111101010111100001010100101010000000010010110101011100000010010110110110100000000111001011110000100100
000000000000000000000000000000000000000000000000000000000000000000000000000000000000000000000000000011010011100000001011001101000000000110100001001100000110010100001011001000001101110101100000000101001110101000011110101011010101111101101101001010100011000001101001001000010010111111110100001101011011
111111111111111111111111111111111111111111111111111111111111111111111111111111111111111111111111111110101100011100010100110010100000001001011110110011000000101011110100100111100011101010011110001010111011010110000000010100101000000010010011111101010000111100011110110101101101001110001010000010000101
111111111111111111111111111111111111111111111111111111111111111111111111111111111111111111111111111101110010000011100011001100011111110010111101001000111111000101101010011000011110010100000001110101000101101001111111001111110011111101101110110010001111000011110111001010000000010001110001111101111010
000000000000000000000000000000000000000000000000000000000000000000000000000000000000000000000000000011011101111100011101111011100000001101100011110111000000111110011101100100100001111011111110001011111110010110000000111011011100000010010001001101110000111100001001110101010011111111111110000010000111
111111111111111111111111111111111111111111111111111111111111111111111111111111111111111111111111111110100010000011100010000100011111110010011100001000111001000001100010010011011111100100000001110100001011101001100001000100100010000000001111111010001100000011111110001010100000001110000001110000111001
111111111111111111111111111111111111111111111111111111111111111111111111111111111111111111111111111101011101100000001101111011000000000101100011110100000110011110011101001000000000011011100000000011110100010000011110111011011101111101100000110101100011000000000111110000001100110001111100001101000110
000000000000000000000000000000000000000000000000000000000000000000000000000000000000000000000000000010100010011100010010110100100000001010011110001011000000100011110010100100101111101100011110001100111111101110000000000100100000000010011111001110010000111101111000101101000001001111000010000010011101
111111111111111111111111111111111111111111111111111111111111111111111111111111111111111111111111111101111101100011101101001011011111110101111101110100111001011101101101010011010010010011100001110011001001010001100001111111111110000000000010110001101100000010010111010010110010110110111101110000100010
111111111111111111111111111111111111111111111111111111111111111111111111111111111111111111111111111111000010011100010010110100100000001010000010001011000110100010010010101000001101111100011110001100110110101110011110000011000001111101111101111110010011000001101111101100001100001001100010001101011111
000000000000000000000000000000000000000000000000000000000000000000000000000000000000000000000000000010111101100011101101001011011111110101111101110100111001011101101101010100110011100011100001110011001111010001100001111100111110000010000011001001101100111110011000010011000001111111011101110010100001
111111111111111111111111111111111111111111111111111111111111111111111111111111111111111111111111111101000010011100010010110100100000001010000010001011000110100010010010101011001100011100011110001100111000101110011110000011000001111101111100110110010011000001100111101100110010000110100010001101011110
111111111111111111111111111111111111111111111111111111111111111111111111111111111111111111111111111111111101100011101111111111011111110101111111110100111001011111111101010100110111111111100001110011111111110001100001111111111110000010000111111111101100111110111111110011001101111111111101110010101111
000000000000000000000000000000000000000000000000000000000000000000000000000000000000000000000000000010111000000000000001001000000000000001111101100000000000001101101100000000000011100000000000000011000111000000000000001100110000000000000011001000000000000000011000010000000000011001010000000000000001
111111111111111111111111111111111111111111111111111111111111111111111111111111111111111111111111111101000010011100010010110100100000001010000010001011000110100010010010101011001100011100011110001100111000101110011110000011000001111101111100110110010011000001100111101100110010000110100010001101011110
000000000000000000000000000000000000000000000000000000000000000000000000000000000000000000000000000010111101100011101101001011011111110101111101110100111001011101101101010100110011100011100001110011001111010001100001111100111110000010000011001001101100111110011000010011000001111111011101110010100001
111111111111111111111111111111111111111111111111111111111111111111111111111111111111111111111111111111000010011100010010110100100000001010000010001011000110100010010010101000001101111100011110001100110110101110011110000011000001111101111101111110010011000001101111101100001100001001100010001101011111
111111111111111111111111111111111111111111111111111111111111111111111111111111111111111111111111111101111101100011101101001011011111110101111101110100111001011101101101010011010010010011100001110011001001010001100001111111111110000000000010110001101100000010010111010010110010110110111101110000100010
000000000000000000000000000000000000000000000000000000000000000000000000000000000000000000000000000010100010011100010010110100100000001010011110001011000000100011110010100100101111101100011110001100111111101110000000000100100000000010011111001110010000111101111000101101000001001111000010000010011101
111111111111111111111111111111111111111111111111111111111111111111111111111111111111111111111111111101011101100000001101001011000000000101100001110100000110011100001101001000000000010011100000000011000100010000011110111011011101111101100000110001100011000000000111010000000000110001111100001101000010
111111111111111111111111111111111111111111111111111111111111111111111111111111111111111111111111111110100010000011100010110100011111110010011110001000111001000011110010010011011111101100000001110100111011101001100001000100100010000000001111111110001100000011111110101010101100001110000001110000111101
000000000000000000000000000000000000000000000000000000000000000000000000000000000000000000000000000011011101111100011101111011100000001101100011110111000000111110011101100100100001111011111110001011111110010110000000111011011100000010010001001101110000111100001001110101010011111111111110000010000111
111111111111111111111111111111111111111111111111111111111111111111111111111111111111111111111111111101110010000011100011001100011111110010111101001000111111000101101010011000011110010100000001110101000101101001111111001111110011111101101110110010001111000011110111001010000000010001110001111101111010
111111111111111111111111111111111111111111111111111111111111111111111111111111111111111111111111111110101100011100010100110010100000001001011110110011000000101011110100100111100011101010011110001010111011010110000000010100101000000010010011111101010000111100011110110101101101001110001010000010000101
000000000000000000000000000000000000000000000000000000000000000000000000000000000000000000000000000011010011100000001011001101000000000110100001001100000110010100001011001000001101110101100000000101001110101000011110101011010101111101101101001010100011000001101001001000010010111111110100001101011011
111111111111111111111111111111111111111111111111111111111111111111111111111111111111111111111111111100101100011111110100110010111111111001011110110011111001101011110100110011010010001010011111111010111101010111100001010100101010000000010010110101011100000010010110110110100000000111001011110000100100
111111111111111111111111111111111111111111111111111111111111111111111111111111111111111111111111111111010011100000001011111101000000000110100011001100000000010110011011000100101101111101100000000101110010101000000000101011010100000010001101111110100000111101101111101001001101111000110100000010011111
000000000000000000000000000000000000000000000000000000000000000000000000000000000000000000000000000001101100000011100100000010011111110001011100110000111111001001100100011000010010010010000001110010001101010001111111010111101011111101100010000001001111000010010001010010010010000111101001111101100010
111111111111111111111111111111111111111111111111111111111111111111111111111111111111111111111111111110010011111100011011111101100000001110100011001111000000110110011011100011001101101101111110001101111110101110000000101000010100000000011101111110110000000001101110101100100000111111010110000000011101
111111111111111111111111111111111111111111111111111111111111111111111111111111111111111111111111111111101100000000000110000110000000000001011100110000000110001001100100001100100111110110000000000010000011110000011110010111101001111111100111111011000011111100111111010001000001001000101000001111001011
000000000000000000000000000000000000000000000000000000000000000000000000000000000000000000000000000001110001111111111001111001111111111100111111000111111001110111111001110000010010011001111111111001111101000111100001101111110110000000010010000100111100000010010001100110011110110111110111110000100110
111111111111111111111111111111111111111111111111111111111111111111111111111111111111111111111111111110001110000000000110000110000000000011000000111000000000001000000110000011001101100110000000000110001110111000000000010000001000000000001101111011000000000001101110011000100000001111001000000000011001
111111111111111111111111111111111111111111111111111111111111111111111111111111111111111111111111111111110000011111110001111000111111111000111111000011111111100111111000111100110011111000011111111001110011000111111111001111110011111111110011111100011111111110011111100111000001011000110011111111100111
000000000000000000000000000000000000000000000000000000000000000000000000000000000000000000000000000000011111100000001111001111000000000111100001111100000000011100001111000000001100000111100000000111001100111000000000111000011100000000001100000011100000000001100000011000000000110111011100000000011000
111111111111111111111111111111111111111111111111111111111111111111111111111111111111111111111111111111100000000000000000110000000000000000011110000000000110000011110000001111100011111000000000000000111111000000011110000111100001111111100011111100000011111100011111100001111111001111100000001111000111
111111111111111111111111111111111111111111111111111111111111111111111111111111111111111111111111111111111111111111111111111111111111111111111111111111111001111111111111110000011111111111111111111111110011111111100001111111111110000000011111111111111100000011111111111110000000111000111111110000111111
000000000000000000000000000000000000000000000000000000000000000000000000000000000000000000000000000000000000000000000000000000000000000000000000000000000000000000000000000000000000000000000000000000001100000000000000000000000000000000000000000000000000000000000000000000000000000111000000000000000000
111111111111111111111111111111111111111111111111111111111111111111111111111111111111111111111111111111111111111111111111111111111111111111111111111111111111111111111111111111111111111111111111111111111111111111111111111111111111111111111111111111111111111111111111111111111111111111111111111111111111
000000000000000000000000000000000000000000000000000000000000000000000000000000000000000000000000000000000000000000000000000000000000000000000000000000000000000000000000000000000000000000000000000000000000000000000000000000000000000000000000000000000000000000000000000000000000000000000000000000000000
000000000000000000000000000000000000000000000000000000000000000000000000000000000000000000000000000000000000000000000000000000000000000000000000000000000000000000000000000000000000000000000000000000000000000000000000000000000000000000000000000000000000000000000000000000000000000000000000000000000000
000000000000000000000000000000000000000000000000000000000000000000000000000000000000000000000000000000000000000000000000000000000000000000000000000000000000000000000000000000000000000000000000000000000000000000000000000000000000000000000000000000000000000000000000000000000000000000000000000000000000
000000000000000000000000000000000000000000000000000000000000000000000000000000000000000000000000000000000000000000000000000000000000000000000000000000000000000000000000000000000000000000000000000000000000000000000000000000000000000000000000000000000000000000000000000000000000000000000000000000000000
000000000000000000000000000000000000000000000000000000000000000000000000000000000000000000000000000000000000000000000000000000000000000000000000000000000000000000000000000000000000000000000000000000000000000000000000000000000000000000000000000000000000000000000000000000000000000000000000000000000000
000000000000000000000000000000000000000000000000000000000000000000000000000000000000000000000000000000000000000000000000000000000000000000000000000000000000000000000000000000000000000000000000000000000000000000000000000000000000000000000000000000000000000000000000000000000000000000000000000000000000
000000000000000000000000000000000000000000000000000000000000000000000000000000000000000000000000000000000000000000000000000000000000000000000000000000000000000000000000000000000000000000000000000000000000000000000000000000000000000000000000000000000000000000000000000000000000000000000000000000000000
000000000000000000000000000000000000000000000000000000000000000000000000000000000000000000000000000000000000000000000000000000000000000000000000000000000000000000000000000000000000000000000000000000000000000000000000000000000000000000000000000000000000000000000000000000000000000000000000000000000000
000000000000000000000000000000000000000000000000000000000000000000000000000000000000000000000000000000000000000000000000000000000000000000000000000000000000000000000000000000000000000000000000000000000000000000000000000000000000000000000000000000000000000000000000000000000000000000000000000000000000
000000000000000000000000000000000000000000000000000000000000000000000000000000000000000000000000000000000000000000000000000000000000000000000000000000000000000000000000000000000000000000000000000000000000000000000000000000000000000000000000000000000000000000000000000000000000000000000000000000000000
111111111111111111111111111111111111111111111111111111111111111111111111111111111111111111111111111111111111111111111111111111111111111111111111111111111111111111111111111111111111111111111111111111111111111111111111111111111111111111111111111111111111111111111111111111111111111111111111111111111111
000000000000000000000000000000000000000000000000000000000000000000000000000000000000000000000000000000000000000000000000000000000000000000000000000000000000000000000000000000000000000000000000000000000000000001110000000000000000000000000000000000000000000000000000000000000000000000000000011100000000
111111111111111111111111111111111111111111111111111111111111111111111111111111111111111111111111111100001111111111111111111111111111111111111111111111111111111111100111111111111111000001111111111111110000011110001111111110000111111111111000000001111111111111110000001111111111111000000011100011111111
111111111111111111111111111111111111111111111111111111111111111111111111111111111111111111111111111111110000111110000000000000000000000000000000000001110000000000011000000110000000111110001111000000000111100111111100000001111000011110000111111110001111100000001111110001111100000111001100111110000000
000000000000000000000000000000000000000000000000000000000000000000000000000000000000000000000000000000000111000001111110000000111111111100000000011110001111110000000001111001111100000000110000111110001000011001110011100000000011100001110000000000110000011110000000000110000011100000110011011101110000
111111111111111111111111111111111111111111111111111111111111111111111111111111111111111111111111111101111001111111000001111111000111100011111111100011111100001111111110011111100011110011001111100001110000100110001100011111111100111111001111111111001111110001111111111001111110011100000101100011001111
111111111111111111111111111111111111111111111111111111111111111111111111111111111111111111111111111110000010011000111000000000011000011000000000001100000011100000000000100000011000001100110110011000000001001011111011100000000001000000100000000000110111101100000000000110111001100010000000111100100000
000000000000000000000000000000000000000000000000000000000000000000000000000000000000000000000000000000001101100111000111111111100111100111111111110011111100011111100111011111100111000001001001100111111110010101110100011110000110111111011000000001001000010011110000001001000110011001111011011111011111
111111111111111111111111111111111111111111111111111111111111111111111111111111111111111111111111111101110010111110110000000000011000011000000000000101110011000000011000100110010000110010011111011000000000101110001111000001111001011110100111111110011111101100001111110011111101000100000100100010100000
111111111111111111111111111111111111111111111111111111111111111111111111111111111111111111111111111110000101011001001111110001101111110110000000111010001100111100000011011001101110001100110110110111110001010011111010111000000010100001010000000001110111111011000000000110111010110010000011111101011000
000000000000000000000000000000000000000000000000000000000000000000000000000000000000000000000000000000011010100110110000001110010011001001111111000101111011000011111100101111010001100001001001101000001110101101110101000111111101011110101111110110001000010100111100001001000111001001111000011110100111
111111111111111111111111111111111111111111111111111111111111111111111111111111111111111111111111111101100101011101001110000000101100110100000000011010000100110000000001010000101100010010110111010110000000010010001010100000000010101101010000001000110111101010000011110110111100100100000111100011010000
111111111111111111111111111111111111111111111111111111111111111111111111111111111111111111111111111110001010100010110001111111010011001011111111100101111011001111100110101111010011001101001000101001110001001111110101011110000101010010101000000001001011010101110000001001011011011010000000011100101111
000000000000000000000000000000000000000000000000000000000000000000000000000000000000000000000000000000010101011101001110000000101100110100000000011010000100110000011001010000101100100000110111010110000110110001111010100001111010101101010111110110110100101010001100000110100100100001001011111111010000
111111111111111111111111111111111111111111111111111111111111111111111111111111111111111111111111111111100010111010110001110001010011001010000000100101111011001100000010101111010010011110001110101001111001001110101101011000000001010010100000001001001111110101000011110001111011010110110100111000101000
111111111111111111111111111111111111111111111111111111111111111111111111111111111111111111111111111100011001100111001000001110001100110001111111001011110100100011111100010110101001100001111001010000000000100111010110100111111100111111001111110110111011001000111100001111011100101000000001000111000111
000000000000000000000000000000000000000000000000000000000000000000000000000000000000000000000000000001100111011101110111110001110111101110000000110110001111011100000011111001110110010010000111101111110110011001111001011000000011101101110000001001000100110111000011110000100111010101001111111111111000
111111111111111111111111111111111111111111111111111111111111111111111111111111111111111111111111111110001000111010001000001110001000010001111111001001110000100011100100000110001001001101111110010000000001000110101110100110000100010010001000000000111111101000110000001111111000101010000000111000000111
111111111111111111111111111111111111111111111111111111111111111111111111111111111111111111111111111100010111000101110110000000110111101100000000010110001111010000011001111001110100100000000001101110001000111011010001000001111011101101110111110110000011010110001100000000011111000000110011000111110000
000000000000000000000000000000000000000000000000000000000000000000000000000000000000000000000000000001100000111010001001110001001011010010000000101001111000101100000010001111001010010010111110110001110000000101111110111000000000010010000000001001111100111001000011110111100010110100000100111100001000
111111111111111111111111111111111111111111111111111111111111111111111111111111111111111111111111111110001111100111110110001110110100101101111111010111110111010011100101110110110101001101001001001110000111011110100101000110000111111111111000000000001011000110110000001001011101001011001011011011110111
111111111111111111111111111111111111111111111111111111111111111111111111111111111111111111111111111100010000011100001001110001001011010010000000101000001000101100011010001001001010100000110111110001111000100011011010111001111000001100000111110111110111111001001100000110111110110000110000100110001000
000000000000000000000000000000000000000000000000000000000000000000000000000000000000000000000000000001101111111011110110001110110100101101111111010111110111010011100101110110110101010011001110001110000000011101111101000110000111110011111000001000001100100110110011111001100001001100000111111101110111
111111111111111111111111111111111111111111111111111111111111111111111111111111111111111111111111111110010000000100001001110001001011010010000000101000001000101100011010001001001010101100110001110001110111100010100010111001111000001100000111110111110011011001001100000110011110110011001000011010001000
111111111111111111111111111111111111111111111111111111111111111111111111111111111111111111111111111101101111111111110110001110111111111101111111010111111111010011100101111111110101010011011111111110001000011111111111000110000111111111111000001000011111111110110011111011111111001100110111111111110111
000000000000000000000000000000000000000000000000000000000000000000000000000000000000000000000000000000000001111011100000000000000100100000000000000111110110000000000000110110110000000000001110000000000000001101011100000000000000110011000000000000001100100000000000000001100001000000000001100101000000
111111111111111111111111111111111111111111111111111111111111111111111111111111111111111111111111111110010000000100001001110001001011010010000000101000001000101100011010001001001010101100110001110001110111100010100010111001111000001100000111110111110011011001001100000110011110110011001000011010001000
000000000000000000000000000000000000000000000000000000000000000000000000000000000000000000000000000001101111111011110110001110110100101101111111010111110111010011100101110110110101010011001110001110000000011101111101000110000111110011111000001000001100100110110011111001100001001100000111111101110111
111111111111111111111111111111111111111111111111111111111111111111111111111111111111111111111111111100010000011100001001110001001011010010000000101000001000101100011010001001001010100000110111110001111000100011011010111001111000001100000111110111110111111001001100000110111110110000110000100110001000
111111111111111111111111111111111111111111111111111111111111111111111111111111111111111111111111111110001111100111110110001110110100101101111111010111110111010011100101110110110101001101001001001110000111011110100101000110000111111111111000000000001011000110110000001001011101001011001011011011110111
000000000000000000000000000000000000000000000000000000000000000000000000000000000000000000000000000001100000111010001001110001001011010010000000101001111000101100000010001111001010010010111110110001110000000101111110111000000000010010000000001001111100111001000011110111100010110100000100111100001000
111111111111111111111111111111111111111111111111111111111111111111111111111111111111111111111111111100010111000101110110000000110100101100000000010110000111010000011001110000110100100000000001001110000000111011010001000001111011101101110111110110000011000110001100000000011101000000000011000111110000
111111111111111111111111111111111111111111111111111111111111111111111111111111111111111111111111111110001000111010001000001110001011010001111111001001111000100011100100001111001001001101111110110000001001000110101110100110000100010010001000000000111111111000110000001111111010101010110000111000000111
000000000000000000000000000000000000000000000000000000000000000000000000000000000000000000000000000001100111011101110111110001110111101110000000110110001111011100000011111001110110010010000111101111110110011001111001011000000011101101110000001001000100110111000011110000100111010101001111111111111000
111111111111111111111111111111111111111111111111111111111111111111111111111111111111111111111111111100011001100111001000001110001100110001111111001011110100100011111100010110101001100001111001010000000000100111010110100111111100111111001111110110111011001000111100001111011100101000000001000111000111
111111111111111111111111111111111111111111111111111111111111111111111111111111111111111111111111111111100010111010110001110001010011001010000000100101111011001100000010101111010010011110001110101001111001001110101101011000000001010010100000001001001111110101000011110001111011010110110100111000101000
000000000000000000000000000000000000000000000000000000000000000000000000000000000000000000000000000000010101011101001110000000101100110100000000011010000100110000011001010000101100100000110111010110000110110001111010100001111010101101010111110110110100101010001100000110100100100001001011111111010000
111111111111111111111111111111111111111111111111111111111111111111111111111111111111111111111111111110001010100010110001111111010011001011111111100101111011001111100110101111010011001101001000101001110001001111110101011110000101010010101000000001001011010101110000001001011011011010000000011100101111
111111111111111111111111111111111111111111111111111111111111111111111111111111111111111111111111111101100101011101001110000000101111110100000000011010001100110000000001011001101100010010110111110110001000010010001010100000000010101101010000001000110111111010000011110110111110100100110111100011010000
000000000000000000000000000000000000000000000000000000000000000000000000000000000000000000000000000000011010100110110000001110010000001001111111000101110011000011111100100110010001100001001001001000000110101101110101000111111101011110101111110110001000000100111100001001000101001001001000011110100111
111111111111111111111111111111111111111111111111111111111111111111111111111111111111111111111111111110000101011001001111110001101111110110000000111010001100111100000011011001101110001100110110110111110001010011111010111000000010100001010000000001110111111011000000000110111010110010000011111101011000
111111111111111111111111111111111111111111111111111111111111111111111111111111111111111111111111111101110010111110110000000000011000011000000000000101110011000000011000100110010000110010011111011000000000101110001111000001111001011110100111111110011111101100001111110011111101000100000100100010100000
000000000000000000000000000000000000000000000000000000000000000000000000000000000000000000000000000000001101100111000111111111100111100111111111110011111100011111100111011111100111000001001001100111111110010101110100011110000110111111011000000001001000010011110000001001000110011001111011011111011111
111111111111111111111111111111111111111111111111111111111111111111111111111111111111111111111111111110000010011000111000000000011000011000000000001100000011100000000000100000011000001100110110011000000001001011111011100000000001000000100000000000110111101100000000000110111001100010000000111100100000
111111111111111111111111111111111111111111111111111111111111111111111111111111111111111111111111111101111001111111000001111111000111100011111111100011111100001111111110011111100011110011001111100001110000100110001100011111111100111111001111111111001111110001111111111001111110011100000101100011001111
000000000000000000000000000000000000000000000000000000000000000000000000000000000000000000000000000000000111000001111110000000111100111100000000011110000111110000000001110000111100000000110000011110000000011001110011100000000011100001110000000000110000001110000000000110000001100000000011011101110000
111111111111111111111111111111111111111111111111111111111111111111111111111111111111111111111111111111110000111110000000000000000011000000000000000001111000000000011000001111000000111110001111100000001111100111111100000001111000011110000111111110001111110000001111110001111110000111111100111110000000
111111111111111111111111111111111111111111111111111111111111111111111111111111111111111111111111111100001111111111111111111111111111111111111111111111111111111111100111111111111111000001111111111111110000011110001111111110000111111111111000000001111111111111110000001111111111111000000011100011111111
000000000000000000000000000000000000000000000000000000000000000000000000000000000000000000000000000000000000000000000000000000000000000000000000000000000000000000000000000000000000000000000000000000000000000001110000000000000000000000000000000000000000000000000000000000000000000000000000011100000000
111111111111111111111111111111111111111111111111111111111111111111111111111111111111111111111111111111111111111111111111111111111111111111111111111111111111111111111111111111111111111111111111111111111111111111111111111111111111111111111111111111111111111111111111111111111111111111111111111111111111
000000000000000000000000000000000000000000000000000000000000000000000000000000000000000000000000000000000000000000000000000000000000000000000000000000000000000000000000000000000000000000000000000000000000000000000000000000000000000000000000000000000000000000000000000000000000000000000000000000000000
000000000000000000000000000000000000000000000000000000000000000000000000000000000000000000000000000000000000000000000000000000000000000000000000000000000000000000000000000000000000000000000000000000000000000000000000000000000000000000000000000000000000000000000000000000000000000000000000000000000000
000000000000000000000000000000000000000000000000000000000000000000000000000000000000000000000000000000000000000000000000000000000000000000000000000000000000000000000000000000000000000000000000000000000000000000000000000000000000000000000000000000000000000000000000000000000000000000000000000000000000
000000000000000000000000000000000000000000000000000000000000000000000000000000000000000000000000000000000000000000000000000000000000000000000000000000000000000000000000000000000000000000000000000000000000000000000000000000000000000000000000000000000000000000000000000000000000000000000000000000000000
000000000000000000000000000000000000000000000000000000000000000000000000000000000000000000000000000000000000000000000000000000000000000000000000000000000000000000000000000000000000000000000000000000000000000000000000000000000000000000000000000000000000000000000000000000000000000000000000000000000000
000000000000000000000000000000000000000000000000000000000000000000000000000000000000000000000000000000000000000000000000000000000000000000000000000000000000000000000000000000000000000000000000000000000000000000000000000000000000000000000000000000000000000000000000000000000000000000000000000000000000
000000000000000000000000000000000000000000000000000000000000000000000000000000000000000000000000000000000000000000000000000000000000000000000000000000000000000000000000000000000000000000000000000000000000000000000000000000000000000000000000000000000000000000000000000000000000000000000000000000000000
000000000000000000000000000000000000000000000000000000000000000000000000000000000000000000000000000000000000000000000000000000000000000000000000000000000000000000000000000000000000000000000000000000000000000000000000000000000000000000000000000000000000000000000000000000000000000000000000000000000000
000000000000000000000000000000000000000000000000000000000000000000000000000000000000000000000000000000000000000000000000000000000000000000000000000000000000000000000000000000000000000000000000000000000000000000000000000000000000000000000000000000000000000000000000000000000000000000000000000000000000
000000000000000000000000000000000000000000000000000000000000000000000000000000000000000000000000000000000000000000000000000000000000000000000000000000000000000000000000000000000000000000000000000000000000000000000000000000000000000000000000000000000000000000000000000000000000000000000000000000000000
111111111111111111111111111111111111111111111111111111111111111111111111111111111111111111111111111111111111111111111111111111111111111111111111111111111111111111111111111111111111111111111111111111111111111111111111111111111111111111111111111111111111111111111111111111111111111111111111111111111111
000000000000000000000000000000000000000000000000000000000000000000000000000000000000000000000000000000000000000000000000000000000000000000000000000000000000000000000000000000000000000000000000000000000000000000000000000111000000000000000000000000000000000000000000000000000000000000000000000000000001
111111111111111111111111111111111111111111111111111111111111111111111111111111111111111111111111111111111000000000111111111111111111111111111111111111111111111111111111111110011111111111111100000111111111000000000001111000111111111000011111111111100000000111111111111111000000111111111111100000001110
111111111111111111111111111111111111111111111111111111111111111111111111111111111111111111111111111100000111111111000011111000000000000000000000000000000000000111000000000001100000011000000011111000110000111110011110011111110000000111100001111000011111111000111110000000111111000111110000011100110011
000000000000000000000000000000000000000000000000000000000000000000000000000000000000000000000000000011110000000000011100000111111000000011111111110000000001111000111111000000000111100111110000000011001110000001100001100111001110000000001110000111000000000011000001111000000000011000001110000011001101
111111111111111111111111111111111111111111111111111111111111111111111111111111111111111111111111111100001111000111100111111100000111111100011110001111111110001111110000111111111001111110001111001100111001110000000010011000110001111111110011111100111111111100111111000111111111100111111001110000010110
111111111111111111111111111111111111111111111111111111111111111111111111111111111111111111111111111111100000111000001001100011100000000001100001100000000000110000001110000000000010000001100000110011010110001000000100101111101110000000000100000010000000000011011110110000000000011011100110001000000011
000000000000000000000000000000000000000000000000000000000000000000000000000000000000000000000000000000011000000000110110011100011111111110011110011111111111001111110001111110011101111110011100000100101001000111111001010111010001111000011011111101100000000100100001001111000000100100011001100111101101
111111111111111111111111111111111111111111111111111111111111111111111111111111111111111111111111111111000111000111001011111011000000000001100001100000000000010111001100000001100010011001000011001001110100110000000010111000111100000111100101111010011111111001111110110000111111001111110100010000010010
111111111111111111111111111111111111111111111111111111111111111111111111111111111111111111111111111110110000111000010101100100111111000110111111011000000011101000110011110000001101100110111000110011011011001000000101001111101011100000001010000101000000000111011111101100000000011011101011001000001111
000000000000000000000000000000000000000000000000000000000000000000000000000000000000000000000000000001001100000001101010011011000000111001001100100111111100010111101100001111110010111101000110000100100100100111111010110111010100011111110101111010111111011000100001010011110000100100011100100111100001
111111111111111111111111111111111111111111111111111111111111111111111111111111111111111111111111111110110011000110010101110100111000000010110011010000000001101000010011000000000101000010110001001011011010010000000001001000101010000000001010110101000000100011011110101000001111011011110010010000011110
111111111111111111111111111111111111111111111111111111111111111111111111111111111111111111111111111101001000111000101010001011000111111101001100101111111110010111101100111110011010111101001100110100100101001000000100111111010101111000010101001010100000000100101101010111000000100101101101101000000001
000000000000000000000000000000000000000000000000000000000000000000000000000000000000000000000000000010110100000001010101110100111000000010110011010000000001101000010011000001100101000010110010000011011010100110011011000111101010000111101010110101011111011011010010101000110000011010010010000100101111
111111111111111111111111111111111111111111111111111111111111111111111111111111111111111111111111111101000011111110001011101011000111000101001100101000000010010111101100110000001010111101001001111000110101010001100100111010110101100000000101001010000000100100111111010100001111000111101101011011010011
111111111111111111111111111111111111111111111111111111111111111111111111111111111111111111111111111110101100000001100110011100100000111000110011000111111100101111010010001111110001011010100110000111101010101000000010011101011010011111110011111100111111011011101100100011110000111101110010100000000100
000000000000000000000000000000000000000000000000000000000000000000000000000000000000000000000000000001010011000110011101110111011111000111011110111000000011011000111101110000001111100111011001001000011101010110011001100111100101100000001110110111000000100100010011011100001111000010011101010100111111
111111111111111111111111111111111111111111111111111111111111111111111111111111111111111111111111111110101000111000100011101000100000111000100001000111111100100111000010001110010000011000100100110111110010000000000100011010111010011000010001001000100000000011111110100011000000111111100010101000000011
111111111111111111111111111111111111111111111111111111111111111111111111111111111111111111111111111101010100000001011100010111011000000011011110110000000001011000111101000001100111100111010010000000001100101001100011101101000100000111101110110111011111011000001101011000110000000001111100000011001100
000000000000000000000000000000000000000000000000000000000000000000000000000000000000000000000000000010100011000110000011101000100111000100101101001000000010100111100010110000001000111100101001001011110011010000000000010111111011100000000001001000000000100111110011100100001111011110001011010000010011
111111111111111111111111111111111111111111111111111111111111111111111111111111111111111111111111111101011000111000111110011111011000111011010010110111111101011111011101001110010111011011010100110100101100000110011101111010010100011000011111111111100000000000101100011011000000100101110100101100101101
111111111111111111111111111111111111111111111111111111111111111111111111111111111111111111111111111110100100000001000001110000100111000100101101001000000010100000100010110001101000100100101010000011010011101001100010001101101011100111100000110000011111011111011111100100110000011011111011000011000010
000000000000000000000000000000000000000000000000000000000000000000000000000000000000000000000000000001011011000110111111101111011000111011010010110111111101011111011101001110010111011011010101001100111100010000000001110111110100011000011111001111100000100000110010011011001111100110000100110000011111
111111111111111111111111111111111111111111111111111111111111111111111111111111111111111111111111111110100100111001000000010000100111000100101101001000000010100000100010110001101000100100101010110011000011100110011110001010001011100111100000110000011111011111001101100100110000011001111011001100100001
111111111111111111111111111111111111111111111111111111111111111111111111111111111111111111111111111111011011000110111111111111011000111011111111110111111101011111111101001110010111111111010101001101111100011001100001111111111100011000011111111111100000100001111111111011001111101111111100110011011111
000000000000000000000000000000000000000000000000000000000000000000000000000000000000000000000000000000000000000000000111101110000000000000010010000000000000011111011000000000000011011011000000000000111100000000000000110101110000000000000011001100000000000000110010000000000000000110000100000000000110
111111111111111111111111111111111111111111111111111111111111111111111111111111111111111111111111111110100100111001000000010000100111000100101101001000000010100000100010110001101000100100101010110011000011100110011110001010001011100111100000110000011111011111001101100100110000011001111011001100100001
000000000000000000000000000000000000000000000000000000000000000000000000000000000000000000000000000001011011000110111111101111011000111011010010110111111101011111011101001110010111011011010101001100111100010000000001110111110100011000011111001111100000100000110010011011001111100110000100110000011111
111111111111111111111111111111111111111111111111111111111111111111111111111111111111111111111111111110100100000001000001110000100111000100101101001000000010100000100010110001101000100100101010000011010011101001100010001101101011100111100000110000011111011111011111100100110000011011111011000011000010
111111111111111111111111111111111111111111111111111111111111111111111111111111111111111111111111111101011000111000111110011111011000111011010010110111111101011111011101001110010111011011010100110100101100000110011101111010010100011000011111111111100000000000101100011011000000100101110100101100101101
000000000000000000000000000000000000000000000000000000000000000000000000000000000000000000000000000010100011000110000011101000100111000100101101001000000010100111100010110000001000111100101001001011110011010000000000010111111011100000000001001000000000100111110011100100001111011110001011010000010011
111111111111111111111111111111111111111111111111111111111111111111111111111111111111111111111111111101010100000001011100010111011000000011010010110000000001011000011101000001100111000011010010000000001100101000000011101101000100000111101110110111011111011000001100011000110000000001110100000000001100
111111111111111111111111111111111111111111111111111111111111111111111111111111111111111111111111111110101000111000100011101000100000111000101101000111111100100111100010001110010000111100100100110111110010000001100100011010111010011000010001001000100000000011111111100011000000111111101010101011000011
000000000000000000000000000000000000000000000000000000000000000000000000000000000000000000000000000001010011000110011101110111011111000111011110111000000011011000111101110000001111100111011001001000011101010110011001100111100101100000001110110111000000100100010011011100001111000010011101010100111111
111111111111111111111111111111111111111111111111111111111111111111111111111111111111111111111111111110101100000001100110011100100000111000110011000111111100101111010010001111110001011010100110000111101010101000000010011101011010011111110011111100111111011011101100100011110000111101110010100000000100
111111111111111111111111111111111111111111111111111111111111111111111111111111111111111111111111111101000011111110001011101011000111000101001100101000000010010111101100110000001010111101001001111000110101010001100100111010110101100000000101001010000000100100111111010100001111000111101101011011010011
000000000000000000000000000000000000000000000000000000000000000000000000000000000000000000000000000010110100000001010101110100111000000010110011010000000001101000010011000001100101000010110010000011011010100110011011000111101010000111101010110101011111011011010010101000110000011010010010000100101111
111111111111111111111111111111111111111111111111111111111111111111111111111111111111111111111111111101001000111000101010001011000111111101001100101111111110010111101100111110011010111101001100110100100101001000000100111111010101111000010101001010100000000100101101010111000000100101101101101000000001
111111111111111111111111111111111111111111111111111111111111111111111111111111111111111111111111111110110011000110010101110100111000000010111111010000000001101000110011000000000101100110110001001011011010010001100001001000101010000000001010110101000000100011011111101000001111011011111010010011011110
000000000000000000000000000000000000000000000000000000000000000000000000000000000000000000000000000001001100000001101010011011000000111001000000100111111100010111001100001111110010011001000110000100100100100110011010110111010100011111110101111010111111011000100000010011110000100100010100100100100001
111111111111111111111111111111111111111111111111111111111111111111111111111111111111111111111111111110110000111000010101100100111111000110111111011000000011101000110011110000001101100110111000110011011011001000000101001111101011100000001010000101000000000111011111101100000000011011101011001000001111
111111111111111111111111111111111111111111111111111111111111111111111111111111111111111111111111111111000111000111001011111011000000000001100001100000000000010111001100000001100010011001000011001001110100110000000010111000111100000111100101111010011111111001111110110000111111001111110100010000010010
000000000000000000000000000000000000000000000000000000000000000000000000000000000000000000000000000000011000000000110110011100011111111110011110011111111111001111110001111110011101111110011100000100101001000111111001010111010001111000011011111101100000000100100001001111000000100100011001100111101101
111111111111111111111111111111111111111111111111111111111111111111111111111111111111111111111111111111100000111000001001100011100000000001100001100000000000110000001110000000000010000001100000110011010110001000000100101111101110000000000100000010000000000011011110110000000000011011100110001000000011
111111111111111111111111111111111111111111111111111111111111111111111111111111111111111111111111111100001111000111100111111100000111111100011110001111111110001111110000111111111001111110001111001100111001110000000010011000110001111111110011111100111111111100111111000111111111100111111001110000010110
000000000000000000000000000000000000000000000000000000000000000000000000000000000000000000000000000011110000000000011100000111111000000011110011110000000001111000011111000000000111000011110000000011001110000000000001100111001110000000001110000111000000000011000000111000000000011000000110000000001101
111111111111111111111111111111111111111111111111111111111111111111111111111111111111111111111111111100000111111111000011111000000000000000001100000000000000000111100000000001100000111100000011111000110000111111111110011111110000000111100001111000011111111000111111000000111111000111111000011111110011
111111111111111111111111111111111111111111111111111111111111111111111111111111111111111111111111111111111000000000111111111111111111111111111111111111111111111111111111111110011111111111111100000111111111000000000001111000111111111000011111111111100000000111111111111111000000111111111111100000001110
000000000000000000000000000000000000000000000000000000000000000000000000000000000000000000000000000000000000000000000000000000000000000000000000000000000000000000000000000000000000000000000000000000000000000000000000000111000000000000000000000000000000000000000000000000000000000000000000000000000001
111111111111111111111111111111111111111111111111111111111111111111111111111111111111111111111111111111111111111111111111111111111111111111111111111111111111111111111111111111111111111111111111111111111111111111111111111111111111111111111111111111111111111111111111111111111111111111111111111111111111
000000000000000000000000000000000000000000000000000000000000000000000000000000000000000000000000000000000000000000000000000000000000000000000000000000000000000000000000000000000000000000000000000000000000000000000000000000000000000000000000000000000000000000000000000000000000000000000000000000000000
000000000000000000000000000000000000000000000000000000000000000000000000000000000000000000000000000000000000000000000000000000000000000000000000000000000000000000000000000000000000000000000000000000000000000000000000000000000000000000000000000000000000000000000000000000000000000000000000000000000000
000000000000000000000000000000000000000000000000000000000000000000000000000000000000000000000000000000000000000000000000000000000000000000000000000000000000000000000000000000000000000000000000000000000000000000000000000000000000000000000000000000000000000000000000000000000000000000000000000000000000
000000000000000000000000000000000000000000000000000000000000000000000000000000000000000000000000000000000000000000000000000000000000000000000000000000000000000000000000000000000000000000000000000000000000000000000000000000000000000000000000000000000000000000000000000000000000000000000000000000000000
000000000000000000000000000000000000000000000000000000000000000000000000000000000000000000000000000000000000000000000000000000000000000000000000000000000000000000000000000000000000000000000000000000000000000000000000000000000000000000000000000000000000000000000000000000000000000000000000000000000000
000000000000000000000000000000000000000000000000000000000000000000000000000000000000000000000000000000000000000000000000000000000000000000000000000000000000000000000000000000000000000000000000000000000000000000000000000000000000000000000000000000000000000000000000000000000000000000000000000000000000
000000000000000000000000000000000000000000000000000000000000000000000000000000000000000000000000000000000000000000000000000000000000000000000000000000000000000000000000000000000000000000000000000000000000000000000000000000000000000000000000000000000000000000000000000000000000000000000000000000000000
000000000000000000000000000000000000000000000000000000000000000000000000000000000000000000000000000000000000000000000000000000000000000000000000000000000000000000000000000000000000000000000000000000000000000000000000000000000000000000000000000000000000000000000000000000000000000000000000000000000000
000000000000000000000000000000000000000000000000000000000000000000000000000000000000000000000000000000000000000000000000000000000000000000000000000000000000000000000000000000000000000000000000000000000000000000000000000000000000000000000000000000000000000000000000000000000000000000000000000000000000
000000000000000000000000000000000000000000000000000000000000000000000000000000000000000000000000000000000000000000000000000000000000000000000000000000000000000000000000000000000000000000000000000000000000000000000000000000000000000000000000000000000000000000000000000000000000000000000000000000000000
111111111111111111111111111111111111111111111111111111111111111111111111111111111111111111111111111111111111111111111111111111111111111111111111111111111111111111111111111111111111111111111111111111111111111111111111111111111111111111111111111111111111111111111111111111111111111111111111111111111111
000000000000000000000000000000000000000000000000000000000000000000000000000000000000000000000000000000000000000000000000000000000000000000000000000000000000000000000000000000000000000000000000000000000000111100000000000000000000011100000000000000000000000000000000000000000000000000000000000000000000
111111111111111111111111111111111111111111111111111111111111111111111111111111111111111111111111111111111111111111100000000011111111111111111111111111111111111111111111111111111111111001111111111111111111000011111100000000000111100011111111100001111111111110000000011111111111111100000011111111111110
111111111111111111111111111111111111111111111111111111111111111111111111111111111111111111111111111100011111100000011111111100001111100000000000000000000000000000000000011100000000000110000001100000000001111111000011111001111001111111000000011110000111100001111111100011111000000011111100011111000001
000000000000000000000000000000000000000000000000000000000000000000000000000000000000000000000000000001100000011111000000000001110000011111100000001111111111000000000111100011111100000000011110011111000110111100111000000110000110011100111000000000111000011100000000001100000111100000000001100000111000
111111111111111111111111111111111111111111111111111111111111111111111111111111111111111111111111111110011111110000111100011110011111110000011111110001111000111111111000111111000011111111100111111000111011011011100111000000001001100011000111111111001111110011111111110011111100011111111110011111100111
111111111111111111111111111111111111111111111111111111111111111111111111111111111111111111111111111101101111001110000011100000100110001110000000000110000110000000000011000000111000000000001000000110000101100110011000100000010010111110111000000000010000001000000000001101111011000000000001101110011000
000000000000000000000000000000000000000000000000000000000000000000000000000000000000000000000000000010010000110001100000000011011001110001111111111001111001111111111100111111000111111001110111111001111010111101100100011111100101011101000111100001101111110110000000010010000100111100000010010001100110
111111111111111111111111111111111111111111111111111111111111111111111111111111111111111111111111111101111111101100011100011100101111101100000000000110000110000000000001011100110000000110001001100100000101011011010011000000001011100011110000011110010111101001111111100111111011000011111100111111010001
111111111111111111111111111111111111111111111111111111111111111111111111111111111111111111111111111110101111011011000011100001010110010011111100011011111101100000001110100011001111000000110110011011101011100110101100100000010100111110101110000000101000010100000000011101111110110000000001101110101100
000000000000000000000000000000000000000000000000000000000000000000000000000000000000000000000000000001010000100100110000000110101001101100000011100100110010011111110001011110110000111111001011110100010100111101010010011111101011011101010001111111010111101011111101100010000101001111000010010001110010
111111111111111111111111111111111111111111111111111111111111111111111111111111111111111111111111111100101111011011001100011001010111010011100000001011001101000000000110100001001100000000010100001011000011011011101001000000000100100010101000000000101011010100000010001101111010100000111101101111001001
111111111111111111111111111111111111111111111111111111111111111111111111111111111111111111111111111111010110100100100011100010101000101100011111110100110010111111111001011110110011111001101011110100111100111110010100100000010011111101010111100001010100101010000000010010110101011100000010010110110110
000000000000000000000000000000000000000000000000000000000000000000000000000000000000000000000000000000101001011011010000000101010111010011100000001011001101000000000110100001001100000110010100001011000011100101101010011001101100011110101000011110101011010101111101101101001010100011000001101001001000
111111111111111111111111111111111111111111111111111111111111111111111111111111111111111111111111111111011111100100001111111000101110101100011100010100110010100000001001011110110011000000101011110100101101111110010101000110010011101011010110000000010100101000000010010011111101010000111100011110110101
111111111111111111111111111111111111111111111111111111111111111111111111111111111111111111111111111100110110111010110000000110011001110010000011100011001100011111110010111101001000111111000101101010010010011011101010100000001001110101101001111111001111110011111101101110110010001111000011110111001010
000000000000000000000000000000000000000000000000000000000000000000000000000000000000000000000000000011001001010101001100011001110111011101111100011101111011100000001101100011110111000000111110011101101111111101110101011001100110011110010110000000111011011100000010010001001101110000111100001001110101
111111111111111111111111111111111111111111111111111111111111111111111111111111111111111111111111111100111111101010100011100010001110100010000011100010000100011111110010011100001000111001000001100010010001100110001000000000010001101011101001100001000100100010000000001111111010001100000011111110001010
111111111111111111111111111111111111111111111111111111111111111111111111111111111111111111111111111101000110010101010000000101110001011101100000001101111011000000000101100011110100000110011110011101000110011011110010100110001110110100010000011110111011011101111101100000110101100011000000000111110000
000000000000000000000000000000000000000000000000000000000000000000000000000000000000000000000000000010111001101010001100011000001110100010011100010010110100100000001010011110001011000000100011110010101001111100001101000000000001011111101110000000000100100000000010011111001110010000111101111000101101
111111111111111111111111111111111111111111111111111111111111111111111111111111111111111111111111111101010110110101100011100011111001111101100011101101001011011111110101111101110100111001011101101101010110111111110000011001110111101001010001100001111111111110000000000010110001101100000010010111010010
111111111111111111111111111111111111111111111111111111111111111111111111111111111111111111111111111110101111001010010000000100000111000010011100010010110100100000001010000010001011000110100010010010101001000011001110100110001000110110101110011110000011000001111101111101111110010011000001101111101100
000000000000000000000000000000000000000000000000000000000000000000000000000000000000000000000000000001011001110101101100011011111110111101100011101101001011011111110101111101110100111001011101101101010111111100110001000000000111011111010001100001111100111110000010000011001001101100111110011000010011
111111111111111111111111111111111111111111111111111111111111111111111111111111111111111111111111111110100110001010010011100100000001000010011100010010110100100000001010000010001011000110100010010010101000111111001110011001111000101000101110011110000011000001111101111100110110010011000001100111101100
111111111111111111111111111111111111111111111111111111111111111111111111111111111111111111111111111101111111111101101100011011111111111101100011101111111111011111110101111111110100111001011111111101010111111111110001100110000111111111110001100001111111111110000010000111111111101100111110111111110011
000000000000000000000000000000000000000000000000000000000000000000000000000000000000000000000000000000011001110000000000000000011110111000000000000001001000000000000001111101100000000000001101101100000011000000110000000000000011010111000000000000001100110000000000000011001000000000000000011000010000
111111111111111111111111111111111111111111111111111111111111111111111111111111111111111111111111111110100110001010010011100100000001000010011100010010110100100000001010000010001011000110100010010010101000111111001110011001111000101000101110011110000011000001111101111100110110010011000001100111101100
000000000000000000000000000000000000000000000000000000000000000000000000000000000000000000000000000001011001110101101100011011111110111101100011101101001011011111110101111101110100111001011101101101010111111100110001000000000111011111010001100001111100111110000010000011001001101100111110011000010011
111111111111111111111111111111111111111111111111111111111111111111111111111111111111111111111111111110101111001010010000000100000111000010011100010010110100100000001010000010001011000110100010010010101001000011001110100110001000110110101110011110000011000001111101111101111110010011000001101111101100
111111111111111111111111111111111111111111111111111111111111111111111111111111111111111111111111111101010110110101100011100011111001111101100011101101001011011111110101111101110100111001011101101101010110111111110000011001110111101001010001100001111111111110000000000010110001101100000010010111010010
000000000000000000000000000000000000000000000000000000000000000000000000000000000000000000000000000010111001101010001100011000001110100010011100010010110100100000001010011110001011000000100011110010101001111100001101000000000001011111101110000000000100100000000010011111001110010000111101111000101101
111111111111111111111111111111111111111111111111111111111111111111111111111111111111111111111111111101000110010101010000000101110001011101100000001101001011000000000101100001110100000110011100001101000110011011110010100000001110110100010000011110111011011101111101100000110001100011000000000111010000
111111111111111111111111111111111111111111111111111111111111111111111111111111111111111111111111111100111111101010100011100010001110100010000011100010110100011111110010011110001000111001000011110010010001100110001000000110010001101011101001100001000100100010000000001111111110001100000011111110101010
000000000000000000000000000000000000000000000000000000000000000000000000000000000000000000000000000011001001010101001100011001110111011101111100011101111011100000001101100011110111000000111110011101101111111101110101011001100110011110010110000000111011011100000010010001001101110000111100001001110101
111111111111111111111111111111111111111111111111111111111111111111111111111111111111111111111111111100110110111010110000000110011001110010000011100011001100011111110010111101001000111111000101101010010010011011101010100000001001110101101001111111001111110011111101101110110010001111000011110111001010
111111111111111111111111111111111111111111111111111111111111111111111111111111111111111111111111111111011111100100001111111000101110101100011100010100110010100000001001011110110011000000101011110100101101111110010101000110010011101011010110000000010100101000000010010011111101010000111100011110110101
000000000000000000000000000000000000000000000000000000000000000000000000000000000000000000000000000000101001011011010000000101010111010011100000001011001101000000000110100001001100000110010100001011000011100101101010011001101100011110101000011110101011010101111101101101001010100011000001101001001000
111111111111111111111111111111111111111111111111111111111111111111111111111111111111111111111111111111010110100100100011100010101000101100011111110100110010111111111001011110110011111001101011110100111100111110010100100000010011111101010111100001010100101010000000010010110101011100000010010110110110
111111111111111111111111111111111111111111111111111111111111111111111111111111111111111111111111111100101111011011001100011001010111010011100000001011111101000000000110100011001100000000010110011011000011011011101001000110000100100010101000000000101011010100000010001101111110100000111101101111101001
000000000000000000000000000000000000000000000000000000000000000000000000000000000000000000000000000001010000100100110000000110101001101100000011100100000010011111110001011100110000111111001001100100010100111101010010011001101011011101010001111111010111101011111101100010000001001111000010010001010010
111111111111111111111111111111111111111111111111111111111111111111111111111111111111111111111111111110101111011011000011100001010110010011111100011011111101100000001110100011001111000000110110011011101011100110101100100000010100111110101110000000101000010100000000011101111110110000000001101110101100
111111111111111111111111111111111111111111111111111111111111111111111111111111111111111111111111111101111111101100011100011100101111101100000000000110000110000000000001011100110000000110001001100100000101011011010011000000001011100011110000011110010111101001111111100111111011000011111100111111010001
000000000000000000000000000000000000000000000000000000000000000000000000000000000000000000000000000010010000110001100000000011011001110001111111111001111001111111111100111111000111111001110111111001111010111101100100011111100101011101000111100001101111110110000000010010000100111100000010010001100110
111111111111111111111111111111111111111111111111111111111111111111111111111111111111111111111111111101101111001110000011100000100110001110000000000110000110000000000011000000111000000000001000000110000101100110011000100000010010111110111000000000010000001000000000001101111011000000000001101110011000
111111111111111111111111111111111111111111111111111111111111111111111111111111111111111111111111111110011111110000111100011110011111110000011111110001111000111111111000111111000011111111100111111000111011011011100111000000001001100011000111111111001111110011111111110011111100011111111110011111100111
000000000000000000000000000000000000000000000000000000000000000000000000000000000000000000000000000001100000011111000000000001110000011111100000001111001111000000000111100001111100000000011100001111000110111100111000000000000110011100111000000000111000011100000000001100000011100000000001100000011000
111111111111111111111111111111111111111111111111111111111111111111111111111111111111111111111111111100011111100000011111111100001111100000000000000000110000000000000000011110000000000110000011110000000001111111000011111111111001111111000000011110000111100001111111100011111100000011111100011111100001
111111111111111111111111111111111111111111111111111111111111111111111111111111111111111111111111111111111111111111100000000011111111111111111111111111111111111111111111111111111111111001111111111111111111000011111100000000000111100011111111100001111111111110000000011111111111111100000011111111111110
000000000000000000000000000000000000000000000000000000000000000000000000000000000000000000000000000000000000000000000000000000000000000000000000000000000000000000000000000000000000000000000000000000000000111100000000000000000000011100000000000000000000000000000000000000000000000000000000000000000000
111111111111111111111111111111111111111111111111111111111111111111111111111111111111111111111111111111111111111111111111111111111111111111111111111111111111111111111111111111111111111111111111111111111111111111111111111111111111111111111111111111111111111111111111111111111111111111111111111111111111
000000000000000000000000000000000000000000000000000000000000000000000000000000000000000000000000000000000000000000000000000000000000000000000000000000000000000000000000000000000000000000000000000000000000000000000000000000000000000000000000000000000000000000000000000000000000000000000000000000000000
000000000000000000000000000000000000000000000000000000000000000000000000000000000000000000000000000000000000000000000000000000000000000000000000000000000000000000000000000000000000000000000000000000000000000000000000000000000000000000000000000000000000000000000000000000000000000000000000000000000000
000000000000000000000000000000000000000000000000000000000000000000000000000000000000000000000000000000000000000000000000000000000000000000000000000000000000000000000000000000000000000000000000000000000000000000000000000000000000000000000000000000000000000000000000000000000000000000000000000000000000
000000000000000000000000000000000000000000000000000000000000000000000000000000000000000000000000000000000000000000000000000000000000000000000000000000000000000000000000000000000000000000000000000000000000000000000000000000000000000000000000000000000000000000000000000000000000000000000000000000000000
000000000000000000000000000000000000000000000000000000000000000000000000000000000000000000000000000000000000000000000000000000000000000000000000000000000000000000000000000000000000000000000000000000000000000000000000000000000000000000000000000000000000000000000000000000000000000000000000000000000000
000000000000000000000000000000000000000000000000000000000000000000000000000000000000000000000000000000000000000000000000000000000000000000000000000000000000000000000000000000000000000000000000000000000000000000000000000000000000000000000000000000000000000000000000000000000000000000000000000000000000
000000000000000000000000000000000000000000000000000000000000000000000000000000000000000000000000000000000000000000000000000000000000000000000000000000000000000000000000000000000000000000000000000000000000000000000000000000000000000000000000000000000000000000000000000000000000000000000000000000000000
000000000000000000000000000000000000000000000000000000000000000000000000000000000000000000000000000000000000000000000000000000000000000000000000000000000000000000000000000000000000000000000000000000000000000000000000000000000000000000000000000000000000000000000000000000000000000000000000000000000000
000000000000000000000000000000000000000000000000000000000000000000000000000000000000000000000000000000000000000000000000000000000000000000000000000000000000000000000000000000000000000000000000000000000000000000000000000000000000000000000000000000000000000000000000000000000000000000000000000000000000
000000000000000000000000000000000000000000000000000000000000000000000000000000000000000000000000000000000000000000000000000000000000000000000000000000000000000000000000000000000000000000000000000000000000000000000000000000000000000000000000000000000000000000000000000000000000000000000000000000000000
111111111111111111111111111111111111111111111111111111111111111111111111111111111111111111111111111111111111111111111111111111111111111111111111111111111111111111111111111111111111111111111111111111111111111111111111111111111111111111111111111111111111111111111111111111111111111111111111111111111111
000000000000000000000000000000000000000000000000000000000000000000000000000000000000000000000000000000000000000000000000000000000000000000000000000000000000000000000000000000000000000000000000000000000000000000000011110000000000000000000001110000000000000000000000000000000000000000000000000000000000
111111111111111111111111111111111111111111111111111111111111111111111111111111111111111111111111111111110000011111111111111110000000001111111111111111111111111111111111111111111111111111111111100111111000000000111100001111110000000000011110001111111110000111111111111000000001111111111111110000001111
111111111111111111111111111111111111111111111111111111111111111111111111111111111111111111111111111100001111100001111110000001111111110000111110000000000000000000000000000000000001110000000000011000000111111111000111111100001111100111100111111100000001111000011110000111111110001111100000001111110001
000000000000000000000000000000000000000000000000000000000000000000000000000000000000000000000000000000000000000110000001111100000000000111000001111110000000111111111100000000011110001111110000000001110000000000011011110011100000011000011001110011100000000011100001110000000000110000011110000000000110
111111111111111111111111111111111111111111111111111111111111111111111111111111111111111111111111111111111111111001111111000011110001111001111111000001111111000111100011111111100011111100001111111110011111000001101101101110011100000000100110001100011111111100111111001111111111001111110001111111111001
111111111111111111111111111111111111111111111111111111111111111111111111111111111111111111111111111100000000000110111100111000001110000010011000111000000000011000011000000000001100000011100000000000100000111110010110011001100010000001001011111011100000000001000000100000000000110111101100000000000110
000000000000000000000000000000000000000000000000000000000000000000000000000000000000000000000000000011110000011001000011000110000000001101100111000111111111100111100111111111110011111100011111100111011000000000101011110110010001111110010101110100011110000110111111011000000001001000010011110000001001
111111111111111111111111111111111111111111111111111111111111111111111111111111111111111111111111111100001111100111111110110001110001110010111110110000000000011000011000000000000101110011000000011000100111000001010101101101001100000000101110001111000001111001011110100111111110011111101100001111110011
111111111111111111111111111111111111111111111111111111111111111111111111111111111111111111111111111111000000001010111101101100001110000101011001001111110001101111110110000000111010001100111100000011010000111110101110011010110010000001010011111010111000000010100001010000000001110111111011000000000110
000000000000000000000000000000000000000000000000000000000000000000000000000000000000000000000000000000111111110101000010010011000000011010100110110000001110010011001001111111000101111011000011111100101100000000010011110101001001111110101101110101000111111101011110101111110110001000010100111100001001
111111111111111111111111111111111111111111111111111111111111111111111111111111111111111111111111111100000000000010111101101100110001100101011101001110000000101100110100000000011010000100110000000001010011000001001101101110100100000000010010001010100000000010101101010000001000110111101010000011110110
111111111111111111111111111111111111111111111111111111111111111111111111111111111111111111111111111111110000011101011010010010001110001010100010110001111111010011001011111111100101111011001111100110101000111110110011111001010010000001001111110101011110000101010010101000000001001011010101110000001001
000000000000000000000000000000000000000000000000000000000000000000000000000000000000000000000000000000001111100010100101101101000000010101011101001110000000101100110100000000011010000100110000011001010100000000001110010110101001100110110001111010100001111010101101010111110110110100101010001100000110
111111111111111111111111111111111111111111111111111111111111111111111111111111111111111111111111111111000000001101111110010000111111100010111010110001110001010011001010000000100101111011001100000010100011111111110111111001010100011001001110101101011000000001010010100000001001001111110101000011110001
111111111111111111111111111111111111111111111111111111111111111111111111111111111111111111111111111100111111110011011011101011000000011001100111001000001110001100110001111111001011110100100011111100011100000000001001101110101010000000100111010110100111111100111111001111110110111011001000111100001111
000000000000000000000000000000000000000000000000000000000000000000000000000000000000000000000000000011000000001100100101010100110001100111011101110111110001110111101110000000110110001111011100000011110011000001111111110111010101100110011001111001011000000011101101110000001001000100110111000011110000
111111111111111111111111111111111111111111111111111111111111111111111111111111111111111111111111111100110000010011111110101010001110001000111010001000001110001000010001111111001001110000100011100100001000111110000110011000100000000001000110101110100110000100010010001000000000111111101000110000001111
111111111111111111111111111111111111111111111111111111111111111111111111111111111111111111111111111100001111100100011001010101000000010111000101110110000000110111101100000000010110001111010000011001110100000000011001101111001010011000111011010001000001111011101101110111110110000011010110001100000000
000000000000000000000000000000000000000000000000000000000000000000000000000000000000000000000000000011000000001011100110101000110001100000111010001001110001001011010010000000101001111000101100000010000011000001100111110000110100000000000101111110111000000000010010000000001001111100111001000011110111
111111111111111111111111111111111111111111111111111111111111111111111111111111111111111111111111111100110000010101011011010110001110001111100111110110001110110100101101111111010111110111010011100101111000111110011011111111000001100111011110100101000110000111111111111000000000001011000110110000001001
111111111111111111111111111111111111111111111111111111111111111111111111111111111111111111111111111111001111101010111100101001000000010000011100001001110001001011010010000000101000001000101100011010000100000000100100001100111010011000100011011010111001111000001100000111110111110111111001001100000110
000000000000000000000000000000000000000000000000000000000000000000000000000000000000000000000000000000110000010101100111010110110001101111111011110110001110110100101101111111010111110111010011100101111011000001011111110011000100000000011101111101000110000111110011111000001000001100100110110011111001
111111111111111111111111111111111111111111111111111111111111111111111111111111111111111111111111111111001111101010011000101001001110010000000100001001110001001011010010000000101000001000101100011010000100111110100011111100111001100111100010100010111001111000001100000111110111110011011001001100000110
111111111111111111111111111111111111111111111111111111111111111111111111111111111111111111111111111100110000010111111111110110110001101111111111110110001110111111111101111111010111111111010011100101111011000001011111111111000110011000011111111111000110000111111111111000001000011111111110110011111011
000000000000000000000000000000000000000000000000000000000000000000000000000000000000000000000000000000000000000001100111000000000000000001111011100000000000000100100000000000000111110110000000000000110000000000001100000011000000000000001101011100000000000000110011000000000000001100100000000000000001
111111111111111111111111111111111111111111111111111111111111111111111111111111111111111111111111111111001111101010011000101001001110010000000100001001110001001011010010000000101000001000101100011010000100111110100011111100111001100111100010100010111001111000001100000111110111110011011001001100000110
000000000000000000000000000000000000000000000000000000000000000000000000000000000000000000000000000000110000010101100111010110110001101111111011110110001110110100101101111111010111110111010011100101111011000001011111110011000100000000011101111101000110000111110011111000001000001100100110110011111001
111111111111111111111111111111111111111111111111111111111111111111111111111111111111111111111111111111001111101010111100101001000000010000011100001001110001001011010010000000101000001000101100011010000100000000100100001100111010011000100011011010111001111000001100000111110111110111111001001100000110
111111111111111111111111111111111111111111111111111111111111111111111111111111111111111111111111111100110000010101011011010110001110001111100111110110001110110100101101111111010111110111010011100101111000111110011011111111000001100111011110100101000110000111111111111000000000001011000110110000001001
000000000000000000000000000000000000000000000000000000000000000000000000000000000000000000000000000011000000001011100110101000110001100000111010001001110001001011010010000000101001111000101100000010000011000001100111110000110100000000000101111110111000000000010010000000001001111100111001000011110111
111111111111111111111111111111111111111111111111111111111111111111111111111111111111111111111111111100001111100100011001010101000000010111000101110110000000110100101100000000010110000111010000011001110100000000011001101111001010000000111011010001000001111011101101110111110110000011000110001100000000
111111111111111111111111111111111111111111111111111111111111111111111111111111111111111111111111111100110000010011111110101010001110001000111010001000001110001011010001111111001001111000100011100100001000111110000110011000100000011001000110101110100110000100010010001000000000111111111000110000001111
000000000000000000000000000000000000000000000000000000000000000000000000000000000000000000000000000011000000001100100101010100110001100111011101110111110001110111101110000000110110001111011100000011110011000001111111110111010101100110011001111001011000000011101101110000001001000100110111000011110000
111111111111111111111111111111111111111111111111111111111111111111111111111111111111111111111111111100111111110011011011101011000000011001100111001000001110001100110001111111001011110100100011111100011100000000001001101110101010000000100111010110100111111100111111001111110110111011001000111100001111
111111111111111111111111111111111111111111111111111111111111111111111111111111111111111111111111111111000000001101111110010000111111100010111010110001110001010011001010000000100101111011001100000010100011111111110111111001010100011001001110101101011000000001010010100000001001001111110101000011110001
000000000000000000000000000000000000000000000000000000000000000000000000000000000000000000000000000000001111100010100101101101000000010101011101001110000000101100110100000000011010000100110000011001010100000000001110010110101001100110110001111010100001111010101101010111110110110100101010001100000110
111111111111111111111111111111111111111111111111111111111111111111111111111111111111111111111111111111110000011101011010010010001110001010100010110001111111010011001011111111100101111011001111100110101000111110110011111001010010000001001111110101011110000101010010101000000001001011010101110000001001
111111111111111111111111111111111111111111111111111111111111111111111111111111111111111111111111111100000000000010111101101100110001100101011101001110000000101111110100000000011010001100110000000001010011000001001101101110100100011000010010001010100000000010101101010000001000110111111010000011110110
000000000000000000000000000000000000000000000000000000000000000000000000000000000000000000000000000000111111110101000010010011000000011010100110110000001110010000001001111111000101110011000011111100101100000000010011110101001001100110101101110101000111111101011110101111110110001000000100111100001001
111111111111111111111111111111111111111111111111111111111111111111111111111111111111111111111111111111000000001010111101101100001110000101011001001111110001101111110110000000111010001100111100000011010000111110101110011010110010000001010011111010111000000010100001010000000001110111111011000000000110
111111111111111111111111111111111111111111111111111111111111111111111111111111111111111111111111111100001111100111111110110001110001110010111110110000000000011000011000000000000101110011000000011000100111000001010101101101001100000000101110001111000001111001011110100111111110011111101100001111110011
000000000000000000000000000000000000000000000000000000000000000000000000000000000000000000000000000011110000011001000011000110000000001101100111000111111111100111100111111111110011111100011111100111011000000000101011110110010001111110010101110100011110000110111111011000000001001000010011110000001001
111111111111111111111111111111111111111111111111111111111111111111111111111111111111111111111111111100000000000110111100111000001110000010011000111000000000011000011000000000001100000011100000000000100000111110010110011001100010000001001011111011100000000001000000100000000000110111101100000000000110
111111111111111111111111111111111111111111111111111111111111111111111111111111111111111111111111111111111111111001111111000011110001111001111111000001111111000111100011111111100011111100001111111110011111000001101101101110011100000000100110001100011111111100111111001111111111001111110001111111111001
000000000000000000000000000000000000000000000000000000000000000000000000000000000000000000000000000000000000000110000001111100000000000111000001111110000000111100111100000000011110000111110000000001110000000000011011110011100000000000011001110011100000000011100001110000000000110000001110000000000110
111111111111111111111111111111111111111111111111111111111111111111111111111111111111111111111111111100001111100001111110000001111111110000111110000000000000000011000000000000000001111000000000011000000111111111000111111100001111111111100111111100000001111000011110000111111110001111110000001111110001
111111111111111111111111111111111111111111111111111111111111111111111111111111111111111111111111111111110000011111111111111110000000001111111111111111111111111111111111111111111111111111111111100111111000000000111100001111110000000000011110001111111110000111111111111000000001111111111111110000001111
000000000000000000000000000000000000000000000000000000000000000000000000000000000000000000000000000000000000000000000000000000000000000000000000000000000000000000000000000000000000000000000000000000000000000000000011110000000000000000000001110000000000000000000000000000000000000000000000000000000000
111111111111111111111111111111111111111111111111111111111111111111111111111111111111111111111111111111111111111111111111111111111111111111111111111111111111111111111111111111111111111111111111111111111111111111111111111111111111111111111111111111111111111111111111111111111111111111111111111111111111
000000000000000000000000000000000000000000000000000000000000000000000000000000000000000000000000000000000000000000000000000000000000000000000000000000000000000000000000000000000000000000000000000000000000000000000000000000000000000000000000000000000000000000000000000000000000000000000000000000000000
000000000000000000000000000000000000000000000000000000000000000000000000000000000000000000000000000000000000000000000000000000000000000000000000000000000000000000000000000000000000000000000000000000000000000000000000000000000000000000000000000000000000000000000000000000000000000000000000000000000000
000000000000000000000000000000000000000000000000000000000000000000000000000000000000000000000000000000000000000000000000000000000000000000000000000000000000000000000000000000000000000000000000000000000000000000000000000000000000000000000000000000000000000000000000000000000000000000000000000000000000
000000000000000000000000000000000000000000000000000000000000000000000000000000000000000000000000000000000000000000000000000000000000000000000000000000000000000000000000000000000000000000000000000000000000000000000000000000000000000000000000000000000000000000000000000000000000000000000000000000000000
000000000000000000000000000000000000000000000000000000000000000000000000000000000000000000000000000000000000000000000000000000000000000000000000000000000000000000000000000000000000000000000000000000000000000000000000000000000000000000000000000000000000000000000000000000000000000000000000000000000000
000000000000000000000000000000000000000000000000000000000000000000000000000000000000000000000000000000000000000000000000000000000000000000000000000000000000000000000000000000000000000000000000000000000000000000000000000000000000000000000000000000000000000000000000000000000000000000000000000000000000
000000000000000000000000000000000000000000000000000000000000000000000000000000000000000000000000000000000000000000000000000000000000000000000000000000000000000000000000000000000000000000000000000000000000000000000000000000000000000000000000000000000000000000000000000000000000000000000000000000000000
000000000000000000000000000000000000000000000000000000000000000000000000000000000000000000000000000000000000000000000000000000000000000000000000000000000000000000000000000000000000000000000000000000000000000000000000000000000000000000000000000000000000000000000000000000000000000000000000000000000000
000000000000000000000000000000000000000000000000000000000000000000000000000000000000000000000000000000000000000000000000000000000000000000000000000000000000000000000000000000000000000000000000000000000000000000000000000000000000000000000000000000000000000000000000000000000000000000000000000000000000
000000000000000000000000000000000000000000000000000000000000000000000000000000000000000000000000000000000000000000000000000000000000000000000000000000000000000000000000000000000000000000000000000000000000000000000000000000000000000000000000000000000000000000000000000000000000000000000000000000000000
111111111111111111111111111111111111111111111111111111111111111111111111111111111111111111111111111111111111111111111111111111111111111111111111111111111111111111111111111111111111111111111111111111111111111111111111111111111111111111111111111111111111111111111111111111111111111111111111111111111111
000000000000000000000000000000000000000000000000000000000000000000000000000000000000000000000000000000000000000000000000000000000000000000000000000000000000000000000000000000000000000000000000000000000000000000000000000000001111000000000000000000000111000000000000000000000000000000000000000000000000
111111111111111111111111111111111111111111111111111111111111111111111111111111111111111111111111111111111111111111000001111111111111111000000000111111111111111111111111111111111111111111111111111111111111111111100000000011110000111111000000000001111000111111111000011111111111100000000111111111111111
111111111111111111111111111111111111111111111111111111111111111111111111111111111111111111111111111100111000000000111110000111111000000111111111000011111000000000000000000000000000000000000111000000000011110000011111111100011111110000111110011110011111110000000111100001111000011111111000111110000000
000000000000000000000000000000000000000000000000000000000000000000000000000000000000000000000000000011000111110000000000011000000111110000000000011100000111111000000011111111110000000001111000111111001100001111000000000001101111001110000001100001100111001110000000001110000111000000000011000001111000
111111111111111111111111111111111111111111111111111111111111111111111111111111111111111111111111111101111110001111111111100111111100001111000111100111111100000111111100011110001111111110001111110000110111111000111100000110110110111001110000000010011000110001111111110011111100111111111100111111000111
111111111111111111111111111111111111111111111111111111111111111111111111111111111111111111111111111110000001100000000000011011110011100000111000001001100011100000000001100001100000000000110000001110001011100110000011111001011001100110001000000100101111101110000000000100000010000000000011011110110000
000000000000000000000000000000000000000000000000000000000000000000000000000000000000000000000000000001111110011111000001100100001100011000000000110110011100011111111110011110011111111111001111110001110100011001100000000010101111011001000111111001010111010001111000011011111101100000000100100001001111
111111111111111111111111111111111111111111111111111111111111111111111111111111111111111111111111111110111001100000111110011111111011000111000111001011111011000000000001100001100000000000010111001100001011110110011100000101010110110100110000000010111000111100000111100101111010011111111001111110110000
111111111111111111111111111111111111111111111111111111111111111111111111111111111111111111111111111101000110011100000000101011110110110000111000010101100100111111000110111111011000000011101000110011110111101101000011111010111001101011001000000101001111101011100000001010000101000000000111011111101100
000000000000000000000000000000000000000000000000000000000000000000000000000000000000000000000000000010111101100011111111010100001001001100000001101010011011000000111001001100100111111100010111101100001100011010110000000001001111010100100111111010110111010100011111110101111010111111011000100001010011
111111111111111111111111111111111111111111111111111111111111111111111111111111111111111111111111111101000010010000000000001011110110110011000110010101110100111000000010110011010000000001101000010011000011110101001100000100110110111010010000000001001000101010000000001010110101000000100011011110101000
111111111111111111111111111111111111111111111111111111111111111111111111111111111111111111111111111110111101101111000001110101101001001000111000101010001011000111111101001100101111111110010111101100111101101010100011111011001111100101001000000100111111010101111000010101001010100000000100101101010111
000000000000000000000000000000000000000000000000000000000000000000000000000000000000000000000000000001000010010000111110001010010110110100000001010101110100111000000010110011010000000001101000010011000010010101010000000000111001011010100110011011000111101010000111101010110101011111011011010010101000
111111111111111111111111111111111111111111111111111111111111111111111111111111111111111111111111111110111101101100000000110111111001000011111110001011101011000111000101001100101000000010010111101100111111101010001111111111011111100101010001100100111010110101100000000101001010000000100100111111010100
111111111111111111111111111111111111111111111111111111111111111111111111111111111111111111111111111101111010000011111111001101101110101100000001100110011100100000111000110011000111111100101111010010000001110100110000000000100110111010101000000010011101011010011111110011111100111111011011101100100011
000000000000000000000000000000000000000000000000000000000000000000000000000000000000000000000000000011000111111100000000110010010101010011000110011101110111011111000111011110111000000011011000111101111110011011001100000111111111011101010110011001100111100101100000001110110111000000100100010011011100
111111111111111111111111111111111111111111111111111111111111111111111111111111111111111111111111111100111000000011000001001111111010101000111000100011101000100000111000100001000111111100100111000010000011100100100011111000011001100010000000000100011010111010011000010001001000100000000011111110100011
111111111111111111111111111111111111111111111111111111111111111111111111111111111111111111111111111111000111110000111110010001100101010100000001011100010111011000000011011110110000000001011000111101001101111011010000000001100110111100101001100011101101000100000111101110110111011111011000001101011000
000000000000000000000000000000000000000000000000000000000000000000000000000000000000000000000000000000111100001100000000101110011010100011000110000011101000100111000100101101001000000010100111100010110110001100001100000110011111000011010000000000010111111011100000000001001000000000100111110011100100
111111111111111111111111111111111111111111111111111111111111111111111111111111111111111111111111111111111011110011000001010101101101011000111000111110011111011000111011010010110111111101011111011101001001110011100011111001101111111100000110011101111010010100011000011111111111100000000000101100011011
111111111111111111111111111111111111111111111111111111111111111111111111111111111111111111111111111100000100001100111110101011110010100100000001000001110000100111000100101101001000000010100000100010110111111100010000000010010000110011101001100010001101101011100111100000110000011111011111011111100100
000000000000000000000000000000000000000000000000000000000000000000000000000000000000000000000000000011111011110011000001010110011101011011000110111111101111011000111011010010110111111101011111011101001010000011101100000101111111001100010000000001110111110100011000011111001111100000100000110010011011
111111111111111111111111111111111111111111111111111111111111111111111111111111111111111111111111111100000100001100111110101001100010100100111001000000010000100111000100101101001000000010100000100010110101111100010011111010001111110011100110011110001010001011100111100000110000011111011111001101100100
111111111111111111111111111111111111111111111111111111111111111111111111111111111111111111111111111111111111110011000001011111111111011011000110111111111111011000111011111111110111111101011111111101001111111111101100000101111111111100011001100001111111111100011000011111111111100000100001111111111011
000000000000000000000000000000000000000000000000000000000000000000000000000000000000000000000000000001111011000000000000000110011100000000000000000111101110000000000000010010000000000000011111011000000010000000000000000000110000001100000000000000110101110000000000000011001100000000000000110010000000
111111111111111111111111111111111111111111111111111111111111111111111111111111111111111111111111111100000100001100111110101001100010100100111001000000010000100111000100101101001000000010100000100010110101111100010011111010001111110011100110011110001010001011100111100000110000011111011111001101100100
000000000000000000000000000000000000000000000000000000000000000000000000000000000000000000000000000011111011110011000001010110011101011011000110111111101111011000111011010010110111111101011111011101001010000011101100000101111111001100010000000001110111110100011000011111001111100000100000110010011011
111111111111111111111111111111111111111111111111111111111111111111111111111111111111111111111111111100000100001100111110101011110010100100000001000001110000100111000100101101001000000010100000100010110111111100010000000010010000110011101001100010001101101011100111100000110000011111011111011111100100
111111111111111111111111111111111111111111111111111111111111111111111111111111111111111111111111111111111011110011000001010101101101011000111000111110011111011000111011010010110111111101011111011101001001110011100011111001101111111100000110011101111010010100011000011111111111100000000000101100011011
000000000000000000000000000000000000000000000000000000000000000000000000000000000000000000000000000000111100001100000000101110011010100011000110000011101000100111000100101101001000000010100111100010110110001100001100000110011111000011010000000000010111111011100000000001001000000000100111110011100100
111111111111111111111111111111111111111111111111111111111111111111111111111111111111111111111111111111000011110000111110010001100101010100000001011100010111011000000011010010110000000001011000011101001001110011010000000001100110111100101000000011101101000100000111101110110111011111011000001100011000
111111111111111111111111111111111111111111111111111111111111111111111111111111111111111111111111111100111100000011000001001111111010101000111000100011101000100000111000101101000111111100100111100010000111101100100011111000011001100010000001100100011010111010011000010001001000100000000011111111100011
000000000000000000000000000000000000000000000000000000000000000000000000000000000000000000000000000011000111111100000000110010010101010011000110011101110111011111000111011110111000000011011000111101111110011011001100000111111111011101010110011001100111100101100000001110110111000000100100010011011100
111111111111111111111111111111111111111111111111111111111111111111111111111111111111111111111111111101111010000011111111001101101110101100000001100110011100100000111000110011000111111100101111010010000001110100110000000000100110111010101000000010011101011010011111110011111100111111011011101100100011
111111111111111111111111111111111111111111111111111111111111111111111111111111111111111111111111111110111101101100000000110111111001000011111110001011101011000111000101001100101000000010010111101100111111101010001111111111011111100101010001100100111010110101100000000101001010000000100100111111010100
000000000000000000000000000000000000000000000000000000000000000000000000000000000000000000000000000001000010010000111110001010010110110100000001010101110100111000000010110011010000000001101000010011000010010101010000000000111001011010100110011011000111101010000111101010110101011111011011010010101000
111111111111111111111111111111111111111111111111111111111111111111111111111111111111111111111111111110111101101111000001110101101001001000111000101010001011000111111101001100101111111110010111101100111101101010100011111011001111100101001000000100111111010101111000010101001010100000000100101101010111
111111111111111111111111111111111111111111111111111111111111111111111111111111111111111111111111111101000110010000000000001011110110110011000110010101110100111000000010111111010000000001101000110011000111111101001100000100110110111010010001100001001000101010000000001010110101000000100011011111101000
000000000000000000000000000000000000000000000000000000000000000000000000000000000000000000000000000010111001100011111111010100001001001100000001101010011011000000111001000000100111111100010111001100001000010010110000000001001111010100100110011010110111010100011111110101111010111111011000100000010011
111111111111111111111111111111111111111111111111111111111111111111111111111111111111111111111111111101000110011100000000101011110110110000111000010101100100111111000110111111011000000011101000110011110111101101000011111010111001101011001000000101001111101011100000001010000101000000000111011111101100
111111111111111111111111111111111111111111111111111111111111111111111111111111111111111111111111111110111001100000111110011111111011000111000111001011111011000000000001100001100000000000010111001100001011110110011100000101010110110100110000000010111000111100000111100101111010011111111001111110110000
000000000000000000000000000000000000000000000000000000000000000000000000000000000000000000000000000001111110011111000001100100001100011000000000110110011100011111111110011110011111111111001111110001110100011001100000000010101111011001000111111001010111010001111000011011111101100000000100100001001111
111111111111111111111111111111111111111111111111111111111111111111111111111111111111111111111111111110000001100000000000011011110011100000111000001001100011100000000001100001100000000000110000001110001011100110000011111001011001100110001000000100101111101110000000000100000010000000000011011110110000
111111111111111111111111111111111111111111111111111111111111111111111111111111111111111111111111111101111110001111111111100111111100001111000111100111111100000111111100011110001111111110001111110000110111111000111100000110110110111001110000000010011000110001111111110011111100111111111100111111000111
000000000000000000000000000000000000000000000000000000000000000000000000000000000000000000000000000011000011110000000000011000000111110000000000011100000111111000000011110011110000000001111000011111001000000111000000000001101111001110000000000001100111001110000000001110000111000000000011000000111000
111111111111111111111111111111111111111111111111111111111111111111111111111111111111111111111111111100111100000000111110000111111000000111111111000011111000000000000000001100000000000000000111100000000111111000011111111100011111110000111111111110011111110000000111100001111000011111111000111111000000
111111111111111111111111111111111111111111111111111111111111111111111111111111111111111111111111111111111111111111000001111111111111111000000000111111111111111111111111111111111111111111111111111111111111111111100000000011110000111111000000000001111000111111111000011111111111100000000111111111111111
000000000000000000000000000000000000000000000000000000000000000000000000000000000000000000000000000000000000000000000000000000000000000000000000000000000000000000000000000000000000000000000000000000000000000000000000000000001111000000000000000000000111000000000000000000000000000000000000000000000000
111111111111111111111111111111111111111111111111111111111111111111111111111111111111111111111111111111111111111111111111111111111111111111111111111111111111111111111111111111111111111111111111111111111111111111111111111111111111111111111111111111111111111111111111111111111111111111111111111111111111
000000000000000000000000000000000000000000000000000000000000000000000000000000000000000000000000000000000000000000000000000000000000000000000000000000000000000000000000000000000000000000000000000000000000000000000000000000000000000000000000000000000000000000000000000000000000000000000000000000000000
000000000000000000000000000000000000000000000000000000000000000000000000000000000000000000000000000000000000000000000000000000000000000000000000000000000000000000000000000000000000000000000000000000000000000000000000000000000000000000000000000000000000000000000000000000000000000000000000000000000000
000000000000000000000000000000000000000000000000000000000000000000000000000000000000000000000000000000000000000000000000000000000000000000000000000000000000000000000000000000000000000000000000000000000000000000000000000000000000000000000000000000000000000000000000000000000000000000000000000000000000
000000000000000000000000000000000000000000000000000000000000000000000000000000000000000000000000000000000000000000000000000000000000000000000000000000000000000000000000000000000000000000000000000000000000000000000000000000000000000000000000000000000000000000000000000000000000000000000000000000000000
000000000000000000000000000000000000000000000000000000000000000000000000000000000000000000000000000000000000000000000000000000000000000000000000000000000000000000000000000000000000000000000000000000000000000000000000000000000000000000000000000000000000000000000000000000000000000000000000000000000000
000000000000000000000000000000000000000000000000000000000000000000000000000000000000000000000000000000000000000000000000000000000000000000000000000000000000000000000000000000000000000000000000000000000000000000000000000000000000000000000000000000000000000000000000000000000000000000000000000000000000
000000000000000000000000000000000000000000000000000000000000000000000000000000000000000000000000000000000000000000000000000000000000000000000000000000000000000000000000000000000000000000000000000000000000000000000000000000000000000000000000000000000000000000000000000000000000000000000000000000000000
000000000000000000000000000000000000000000000000000000000000000000000000000000000000000000000000000000000000000000000000000000000000000000000000000000000000000000000000000000000000000000000000000000000000000000000000000000000000000000000000000000000000000000000000000000000000000000000000000000000000
000000000000000000000000000000000000000000000000000000000000000000000000000000000000000000000000000000000000000000000000000000000000000000000000000000000000000000000000000000000000000000000000000000000000000000000000000000000000000000000000000000000000000000000000000000000000000000000000000000000000
000000000000000000000000000000000000000000000000000000000000000000000000000000000000000000000000000000000000000000000000000000000000000000000000000000000000000000000000000000000000000000000000000000000000000000000000000000000000000000000000000000000000000000000000000000000000000000000000000000000000
