000000000000000000000000000000000000000000000000000000000000000000000000000000000000000000000000000000000000000000000000000000000000000000000000000000000000000000000000000000000000000000000000000000000000000000000000000000000000000000000000000000000000000000000000000000000000000000000000000000000000
000000000000000000000000000000000000000000000000000000000000000000000000000000000000000000000000000000000000000000000000000000000000000000000000000000000000000000000000000000000000000000000000000000000000000000000000000000000000000000000000000000000000000000000000000000000000000000000000000000000000
000000000000000000000000000000000000000000000000000000000000000000000000000000000000000000000000000000000000000000000000000000000000000000000000000000000000000000000000000000000000000000000000000000000000000000000000000000000000000000000000000000000000000000000000000000000000000000000000000000000000
000000000000000000000000000000000000000000000000000000000000000000000000000000000000000000000000000000000000000000000000000000000000000000000000000000000000000000000000000000000000000000000000000000000000000000000000000000000000000000000000000000000000000000000000000000000000000000000000000000000000
000000000000000000000000000000000000000000000000000000000000000000000000000000000000000000000000000000000000000000000000000000000000000000000000000000000000000000000000000000000000000000000000000000000000000000000000000000000000000000000000000000000000000000000000000000000000000000000000000000000000
000000000000000000000000000000000000000000000000000000000000000000000000000000000000000000000000000000000000000000000000000000000000000000000000000000000000000000000000000000000000000000000000000000000000000000000000000000000000000000000000000000000000000000000000000000000000000000000000000000000000
000000000000000000000000000000000000000000000000000000000000000000000000000000000000000000000000000000000000000000000000000000000000000000000000000000000000000000000000000000000000000000000000000000000000000000000000000000000000000000000000000000000000000000000000000000000000000000000000000000000000
000000000000000000000000000000000000000000000000000000000000000000000000000000000000000000000000000000000000000000000000000000000000000000000000000000000000000000000000000000000000000000000000000000000000000000000000000000000000000000000000000000000000000000000000000000000000000000000000000000000000
000000000000000000000000000000000000000000000000000000000000000000000000000000000000000000000000000000000000000000000000000000000000000000000000000000000000000000000000000000000000000000000000000000000000000000000000000000000000000000000000000000000000000000000000000000000000000000000000000000000000
000000000000000000000000000000000000000000000000000000000000000000000000000000000000000000000000000000000000000000000000000000000000000000000000000000000000000000000000000000000000000000000000000000000000000000000000000000000000000000000000000000000000000000000000000000000000000000000000000000000000
111111111111111111111111111111111111111111111111111111111111111111111111111111111111111111111111111111111111111111111111111111111111111111111111111111111111111111111111111111111111111111111111111111111111111111111111111111111111111111111111111111111111111111111111111111111111111111111111111111111111
000000000000000000000000000000000000000000000000000000000000000000000000000000000000000000000000000000000000000000000000000000000000000000000000000000000000000000000000000000000000000000000000000000000000000000000000000000000000000000000000000000000000000000000000000000000000000000000000000000000000
000000000000000000000000000000000000000000000000000000000000000000000000000000000000000000000000000011111111111111111111111111111111111111111111111111111111111111111111111111111111111111111111111111111111111111111111111111111111111111111111111111111111111111111111111111111111111111111111111111111111
000000000000000000000000000000000000000000000000000000000000000000000000000000000000000000000000000000000000000000000000000000000000000000000000000000000000000000000000000000000000000000000000000000000000000000000000000000000000000000000000000000000000000000000000000000000000000000000000000000000000
111111111111111111111111111111111111111111111111111111111111111111111111111111111111111111111111111111111111111111111111110001111111111111111111111111111111111111111000001111111111001111111111111000011111111111111111111111111111111111111111111111111111111111111111100001111111111111111111111111110011
000000000000000000000000000000000000000000000000000000000000000000000000000000000000000000000000000000000000000000000000001110000000000000000001111000000000000000000111110000000000110000010000000111100000000000000000000000000000000000000000000000000000000000000000011110000000000000000000000000001100
000000000000000000000000000000000000000000000000000000000000000000000000000000000000000000000000000011111000111111111100000000011111110000011110000111110000111111000000000111111110000111101111110000001111111111111111100000000001111111111111111111111111100011111100000000011111111100111111111111100000
000000000000000000000000000000000000000000000000000000000000000000000000000000000000000000000000000000000111000000000011111111100000001111100001111000001111000000111111111000000001111000010000001111110000000000000000011111111110000000000000000000000000011100000011111111100000000011000000000000011111
111111111111111111111111111111111111111111111111111111111111111111111111111111111111111111111111111111000000011111110000000000001110000000001110000111100000011110000000000011111100000011101111100000000000000011111110000000000000000000000000111111111110000000000000000000001111110000001111111110000000
000000000000000000000000000000000000000000000000000000000000000000000000000000000000000000000000000000111111100000001111111111110001111111110011111100011111100001111111111100000011111100111100011111111111111100000001111111111111111111111111001111110001111111111111111111110000001111110001100001111111
000000000000000000000000000000000000000000000000000000000000000000000000000000000000000000000000000011000000011111110000000000001110000000001100000011100000011110000000000011111100000011000011100000000000000011111110000000000000000000000000110000001110000000000000000000001111110000001110011110000000
111111111111111111111111111111111111111111111111111111111111111111111111111111111111111111111111111100111111100000001111110001110001111111110011111100011111100001111000001100000011001100111100011000011111111100000001111111111111111111111111001111110001111111111111100001110000001111110001100001110011
000000000000000000000000000000000000000000000000000000000000000000000000000000000000000000000000000011000000011111110000001110001110000000001100000011100000011110000111110011111100110011000011100111100000000011111110000000000000000000000000110000001110000000000000011110001111110000001110011110001100
000000000000000000000000000000000000000000000000000000000000000000000000000000000000000000000000000000111111100000001111110001110001111111110011111100011111100001111000001100000011001100111100011000011111111100000001111111111111111111111111001111110001111111111111100001110000001111110001100001110011
000000000000000000000000000000000000000000000000000000000000000000000000000000000000000000000000000011000000011111110000001110001110000000001100000011100000011110000111110011111100110011000011100111100000000011111110000000000000000000000000110000001110000000000000011110001111110000001110011110001100
111111111111111111111111111111111111111111111111111111111111111111111111111111111111111111111111111100111000100000001100000000010001110000010011111100010000100001000000000100000010000100111100010000001111111100000001100000000001111111111111001111110001100011111100000000010000001100110001100001100000
000000000000000000000000000000000000000000000000000000000000000000000000000000000000000000000000000011000111011111110011111111101110001111101101111011101111011110111111111011111101111011010011101111110000000011111110011111111110000000000000110000001110011100000011111111101111110011001110011110011111
000000000000000000000000000000000000000000000000000000000000000000000000000000000000000000000000000000111000100000001100000000010001110000010010000100010000100001000000000100000010000100101100010000001111111100000001100000000001111111111111001111110001100011111100000000010000001100110001100001100000
000000000000000000000000000000000000000000000000000000000000000000000000000000000000000000000000000011000111011111110011110001101110001111101101111011101111011110111000001011111101001011010011101000010000000011111110011111111110000000000000110000001110011100000011100001101111110011001110011110010011
111111111111111111111111111111111111111111111111111111111111111111111111111111111111111111111111111100111000100000001100001110010001110000010010000100010000100001000111110100000010110100101100010111101111111100000001100000000001111111111111001111110001100011111100011110010000001100110001100001101100
000000000000000000000000000000000000000000000000000000000000000000000000000000000000000000000000000011000111011111110011110001101110001111101101111011101111011110111000001011111101001011010011101000010000000011111110011111111110000000000000110000001110011100000011100001101111110011001110011110010011
000000000000000000000000000000000000000000000000000000000000000000000000000000000000000000000000000000111000100000001100001110010001110000010010000100010000100001000111110100000010110100101100010111101111111100000001100000000001111111111111001111110001100011111100011110010000001100110001100001101100
000000000000000000000000000000000000000000000000000000000000000000000000000000000000000000000000000011000111011111110011110001101110001111101101111011101111011110111000001011111101001011010011101000010000000011111110011111111110000000000000110000001110011100000011100001101111110011001110011110010011
111111111111111111111111111111111111111111111111111111111111111111111111111111111111111111111111111100111000100000001100001110010001110000010010000100010000100001000111110100000010110100101100010111101111111100000001100000000001111111111111001111110001100011111100011110010000001100110001100001101100
000000000000000000000000000000000000000000000000000000000000000000000000000000000000000000000000000011000111011111110011110001101110001111101111111111101111011110111000001011111101001011111111101000010000000011111110011111111110000000000000111111111110011100000011100001101111110011001111111110010011
000000000000000000000000000000000000000000000000000000000000000000000000000000000000000000000000000000000000001111000000000000000000000000000101111011000000000000000000000001111000000001010010000000000000000000111100000000000000000000000000010000001000000000000000000000000111000000000110011000000000
111111111111111111111111111111111111111111111111111111111111111111111111111111111111111111111111111100111000100000001100001110010001110000010010000100010000100001000111110100000010110100101100010111101111111100000001100000000001111111111111001111110001100011111100011110010000001100110001100001101100
000000000000000000000000000000000000000000000000000000000000000000000000000000000000000000000000000011000111011111110011110001101110001111101101111011101111011110111000001011111101001011010011101000010000000011111110011111111110000000000000110000001110011100000011100001101111110011001110011110010011
000000000000000000000000000000000000000000000000000000000000000000000000000000000000000000000000000000111000100000001100001110010001110000010010000100010000100001000111110100000010110100101100010111101111111100000001100000000001111111111111001111110001100011111100011110010000001100110001100001101100
000000000000000000000000000000000000000000000000000000000000000000000000000000000000000000000000000011000111011111110011110001101110001111101101111011101111011110111000001011111101001011010011101000010000000011111110011111111110000000000000110000001110011100000011100001101111110011001110011110010011
111111111111111111111111111111111111111111111111111111111111111111111111111111111111111111111111111100111000100000001100001110010001110000010010000100010000100001000111110100000010110100101100010111101111111100000001100000000001111111111111001111110001100011111100011110010000001100110001100001101100
000000000000000000000000000000000000000000000000000000000000000000000000000000000000000000000000000011000111011111110011110001101110001111101101111011101111011110111000001011111101001011010011101000010000000011111110011111111110000000000000110000001110011100000011100001101111110011001110011110010011
000000000000000000000000000000000000000000000000000000000000000000000000000000000000000000000000000000111000100000001100000000010001110000010010000100010000100001000000000100000010000100101100010000001111111100000001100000000001111111111111001111110001100011111100000000010000001100110001100001100000
000000000000000000000000000000000000000000000000000000000000000000000000000000000000000000000000000011000111011111110011111111101110001111101101111011101111011110111111111011111101111011010011101111110000000011111110011111111110000000000000110000001110011100000011111111101111110011001110011110011111
111111111111111111111111111111111111111111111111111111111111111111111111111111111111111111111111111100111000100000001100000000010001110000010011111100010000100001000000000100000010000100111100010000001111111100000001100000000001111111111111001111110001100011111100000000010000001100110001100001100000
000000000000000000000000000000000000000000000000000000000000000000000000000000000000000000000000000011000000011111110000001110001110000000001100000011100000011110000111110011111100110011000011100111100000000011111110000000000000000000000000110000001110000000000000011110001111110000001110011110001100
000000000000000000000000000000000000000000000000000000000000000000000000000000000000000000000000000000111111100000001111110001110001111111110011111100011111100001111000001100000011001100111100011000011111111100000001111111111111111111111111001111110001111111111111100001110000001111110001100001110011
000000000000000000000000000000000000000000000000000000000000000000000000000000000000000000000000000011000000011111110000001110001110000000001100000011100000011110000111110011111100110011000011100111100000000011111110000000000000000000000000110000001110000000000000011110001111110000001110011110001100
111111111111111111111111111111111111111111111111111111111111111111111111111111111111111111111111111100111111100000001111110001110001111111110011111100011111100001111000001100000011001100111100011000011111111100000001111111111111111111111111001111110001111111111111100001110000001111110001100001110011
000000000000000000000000000000000000000000000000000000000000000000000000000000000000000000000000000011000000011111110000000000001110000000001100000011100000011110000000000011111100000011000011100000000000000011111110000000000000000000000000110000001110000000000000000000001111110000001110011110000000
000000000000000000000000000000000000000000000000000000000000000000000000000000000000000000000000000000111111100000001111111111110001111111110011111100011111100001111111111100000011111100111100011111111111111100000001111111111111111111111111001111110001111111111111111111110000001111110001100001111111
111111111111111111111111111111111111111111111111111111111111111111111111111111111111111111111111111111000000011111110000000000001110000000001110000111100000011110000000000011111100000011101111100000000000000011111110000000000000000000000000111111111110000000000000000000001111110000001111111110000000
000000000000000000000000000000000000000000000000000000000000000000000000000000000000000000000000000000000111000000000011111111100000001111100001111000001111000000111111111000000001111000010000001111110000000000000000011111111110000000000000000000000000011100000011111111100000000011000000000000011111
000000000000000000000000000000000000000000000000000000000000000000000000000000000000000000000000000011111000111111111100000000011111110000011110000111110000111111000000000111111110000111101111110000001111111111111111100000000001111111111111111111111111100011111100000000011111111100111111111111100000
000000000000000000000000000000000000000000000000000000000000000000000000000000000000000000000000000000000000000000000000001110000000000000000001111000000000000000000111110000000000110000010000000111100000000000000000000000000000000000000000000000000000000000000000011110000000000000000000000000001100
111111111111111111111111111111111111111111111111111111111111111111111111111111111111111111111111111111111111111111111111110001111111111111111111111111111111111111111000001111111111001111111111111000011111111111111111111111111111111111111111111111111111111111111111100001111111111111111111111111110011
000000000000000000000000000000000000000000000000000000000000000000000000000000000000000000000000000000000000000000000000000000000000000000000000000000000000000000000000000000000000000000000000000000000000000000000000000000000000000000000000000000000000000000000000000000000000000000000000000000000000
000000000000000000000000000000000000000000000000000000000000000000000000000000000000000000000000000011111111111111111111111111111111111111111111111111111111111111111111111111111111111111111111111111111111111111111111111111111111111111111111111111111111111111111111111111111111111111111111111111111111
000000000000000000000000000000000000000000000000000000000000000000000000000000000000000000000000000000000000000000000000000000000000000000000000000000000000000000000000000000000000000000000000000000000000000000000000000000000000000000000000000000000000000000000000000000000000000000000000000000000000
111111111111111111111111111111111111111111111111111111111111111111111111111111111111111111111111111111111111111111111111111111111111111111111111111111111111111111111111111111111111111111111111111111111111111111111111111111111111111111111111111111111111111111111111111111111111111111111111111111111111
000000000000000000000000000000000000000000000000000000000000000000000000000000000000000000000000000000000000000000000000000000000000000000000000000000000000000000000000000000000000000000000000000000000000000000000000000000000000000000000000000000000000000000000000000000000000000000000000000000000000
000000000000000000000000000000000000000000000000000000000000000000000000000000000000000000000000000000000000000000000000000000000000000000000000000000000000000000000000000000000000000000000000000000000000000000000000000000000000000000000000000000000000000000000000000000000000000000000000000000000000
000000000000000000000000000000000000000000000000000000000000000000000000000000000000000000000000000000000000000000000000000000000000000000000000000000000000000000000000000000000000000000000000000000000000000000000000000000000000000000000000000000000000000000000000000000000000000000000000000000000000
000000000000000000000000000000000000000000000000000000000000000000000000000000000000000000000000000000000000000000000000000000000000000000000000000000000000000000000000000000000000000000000000000000000000000000000000000000000000000000000000000000000000000000000000000000000000000000000000000000000000
000000000000000000000000000000000000000000000000000000000000000000000000000000000000000000000000000000000000000000000000000000000000000000000000000000000000000000000000000000000000000000000000000000000000000000000000000000000000000000000000000000000000000000000000000000000000000000000000000000000000
000000000000000000000000000000000000000000000000000000000000000000000000000000000000000000000000000000000000000000000000000000000000000000000000000000000000000000000000000000000000000000000000000000000000000000000000000000000000000000000000000000000000000000000000000000000000000000000000000000000000
000000000000000000000000000000000000000000000000000000000000000000000000000000000000000000000000000000000000000000000000000000000000000000000000000000000000000000000000000000000000000000000000000000000000000000000000000000000000000000000000000000000000000000000000000000000000000000000000000000000000
000000000000000000000000000000000000000000000000000000000000000000000000000000000000000000000000000000000000000000000000000000000000000000000000000000000000000000000000000000000000000000000000000000000000000000000000000000000000000000000000000000000000000000000000000000000000000000000000000000000000
000000000000000000000000000000000000000000000000000000000000000000000000000000000000000000000000000000000000000000000000000000000000000000000000000000000000000000000000000000000000000000000000000000000000000000000000000000000000000000000000000000000000000000000000000000000000000000000000000000000000
000000000000000000000000000000000000000000000000000000000000000000000000000000000000000000000000000000000000000000000000000000000000000000000000000000000000000000000000000000000000000000000000000000000000000000000000000000000000000000000000000000000000000000000000000000000000000000000000000000000000
111111111111111111111111111111111111111111111111111111111111111111111111111111111111111111111111111111111111111111111111111111111111111111111111111111111111111111111111111111111111111111111111111111111111111111111111111111111111111111111111111111111111111111111111111111111111111111111111111111111111
000000000000000000000000000000000000000000000000000000000000000000000000000000000000000000000000000000000000000000000000000000000000000000000000000000000000000000000000000000000000000000000000000000000000000000000000000000000000000000000000000000000000000000000000000000000000000000000000000000000000
000000000000000000000000000000000000000000000000000000000000000000000000000000000000000000000000000011111111111111111111111111111111111111111111111111111111111111111111111111111111111111111111111111111111111111111111111111111111111111111111111111111111111111111111111111111111111111111111111111111111
000000000000000000000000000000000000000000000000000000000000000000000000000000000000000000000000000000000000000000000000000000000000000000000000000000000000000000000000000000000000000000000000000000000000000000000000000000000000000000000000000000000000000000000000000000000000000000000000000000000000
111111111111111111111111111111111111111111111111111111111111111111111111111111111111111111111111111111111111111111111111111111111111000111111111111111111111111111111111111111100000111111111100111111111111111111111111111111111111111111111111111111111111111111111111111111111110000111111111111111111111
000000000000000000000000000000000000000000000000000000000000000000000000000000000000000000000000000000000000000000000000000000000000111000000000000000000111100000000000000000011111000000000011000001000000000000000000000000000000000000000000000000000000000000000000000000000001111000000000000000000000
000000000000000000000000000000000000000000000000000000000000000000000000000000000000000000000000000001111111111111100011111111110000000001111111000001111000011111000011111100000000011111111000011110110111111111111111111111111110000000000111111111111111111111111110001111110000000001111111110011111111
000000000000000000000000000000000000000000000000000000000000000000000000000000000000000000000000000010000000000000011100000000001111111110000000111110000111100000111100000011111111100000000111100001001000000000000000000000000001111111111000000000000000000000000001110000001111111110000000001100000000
111111111111111111111111111111111111111111111111111111111111111111111111111111111111111111111111111100111111111100000001111111000000000000111000000000111000011110000001111000000000001111110000001110110011111111000000001111111000000000000000000000000011111111111000000000000000000000111111000000111111
000000000000000000000000000000000000000000000000000000000000000000000000000000000000000000000000000011000100000011111110000000111111111111000111111111001111110001111110000111111111110000001111110011111100000000111111110000000111111111111111111111111100111111000111111111111111111111000000111111000110
000000000000000000000000000000000000000000000000000000000000000000000000000000000000000000000000000000111011111100000001111111000000000000111000000000110000001110000001111000000000001111110000001100000011111111000000001111111000000000000000000000000011000000111000000000000000000000111111000000111001
111111111111111111111111111111111111111111111111111111111111111111111111111111111111111111111111111111000100000011111110000000111111000111000111111111001111110001111110000111100000110000001100110011111100000000111111110000000111111111111111111111111100111111000111111111111110000111000000111111000110
000000000000000000000000000000000000000000000000000000000000000000000000000000000000000000000000000000111011111100000001111111000000111000111000000000110000001110000001111000011111001111110011001100000011111111000000001111111000000000000000000000000011000000111000000000000001111000111111000000111001
000000000000000000000000000000000000000000000000000000000000000000000000000000000000000000000000000011000100000011111110000000111111000111000111111111001111110001111110000111100000110000001100110011111100000000111111110000000111111111111111111111111100111111000111111111111110000111000000111111000110
000000000000000000000000000000000000000000000000000000000000000000000000000000000000000000000000000000111011111100000001111111000000111000111000000000110000001110000001111000011111001111110011001100000011111111000000001111111000000000000000000000000011000000111000000000000001111000111111000000111001
111111111111111111111111111111111111111111111111111111111111111111111111111111111111111111111111111101000100000011100010000000110000000001000111000001001111110001000010000100000000010000001000010011110100000000111111110000000110000000000111111111111100111111000110001111110000000001000000110011000110
000000000000000000000000000000000000000000000000000000000000000000000000000000000000000000000000000010111011111100011101111111001111111110111000111110110111101110111101111011111111101111110111101101001011111111000000001111111001111111111000000000000011000000111001110000001111111110111111001100111001
000000000000000000000000000000000000000000000000000000000000000000000000000000000000000000000000000001000100000011100010000000110000000001000111000001001000010001000010000100000000010000001000010010110100000000111111110000000110000000000111111111111100111111000110001111110000000001000000110011000110
000000000000000000000000000000000000000000000000000000000000000000000000000000000000000000000000000010111011111100011101111111001111000110111000111110110111101110111101111011100000101111110100101101001011111111000000001111111001111111111000000000000011000000111001110000001110000110111111001100111001
111111111111111111111111111111111111111111111111111111111111111111111111111111111111111111111111111101000100000011100010000000110000111001000111000001001000010001000010000100011111010000001011010010110100000000111111110000000110000000000111111111111100111111000110001111110001111001000000110011000110
000000000000000000000000000000000000000000000000000000000000000000000000000000000000000000000000000010111011111100011101111111001111000110111000111110110111101110111101111011100000101111110100101101001011111111000000001111111001111111111000000000000011000000111001110000001110000110111111001100111001
000000000000000000000000000000000000000000000000000000000000000000000000000000000000000000000000000001000100000011100010000000110000111001000111000001001000010001000010000100011111010000001011010010110100000000111111110000000110000000000111111111111100111111000110001111110001111001000000110011000110
000000000000000000000000000000000000000000000000000000000000000000000000000000000000000000000000000010111011111100011101111111001111000110111000111110110111101110111101111011100000101111110100101101001011111111000000001111111001111111111000000000000011000000111001110000001110000110111111001100111001
111111111111111111111111111111111111111111111111111111111111111111111111111111111111111111111111111101000100000011100010000000110000111001000111000001001000010001000010000100011111010000001011010010110100000000111111110000000110000000000111111111111100111111000110001111110001111001000000110011000110
000000000000000000000000000000000000000000000000000000000000000000000000000000000000000000000000000010111111111100011101111111001111000110111000111110111111111110111101111011100000101111110100101111111011111111000000001111111001111111111000000000000011111111111001110000001110000110111111001100111111
000000000000000000000000000000000000000000000000000000000000000000000000000000000000000000000000000000011011000000000000111100000000000000000000000000010111101100000000000000000000000111100000000101000000111100000000000011110000000000000000000000000001000000100000000000000000000000011100000000011001
111111111111111111111111111111111111111111111111111111111111111111111111111111111111111111111111111101000100000011100010000000110000111001000111000001001000010001000010000100011111010000001011010010110100000000111111110000000110000000000111111111111100111111000110001111110001111001000000110011000110
000000000000000000000000000000000000000000000000000000000000000000000000000000000000000000000000000010111011111100011101111111001111000110111000111110110111101110111101111011100000101111110100101101001011111111000000001111111001111111111000000000000011000000111001110000001110000110111111001100111001
000000000000000000000000000000000000000000000000000000000000000000000000000000000000000000000000000001000100000011100010000000110000111001000111000001001000010001000010000100011111010000001011010010110100000000111111110000000110000000000111111111111100111111000110001111110001111001000000110011000110
000000000000000000000000000000000000000000000000000000000000000000000000000000000000000000000000000010111011111100011101111111001111000110111000111110110111101110111101111011100000101111110100101101001011111111000000001111111001111111111000000000000011000000111001110000001110000110111111001100111001
111111111111111111111111111111111111111111111111111111111111111111111111111111111111111111111111111101000100000011100010000000110000111001000111000001001000010001000010000100011111010000001011010010110100000000111111110000000110000000000111111111111100111111000110001111110001111001000000110011000110
000000000000000000000000000000000000000000000000000000000000000000000000000000000000000000000000000010111011111100011101111111001111000110111000111110110111101110111101111011100000101111110100101101001011111111000000001111111001111111111000000000000011000000111001110000001110000110111111001100111001
000000000000000000000000000000000000000000000000000000000000000000000000000000000000000000000000000001000100000011100010000000110000000001000111000001001000010001000010000100000000010000001000010010110100000000111111110000000110000000000111111111111100111111000110001111110000000001000000110011000110
000000000000000000000000000000000000000000000000000000000000000000000000000000000000000000000000000010111011111100011101111111001111111110111000111110110111101110111101111011111111101111110111101101001011111111000000001111111001111111111000000000000011000000111001110000001111111110111111001100111001
111111111111111111111111111111111111111111111111111111111111111111111111111111111111111111111111111101000100000011100010000000110000000001000111000001001111110001000010000100000000010000001000010011110100000000111111110000000110000000000111111111111100111111000110001111110000000001000000110011000110
000000000000000000000000000000000000000000000000000000000000000000000000000000000000000000000000000000111011111100000001111111000000111000111000000000110000001110000001111000011111001111110011001100000011111111000000001111111000000000000000000000000011000000111000000000000001111000111111000000111001
000000000000000000000000000000000000000000000000000000000000000000000000000000000000000000000000000011000100000011111110000000111111000111000111111111001111110001111110000111100000110000001100110011111100000000111111110000000111111111111111111111111100111111000111111111111110000111000000111111000110
000000000000000000000000000000000000000000000000000000000000000000000000000000000000000000000000000000111011111100000001111111000000111000111000000000110000001110000001111000011111001111110011001100000011111111000000001111111000000000000000000000000011000000111000000000000001111000111111000000111001
111111111111111111111111111111111111111111111111111111111111111111111111111111111111111111111111111111000100000011111110000000111111000111000111111111001111110001111110000111100000110000001100110011111100000000111111110000000111111111111111111111111100111111000111111111111110000111000000111111000110
000000000000000000000000000000000000000000000000000000000000000000000000000000000000000000000000000000111011111100000001111111000000000000111000000000110000001110000001111000000000001111110000001100000011111111000000001111111000000000000000000000000011000000111000000000000000000000111111000000111001
000000000000000000000000000000000000000000000000000000000000000000000000000000000000000000000000000011000100000011111110000000111111111111000111111111001111110001111110000111111111110000001111110011111100000000111111110000000111111111111111111111111100111111000111111111111111111111000000111111000110
111111111111111111111111111111111111111111111111111111111111111111111111111111111111111111111111111100111111111100000001111111000000000000111000000000111000011110000001111000000000001111110000001110110011111111000000001111111000000000000000000000000011111111111000000000000000000000111111000000111111
000000000000000000000000000000000000000000000000000000000000000000000000000000000000000000000000000010000000000000011100000000001111111110000000111110000111100000111100000011111111100000000111100001001000000000000000000000000001111111111000000000000000000000000001110000001111111110000000001100000000
000000000000000000000000000000000000000000000000000000000000000000000000000000000000000000000000000001111111111111100011111111110000000001111111000001111000011111000011111100000000011111111000011110110111111111111111111111111110000000000111111111111111111111111110001111110000000001111111110011111111
000000000000000000000000000000000000000000000000000000000000000000000000000000000000000000000000000000000000000000000000000000000000111000000000000000000111100000000000000000011111000000000011000001000000000000000000000000000000000000000000000000000000000000000000000000000001111000000000000000000000
111111111111111111111111111111111111111111111111111111111111111111111111111111111111111111111111111111111111111111111111111111111111000111111111111111111111111111111111111111100000111111111100111111111111111111111111111111111111111111111111111111111111111111111111111111111110000111111111111111111111
000000000000000000000000000000000000000000000000000000000000000000000000000000000000000000000000000000000000000000000000000000000000000000000000000000000000000000000000000000000000000000000000000000000000000000000000000000000000000000000000000000000000000000000000000000000000000000000000000000000000
000000000000000000000000000000000000000000000000000000000000000000000000000000000000000000000000000011111111111111111111111111111111111111111111111111111111111111111111111111111111111111111111111111111111111111111111111111111111111111111111111111111111111111111111111111111111111111111111111111111111
000000000000000000000000000000000000000000000000000000000000000000000000000000000000000000000000000000000000000000000000000000000000000000000000000000000000000000000000000000000000000000000000000000000000000000000000000000000000000000000000000000000000000000000000000000000000000000000000000000000000
111111111111111111111111111111111111111111111111111111111111111111111111111111111111111111111111111111111111111111111111111111111111111111111111111111111111111111111111111111111111111111111111111111111111111111111111111111111111111111111111111111111111111111111111111111111111111111111111111111111111
000000000000000000000000000000000000000000000000000000000000000000000000000000000000000000000000000000000000000000000000000000000000000000000000000000000000000000000000000000000000000000000000000000000000000000000000000000000000000000000000000000000000000000000000000000000000000000000000000000000000
000000000000000000000000000000000000000000000000000000000000000000000000000000000000000000000000000000000000000000000000000000000000000000000000000000000000000000000000000000000000000000000000000000000000000000000000000000000000000000000000000000000000000000000000000000000000000000000000000000000000
000000000000000000000000000000000000000000000000000000000000000000000000000000000000000000000000000000000000000000000000000000000000000000000000000000000000000000000000000000000000000000000000000000000000000000000000000000000000000000000000000000000000000000000000000000000000000000000000000000000000
000000000000000000000000000000000000000000000000000000000000000000000000000000000000000000000000000000000000000000000000000000000000000000000000000000000000000000000000000000000000000000000000000000000000000000000000000000000000000000000000000000000000000000000000000000000000000000000000000000000000
000000000000000000000000000000000000000000000000000000000000000000000000000000000000000000000000000000000000000000000000000000000000000000000000000000000000000000000000000000000000000000000000000000000000000000000000000000000000000000000000000000000000000000000000000000000000000000000000000000000000
000000000000000000000000000000000000000000000000000000000000000000000000000000000000000000000000000000000000000000000000000000000000000000000000000000000000000000000000000000000000000000000000000000000000000000000000000000000000000000000000000000000000000000000000000000000000000000000000000000000000
000000000000000000000000000000000000000000000000000000000000000000000000000000000000000000000000000000000000000000000000000000000000000000000000000000000000000000000000000000000000000000000000000000000000000000000000000000000000000000000000000000000000000000000000000000000000000000000000000000000000
000000000000000000000000000000000000000000000000000000000000000000000000000000000000000000000000000000000000000000000000000000000000000000000000000000000000000000000000000000000000000000000000000000000000000000000000000000000000000000000000000000000000000000000000000000000000000000000000000000000000
000000000000000000000000000000000000000000000000000000000000000000000000000000000000000000000000000000000000000000000000000000000000000000000000000000000000000000000000000000000000000000000000000000000000000000000000000000000000000000000000000000000000000000000000000000000000000000000000000000000000
000000000000000000000000000000000000000000000000000000000000000000000000000000000000000000000000000000000000000000000000000000000000000000000000000000000000000000000000000000000000000000000000000000000000000000000000000000000000000000000000000000000000000000000000000000000000000000000000000000000000
111111111111111111111111111111111111111111111111111111111111111111111111111111111111111111111111111111111111111111111111111111111111111111111111111111111111111111111111111111111111111111111111111111111111111111111111111111111111111111111111111111111111111111111111111111111111111111111111111111111111
000000000000000000000000000000000000000000000000000000000000000000000000000000000000000000000000000000000000000000000000000000000000000000000000000000000000000000000000000000000000000000000000000000000000000000000000000000000000000000000000000000000000000000000000000000000000000000000000000000000000
000000000000000000000000000000000000000000000000000000000000000000000000000000000000000000000000000011111111111111111111111111111111111111111111111111111111111111111111111111111111111111111111111111111111111111111111111111111111111111111111111111111111111111111111111111111111111111111111111111111111
000000000000000000000000000000000000000000000000000000000000000000000000000000000000000000000000000000000000000000000000000000000000000000000000000000000000000000000000000000000000000000000000000000000000000000000000000000000000000000000000000000000000000000000000000000000000000000000000000000000000
111111111111111111111111111111111111111111111111111111111111111111111111111111111111111111111111111111111111111111111111111111111111111111111100011111111111111111111111111111111111111110000011111111111111111111111111111111111111111111111111111111111111111111111111111111111111111111111000011111111111
000000000000000000000000000000000000000000000000000000000000000000000000000000000000000000000000000000000000000000000000000000000000000000000011100000000000000000011110000000000000000001111100000000000000000000000000000000000000000000000000000000000000000000000000000000000000000000000111100000000000
000000000000000000000000000000000000000000000000000000000000000000000000000000000000000000000000000011111000000111111111111110001111111111000000000111111100000111100001111100001111110000000001111111101111111000011111111111111111111111111000000000011111111111111111111111111000111111000000000111111111
000000000000000000000000000000000000000000000000000000000000000000000000000000000000000000000000000000000111111000000000000001110000000000111111111000000011111000011110000011110000001111111110000000010000000111100000000000000000000000000111111111100000000000000000000000000111000000111111111000000000
111111111111111111111111111111111111111111111111111111111111111111111111111111111111111111111111111111000000000011111111110000000111111100000000000011100000000011100001111000000111100000000000111111001100000000001111111100000000111111100000000000000000000000001111111111100000000000000000000011111100
000000000000000000000000000000000000000000000000000000000000000000000000000000000000000000000000000000111111111100010000001111111000000011111111111100011111111100111111000111111000011111111111000000110011111111110000000011111111000000011111111111111111111111110011111100011111111111111111111100000011
000000000000000000000000000000000000000000000000000000000000000000000000000000000000000000000000000011000000000011101111110000000111111100000000000011100000000011000000111000000111100000000000111111001100000000001111111100000000111111100000000000000000000000001100000011100000000000000000000011111100
111111111111111111111111111111111111111111111111111111111111111111111111111111111111111111111111111100111111111100010000001111111000000011111100011100011111111100111111000111111000011110000011000000110011111111110000000011111111000000011111111111111111111111110011111100011111111111111000011100000011
000000000000000000000000000000000000000000000000000000000000000000000000000000000000000000000000000011000000000011101111110000000111111100000011100011100000000011000000111000000111100001111100111111001100000000001111111100000000111111100000000000000000000000001100000011100000000000000111100011111100
000000000000000000000000000000000000000000000000000000000000000000000000000000000000000000000000000000111111111100010000001111111000000011111100011100011111111100111111000111111000011110000011000000110011111111110000000011111111000000011111111111111111111111110011111100011111111111111000011100000011
000000000000000000000000000000000000000000000000000000000000000000000000000000000000000000000000000011000000000011101111110000000111111100000011100011100000000011000000111000000111100001111100111111001100000000001111111100000000111111100000000000000000000000001100000011100000000000000111100011111100
111111111111111111111111111111111111111111111111111111111111111111111111111111111111111111111111111100111000000100010000001110001000000011000000000100011100000100111111000100001000010000000001000000100011111000010000000011111111000000011000000000011111111111110011111100011000111111000000000100000011
000000000000000000000000000000000000000000000000000000000000000000000000000000000000000000000000000011000111111011101111110001110111111100111111111011100011111011011110111011110111101111111110111111011100000111101111111100000000111111100111111111100000000000001100000011100111000000111111111011111100
000000000000000000000000000000000000000000000000000000000000000000000000000000000000000000000000000000111000000100010000001110001000000011000000000100011100000100100001000100001000010000000001000000100011111000010000000011111111000000011000000000011111111111110011111100011000111111000000000100000011
000000000000000000000000000000000000000000000000000000000000000000000000000000000000000000000000000011000111111011101111110001110111111100111100011011100011111011011110111011110111101110000010111111011100000111101111111100000000111111100111111111100000000000001100000011100111000000111000011011111100
111111111111111111111111111111111111111111111111111111111111111111111111111111111111111111111111111100111000000100010000001110001000000011000011100100011100000100100001000100001000010001111101000000100011111000010000000011111111000000011000000000011111111111110011111100011000111111000111100100000011
000000000000000000000000000000000000000000000000000000000000000000000000000000000000000000000000000011000111111011101111110001110111111100111100011011100011111011011110111011110111101110000010111111011100000111101111111100000000111111100111111111100000000000001100000011100111000000111000011011111100
000000000000000000000000000000000000000000000000000000000000000000000000000000000000000000000000000000111000000100010000001110001000000011000011100100011100000100100001000100001000010001111101000000100011111000010000000011111111000000011000000000011111111111110011111100011000111111000111100100000011
000000000000000000000000000000000000000000000000000000000000000000000000000000000000000000000000000011000111111011101111110001110111111100111100011011100011111011011110111011110111101110000010111111011100000111101111111100000000111111100111111111100000000000001100000011100111000000111000011011111100
111111111111111111111111111111111111111111111111111111111111111111111111111111111111111111111111111100111000000100010000001110001000000011000011100100011100000100100001000100001000010001111101000000100011111000010000000011111111000000011000000000011111111111110011111100011000111111000111100100000011
000000000000000000000000000000000000000000000000000000000000000000000000000000000000000000000000000011000111111011111111110001110111111100111100011011100011111011111111111011110111101110000010111111011100000111101111111100000000111111100111111111100000000000001111111111100111000000111000011011111100
000000000000000000000000000000000000000000000000000000000000000000000000000000000000000000000000000000000000000001101100000000000011110000000000000000000000000001011110110000000000000000000000011110000000000000000011110000000000001111000000000000000000000000000100000010000000000000000000000001110000
111111111111111111111111111111111111111111111111111111111111111111111111111111111111111111111111111100111000000100010000001110001000000011000011100100011100000100100001000100001000010001111101000000100011111000010000000011111111000000011000000000011111111111110011111100011000111111000111100100000011
000000000000000000000000000000000000000000000000000000000000000000000000000000000000000000000000000011000111111011101111110001110111111100111100011011100011111011011110111011110111101110000010111111011100000111101111111100000000111111100111111111100000000000001100000011100111000000111000011011111100
000000000000000000000000000000000000000000000000000000000000000000000000000000000000000000000000000000111000000100010000001110001000000011000011100100011100000100100001000100001000010001111101000000100011111000010000000011111111000000011000000000011111111111110011111100011000111111000111100100000011
000000000000000000000000000000000000000000000000000000000000000000000000000000000000000000000000000011000111111011101111110001110111111100111100011011100011111011011110111011110111101110000010111111011100000111101111111100000000111111100111111111100000000000001100000011100111000000111000011011111100
111111111111111111111111111111111111111111111111111111111111111111111111111111111111111111111111111100111000000100010000001110001000000011000011100100011100000100100001000100001000010001111101000000100011111000010000000011111111000000011000000000011111111111110011111100011000111111000111100100000011
000000000000000000000000000000000000000000000000000000000000000000000000000000000000000000000000000011000111111011101111110001110111111100111100011011100011111011011110111011110111101110000010111111011100000111101111111100000000111111100111111111100000000000001100000011100111000000111000011011111100
000000000000000000000000000000000000000000000000000000000000000000000000000000000000000000000000000000111000000100010000001110001000000011000000000100011100000100100001000100001000010000000001000000100011111000010000000011111111000000011000000000011111111111110011111100011000111111000000000100000011
000000000000000000000000000000000000000000000000000000000000000000000000000000000000000000000000000011000111111011101111110001110111111100111111111011100011111011011110111011110111101111111110111111011100000111101111111100000000111111100111111111100000000000001100000011100111000000111111111011111100
111111111111111111111111111111111111111111111111111111111111111111111111111111111111111111111111111100111000000100010000001110001000000011000000000100011100000100111111000100001000010000000001000000100011111000010000000011111111000000011000000000011111111111110011111100011000111111000000000100000011
000000000000000000000000000000000000000000000000000000000000000000000000000000000000000000000000000011000000000011101111110000000111111100000011100011100000000011000000111000000111100001111100111111001100000000001111111100000000111111100000000000000000000000001100000011100000000000000111100011111100
000000000000000000000000000000000000000000000000000000000000000000000000000000000000000000000000000000111111111100010000001111111000000011111100011100011111111100111111000111111000011110000011000000110011111111110000000011111111000000011111111111111111111111110011111100011111111111111000011100000011
000000000000000000000000000000000000000000000000000000000000000000000000000000000000000000000000000011000000000011101111110000000111111100000011100011100000000011000000111000000111100001111100111111001100000000001111111100000000111111100000000000000000000000001100000011100000000000000111100011111100
111111111111111111111111111111111111111111111111111111111111111111111111111111111111111111111111111100111111111100010000001111111000000011111100011100011111111100111111000111111000011110000011000000110011111111110000000011111111000000011111111111111111111111110011111100011111111111111000011100000011
000000000000000000000000000000000000000000000000000000000000000000000000000000000000000000000000000011000000000011101111110000000111111100000000000011100000000011000000111000000111100000000000111111001100000000001111111100000000111111100000000000000000000000001100000011100000000000000000000011111100
000000000000000000000000000000000000000000000000000000000000000000000000000000000000000000000000000000111111111100010000001111111000000011111111111100011111111100111111000111111000011111111111000000110011111111110000000011111111000000011111111111111111111111110011111100011111111111111111111100000011
111111111111111111111111111111111111111111111111111111111111111111111111111111111111111111111111111111000000000011111111110000000111111100000000000011100000000011100001111000000111100000000000111111001100000000001111111100000000111111100000000000000000000000001111111111100000000000000000000011111100
000000000000000000000000000000000000000000000000000000000000000000000000000000000000000000000000000000000111111000000000000001110000000000111111111000000011111000011110000011110000001111111110000000010000000111100000000000000000000000000111111111100000000000000000000000000111000000111111111000000000
000000000000000000000000000000000000000000000000000000000000000000000000000000000000000000000000000011111000000111111111111110001111111111000000000111111100000111100001111100001111110000000001111111101111111000011111111111111111111111111000000000011111111111111111111111111000111111000000000111111111
000000000000000000000000000000000000000000000000000000000000000000000000000000000000000000000000000000000000000000000000000000000000000000000011100000000000000000011110000000000000000001111100000000000000000000000000000000000000000000000000000000000000000000000000000000000000000000000111100000000000
111111111111111111111111111111111111111111111111111111111111111111111111111111111111111111111111111111111111111111111111111111111111111111111100011111111111111111111111111111111111111110000011111111111111111111111111111111111111111111111111111111111111111111111111111111111111111111111000011111111111
000000000000000000000000000000000000000000000000000000000000000000000000000000000000000000000000000000000000000000000000000000000000000000000000000000000000000000000000000000000000000000000000000000000000000000000000000000000000000000000000000000000000000000000000000000000000000000000000000000000000
000000000000000000000000000000000000000000000000000000000000000000000000000000000000000000000000000011111111111111111111111111111111111111111111111111111111111111111111111111111111111111111111111111111111111111111111111111111111111111111111111111111111111111111111111111111111111111111111111111111111
000000000000000000000000000000000000000000000000000000000000000000000000000000000000000000000000000000000000000000000000000000000000000000000000000000000000000000000000000000000000000000000000000000000000000000000000000000000000000000000000000000000000000000000000000000000000000000000000000000000000
111111111111111111111111111111111111111111111111111111111111111111111111111111111111111111111111111111111111111111111111111111111111111111111111111111111111111111111111111111111111111111111111111111111111111111111111111111111111111111111111111111111111111111111111111111111111111111111111111111111111
000000000000000000000000000000000000000000000000000000000000000000000000000000000000000000000000000000000000000000000000000000000000000000000000000000000000000000000000000000000000000000000000000000000000000000000000000000000000000000000000000000000000000000000000000000000000000000000000000000000000
000000000000000000000000000000000000000000000000000000000000000000000000000000000000000000000000000000000000000000000000000000000000000000000000000000000000000000000000000000000000000000000000000000000000000000000000000000000000000000000000000000000000000000000000000000000000000000000000000000000000
000000000000000000000000000000000000000000000000000000000000000000000000000000000000000000000000000000000000000000000000000000000000000000000000000000000000000000000000000000000000000000000000000000000000000000000000000000000000000000000000000000000000000000000000000000000000000000000000000000000000
000000000000000000000000000000000000000000000000000000000000000000000000000000000000000000000000000000000000000000000000000000000000000000000000000000000000000000000000000000000000000000000000000000000000000000000000000000000000000000000000000000000000000000000000000000000000000000000000000000000000
000000000000000000000000000000000000000000000000000000000000000000000000000000000000000000000000000000000000000000000000000000000000000000000000000000000000000000000000000000000000000000000000000000000000000000000000000000000000000000000000000000000000000000000000000000000000000000000000000000000000
000000000000000000000000000000000000000000000000000000000000000000000000000000000000000000000000000000000000000000000000000000000000000000000000000000000000000000000000000000000000000000000000000000000000000000000000000000000000000000000000000000000000000000000000000000000000000000000000000000000000
000000000000000000000000000000000000000000000000000000000000000000000000000000000000000000000000000000000000000000000000000000000000000000000000000000000000000000000000000000000000000000000000000000000000000000000000000000000000000000000000000000000000000000000000000000000000000000000000000000000000
000000000000000000000000000000000000000000000000000000000000000000000000000000000000000000000000000000000000000000000000000000000000000000000000000000000000000000000000000000000000000000000000000000000000000000000000000000000000000000000000000000000000000000000000000000000000000000000000000000000000
000000000000000000000000000000000000000000000000000000000000000000000000000000000000000000000000000000000000000000000000000000000000000000000000000000000000000000000000000000000000000000000000000000000000000000000000000000000000000000000000000000000000000000000000000000000000000000000000000000000000
000000000000000000000000000000000000000000000000000000000000000000000000000000000000000000000000000000000000000000000000000000000000000000000000000000000000000000000000000000000000000000000000000000000000000000000000000000000000000000000000000000000000000000000000000000000000000000000000000000000000
111111111111111111111111111111111111111111111111111111111111111111111111111111111111111111111111111111111111111111111111111111111111111111111111111111111111111111111111111111111111111111111111111111111111111111111111111111111111111111111111111111111111111111111111111111111111111111111111111111111111
000000000000000000000000000000000000000000000000000000000000000000000000000000000000000000000000000000000000000000000000000000000000000000000000000000000000000000000000000000000000000000000000000000000000000000000000000000000000000000000000000000000000000000000000000000000000000000000000000000000000
000000000000000000000000000000000000000000000000000000000000000000000000000000000000000000000000000011111111111111111111111111111111111111111111111111111111111111111111111111111111111111111111111111111111111111111111111111111111111111111111111111111111111111111111111111111111111111111111111111111111
000000000000000000000000000000000000000000000000000000000000000000000000000000000000000000000000000000000000000000000000000000000000000000000000000000000000000000000000000000000000000000000000000000000000000000000000000000000000000000000000000000000000000000000000000000000000000000000000000000000000
111111111111111111111111111111111111111111111111111111111111111111111111111111111111111111111111111111111111111111111111111111111111111111111111111111110001111111111111111111111111111111111111111000001111111111111111111111111111111111111111111111111111111111111111111111111111111111111111111111100001
000000000000000000000000000000000000000000000000000000000000000000000000000000000000000000000000000000000000000000000000000000000000000000000000000000001110000000000000000001111000000000000000000111110000000000000000000000000000000000000000000000000000000000000000000000000000000000000000000000011110
000000000000000000000000000000000000000000000000000000000000000000000000000000000000000000000000000000000111111111100000011111111111111000111111111100000000011111110000011110000111110000111111000000000000011111111111100001111111111111111111111111100000000001111111111111111111111111100011111100000000
000000000000000000000000000000000000000000000000000000000000000000000000000000000000000000000000000011111000000000011111100000000000000111000000000011111111100000001111100001111000001111000000111111111111100000000000011110000000000000000000000000011111111110000000000000000000000000011100000011111111
111111111111111111111111111111111111111111111111111111111111111111111111111111111111111111111111111100000011111100000000001111111111000000011111110000000000001110000000001110000111100000011110000000000000000111110000000000111111110000000011111110000000000000000000000000111111111110000000000000000000
000000000000000000000000000000000000000000000000000000000000000000000000000000000000000000000000000011111100000011111111110001000000111111100000001111111111110001111111110011111100011111100001111111111111111000001111111111000000001111111100000001111111111111111111111111001111110001111111111111111111
000000000000000000000000000000000000000000000000000000000000000000000000000000000000000000000000000000000011111100000000001110111111000000011111110000000000001110000000001100000011100000011110000000000000000111110000000000111111110000000011111110000000000000000000000000110000001110000000000000000000
111111111111111111111111111111111111111111111111111111111111111111111111111111111111111111111111111111111100000011111111110001000000111111100000001111110001110001111111110011111100011111100001111000001111111000001111111111000000001111111100000001111111111111111111111111001111110001111111111111100001
000000000000000000000000000000000000000000000000000000000000000000000000000000000000000000000000000000000011111100000000001110111111000000011111110000001110001110000000001100000011100000011110000111110000000111110000000000111111110000000011111110000000000000000000000000110000001110000000000000011110
000000000000000000000000000000000000000000000000000000000000000000000000000000000000000000000000000011111100000011111111110001000000111111100000001111110001110001111111110011111100011111100001111000001111111000001111111111000000001111111100000001111111111111111111111111001111110001111111111111100001
000000000000000000000000000000000000000000000000000000000000000000000000000000000000000000000000000000000011111100000000001110111111000000011111110000001110001110000000001100000011100000011110000111110000000111110000000000111111110000000011111110000000000000000000000000110000001110000000000000011110
111111111111111111111111111111111111111111111111111111111111111111111111111111111111111111111111111100000100000011100000010001000000111000100000001100000000010001110000010011111100010000100001000000000000011000001111100001000000001111111100000001100000000001111111111111001111110001100011111100000000
000000000000000000000000000000000000000000000000000000000000000000000000000000000000000000000000000011111011111100011111101110111111000111011111110011111111101110001111101101111011101111011110111111111111100111110000011110111111110000000011111110011111111110000000000000110000001110011100000011111111
000000000000000000000000000000000000000000000000000000000000000000000000000000000000000000000000000000000100000011100000010001000000111000100000001100000000010001110000010010000100010000100001000000000000011000001111100001000000001111111100000001100000000001111111111111001111110001100011111100000000
000000000000000000000000000000000000000000000000000000000000000000000000000000000000000000000000000011111011111100011111101110111111000111011111110011110001101110001111101101111011101111011110111000001111100111110000011110111111110000000011111110011111111110000000000000110000001110011100000011100001
111111111111111111111111111111111111111111111111111111111111111111111111111111111111111111111111111100000100000011100000010001000000111000100000001100001110010001110000010010000100010000100001000111110000011000001111100001000000001111111100000001100000000001111111111111001111110001100011111100011110
000000000000000000000000000000000000000000000000000000000000000000000000000000000000000000000000000011111011111100011111101110111111000111011111110011110001101110001111101101111011101111011110111000001111100111110000011110111111110000000011111110011111111110000000000000110000001110011100000011100001
000000000000000000000000000000000000000000000000000000000000000000000000000000000000000000000000000000000100000011100000010001000000111000100000001100001110010001110000010010000100010000100001000111110000011000001111100001000000001111111100000001100000000001111111111111001111110001100011111100011110
000000000000000000000000000000000000000000000000000000000000000000000000000000000000000000000000000011111011111100011111101110111111000111011111110011110001101110001111101101111011101111011110111000001111100111110000011110111111110000000011111110011111111110000000000000110000001110011100000011100001
111111111111111111111111111111111111111111111111111111111111111111111111111111111111111111111111111100000100000011100000010001000000111000100000001100001110010001110000010010000100010000100001000111110000011000001111100001000000001111111100000001100000000001111111111111001111110001100011111100011110
000000000000000000000000000000000000000000000000000000000000000000000000000000000000000000000000000011111011111100011111101111111111000111011111110011110001101110001111101111111111101111011110111000001111100111110000011110111111110000000011111110011111111110000000000000111111111110011100000011100001
000000000000000000000000000000000000000000000000000000000000000000000000000000000000000000000000000000000000110000000000000110110000000000001111000000000000000000000000000101111011000000000000000000000000000000000000000000001111000000000000111100000000000000000000000000010000001000000000000000000000
111111111111111111111111111111111111111111111111111111111111111111111111111111111111111111111111111100000100000011100000010001000000111000100000001100001110010001110000010010000100010000100001000111110000011000001111100001000000001111111100000001100000000001111111111111001111110001100011111100011110
000000000000000000000000000000000000000000000000000000000000000000000000000000000000000000000000000011111011111100011111101110111111000111011111110011110001101110001111101101111011101111011110111000001111100111110000011110111111110000000011111110011111111110000000000000110000001110011100000011100001
000000000000000000000000000000000000000000000000000000000000000000000000000000000000000000000000000000000100000011100000010001000000111000100000001100001110010001110000010010000100010000100001000111110000011000001111100001000000001111111100000001100000000001111111111111001111110001100011111100011110
000000000000000000000000000000000000000000000000000000000000000000000000000000000000000000000000000011111011111100011111101110111111000111011111110011110001101110001111101101111011101111011110111000001111100111110000011110111111110000000011111110011111111110000000000000110000001110011100000011100001
111111111111111111111111111111111111111111111111111111111111111111111111111111111111111111111111111100000100000011100000010001000000111000100000001100001110010001110000010010000100010000100001000111110000011000001111100001000000001111111100000001100000000001111111111111001111110001100011111100011110
000000000000000000000000000000000000000000000000000000000000000000000000000000000000000000000000000011111011111100011111101110111111000111011111110011110001101110001111101101111011101111011110111000001111100111110000011110111111110000000011111110011111111110000000000000110000001110011100000011100001
000000000000000000000000000000000000000000000000000000000000000000000000000000000000000000000000000000000100000011100000010001000000111000100000001100000000010001110000010010000100010000100001000000000000011000001111100001000000001111111100000001100000000001111111111111001111110001100011111100000000
000000000000000000000000000000000000000000000000000000000000000000000000000000000000000000000000000011111011111100011111101110111111000111011111110011111111101110001111101101111011101111011110111111111111100111110000011110111111110000000011111110011111111110000000000000110000001110011100000011111111
111111111111111111111111111111111111111111111111111111111111111111111111111111111111111111111111111100000100000011100000010001000000111000100000001100000000010001110000010011111100010000100001000000000000011000001111100001000000001111111100000001100000000001111111111111001111110001100011111100000000
000000000000000000000000000000000000000000000000000000000000000000000000000000000000000000000000000000000011111100000000001110111111000000011111110000001110001110000000001100000011100000011110000111110000000111110000000000111111110000000011111110000000000000000000000000110000001110000000000000011110
000000000000000000000000000000000000000000000000000000000000000000000000000000000000000000000000000011111100000011111111110001000000111111100000001111110001110001111111110011111100011111100001111000001111111000001111111111000000001111111100000001111111111111111111111111001111110001111111111111100001
000000000000000000000000000000000000000000000000000000000000000000000000000000000000000000000000000000000011111100000000001110111111000000011111110000001110001110000000001100000011100000011110000111110000000111110000000000111111110000000011111110000000000000000000000000110000001110000000000000011110
111111111111111111111111111111111111111111111111111111111111111111111111111111111111111111111111111111111100000011111111110001000000111111100000001111110001110001111111110011111100011111100001111000001111111000001111111111000000001111111100000001111111111111111111111111001111110001111111111111100001
000000000000000000000000000000000000000000000000000000000000000000000000000000000000000000000000000000000011111100000000001110111111000000011111110000000000001110000000001100000011100000011110000000000000000111110000000000111111110000000011111110000000000000000000000000110000001110000000000000000000
000000000000000000000000000000000000000000000000000000000000000000000000000000000000000000000000000011111100000011111111110001000000111111100000001111111111110001111111110011111100011111100001111111111111111000001111111111000000001111111100000001111111111111111111111111001111110001111111111111111111
111111111111111111111111111111111111111111111111111111111111111111111111111111111111111111111111111100000011111100000000001111111111000000011111110000000000001110000000001110000111100000011110000000000000000111110000000000111111110000000011111110000000000000000000000000111111111110000000000000000000
000000000000000000000000000000000000000000000000000000000000000000000000000000000000000000000000000011111000000000011111100000000000000111000000000011111111100000001111100001111000001111000000111111111111100000000000011110000000000000000000000000011111111110000000000000000000000000011100000011111111
000000000000000000000000000000000000000000000000000000000000000000000000000000000000000000000000000000000111111111100000011111111111111000111111111100000000011111110000011110000111110000111111000000000000011111111111100001111111111111111111111111100000000001111111111111111111111111100011111100000000
000000000000000000000000000000000000000000000000000000000000000000000000000000000000000000000000000000000000000000000000000000000000000000000000000000001110000000000000000001111000000000000000000111110000000000000000000000000000000000000000000000000000000000000000000000000000000000000000000000011110
111111111111111111111111111111111111111111111111111111111111111111111111111111111111111111111111111111111111111111111111111111111111111111111111111111110001111111111111111111111111111111111111111000001111111111111111111111111111111111111111111111111111111111111111111111111111111111111111111111100001
000000000000000000000000000000000000000000000000000000000000000000000000000000000000000000000000000000000000000000000000000000000000000000000000000000000000000000000000000000000000000000000000000000000000000000000000000000000000000000000000000000000000000000000000000000000000000000000000000000000000
000000000000000000000000000000000000000000000000000000000000000000000000000000000000000000000000000011111111111111111111111111111111111111111111111111111111111111111111111111111111111111111111111111111111111111111111111111111111111111111111111111111111111111111111111111111111111111111111111111111111
000000000000000000000000000000000000000000000000000000000000000000000000000000000000000000000000000000000000000000000000000000000000000000000000000000000000000000000000000000000000000000000000000000000000000000000000000000000000000000000000000000000000000000000000000000000000000000000000000000000000
111111111111111111111111111111111111111111111111111111111111111111111111111111111111111111111111111111111111111111111111111111111111111111111111111111111111111111111111111111111111111111111111111111111111111111111111111111111111111111111111111111111111111111111111111111111111111111111111111111111111
000000000000000000000000000000000000000000000000000000000000000000000000000000000000000000000000000000000000000000000000000000000000000000000000000000000000000000000000000000000000000000000000000000000000000000000000000000000000000000000000000000000000000000000000000000000000000000000000000000000000
000000000000000000000000000000000000000000000000000000000000000000000000000000000000000000000000000000000000000000000000000000000000000000000000000000000000000000000000000000000000000000000000000000000000000000000000000000000000000000000000000000000000000000000000000000000000000000000000000000000000
000000000000000000000000000000000000000000000000000000000000000000000000000000000000000000000000000000000000000000000000000000000000000000000000000000000000000000000000000000000000000000000000000000000000000000000000000000000000000000000000000000000000000000000000000000000000000000000000000000000000
000000000000000000000000000000000000000000000000000000000000000000000000000000000000000000000000000000000000000000000000000000000000000000000000000000000000000000000000000000000000000000000000000000000000000000000000000000000000000000000000000000000000000000000000000000000000000000000000000000000000
000000000000000000000000000000000000000000000000000000000000000000000000000000000000000000000000000000000000000000000000000000000000000000000000000000000000000000000000000000000000000000000000000000000000000000000000000000000000000000000000000000000000000000000000000000000000000000000000000000000000
000000000000000000000000000000000000000000000000000000000000000000000000000000000000000000000000000000000000000000000000000000000000000000000000000000000000000000000000000000000000000000000000000000000000000000000000000000000000000000000000000000000000000000000000000000000000000000000000000000000000
000000000000000000000000000000000000000000000000000000000000000000000000000000000000000000000000000000000000000000000000000000000000000000000000000000000000000000000000000000000000000000000000000000000000000000000000000000000000000000000000000000000000000000000000000000000000000000000000000000000000
000000000000000000000000000000000000000000000000000000000000000000000000000000000000000000000000000000000000000000000000000000000000000000000000000000000000000000000000000000000000000000000000000000000000000000000000000000000000000000000000000000000000000000000000000000000000000000000000000000000000
000000000000000000000000000000000000000000000000000000000000000000000000000000000000000000000000000000000000000000000000000000000000000000000000000000000000000000000000000000000000000000000000000000000000000000000000000000000000000000000000000000000000000000000000000000000000000000000000000000000000
000000000000000000000000000000000000000000000000000000000000000000000000000000000000000000000000000000000000000000000000000000000000000000000000000000000000000000000000000000000000000000000000000000000000000000000000000000000000000000000000000000000000000000000000000000000000000000000000000000000000
111111111111111111111111111111111111111111111111111111111111111111111111111111111111111111111111111111111111111111111111111111111111111111111111111111111111111111111111111111111111111111111111111111111111111111111111111111111111111111111111111111111111111111111111111111111111111111111111111111111111
000000000000000000000000000000000000000000000000000000000000000000000000000000000000000000000000000000000000000000000000000000000000000000000000000000000000000000000000000000000000000000000000000000000000000000000000000000000000000000000000000000000000000000000000000000000000000000000000000000000000
000000000000000000000000000000000000000000000000000000000000000000000000000000000000000000000000000011111111111111111111111111111111111111111111111111111111111111111111111111111111111111111111111111111111111111111111111111111111111111111111111111111111111111111111111111111111111111111111111111111111
000000000000000000000000000000000000000000000000000000000000000000000000000000000000000000000000000000000000000000000000000000000000000000000000000000000000000000000000000000000000000000000000000000000000000000000000000000000000000000000000000000000000000000000000000000000000000000000000000000000000
111111111111111111111111111111111111111111111111111111111111111111111111111111111111111111111111111111111111111111111111111111111111111111111111111111111111111111000111111111111111111111111111111111111111111111111111111111111111111111111111111111111111111111111111111111111111111111111111111111111111
000000000000000000000000000000000000000000000000000000000000000000000000000000000000000000000000000000000000000000000000000000000000000000000000000000000000000000111000000000000000000111100000000000000000000000000000000000000000000000000000000000000000000000000000000000000000000000000000000000000000
000000000000000000000000000000000000000000000000000000000000000000000000000000000000000000000000000011111110000000011111111110000001111111111111100011111111110000000001111111000001111000011111000011111111111110000001111111111110000111111111111111111111111110000000000111111111111111111111111110001111
000000000000000000000000000000000000000000000000000000000000000000000000000000000000000000000000000000000001111111100000000001111110000000000000011100000000001111111110000000111110000111100000111100000000000001111110000000000001111000000000000000000000000001111111111000000000000000000000000001110000
111111111111111111111111111111111111111111111111111111111111111111111111111111111111111111111111111111111000000000001111110000000000111111111100000001111111000000000000111000000000111000011110000001111111100000000000011111000000000011111111000000001111111000000000000000000000000011111111111000000000
000000000000000000000000000000000000000000000000000000000000000000000000000000000000000000000000000001100111111111110000001111111111000100000011111110000000111111111111000111111111001111110001111110000000011111111111100000111111111100000000111111110000000111111111111111111111111100111111000111111111
000000000000000000000000000000000000000000000000000000000000000000000000000000000000000000000000000010011000000000001111110000000000111011111100000001111111000000000000111000000000110000001110000001111111100000000000011111000000000011111111000000001111111000000000000000000000000011000000111000000000
111111111111111111111111111111111111111111111111111111111111111111111111111111111111111111111111111101100111111111110000001111111111000100000011111110000000111111000111000111111111001111110001111110000000011111111111100000111111111100000000111111110000000111111111111111111111111100111111000111111111
000000000000000000000000000000000000000000000000000000000000000000000000000000000000000000000000000010011000000000001111110000000000111011111100000001111111000000111000111000000000110000001110000001111111100000000000011111000000000011111111000000001111111000000000000000000000000011000000111000000000
000000000000000000000000000000000000000000000000000000000000000000000000000000000000000000000000000001100111111111110000001111111111000100000011111110000000111111000111000111111111001111110001111110000000011111111111100000111111111100000000111111110000000111111111111111111111111100111111000111111111
000000000000000000000000000000000000000000000000000000000000000000000000000000000000000000000000000010011000000000001111110000000000111011111100000001111111000000111000111000000000110000001110000001111111100000000000011111000000000011111111000000001111111000000000000000000000000011000000111000000000
111111111111111111111111111111111111111111111111111111111111111111111111111111111111111111111111111101100110000000010000001110000001000100000011100010000000110000000001000111000001001111110001000010000000011110000001100000111110000100000000111111110000000110000000000111111111111100111111000110001111
000000000000000000000000000000000000000000000000000000000000000000000000000000000000000000000000000010011001111111101111110001111110111011111100011101111111001111111110111000111110110111101110111101111111100001111110011111000001111011111111000000001111111001111111111000000000000011000000111001110000
000000000000000000000000000000000000000000000000000000000000000000000000000000000000000000000000000001100110000000010000001110000001000100000011100010000000110000000001000111000001001000010001000010000000011110000001100000111110000100000000111111110000000110000000000111111111111100111111000110001111
000000000000000000000000000000000000000000000000000000000000000000000000000000000000000000000000000010011001111111101111110001111110111011111100011101111111001111000110111000111110110111101110111101111111100001111110011111000001111011111111000000001111111001111111111000000000000011000000111001110000
111111111111111111111111111111111111111111111111111111111111111111111111111111111111111111111111111101100110000000010000001110000001000100000011100010000000110000111001000111000001001000010001000010000000011110000001100000111110000100000000111111110000000110000000000111111111111100111111000110001111
000000000000000000000000000000000000000000000000000000000000000000000000000000000000000000000000000010011001111111101111110001111110111011111100011101111111001111000110111000111110110111101110111101111111100001111110011111000001111011111111000000001111111001111111111000000000000011000000111001110000
000000000000000000000000000000000000000000000000000000000000000000000000000000000000000000000000000001100110000000010000001110000001000100000011100010000000110000111001000111000001001000010001000010000000011110000001100000111110000100000000111111110000000110000000000111111111111100111111000110001111
000000000000000000000000000000000000000000000000000000000000000000000000000000000000000000000000000010011001111111101111110001111110111011111100011101111111001111000110111000111110110111101110111101111111100001111110011111000001111011111111000000001111111001111111111000000000000011000000111001110000
111111111111111111111111111111111111111111111111111111111111111111111111111111111111111111111111111101100110000000010000001110000001000100000011100010000000110000111001000111000001001000010001000010000000011110000001100000111110000100000000111111110000000110000000000111111111111100111111000110001111
000000000000000000000000000000000000000000000000000000000000000000000000000000000000000000000000000011111001111111101111110001111110111111111100011101111111001111000110111000111110111111111110111101111111100001111110011111000001111011111111000000001111111001111111111000000000000011111111111001110000
000000000000000000000000000000000000000000000000000000000000000000000000000000000000000000000000000010010000000000000011000000000000011011000000000000111100000000000000000000000000010111101100000000000111000000000000000000000000000000111100000000000011110000000000000000000000000001000000100000000000
111111111111111111111111111111111111111111111111111111111111111111111111111111111111111111111111111101100110000000010000001110000001000100000011100010000000110000111001000111000001001000010001000010000000011110000001100000111110000100000000111111110000000110000000000111111111111100111111000110001111
000000000000000000000000000000000000000000000000000000000000000000000000000000000000000000000000000010011001111111101111110001111110111011111100011101111111001111000110111000111110110111101110111101111111100001111110011111000001111011111111000000001111111001111111111000000000000011000000111001110000
000000000000000000000000000000000000000000000000000000000000000000000000000000000000000000000000000001100110000000010000001110000001000100000011100010000000110000111001000111000001001000010001000010000000011110000001100000111110000100000000111111110000000110000000000111111111111100111111000110001111
000000000000000000000000000000000000000000000000000000000000000000000000000000000000000000000000000010011001111111101111110001111110111011111100011101111111001111000110111000111110110111101110111101111111100001111110011111000001111011111111000000001111111001111111111000000000000011000000111001110000
111111111111111111111111111111111111111111111111111111111111111111111111111111111111111111111111111101100110000000010000001110000001000100000011100010000000110000111001000111000001001000010001000010000000011110000001100000111110000100000000111111110000000110000000000111111111111100111111000110001111
000000000000000000000000000000000000000000000000000000000000000000000000000000000000000000000000000010011001111111101111110001111110111011111100011101111111001111000110111000111110110111101110111101111111100001111110011111000001111011111111000000001111111001111111111000000000000011000000111001110000
000000000000000000000000000000000000000000000000000000000000000000000000000000000000000000000000000001100110000000010000001110000001000100000011100010000000110000000001000111000001001000010001000010000000011110000001100000111110000100000000111111110000000110000000000111111111111100111111000110001111
000000000000000000000000000000000000000000000000000000000000000000000000000000000000000000000000000010011001111111101111110001111110111011111100011101111111001111111110111000111110110111101110111101111111100001111110011111000001111011111111000000001111111001111111111000000000000011000000111001110000
111111111111111111111111111111111111111111111111111111111111111111111111111111111111111111111111111101100110000000010000001110000001000100000011100010000000110000000001000111000001001111110001000010000000011110000001100000111110000100000000111111110000000110000000000111111111111100111111000110001111
000000000000000000000000000000000000000000000000000000000000000000000000000000000000000000000000000010011000000000001111110000000000111011111100000001111111000000111000111000000000110000001110000001111111100000000000011111000000000011111111000000001111111000000000000000000000000011000000111000000000
000000000000000000000000000000000000000000000000000000000000000000000000000000000000000000000000000001100111111111110000001111111111000100000011111110000000111111000111000111111111001111110001111110000000011111111111100000111111111100000000111111110000000111111111111111111111111100111111000111111111
000000000000000000000000000000000000000000000000000000000000000000000000000000000000000000000000000010011000000000001111110000000000111011111100000001111111000000111000111000000000110000001110000001111111100000000000011111000000000011111111000000001111111000000000000000000000000011000000111000000000
111111111111111111111111111111111111111111111111111111111111111111111111111111111111111111111111111101100111111111110000001111111111000100000011111110000000111111000111000111111111001111110001111110000000011111111111100000111111111100000000111111110000000111111111111111111111111100111111000111111111
000000000000000000000000000000000000000000000000000000000000000000000000000000000000000000000000000010011000000000001111110000000000111011111100000001111111000000000000111000000000110000001110000001111111100000000000011111000000000011111111000000001111111000000000000000000000000011000000111000000000
000000000000000000000000000000000000000000000000000000000000000000000000000000000000000000000000000001100111111111110000001111111111000100000011111110000000111111111111000111111111001111110001111110000000011111111111100000111111111100000000111111110000000111111111111111111111111100111111000111111111
111111111111111111111111111111111111111111111111111111111111111111111111111111111111111111111111111111111000000000001111110000000000111111111100000001111111000000000000111000000000111000011110000001111111100000000000011111000000000011111111000000001111111000000000000000000000000011111111111000000000
000000000000000000000000000000000000000000000000000000000000000000000000000000000000000000000000000000000001111111100000000001111110000000000000011100000000001111111110000000111110000111100000111100000000000001111110000000000001111000000000000000000000000001111111111000000000000000000000000001110000
000000000000000000000000000000000000000000000000000000000000000000000000000000000000000000000000000011111110000000011111111110000001111111111111100011111111110000000001111111000001111000011111000011111111111110000001111111111110000111111111111111111111111110000000000111111111111111111111111110001111
000000000000000000000000000000000000000000000000000000000000000000000000000000000000000000000000000000000000000000000000000000000000000000000000000000000000000000111000000000000000000111100000000000000000000000000000000000000000000000000000000000000000000000000000000000000000000000000000000000000000
111111111111111111111111111111111111111111111111111111111111111111111111111111111111111111111111111111111111111111111111111111111111111111111111111111111111111111000111111111111111111111111111111111111111111111111111111111111111111111111111111111111111111111111111111111111111111111111111111111111111
000000000000000000000000000000000000000000000000000000000000000000000000000000000000000000000000000000000000000000000000000000000000000000000000000000000000000000000000000000000000000000000000000000000000000000000000000000000000000000000000000000000000000000000000000000000000000000000000000000000000
000000000000000000000000000000000000000000000000000000000000000000000000000000000000000000000000000011111111111111111111111111111111111111111111111111111111111111111111111111111111111111111111111111111111111111111111111111111111111111111111111111111111111111111111111111111111111111111111111111111111
000000000000000000000000000000000000000000000000000000000000000000000000000000000000000000000000000000000000000000000000000000000000000000000000000000000000000000000000000000000000000000000000000000000000000000000000000000000000000000000000000000000000000000000000000000000000000000000000000000000000
111111111111111111111111111111111111111111111111111111111111111111111111111111111111111111111111111111111111111111111111111111111111111111111111111111111111111111111111111111111111111111111111111111111111111111111111111111111111111111111111111111111111111111111111111111111111111111111111111111111111
000000000000000000000000000000000000000000000000000000000000000000000000000000000000000000000000000000000000000000000000000000000000000000000000000000000000000000000000000000000000000000000000000000000000000000000000000000000000000000000000000000000000000000000000000000000000000000000000000000000000
000000000000000000000000000000000000000000000000000000000000000000000000000000000000000000000000000000000000000000000000000000000000000000000000000000000000000000000000000000000000000000000000000000000000000000000000000000000000000000000000000000000000000000000000000000000000000000000000000000000000
000000000000000000000000000000000000000000000000000000000000000000000000000000000000000000000000000000000000000000000000000000000000000000000000000000000000000000000000000000000000000000000000000000000000000000000000000000000000000000000000000000000000000000000000000000000000000000000000000000000000
000000000000000000000000000000000000000000000000000000000000000000000000000000000000000000000000000000000000000000000000000000000000000000000000000000000000000000000000000000000000000000000000000000000000000000000000000000000000000000000000000000000000000000000000000000000000000000000000000000000000
000000000000000000000000000000000000000000000000000000000000000000000000000000000000000000000000000000000000000000000000000000000000000000000000000000000000000000000000000000000000000000000000000000000000000000000000000000000000000000000000000000000000000000000000000000000000000000000000000000000000
000000000000000000000000000000000000000000000000000000000000000000000000000000000000000000000000000000000000000000000000000000000000000000000000000000000000000000000000000000000000000000000000000000000000000000000000000000000000000000000000000000000000000000000000000000000000000000000000000000000000
000000000000000000000000000000000000000000000000000000000000000000000000000000000000000000000000000000000000000000000000000000000000000000000000000000000000000000000000000000000000000000000000000000000000000000000000000000000000000000000000000000000000000000000000000000000000000000000000000000000000
000000000000000000000000000000000000000000000000000000000000000000000000000000000000000000000000000000000000000000000000000000000000000000000000000000000000000000000000000000000000000000000000000000000000000000000000000000000000000000000000000000000000000000000000000000000000000000000000000000000000
000000000000000000000000000000000000000000000000000000000000000000000000000000000000000000000000000000000000000000000000000000000000000000000000000000000000000000000000000000000000000000000000000000000000000000000000000000000000000000000000000000000000000000000000000000000000000000000000000000000000
000000000000000000000000000000000000000000000000000000000000000000000000000000000000000000000000000000000000000000000000000000000000000000000000000000000000000000000000000000000000000000000000000000000000000000000000000000000000000000000000000000000000000000000000000000000000000000000000000000000000
111111111111111111111111111111111111111111111111111111111111111111111111111111111111111111111111111111111111111111111111111111111111111111111111111111111111111111111111111111111111111111111111111111111111111111111111111111111111111111111111111111111111111111111111111111111111111111111111111111111111
000000000000000000000000000000000000000000000000000000000000000000000000000000000000000000000000000000000000000000000000000000000000000000000000000000000000000000000000000000000000000000000000000000000000000000000000000000000000000000000000000000000000000000000000000000000000000000000000000000000000
000000000000000000000000000000000000000000000000000000000000000000000000000000000000000000000000000011111111111111111111111111111111111111111111111111111111111111111111111111111111111111111111111111111111111111111111111111111111111111111111111111111111111111111111111111111111111111111111111111111111
000000000000000000000000000000000000000000000000000000000000000000000000000000000000000000000000000000000000000000000000000000000000000000000000000000000000000000000000000000000000000000000000000000000000000000000000000000000000000000000000000000000000000000000000000000000000000000000000000000000000
111111111111111111111111111111111111111111111111111111111111111111111111111111111111111111111111111111111111111111111111111111111111111111111111111111111111111111111111111100011111111111111111111111111111111111111111111111111111111111111111111111111111111111111111111111111111111111111111111111111111
000000000000000000000000000000000000000000000000000000000000000000000000000000000000000000000000000000000000000000000000000000000000000000000000000000000000000000000000000011100000000000000000011110000000000000000000000000000000000000000000000000000000000000000000000000000000000000000000000000000000
000000000000000000000000000000000000000000000000000000000000000000000000000000000000000000000000000011100001111111111000000001111111111000000111111111111110001111111111000000000111111100000111100001111111000111111111111000000111111111111000011111111111111111111111111000000000011111111111111111111111
000000000000000000000000000000000000000000000000000000000000000000000000000000000000000000000000000000011110000000000111111110000000000111111000000000000001110000000000111111111000000011111000011110000000111000000000000111111000000000000111100000000000000000000000000111111111100000000000000000000000
111111111111111111111111111111111111111111111111111111111111111111111111111111111111111111111111111111000000111111100000000000111111000000000011111111110000000111111100000000000011100000000011100001111100000001111110000000000001111100000000001111111100000000111111100000000000000000000000001111111111
000000000000000000000000000000000000000000000000000000000000000000000000000000000000000000000000000000111111000110011111111111000000111111111100010000001111111000000011111111111100011111111100111111000011111110000001111111111110000011111111110000000011111111000000011111111111111111111111110011111100
000000000000000000000000000000000000000000000000000000000000000000000000000000000000000000000000000011000000111001100000000000111111000000000011101111110000000111111100000000000011100000000011000000111100000001111110000000000001111100000000001111111100000000111111100000000000000000000000001100000011
111111111111111111111111111111111111111111111111111111111111111111111111111111111111111111111111111100111111000110011111111111000000111111111100010000001111111000000011111100011100011111111100111111000011111110000001111111111110000011111111110000000011111111000000011111111111111111111111110011111100
000000000000000000000000000000000000000000000000000000000000000000000000000000000000000000000000000011000000111001100000000000111111000000000011101111110000000111111100000011100011100000000011000000111100000001111110000000000001111100000000001111111100000000111111100000000000000000000000001100000011
000000000000000000000000000000000000000000000000000000000000000000000000000000000000000000000000000000111111000110011111111111000000111111111100010000001111111000000011111100011100011111111100111111000011111110000001111111111110000011111111110000000011111111000000011111111111111111111111110011111100
000000000000000000000000000000000000000000000000000000000000000000000000000000000000000000000000000011000000111001100000000000111111000000000011101111110000000111111100000011100011100000000011000000111100000001111110000000000001111100000000001111111100000000111111100000000000000000000000001100000011
111111111111111111111111111111111111111111111111111111111111111111111111111111111111111111111111111100100001000110011000000001000000111000000100010000001110001000000011000000000100011100000100111111000011000110000001111000000110000011111000010000000011111111000000011000000000011111111111110011111100
000000000000000000000000000000000000000000000000000000000000000000000000000000000000000000000000000011011110111001100111111110111111000111111011101111110001110111111100111111111011100011111011011110111100111001111110000111111001111100000111101111111100000000111111100111111111100000000000001100000011
000000000000000000000000000000000000000000000000000000000000000000000000000000000000000000000000000000100001000110011000000001000000111000000100010000001110001000000011000000000100011100000100100001000011000110000001111000000110000011111000010000000011111111000000011000000000011111111111110011111100
000000000000000000000000000000000000000000000000000000000000000000000000000000000000000000000000000011011110111001100111111110111111000111111011101111110001110111111100111100011011100011111011011110111100111001111110000111111001111100000111101111111100000000111111100111111111100000000000001100000011
111111111111111111111111111111111111111111111111111111111111111111111111111111111111111111111111111100100001000110011000000001000000111000000100010000001110001000000011000011100100011100000100100001000011000110000001111000000110000011111000010000000011111111000000011000000000011111111111110011111100
000000000000000000000000000000000000000000000000000000000000000000000000000000000000000000000000000011011110111001100111111110111111000111111011101111110001110111111100111100011011100011111011011110111100111001111110000111111001111100000111101111111100000000111111100111111111100000000000001100000011
000000000000000000000000000000000000000000000000000000000000000000000000000000000000000000000000000000100001000110011000000001000000111000000100010000001110001000000011000011100100011100000100100001000011000110000001111000000110000011111000010000000011111111000000011000000000011111111111110011111100
000000000000000000000000000000000000000000000000000000000000000000000000000000000000000000000000000011011110111001100111111110111111000111111011101111110001110111111100111100011011100011111011011110111100111001111110000111111001111100000111101111111100000000111111100111111111100000000000001100000011
111111111111111111111111111111111111111111111111111111111111111111111111111111111111111111111111111100100001000110011000000001000000111000000100010000001110001000000011000011100100011100000100100001000011000110000001111000000110000011111000010000000011111111000000011000000000011111111111110011111100
000000000000000000000000000000000000000000000000000000000000000000000000000000000000000000000000000011011110111111100111111110111111000111111011111111110001110111111100111100011011100011111011111111111100111001111110000111111001111100000111101111111100000000111111100111111111100000000000001111111111
000000000000000000000000000000000000000000000000000000000000000000000000000000000000000000000000000010000000011001000000000000001100000000000001101100000000000011110000000000000000000000000001011110110000000000011100000000000000000000000000000011110000000000001111000000000000000000000000000100000010
111111111111111111111111111111111111111111111111111111111111111111111111111111111111111111111111111100100001000110011000000001000000111000000100010000001110001000000011000011100100011100000100100001000011000110000001111000000110000011111000010000000011111111000000011000000000011111111111110011111100
000000000000000000000000000000000000000000000000000000000000000000000000000000000000000000000000000011011110111001100111111110111111000111111011101111110001110111111100111100011011100011111011011110111100111001111110000111111001111100000111101111111100000000111111100111111111100000000000001100000011
000000000000000000000000000000000000000000000000000000000000000000000000000000000000000000000000000000100001000110011000000001000000111000000100010000001110001000000011000011100100011100000100100001000011000110000001111000000110000011111000010000000011111111000000011000000000011111111111110011111100
000000000000000000000000000000000000000000000000000000000000000000000000000000000000000000000000000011011110111001100111111110111111000111111011101111110001110111111100111100011011100011111011011110111100111001111110000111111001111100000111101111111100000000111111100111111111100000000000001100000011
111111111111111111111111111111111111111111111111111111111111111111111111111111111111111111111111111100100001000110011000000001000000111000000100010000001110001000000011000011100100011100000100100001000011000110000001111000000110000011111000010000000011111111000000011000000000011111111111110011111100
000000000000000000000000000000000000000000000000000000000000000000000000000000000000000000000000000011011110111001100111111110111111000111111011101111110001110111111100111100011011100011111011011110111100111001111110000111111001111100000111101111111100000000111111100111111111100000000000001100000011
000000000000000000000000000000000000000000000000000000000000000000000000000000000000000000000000000000100001000110011000000001000000111000000100010000001110001000000011000000000100011100000100100001000011000110000001111000000110000011111000010000000011111111000000011000000000011111111111110011111100
000000000000000000000000000000000000000000000000000000000000000000000000000000000000000000000000000011011110111001100111111110111111000111111011101111110001110111111100111111111011100011111011011110111100111001111110000111111001111100000111101111111100000000111111100111111111100000000000001100000011
111111111111111111111111111111111111111111111111111111111111111111111111111111111111111111111111111100100001000110011000000001000000111000000100010000001110001000000011000000000100011100000100111111000011000110000001111000000110000011111000010000000011111111000000011000000000011111111111110011111100
000000000000000000000000000000000000000000000000000000000000000000000000000000000000000000000000000011000000111001100000000000111111000000000011101111110000000111111100000011100011100000000011000000111100000001111110000000000001111100000000001111111100000000111111100000000000000000000000001100000011
000000000000000000000000000000000000000000000000000000000000000000000000000000000000000000000000000000111111000110011111111111000000111111111100010000001111111000000011111100011100011111111100111111000011111110000001111111111110000011111111110000000011111111000000011111111111111111111111110011111100
000000000000000000000000000000000000000000000000000000000000000000000000000000000000000000000000000011000000111001100000000000111111000000000011101111110000000111111100000011100011100000000011000000111100000001111110000000000001111100000000001111111100000000111111100000000000000000000000001100000011
111111111111111111111111111111111111111111111111111111111111111111111111111111111111111111111111111100111111000110011111111111000000111111111100010000001111111000000011111100011100011111111100111111000011111110000001111111111110000011111111110000000011111111000000011111111111111111111111110011111100
000000000000000000000000000000000000000000000000000000000000000000000000000000000000000000000000000011000000111001100000000000111111000000000011101111110000000111111100000000000011100000000011000000111100000001111110000000000001111100000000001111111100000000111111100000000000000000000000001100000011
000000000000000000000000000000000000000000000000000000000000000000000000000000000000000000000000000000111111000110011111111111000000111111111100010000001111111000000011111111111100011111111100111111000011111110000001111111111110000011111111110000000011111111000000011111111111111111111111110011111100
111111111111111111111111111111111111111111111111111111111111111111111111111111111111111111111111111111000000111111100000000000111111000000000011111111110000000111111100000000000011100000000011100001111100000001111110000000000001111100000000001111111100000000111111100000000000000000000000001111111111
000000000000000000000000000000000000000000000000000000000000000000000000000000000000000000000000000000011110000000000111111110000000000111111000000000000001110000000000111111111000000011111000011110000000111000000000000111111000000000000111100000000000000000000000000111111111100000000000000000000000
000000000000000000000000000000000000000000000000000000000000000000000000000000000000000000000000000011100001111111111000000001111111111000000111111111111110001111111111000000000111111100000111100001111111000111111111111000000111111111111000011111111111111111111111111000000000011111111111111111111111
000000000000000000000000000000000000000000000000000000000000000000000000000000000000000000000000000000000000000000000000000000000000000000000000000000000000000000000000000011100000000000000000011110000000000000000000000000000000000000000000000000000000000000000000000000000000000000000000000000000000
111111111111111111111111111111111111111111111111111111111111111111111111111111111111111111111111111111111111111111111111111111111111111111111111111111111111111111111111111100011111111111111111111111111111111111111111111111111111111111111111111111111111111111111111111111111111111111111111111111111111
000000000000000000000000000000000000000000000000000000000000000000000000000000000000000000000000000000000000000000000000000000000000000000000000000000000000000000000000000000000000000000000000000000000000000000000000000000000000000000000000000000000000000000000000000000000000000000000000000000000000
000000000000000000000000000000000000000000000000000000000000000000000000000000000000000000000000000011111111111111111111111111111111111111111111111111111111111111111111111111111111111111111111111111111111111111111111111111111111111111111111111111111111111111111111111111111111111111111111111111111111
000000000000000000000000000000000000000000000000000000000000000000000000000000000000000000000000000000000000000000000000000000000000000000000000000000000000000000000000000000000000000000000000000000000000000000000000000000000000000000000000000000000000000000000000000000000000000000000000000000000000
111111111111111111111111111111111111111111111111111111111111111111111111111111111111111111111111111111111111111111111111111111111111111111111111111111111111111111111111111111111111111111111111111111111111111111111111111111111111111111111111111111111111111111111111111111111111111111111111111111111111
000000000000000000000000000000000000000000000000000000000000000000000000000000000000000000000000000000000000000000000000000000000000000000000000000000000000000000000000000000000000000000000000000000000000000000000000000000000000000000000000000000000000000000000000000000000000000000000000000000000000
000000000000000000000000000000000000000000000000000000000000000000000000000000000000000000000000000000000000000000000000000000000000000000000000000000000000000000000000000000000000000000000000000000000000000000000000000000000000000000000000000000000000000000000000000000000000000000000000000000000000
000000000000000000000000000000000000000000000000000000000000000000000000000000000000000000000000000000000000000000000000000000000000000000000000000000000000000000000000000000000000000000000000000000000000000000000000000000000000000000000000000000000000000000000000000000000000000000000000000000000000
000000000000000000000000000000000000000000000000000000000000000000000000000000000000000000000000000000000000000000000000000000000000000000000000000000000000000000000000000000000000000000000000000000000000000000000000000000000000000000000000000000000000000000000000000000000000000000000000000000000000
000000000000000000000000000000000000000000000000000000000000000000000000000000000000000000000000000000000000000000000000000000000000000000000000000000000000000000000000000000000000000000000000000000000000000000000000000000000000000000000000000000000000000000000000000000000000000000000000000000000000
000000000000000000000000000000000000000000000000000000000000000000000000000000000000000000000000000000000000000000000000000000000000000000000000000000000000000000000000000000000000000000000000000000000000000000000000000000000000000000000000000000000000000000000000000000000000000000000000000000000000
000000000000000000000000000000000000000000000000000000000000000000000000000000000000000000000000000000000000000000000000000000000000000000000000000000000000000000000000000000000000000000000000000000000000000000000000000000000000000000000000000000000000000000000000000000000000000000000000000000000000
000000000000000000000000000000000000000000000000000000000000000000000000000000000000000000000000000000000000000000000000000000000000000000000000000000000000000000000000000000000000000000000000000000000000000000000000000000000000000000000000000000000000000000000000000000000000000000000000000000000000
000000000000000000000000000000000000000000000000000000000000000000000000000000000000000000000000000000000000000000000000000000000000000000000000000000000000000000000000000000000000000000000000000000000000000000000000000000000000000000000000000000000000000000000000000000000000000000000000000000000000
000000000000000000000000000000000000000000000000000000000000000000000000000000000000000000000000000000000000000000000000000000000000000000000000000000000000000000000000000000000000000000000000000000000000000000000000000000000000000000000000000000000000000000000000000000000000000000000000000000000000
111111111111111111111111111111111111111111111111111111111111111111111111111111111111111111111111111111111111111111111111111111111111111111111111111111111111111111111111111111111111111111111111111111111111111111111111111111111111111111111111111111111111111111111111111111111111111111111111111111111111
000000000000000000000000000000000000000000000000000000000000000000000000000000000000000000000000000000000000000000000000000000000000000000000000000000000000000000000000000000000000000000000000000000000000000000000000000000000000000000000000000000000000000000000000000000000000000000000000000000000000
000000000000000000000000000000000000000000000000000000000000000000000000000000000000000000000000000011111111111111111111111111111111111111111111111111111111111111111111111111111111111111111111111111111111111111111111111111111111111111111111111111111111111111111111111111111111111111111111111111111111
000000000000000000000000000000000000000000000000000000000000000000000000000000000000000000000000000000000000000000000000000000000000000000000000000000000000000000000000000000000000000000000000000000000000000000000000000000000000000000000000000000000000000000000000000000000000000000000000000000000000
111111111111111111111111111111111111111111111111111111111111111111111111111111111111111111111111111100111111111111111111111111111111111111111111111111111111111111111111111111111111110001111111111111111111111111111111111111111111111111111111111111111111111111111111111111111111111111111111111111111111
000000000000000000000000000000000000000000000000000000000000000000000000000000000000000000000000000011000000000000000000000000000000000000000000000000000000000000000000000000000000001110000000000000000000000000000000000000000000000000000000000000000000000000000000000000000000000000000000000000000000
000000000000000000000000000000000000000000000000000000000000000000000000000000000000000000000000000000011111111110000111111111100000000111111111100000011111111111111000111111111100000000011111110000010011111111111100011111111111100000011111111111100001111111111111111111111111100000000001111111111111
000000000000000000000000000000000000000000000000000000000000000000000000000000000000000000000000000011100000000001111000000000011111111000000000011111100000000000000111000000000011111111100000001111101100000000000011100000000000011111100000000000011110000000000000000000000000011111111110000000000000
111111111111111111111111111111111111111111111111111111111111111111111111111111111111111111111111111100001111111100000011111110000000000011111100000000001111111111000000011111110000000000001110000000000000111111110000000111111000000000000111110000000000111111110000000011111110000000000000000000000000
000000000000000000000000000000000000000000000000000000000000000000000000000000000000000000000000000011110011110011111100011001111111111100000011111111110001000000111111100000001111111111110001111111111111000100001111111000000111111111111000001111111111000000001111111100000001111111111111111111111111
000000000000000000000000000000000000000000000000000000000000000000000000000000000000000000000000000000001100001100000011100110000000000011111100000000001110111111000000011111110000000000001110000000000000111011110000000111111000000000000111110000000000111111110000000011111110000000000000000000000000
111111111111111111111111111111111111111111111111111111111111111111111111111111111111111111111111111100110011110011111100011001111111111100000011111111110001000000111111100000001111110001110001111111111111000100001111111000000111111111111000001111111111000000001111111100000001111111111111111111111111
000000000000000000000000000000000000000000000000000000000000000000000000000000000000000000000000000011001100001100000011100110000000000011111100000000001110111111000000011111110000001110001110000000000000111011110000000111111000000000000111110000000000111111110000000011111110000000000000000000000000
000000000000000000000000000000000000000000000000000000000000000000000000000000000000000000000000000000110011110011111100011001111111111100000011111111110001000000111111100000001111110001110001111111111111000100001111111000000111111111111000001111111111000000001111111100000001111111111111111111111111
000000000000000000000000000000000000000000000000000000000000000000000000000000000000000000000000000011001100001100000011100110000000000011111100000000001110111111000000011111110000001110001110000000000000111011110000000111111000000000000111110000000000111111110000000011111110000000000000000000000000
111111111111111111111111111111111111111111111111111111111111111111111111111111111111111111111111111100010011110010000100011001100000000100000011100000010001000000111000100000001100000000010001110000010011000100001100011000000111100000011000001111100001000000001111111100000001100000000001111111111111
000000000000000000000000000000000000000000000000000000000000000000000000000000000000000000000000000011101100001101111011100110011111111011111100011111101110111111000111011111110011111111101110001111101100111011110011100111111000011111100111110000011110111111110000000011111110011111111110000000000000
000000000000000000000000000000000000000000000000000000000000000000000000000000000000000000000000000000010011110010000100011001100000000100000011100000010001000000111000100000001100000000010001110000010011000100001100011000000111100000011000001111100001000000001111111100000001100000000001111111111111
000000000000000000000000000000000000000000000000000000000000000000000000000000000000000000000000000000101100001101111011100110011111111011111100011111101110111111000111011111110011110001101110001111101100111011110011100111111000011111100111110000011110111111110000000011111110011111111110000000000000
111111111111111111111111111111111111111111111111111111111111111111111111111111111111111111111111111111010011110010000100011001100000000100000011100000010001000000111000100000001100001110010001110000010011000100001100011000000111100000011000001111100001000000001111111100000001100000000001111111111111
000000000000000000000000000000000000000000000000000000000000000000000000000000000000000000000000000000101100001101111011100110011111111011111100011111101110111111000111011111110011110001101110001111101100111011110011100111111000011111100111110000011110111111110000000011111110011111111110000000000000
000000000000000000000000000000000000000000000000000000000000000000000000000000000000000000000000000011010011110010000100011001100000000100000011100000010001000000111000100000001100001110010001110000010011000100001100011000000111100000011000001111100001000000001111111100000001100000000001111111111111
000000000000000000000000000000000000000000000000000000000000000000000000000000000000000000000000000000101100001101111011100110011111111011111100011111101110111111000111011111110011110001101110001111101100111011110011100111111000011111100111110000011110111111110000000011111110011111111110000000000000
111111111111111111111111111111111111111111111111111111111111111111111111111111111111111111111111111111010011110010000100011001100000000100000011100000010001000000111000100000001100001110010001110000010011000100001100011000000111100000011000001111100001000000001111111100000001100000000001111111111111
000000000000000000000000000000000000000000000000000000000000000000000000000000000000000000000000000000101111111101111011111110011111111011111100011111101111111111000111011111110011110001101110001111101100111111110011100111111000011111100111110000011110111111110000000011111110011111111110000000000000
000000000000000000000000000000000000000000000000000000000000000000000000000000000000000000000000000000000100001000000001100100000000000000110000000000000110110000000000001111000000000000000000000000000000011011000000000001110000000000000000000000000000001111000000000000111100000000000000000000000000
111111111111111111111111111111111111111111111111111111111111111111111111111111111111111111111111111111010011110010000100011001100000000100000011100000010001000000111000100000001100001110010001110000010011000100001100011000000111100000011000001111100001000000001111111100000001100000000001111111111111
000000000000000000000000000000000000000000000000000000000000000000000000000000000000000000000000000000101100001101111011100110011111111011111100011111101110111111000111011111110011110001101110001111101100111011110011100111111000011111100111110000011110111111110000000011111110011111111110000000000000
000000000000000000000000000000000000000000000000000000000000000000000000000000000000000000000000000011010011110010000100011001100000000100000011100000010001000000111000100000001100001110010001110000010011000100001100011000000111100000011000001111100001000000001111111100000001100000000001111111111111
000000000000000000000000000000000000000000000000000000000000000000000000000000000000000000000000000000101100001101111011100110011111111011111100011111101110111111000111011111110011110001101110001111101100111011110011100111111000011111100111110000011110111111110000000011111110011111111110000000000000
111111111111111111111111111111111111111111111111111111111111111111111111111111111111111111111111111111010011110010000100011001100000000100000011100000010001000000111000100000001100001110010001110000010011000100001100011000000111100000011000001111100001000000001111111100000001100000000001111111111111
000000000000000000000000000000000000000000000000000000000000000000000000000000000000000000000000000000101100001101111011100110011111111011111100011111101110111111000111011111110011110001101110001111101100111011110011100111111000011111100111110000011110111111110000000011111110011111111110000000000000
000000000000000000000000000000000000000000000000000000000000000000000000000000000000000000000000000000010011110010000100011001100000000100000011100000010001000000111000100000001100000000010001110000010011000100001100011000000111100000011000001111100001000000001111111100000001100000000001111111111111
000000000000000000000000000000000000000000000000000000000000000000000000000000000000000000000000000011101100001101111011100110011111111011111100011111101110111111000111011111110011111111101110001111101100111011110011100111111000011111100111110000011110111111110000000011111110011111111110000000000000
111111111111111111111111111111111111111111111111111111111111111111111111111111111111111111111111111100010011110010000100011001100000000100000011100000010001000000111000100000001100000000010001110000010011000100001100011000000111100000011000001111100001000000001111111100000001100000000001111111111111
000000000000000000000000000000000000000000000000000000000000000000000000000000000000000000000000000011001100001100000011100110000000000011111100000000001110111111000000011111110000001110001110000000000000111011110000000111111000000000000111110000000000111111110000000011111110000000000000000000000000
000000000000000000000000000000000000000000000000000000000000000000000000000000000000000000000000000000110011110011111100011001111111111100000011111111110001000000111111100000001111110001110001111111111111000100001111111000000111111111111000001111111111000000001111111100000001111111111111111111111111
000000000000000000000000000000000000000000000000000000000000000000000000000000000000000000000000000011001100001100000011100110000000000011111100000000001110111111000000011111110000001110001110000000000000111011110000000111111000000000000111110000000000111111110000000011111110000000000000000000000000
111111111111111111111111111111111111111111111111111111111111111111111111111111111111111111111111111100110011110011111100011001111111111100000011111111110001000000111111100000001111110001110001111111111111000100001111111000000111111111111000001111111111000000001111111100000001111111111111111111111111
000000000000000000000000000000000000000000000000000000000000000000000000000000000000000000000000000000001100001100000011100110000000000011111100000000001110111111000000011111110000000000001110000000000000111011110000000111111000000000000111110000000000111111110000000011111110000000000000000000000000
000000000000000000000000000000000000000000000000000000000000000000000000000000000000000000000000000011110011110011111100011001111111111100000011111111110001000000111111100000001111111111110001111111111111000100001111111000000111111111111000001111111111000000001111111100000001111111111111111111111111
111111111111111111111111111111111111111111111111111111111111111111111111111111111111111111111111111100001111111100000011111110000000000011111100000000001111111111000000011111110000000000001110000000000000111111110000000111111000000000000111110000000000111111110000000011111110000000000000000000000000
000000000000000000000000000000000000000000000000000000000000000000000000000000000000000000000000000011100000000001111000000000011111111000000000011111100000000000000111000000000011111111100000001111101100000000000011100000000000011111100000000000011110000000000000000000000000011111111110000000000000
000000000000000000000000000000000000000000000000000000000000000000000000000000000000000000000000000000011111111110000111111111100000000111111111100000011111111111111000111111111100000000011111110000010011111111111100011111111111100000011111111111100001111111111111111111111111100000000001111111111111
000000000000000000000000000000000000000000000000000000000000000000000000000000000000000000000000000011000000000000000000000000000000000000000000000000000000000000000000000000000000001110000000000000000000000000000000000000000000000000000000000000000000000000000000000000000000000000000000000000000000
111111111111111111111111111111111111111111111111111111111111111111111111111111111111111111111111111100111111111111111111111111111111111111111111111111111111111111111111111111111111110001111111111111111111111111111111111111111111111111111111111111111111111111111111111111111111111111111111111111111111
000000000000000000000000000000000000000000000000000000000000000000000000000000000000000000000000000000000000000000000000000000000000000000000000000000000000000000000000000000000000000000000000000000000000000000000000000000000000000000000000000000000000000000000000000000000000000000000000000000000000
000000000000000000000000000000000000000000000000000000000000000000000000000000000000000000000000000011111111111111111111111111111111111111111111111111111111111111111111111111111111111111111111111111111111111111111111111111111111111111111111111111111111111111111111111111111111111111111111111111111111
000000000000000000000000000000000000000000000000000000000000000000000000000000000000000000000000000000000000000000000000000000000000000000000000000000000000000000000000000000000000000000000000000000000000000000000000000000000000000000000000000000000000000000000000000000000000000000000000000000000000
111111111111111111111111111111111111111111111111111111111111111111111111111111111111111111111111111111111111111111111111111111111111111111111111111111111111111111111111111111111111111111111111111111111111111111111111111111111111111111111111111111111111111111111111111111111111111111111111111111111111
000000000000000000000000000000000000000000000000000000000000000000000000000000000000000000000000000000000000000000000000000000000000000000000000000000000000000000000000000000000000000000000000000000000000000000000000000000000000000000000000000000000000000000000000000000000000000000000000000000000000
000000000000000000000000000000000000000000000000000000000000000000000000000000000000000000000000000000000000000000000000000000000000000000000000000000000000000000000000000000000000000000000000000000000000000000000000000000000000000000000000000000000000000000000000000000000000000000000000000000000000
000000000000000000000000000000000000000000000000000000000000000000000000000000000000000000000000000000000000000000000000000000000000000000000000000000000000000000000000000000000000000000000000000000000000000000000000000000000000000000000000000000000000000000000000000000000000000000000000000000000000
000000000000000000000000000000000000000000000000000000000000000000000000000000000000000000000000000000000000000000000000000000000000000000000000000000000000000000000000000000000000000000000000000000000000000000000000000000000000000000000000000000000000000000000000000000000000000000000000000000000000
000000000000000000000000000000000000000000000000000000000000000000000000000000000000000000000000000000000000000000000000000000000000000000000000000000000000000000000000000000000000000000000000000000000000000000000000000000000000000000000000000000000000000000000000000000000000000000000000000000000000
000000000000000000000000000000000000000000000000000000000000000000000000000000000000000000000000000000000000000000000000000000000000000000000000000000000000000000000000000000000000000000000000000000000000000000000000000000000000000000000000000000000000000000000000000000000000000000000000000000000000
000000000000000000000000000000000000000000000000000000000000000000000000000000000000000000000000000000000000000000000000000000000000000000000000000000000000000000000000000000000000000000000000000000000000000000000000000000000000000000000000000000000000000000000000000000000000000000000000000000000000
000000000000000000000000000000000000000000000000000000000000000000000000000000000000000000000000000000000000000000000000000000000000000000000000000000000000000000000000000000000000000000000000000000000000000000000000000000000000000000000000000000000000000000000000000000000000000000000000000000000000
000000000000000000000000000000000000000000000000000000000000000000000000000000000000000000000000000000000000000000000000000000000000000000000000000000000000000000000000000000000000000000000000000000000000000000000000000000000000000000000000000000000000000000000000000000000000000000000000000000000000
000000000000000000000000000000000000000000000000000000000000000000000000000000000000000000000000000000000000000000000000000000000000000000000000000000000000000000000000000000000000000000000000000000000000000000000000000000000000000000000000000000000000000000000000000000000000000000000000000000000000
111111111111111111111111111111111111111111111111111111111111111111111111111111111111111111111111111111111111111111111111111111111111111111111111111111111111111111111111111111111111111111111111111111111111111111111111111111111111111111111111111111111111111111111111111111111111111111111111111111111111
000000000000000000000000000000000000000000000000000000000000000000000000000000000000000000000000000000000000000000000000000000000000000000000000000000000000000000000000000000000000000000000000000000000000000000000000000000000000000000000000000000000000000000000000000000000000000000000000000000000000
000000000000000000000000000000000000000000000000000000000000000000000000000000000000000000000000000011111111111111111111111111111111111111111111111111111111111111111111111111111111111111111111111111111111111111111111111111111111111111111111111111111111111111111111111111111111111111111111111111111111
000000000000000000000000000000000000000000000000000000000000000000000000000000000000000000000000000000000000000000000000000000000000000000000000000000000000000000000000000000000000000000000000000000000000000000000000000000000000000000000000000000000000000000000000000000000000000000000000000000000000
111111111111111111111111111111111111111111111111111111111111111111111111111111111111111111111111111111111001000011111111111111111111111111111111111111111111111111111111111111111111111111111111000111111111111111111111111111111111111111111111111111111111111111111111111111111111111111111111111111111111
000000000000000000000000000000000000000000000000000000000000000000000000000000000000000000000000000000000110111100000000000000000000000000000000000000000000000000000000000000000000000000000000111000000000000000000000000000000000000000000000000000000000000000000000000000000000000000000000000000000000
000000000000000000000000000000000000000000000000000000000000000000000000000000000000000000000000000011100000000001111111111000011111111110000000011111111110000001111111111111100011111111110000000001111110000000001111111111110001111111111110000001111111111110000111111111111111111111111110000000000111
000000000000000000000000000000000000000000000000000000000000000000000000000000000000000000000000000000011111111110000000000111100000000001111111100000000001111110000000000000011100000000001111111110000001111111110000000000001110000000000001111110000000000001111000000000000000000000000001111111111000
111111111111111111111111111111111111111111111111111111111111111111111111111111111111111111111111111111000000000000111111110000001111111000000000001111110000000000111111111100000001111111000000000000111000000000000011111111000000011111100000000000011111000000000011111111000000001111111000000000000000
000000000000000000000000000000000000000000000000000000000000000000000000000000000000000000000000000000111111111111001111001111110001100111111111110000001111111111000100000011111110000000111111111111000111111111111100010000111111100000011111111111100000111111111100000000111111110000000111111111111111
000000000000000000000000000000000000000000000000000000000000000000000000000000000000000000000000000011000000000000110000110000001110011000000000001111110000000000111011111100000001111111000000000000111000000000000011101111000000011111100000000000011111000000000011111111000000001111111000000000000000
111111111111111111111111111111111111111111111111111111111111111111111111111111111111111111111111111100111001000011001111001111110001100111111111110000001111111111000100000011111110000000111111000111000111111111111100010000111111100000011111111111100000111111111100000000111111110000000111111111111111
000000000000000000000000000000000000000000000000000000000000000000000000000000000000000000000000000011000110111100110000110000001110011000000000001111110000000000111011111100000001111111000000111000111000000000000011101111000000011111100000000000011111000000000011111111000000001111111000000000000000
000000000000000000000000000000000000000000000000000000000000000000000000000000000000000000000000000000111001000011001111001111110001100111111111110000001111111111000100000011111110000000111111000111000111111111111100010000111111100000011111111111100000111111111100000000111111110000000111111111111111
000000000000000000000000000000000000000000000000000000000000000000000000000000000000000000000000000011000110111100110000110000001110011000000000001111110000000000111011111100000001111111000000111000111000000000000011101111000000011111100000000000011111000000000011111111000000001111111000000000000000
111111111111111111111111111111111111111111111111111111111111111111111111111111111111111111111111111100100000000001001111001000010001100110000000010000001110000001000100000011100010000000110000000001000110000000001100010000110001100000011110000001100000111110000100000000111111110000000110000000000111
000000000000000000000000000000000000000000000000000000000000000000000000000000000000000000000000000011011111111110110000110111101110011001111111101111110001111110111011111100011101111111001111111110111001111111110011101111001110011111100001111110011111000001111011111111000000001111111001111111111000
000000000000000000000000000000000000000000000000000000000000000000000000000000000000000000000000000000100000000001001111001000010001100110000000010000001110000001000100000011100010000000110000000001000110000000001100010000110001100000011110000001100000111110000100000000111111110000000110000000000111
000000000000000000000000000000000000000000000000000000000000000000000000000000000000000000000000000011011001000010110000110111101110011001111111101111110001111110111011111100011101111111001111000110111001111111110011101111001110011111100001111110011111000001111011111111000000001111111001111111111000
111111111111111111111111111111111111111111111111111111111111111111111111111111111111111111111111111100100110111101001111001000010001100110000000010000001110000001000100000011100010000000110000111001000110000000001100010000110001100000011110000001100000111110000100000000111111110000000110000000000111
000000000000000000000000000000000000000000000000000000000000000000000000000000000000000000000000000011011001000010110000110111101110011001111111101111110001111110111011111100011101111111001111000110111001111111110011101111001110011111100001111110011111000001111011111111000000001111111001111111111000
000000000000000000000000000000000000000000000000000000000000000000000000000000000000000000000000000000100110111101001111001000010001100110000000010000001110000001000100000011100010000000110000111001000110000000001100010000110001100000011110000001100000111110000100000000111111110000000110000000000111
000000000000000000000000000000000000000000000000000000000000000000000000000000000000000000000000000011011001000010110000110111101110011001111111101111110001111110111011111100011101111111001111000110111001111111110011101111001110011111100001111110011111000001111011111111000000001111111001111111111000
111111111111111111111111111111111111111111111111111111111111111111111111111111111111111111111111111100100110111101001111001000010001100110000000010000001110000001000100000011100010000000110000111001000110000000001100010000110001100000011110000001100000111110000100000000111111110000000110000000000111
000000000000000000000000000000000000000000000000000000000000000000000000000000000000000000000000000011011001000010111111110111101111111001111111101111110001111110111111111100011101111111001111000110111001111111110011111111001110011111100001111110011111000001111011111111000000001111111001111111111000
000000000000000000000000000000000000000000000000000000000000000000000000000000000000000000000000000010000000000000010000100000000110010000000000000011000000000000011011000000000000111100000000000000000000000000000001101100000000000111000000000000000000000000000000111100000000000011110000000000000000
111111111111111111111111111111111111111111111111111111111111111111111111111111111111111111111111111100100110111101001111001000010001100110000000010000001110000001000100000011100010000000110000111001000110000000001100010000110001100000011110000001100000111110000100000000111111110000000110000000000111
000000000000000000000000000000000000000000000000000000000000000000000000000000000000000000000000000011011001000010110000110111101110011001111111101111110001111110111011111100011101111111001111000110111001111111110011101111001110011111100001111110011111000001111011111111000000001111111001111111111000
000000000000000000000000000000000000000000000000000000000000000000000000000000000000000000000000000000100110111101001111001000010001100110000000010000001110000001000100000011100010000000110000111001000110000000001100010000110001100000011110000001100000111110000100000000111111110000000110000000000111
000000000000000000000000000000000000000000000000000000000000000000000000000000000000000000000000000011011001000010110000110111101110011001111111101111110001111110111011111100011101111111001111000110111001111111110011101111001110011111100001111110011111000001111011111111000000001111111001111111111000
111111111111111111111111111111111111111111111111111111111111111111111111111111111111111111111111111100100110111101001111001000010001100110000000010000001110000001000100000011100010000000110000111001000110000000001100010000110001100000011110000001100000111110000100000000111111110000000110000000000111
000000000000000000000000000000000000000000000000000000000000000000000000000000000000000000000000000011011001000010110000110111101110011001111111101111110001111110111011111100011101111111001111000110111001111111110011101111001110011111100001111110011111000001111011111111000000001111111001111111111000
000000000000000000000000000000000000000000000000000000000000000000000000000000000000000000000000000000100000000001001111001000010001100110000000010000001110000001000100000011100010000000110000000001000110000000001100010000110001100000011110000001100000111110000100000000111111110000000110000000000111
000000000000000000000000000000000000000000000000000000000000000000000000000000000000000000000000000011011111111110110000110111101110011001111111101111110001111110111011111100011101111111001111111110111001111111110011101111001110011111100001111110011111000001111011111111000000001111111001111111111000
111111111111111111111111111111111111111111111111111111111111111111111111111111111111111111111111111100100000000001001111001000010001100110000000010000001110000001000100000011100010000000110000000001000110000000001100010000110001100000011110000001100000111110000100000000111111110000000110000000000111
000000000000000000000000000000000000000000000000000000000000000000000000000000000000000000000000000011000110111100110000110000001110011000000000001111110000000000111011111100000001111111000000111000111000000000000011101111000000011111100000000000011111000000000011111111000000001111111000000000000000
000000000000000000000000000000000000000000000000000000000000000000000000000000000000000000000000000000111001000011001111001111110001100111111111110000001111111111000100000011111110000000111111000111000111111111111100010000111111100000011111111111100000111111111100000000111111110000000111111111111111
000000000000000000000000000000000000000000000000000000000000000000000000000000000000000000000000000011000110111100110000110000001110011000000000001111110000000000111011111100000001111111000000111000111000000000000011101111000000011111100000000000011111000000000011111111000000001111111000000000000000
111111111111111111111111111111111111111111111111111111111111111111111111111111111111111111111111111100111001000011001111001111110001100111111111110000001111111111000100000011111110000000111111000111000111111111111100010000111111100000011111111111100000111111111100000000111111110000000111111111111111
000000000000000000000000000000000000000000000000000000000000000000000000000000000000000000000000000011000000000000110000110000001110011000000000001111110000000000111011111100000001111111000000000000111000000000000011101111000000011111100000000000011111000000000011111111000000001111111000000000000000
000000000000000000000000000000000000000000000000000000000000000000000000000000000000000000000000000000111111111111001111001111110001100111111111110000001111111111000100000011111110000000111111111111000111111111111100010000111111100000011111111111100000111111111100000000111111110000000111111111111111
111111111111111111111111111111111111111111111111111111111111111111111111111111111111111111111111111111000000000000111111110000001111111000000000001111110000000000111111111100000001111111000000000000111000000000000011111111000000011111100000000000011111000000000011111111000000001111111000000000000000
000000000000000000000000000000000000000000000000000000000000000000000000000000000000000000000000000000011111111110000000000111100000000001111111100000000001111110000000000000011100000000001111111110000001111111110000000000001110000000000001111110000000000001111000000000000000000000000001111111111000
000000000000000000000000000000000000000000000000000000000000000000000000000000000000000000000000000011100000000001111111111000011111111110000000011111111110000001111111111111100011111111110000000001111110000000001111111111110001111111111110000001111111111110000111111111111111111111111110000000000111
000000000000000000000000000000000000000000000000000000000000000000000000000000000000000000000000000000000110111100000000000000000000000000000000000000000000000000000000000000000000000000000000111000000000000000000000000000000000000000000000000000000000000000000000000000000000000000000000000000000000
111111111111111111111111111111111111111111111111111111111111111111111111111111111111111111111111111111111001000011111111111111111111111111111111111111111111111111111111111111111111111111111111000111111111111111111111111111111111111111111111111111111111111111111111111111111111111111111111111111111111
000000000000000000000000000000000000000000000000000000000000000000000000000000000000000000000000000000000000000000000000000000000000000000000000000000000000000000000000000000000000000000000000000000000000000000000000000000000000000000000000000000000000000000000000000000000000000000000000000000000000
000000000000000000000000000000000000000000000000000000000000000000000000000000000000000000000000000011111111111111111111111111111111111111111111111111111111111111111111111111111111111111111111111111111111111111111111111111111111111111111111111111111111111111111111111111111111111111111111111111111111
000000000000000000000000000000000000000000000000000000000000000000000000000000000000000000000000000000000000000000000000000000000000000000000000000000000000000000000000000000000000000000000000000000000000000000000000000000000000000000000000000000000000000000000000000000000000000000000000000000000000
111111111111111111111111111111111111111111111111111111111111111111111111111111111111111111111111111111111111111111111111111111111111111111111111111111111111111111111111111111111111111111111111111111111111111111111111111111111111111111111111111111111111111111111111111111111111111111111111111111111111
000000000000000000000000000000000000000000000000000000000000000000000000000000000000000000000000000000000000000000000000000000000000000000000000000000000000000000000000000000000000000000000000000000000000000000000000000000000000000000000000000000000000000000000000000000000000000000000000000000000000
000000000000000000000000000000000000000000000000000000000000000000000000000000000000000000000000000000000000000000000000000000000000000000000000000000000000000000000000000000000000000000000000000000000000000000000000000000000000000000000000000000000000000000000000000000000000000000000000000000000000
000000000000000000000000000000000000000000000000000000000000000000000000000000000000000000000000000000000000000000000000000000000000000000000000000000000000000000000000000000000000000000000000000000000000000000000000000000000000000000000000000000000000000000000000000000000000000000000000000000000000
000000000000000000000000000000000000000000000000000000000000000000000000000000000000000000000000000000000000000000000000000000000000000000000000000000000000000000000000000000000000000000000000000000000000000000000000000000000000000000000000000000000000000000000000000000000000000000000000000000000000
000000000000000000000000000000000000000000000000000000000000000000000000000000000000000000000000000000000000000000000000000000000000000000000000000000000000000000000000000000000000000000000000000000000000000000000000000000000000000000000000000000000000000000000000000000000000000000000000000000000000
000000000000000000000000000000000000000000000000000000000000000000000000000000000000000000000000000000000000000000000000000000000000000000000000000000000000000000000000000000000000000000000000000000000000000000000000000000000000000000000000000000000000000000000000000000000000000000000000000000000000
000000000000000000000000000000000000000000000000000000000000000000000000000000000000000000000000000000000000000000000000000000000000000000000000000000000000000000000000000000000000000000000000000000000000000000000000000000000000000000000000000000000000000000000000000000000000000000000000000000000000
000000000000000000000000000000000000000000000000000000000000000000000000000000000000000000000000000000000000000000000000000000000000000000000000000000000000000000000000000000000000000000000000000000000000000000000000000000000000000000000000000000000000000000000000000000000000000000000000000000000000
000000000000000000000000000000000000000000000000000000000000000000000000000000000000000000000000000000000000000000000000000000000000000000000000000000000000000000000000000000000000000000000000000000000000000000000000000000000000000000000000000000000000000000000000000000000000000000000000000000000000
000000000000000000000000000000000000000000000000000000000000000000000000000000000000000000000000000000000000000000000000000000000000000000000000000000000000000000000000000000000000000000000000000000000000000000000000000000000000000000000000000000000000000000000000000000000000000000000000000000000000
111111111111111111111111111111111111111111111111111111111111111111111111111111111111111111111111111111111111111111111111111111111111111111111111111111111111111111111111111111111111111111111111111111111111111111111111111111111111111111111111111111111111111111111111111111111111111111111111111111111111
000000000000000000000000000000000000000000000000000000000000000000000000000000000000000000000000000000000000000000000000000000000000000000000000000000000000000000000000000000000000000000000000000000000000000000000000000000000000000000000000000000000000000000000000000000000000000000000000000000000000
000000000000000000000000000000000000000000000000000000000000000000000000000000000000000000000000000011111111111111111111111111111111111111111111111111111111111111111111111111111111111111111111111111111111111111111111111111111111111111111111111111111111111111111111111111111111111111111111111111111111
000000000000000000000000000000000000000000000000000000000000000000000000000000000000000000000000000000000000000000000000000000000000000000000000000000000000000000000000000000000000000000000000000000000000000000000000000000000000000000000000000000000000000000000000000000000000000000000000000000000000
111111111111111111111111111111111111111111111111111111111111111111111111111111111111111111111111111110111111111111100100001111111111111111111111111111111111111111111111111111111111111111111111111111111111111111111111111111111111111111111111111111111111111111111111111111111111111111111111111111111111
000000000000000000000000000000000000000000000000000000000000000000000000000000000000000000000000000001000000000000011011110000000000000000000000000000000000000000000000000000000000000000000000000000000000000000000000000000000000000000000000000000000000000000000000000000000000000000000000000000000000
000000000000000000000000000000000000000000000000000000000000000000000000000000000000000000000000000000001111111110000000000111111111100001111111111000000001111111111000000111111111111110001111111111000001111111111000000000111111111111000111111111111000000111111111111000011111111111111111111111111000
000000000000000000000000000000000000000000000000000000000000000000000000000000000000000000000000000011110000000001111111111000000000011110000000000111111110000000000111111000000000000001110000000000111110000000000111111111000000000000111000000000000111111000000000000111100000000000000000000000000111
111111111111111111111111111111111111111111111111111111111111111111111111111111111111111111111111111100000111111100000000000011111111000000111111100000000000111111000000000011111111110000000111111100000000011111100000000000001111111100000001111110000000000001111100000000001111111100000000111111100000
000000000000000000000000000000000000000000000000000000000000000000000000000000000000000000000000000011111001110011111111111100111100111111000110011111111111000000111111111100010000001111111000000011111111100000011111111111110001000011111110000001111111111110000011111111110000000011111111000000011111
000000000000000000000000000000000000000000000000000000000000000000000000000000000000000000000000000000000110001100000000000011000011000000111001100000000000111111000000000011101111110000000111111100000000011111100000000000001110111100000001111110000000000001111100000000001111111100000000111111100000
111111111111111111111111111111111111111111111111111111111111111111111111111111111111111111111111111110111001110011100100001100111100111111000110011111111111000000111111111100010000001111111000000011111111100000011111111111110001000011111110000001111111111110000011111111110000000011111111000000011111
000000000000000000000000000000000000000000000000000000000000000000000000000000000000000000000000000001000110001100011011110011000011000000111001100000000000111111000000000011101111110000000111111100000000011111100000000000001110111100000001111110000000000001111100000000001111111100000000111111100000
000000000000000000000000000000000000000000000000000000000000000000000000000000000000000000000000000010111001110011100100001100111100111111000110011111111111000000111111111100010000001111111000000011111111100000011111111111110001000011111110000001111111111110000011111111110000000011111111000000011111
000000000000000000000000000000000000000000000000000000000000000000000000000000000000000000000000000001000110001100011011110011000011000000111001100000000000111111000000000011101111110000000111111100000000011111100000000000001110111100000001111110000000000001111100000000001111111100000000111111100000
111111111111111111111111111111111111111111111111111111111111111111111111111111111111111111111111111100001001110010000000000100111100100001000110011000000001000000111000000100010000001110001000000011000001100000011000000000110001000011000110000001111000000110000011111000010000000011111111000000011000
000000000000000000000000000000000000000000000000000000000000000000000000000000000000000000000000000011110110001101111111111011000011011110111001100111111110111111000111111011101111110001110111111100111110011111100111111111001110111100111001111110000111111001111100000111101111111100000000111111100111
000000000000000000000000000000000000000000000000000000000000000000000000000000000000000000000000000000001001110010000000000100111100100001000110011000000001000000111000000100010000001110001000000011000001100000011000000000110001000011000110000001111000000110000011111000010000000011111111000000011000
000000000000000000000000000000000000000000000000000000000000000000000000000000000000000000000000000010110110001101100100001011000011011110111001100111111110111111000111111011101111110001110111111100111110011111100111111111001110111100111001111110000111111001111100000111101111111100000000111111100111
111111111111111111111111111111111111111111111111111111111111111111111111111111111111111111111111111101001001110010011011110100111100100001000110011000000001000000111000000100010000001110001000000011000001100000011000000000110001000011000110000001111000000110000011111000010000000011111111000000011000
000000000000000000000000000000000000000000000000000000000000000000000000000000000000000000000000000010110110001101100100001011000011011110111001100111111110111111000111111011101111110001110111111100111110011111100111111111001110111100111001111110000111111001111100000111101111111100000000111111100111
000000000000000000000000000000000000000000000000000000000000000000000000000000000000000000000000000001001001110010011011110100111100100001000110011000000001000000111000000100010000001110001000000011000001100000011000000000110001000011000110000001111000000110000011111000010000000011111111000000011000
000000000000000000000000000000000000000000000000000000000000000000000000000000000000000000000000000010110110001101100100001011000011011110111001100111111110111111000111111011101111110001110111111100111110011111100111111111001110111100111001111110000111111001111100000111101111111100000000111111100111
111111111111111111111111111111111111111111111111111111111111111111111111111111111111111111111111111101001001110010011011110100111100100001000110011000000001000000111000000100010000001110001000000011000001100000011000000000110001000011000110000001111000000110000011111000010000000011111111000000011000
000000000000000000000000000000000000000000000000000000000000000000000000000000000000000000000000000010110111111101100100001011111111011110111111100111111110111111000111111011111111110001110111111100111110011111100111111111001111111100111001111110000111111001111100000111101111111100000000111111100111
000000000000000000000000000000000000000000000000000000000000000000000000000000000000000000000000000000000010001000000000000001000010000000011001000000000000001100000000000001101100000000000011110000000000001111000000000000000110110000000000011100000000000000000000000000000011110000000000001111000000
111111111111111111111111111111111111111111111111111111111111111111111111111111111111111111111111111101001001110010011011110100111100100001000110011000000001000000111000000100010000001110001000000011000001100000011000000000110001000011000110000001111000000110000011111000010000000011111111000000011000
000000000000000000000000000000000000000000000000000000000000000000000000000000000000000000000000000010110110001101100100001011000011011110111001100111111110111111000111111011101111110001110111111100111110011111100111111111001110111100111001111110000111111001111100000111101111111100000000111111100111
000000000000000000000000000000000000000000000000000000000000000000000000000000000000000000000000000001001001110010011011110100111100100001000110011000000001000000111000000100010000001110001000000011000001100000011000000000110001000011000110000001111000000110000011111000010000000011111111000000011000
000000000000000000000000000000000000000000000000000000000000000000000000000000000000000000000000000010110110001101100100001011000011011110111001100111111110111111000111111011101111110001110111111100111110011111100111111111001110111100111001111110000111111001111100000111101111111100000000111111100111
111111111111111111111111111111111111111111111111111111111111111111111111111111111111111111111111111101001001110010011011110100111100100001000110011000000001000000111000000100010000001110001000000011000001100000011000000000110001000011000110000001111000000110000011111000010000000011111111000000011000
000000000000000000000000000000000000000000000000000000000000000000000000000000000000000000000000000010110110001101100100001011000011011110111001100111111110111111000111111011101111110001110111111100111110011111100111111111001110111100111001111110000111111001111100000111101111111100000000111111100111
000000000000000000000000000000000000000000000000000000000000000000000000000000000000000000000000000000001001110010000000000100111100100001000110011000000001000000111000000100010000001110001000000011000001100000011000000000110001000011000110000001111000000110000011111000010000000011111111000000011000
000000000000000000000000000000000000000000000000000000000000000000000000000000000000000000000000000011110110001101111111111011000011011110111001100111111110111111000111111011101111110001110111111100111110011111100111111111001110111100111001111110000111111001111100000111101111111100000000111111100111
111111111111111111111111111111111111111111111111111111111111111111111111111111111111111111111111111100001001110010000000000100111100100001000110011000000001000000111000000100010000001110001000000011000001100000011000000000110001000011000110000001111000000110000011111000010000000011111111000000011000
000000000000000000000000000000000000000000000000000000000000000000000000000000000000000000000000000001000110001100011011110011000011000000111001100000000000111111000000000011101111110000000111111100000000011111100000000000001110111100000001111110000000000001111100000000001111111100000000111111100000
000000000000000000000000000000000000000000000000000000000000000000000000000000000000000000000000000010111001110011100100001100111100111111000110011111111111000000111111111100010000001111111000000011111111100000011111111111110001000011111110000001111111111110000011111111110000000011111111000000011111
000000000000000000000000000000000000000000000000000000000000000000000000000000000000000000000000000001000110001100011011110011000011000000111001100000000000111111000000000011101111110000000111111100000000011111100000000000001110111100000001111110000000000001111100000000001111111100000000111111100000
111111111111111111111111111111111111111111111111111111111111111111111111111111111111111111111111111110111001110011100100001100111100111111000110011111111111000000111111111100010000001111111000000011111111100000011111111111110001000011111110000001111111111110000011111111110000000011111111000000011111
000000000000000000000000000000000000000000000000000000000000000000000000000000000000000000000000000000000110001100000000000011000011000000111001100000000000111111000000000011101111110000000111111100000000011111100000000000001110111100000001111110000000000001111100000000001111111100000000111111100000
000000000000000000000000000000000000000000000000000000000000000000000000000000000000000000000000000011111001110011111111111100111100111111000110011111111111000000111111111100010000001111111000000011111111100000011111111111110001000011111110000001111111111110000011111111110000000011111111000000011111
111111111111111111111111111111111111111111111111111111111111111111111111111111111111111111111111111100000111111100000000000011111111000000111111100000000000111111000000000011111111110000000111111100000000011111100000000000001111111100000001111110000000000001111100000000001111111100000000111111100000
000000000000000000000000000000000000000000000000000000000000000000000000000000000000000000000000000011110000000001111111111000000000011110000000000111111110000000000111111000000000000001110000000000111110000000000111111111000000000000111000000000000111111000000000000111100000000000000000000000000111
000000000000000000000000000000000000000000000000000000000000000000000000000000000000000000000000000000001111111110000000000111111111100001111111111000000001111111111000000111111111111110001111111111000001111111111000000000111111111111000111111111111000000111111111111000011111111111111111111111111000
000000000000000000000000000000000000000000000000000000000000000000000000000000000000000000000000000001000000000000011011110000000000000000000000000000000000000000000000000000000000000000000000000000000000000000000000000000000000000000000000000000000000000000000000000000000000000000000000000000000000
111111111111111111111111111111111111111111111111111111111111111111111111111111111111111111111111111110111111111111100100001111111111111111111111111111111111111111111111111111111111111111111111111111111111111111111111111111111111111111111111111111111111111111111111111111111111111111111111111111111111
000000000000000000000000000000000000000000000000000000000000000000000000000000000000000000000000000000000000000000000000000000000000000000000000000000000000000000000000000000000000000000000000000000000000000000000000000000000000000000000000000000000000000000000000000000000000000000000000000000000000
000000000000000000000000000000000000000000000000000000000000000000000000000000000000000000000000000011111111111111111111111111111111111111111111111111111111111111111111111111111111111111111111111111111111111111111111111111111111111111111111111111111111111111111111111111111111111111111111111111111111
000000000000000000000000000000000000000000000000000000000000000000000000000000000000000000000000000000000000000000000000000000000000000000000000000000000000000000000000000000000000000000000000000000000000000000000000000000000000000000000000000000000000000000000000000000000000000000000000000000000000
111111111111111111111111111111111111111111111111111111111111111111111111111111111111111111111111111111111111111111111111111111111111111111111111111111111111111111111111111111111111111111111111111111111111111111111111111111111111111111111111111111111111111111111111111111111111111111111111111111111111
000000000000000000000000000000000000000000000000000000000000000000000000000000000000000000000000000000000000000000000000000000000000000000000000000000000000000000000000000000000000000000000000000000000000000000000000000000000000000000000000000000000000000000000000000000000000000000000000000000000000
000000000000000000000000000000000000000000000000000000000000000000000000000000000000000000000000000000000000000000000000000000000000000000000000000000000000000000000000000000000000000000000000000000000000000000000000000000000000000000000000000000000000000000000000000000000000000000000000000000000000
000000000000000000000000000000000000000000000000000000000000000000000000000000000000000000000000000000000000000000000000000000000000000000000000000000000000000000000000000000000000000000000000000000000000000000000000000000000000000000000000000000000000000000000000000000000000000000000000000000000000
000000000000000000000000000000000000000000000000000000000000000000000000000000000000000000000000000000000000000000000000000000000000000000000000000000000000000000000000000000000000000000000000000000000000000000000000000000000000000000000000000000000000000000000000000000000000000000000000000000000000
000000000000000000000000000000000000000000000000000000000000000000000000000000000000000000000000000000000000000000000000000000000000000000000000000000000000000000000000000000000000000000000000000000000000000000000000000000000000000000000000000000000000000000000000000000000000000000000000000000000000
000000000000000000000000000000000000000000000000000000000000000000000000000000000000000000000000000000000000000000000000000000000000000000000000000000000000000000000000000000000000000000000000000000000000000000000000000000000000000000000000000000000000000000000000000000000000000000000000000000000000
000000000000000000000000000000000000000000000000000000000000000000000000000000000000000000000000000000000000000000000000000000000000000000000000000000000000000000000000000000000000000000000000000000000000000000000000000000000000000000000000000000000000000000000000000000000000000000000000000000000000
000000000000000000000000000000000000000000000000000000000000000000000000000000000000000000000000000000000000000000000000000000000000000000000000000000000000000000000000000000000000000000000000000000000000000000000000000000000000000000000000000000000000000000000000000000000000000000000000000000000000
000000000000000000000000000000000000000000000000000000000000000000000000000000000000000000000000000000000000000000000000000000000000000000000000000000000000000000000000000000000000000000000000000000000000000000000000000000000000000000000000000000000000000000000000000000000000000000000000000000000000
000000000000000000000000000000000000000000000000000000000000000000000000000000000000000000000000000000000000000000000000000000000000000000000000000000000000000000000000000000000000000000000000000000000000000000000000000000000000000000000000000000000000000000000000000000000000000000000000000000000000
111111111111111111111111111111111111111111111111111111111111111111111111111111111111111111111111111111111111111111111111111111111111111111111111111111111111111111111111111111111111111111111111111111111111111111111111111111111111111111111111111111111111111111111111111111111111111111111111111111111111
000000000000000000000000000000000000000000000000000000000000000000000000000000000000000000000000000000000000000000000000000000000000000000000000000000000000000000000000000000000000000000000000000000000000000000000000000000000000000000000000000000000000000000000000000000000000000000000000000000000000
000000000000000000000000000000000000000000000000000000000000000000000000000000000000000000000000000011111111111111111111111111111111111111111111111111111111111111111111111111111111111111111111111111111111111111111111111111111111111111111111111111111111111111111111111111111111111111111111111111111111
000000000000000000000000000000000000000000000000000000000000000000000000000000000000000000000000000000000000000000000000000000000000000000000000000000000000000000000000000000000000000000000000000000000000000000000000000000000000000000000000000000000000000000000000000000000000000000000000000000000000
111111111111111111111111111111111111111111111111111111111111111111111111111111111111111111111111111111111111111011111111111110010000111111111111111111111111111111111111111111111111111111111111111111111111111111111111111111111111111111111111111111111111111111111111111111111111111111111111111111111111
000000000000000000000000000000000000000000000000000000000000000000000000000000000000000000000000000000000000000100000000000001101111000000000000000000000000000000000000000000000000000000000000000000000000000000000000000000000000000000000000000000000000000000000000000000000000000000000000000000000000
000000000000000000000000000000000000000000000000000000000000000000000000000000000000000000000000000011111001000000111111111000000000011111111110000111111111100000000111111111100000011111111111111000111111111100000111111111100000000011111111111100011111111111100000011111111111100001111111111111111111
000000000000000000000000000000000000000000000000000000000000000000000000000000000000000000000000000000000110111111000000000111111111100000000001111000000000011111111000000000011111100000000000000111000000000011111000000000011111111100000000000011100000000000011111100000000000011110000000000000000000
111111111111111111111111111111111111111111111111111111111111111111111111111111111111111111111111111111100000000000011111110000000000001111111100000011111110000000000011111100000000001111111111000000011110000000000001111110000000000000111111110000000111111000000000000111110000000000111111110000000011
000000000000000000000000000000000000000000000000000000000000000000000000000000000000000000000000000010011111111111100111001111111111110011110011111100011001111111111100000011111111110001000000111111101001111111111110000001111111111111000100001111111000000111111111111000001111111111000000001111111100
000000000000000000000000000000000000000000000000000000000000000000000000000000000000000000000000000001100000000000011000110000000000001100001100000011100110000000000011111100000000001110111111000000010110000000000001111110000000000000111011110000000111111000000000000111110000000000111111110000000011
111111111111111111111111111111111111111111111111111111111111111111111111111111111111111111111111111110011111111011100111001110010000110011110011111100011001111111111100000011111111110001000000111111101001111111111110000001111111111111000100001111111000000111111111111000001111111111000000001111111100
000000000000000000000000000000000000000000000000000000000000000000000000000000000000000000000000000001100000000100011000110001101111001100001100000011100110000000000011111100000000001110111111000000010110000000000001111110000000000000111011110000000111111000000000000111110000000000111111110000000011
000000000000000000000000000000000000000000000000000000000000000000000000000000000000000000000000000010011111111011100111001110010000110011110011111100011001111111111100000011111111110001000000111111101001111111111110000001111111111111000100001111111000000111111111111000001111111111000000001111111100
000000000000000000000000000000000000000000000000000000000000000000000000000000000000000000000000000001100000000100011000110001101111001100001100000011100110000000000011111100000000001110111111000000010110000000000001111110000000000000111011110000000111111000000000000111110000000000111111110000000011
111111111111111111111111111111111111111111111111111111111111111111111111111111111111111111111111111110011001000000100111001000000000010011110010000100011001100000000100000011100000010001000000111000101001111100000110000001100000000011000100001100011000000111100000011000001111100001000000001111111100
000000000000000000000000000000000000000000000000000000000000000000000000000000000000000000000000000001100110111111011000110111111111101100001101111011100110011111111011111100011111101110111111000111010110000011111001111110011111111100111011110011100111111000011111100111110000011110111111110000000011
000000000000000000000000000000000000000000000000000000000000000000000000000000000000000000000000000010011001000000100111001000000000010011110010000100011001100000000100000011100000010001000000111000101001111100000110000001100000000011000100001100011000000111100000011000001111100001000000001111111100
000000000000000000000000000000000000000000000000000000000000000000000000000000000000000000000000000001100110111011011000110110010000101100001101111011100110011111111011111100011111101110111111000111010110000011111001111110011111111100111011110011100111111000011111100111110000011110111111110000000011
111111111111111111111111111111111111111111111111111111111111111111111111111111111111111111111111111110011001000100100111001001101111010011110010000100011001100000000100000011100000010001000000111000101001111100000110000001100000000011000100001100011000000111100000011000001111100001000000001111111100
000000000000000000000000000000000000000000000000000000000000000000000000000000000000000000000000000001100110111011011000110110010000101100001101111011100110011111111011111100011111101110111111000111010110000011111001111110011111111100111011110011100111111000011111100111110000011110111111110000000011
000000000000000000000000000000000000000000000000000000000000000000000000000000000000000000000000000010011001000100100111001001101111010011110010000100011001100000000100000011100000010001000000111000101001111100000110000001100000000011000100001100011000000111100000011000001111100001000000001111111100
000000000000000000000000000000000000000000000000000000000000000000000000000000000000000000000000000001100110111011011000110110010000101100001101111011100110011111111011111100011111101110111111000111010110000011111001111110011111111100111011110011100111111000011111100111110000011110111111110000000011
111111111111111111111111111111111111111111111111111111111111111111111111111111111111111111111111111110011001000100100111001001101111010011110010000100011001100000000100000011100000010001000000111000101001111100000110000001100000000011000100001100011000000111100000011000001111100001000000001111111100
000000000000000000000000000000000000000000000000000000000000000000000000000000000000000000000000000011100110111011011111110110010000101111111101111011111110011111111011111100011111101111111111000111011110000011111001111110011111111100111111110011100111111000011111100111110000011110111111110000000011
000000000000000000000000000000000000000000000000000000000000000000000000000000000000000000000000000001000000000000001000100000000000000100001000000001100100000000000000110000000000000110110000000000000100000000000000111100000000000000011011000000000001110000000000000000000000000000001111000000000000
111111111111111111111111111111111111111111111111111111111111111111111111111111111111111111111111111110011001000100100111001001101111010011110010000100011001100000000100000011100000010001000000111000101001111100000110000001100000000011000100001100011000000111100000011000001111100001000000001111111100
000000000000000000000000000000000000000000000000000000000000000000000000000000000000000000000000000001100110111011011000110110010000101100001101111011100110011111111011111100011111101110111111000111010110000011111001111110011111111100111011110011100111111000011111100111110000011110111111110000000011
000000000000000000000000000000000000000000000000000000000000000000000000000000000000000000000000000010011001000100100111001001101111010011110010000100011001100000000100000011100000010001000000111000101001111100000110000001100000000011000100001100011000000111100000011000001111100001000000001111111100
000000000000000000000000000000000000000000000000000000000000000000000000000000000000000000000000000001100110111011011000110110010000101100001101111011100110011111111011111100011111101110111111000111010110000011111001111110011111111100111011110011100111111000011111100111110000011110111111110000000011
111111111111111111111111111111111111111111111111111111111111111111111111111111111111111111111111111110011001000100100111001001101111010011110010000100011001100000000100000011100000010001000000111000101001111100000110000001100000000011000100001100011000000111100000011000001111100001000000001111111100
000000000000000000000000000000000000000000000000000000000000000000000000000000000000000000000000000001100110111011011000110110010000101100001101111011100110011111111011111100011111101110111111000111010110000011111001111110011111111100111011110011100111111000011111100111110000011110111111110000000011
000000000000000000000000000000000000000000000000000000000000000000000000000000000000000000000000000010011001000000100111001000000000010011110010000100011001100000000100000011100000010001000000111000101001111100000110000001100000000011000100001100011000000111100000011000001111100001000000001111111100
000000000000000000000000000000000000000000000000000000000000000000000000000000000000000000000000000001100110111111011000110111111111101100001101111011100110011111111011111100011111101110111111000111010110000011111001111110011111111100111011110011100111111000011111100111110000011110111111110000000011
111111111111111111111111111111111111111111111111111111111111111111111111111111111111111111111111111110011001000000100111001000000000010011110010000100011001100000000100000011100000010001000000111000101001111100000110000001100000000011000100001100011000000111100000011000001111100001000000001111111100
000000000000000000000000000000000000000000000000000000000000000000000000000000000000000000000000000001100000000100011000110001101111001100001100000011100110000000000011111100000000001110111111000000010110000000000001111110000000000000111011110000000111111000000000000111110000000000111111110000000011
000000000000000000000000000000000000000000000000000000000000000000000000000000000000000000000000000010011111111011100111001110010000110011110011111100011001111111111100000011111111110001000000111111101001111111111110000001111111111111000100001111111000000111111111111000001111111111000000001111111100
000000000000000000000000000000000000000000000000000000000000000000000000000000000000000000000000000001100000000100011000110001101111001100001100000011100110000000000011111100000000001110111111000000010110000000000001111110000000000000111011110000000111111000000000000111110000000000111111110000000011
111111111111111111111111111111111111111111111111111111111111111111111111111111111111111111111111111110011111111011100111001110010000110011110011111100011001111111111100000011111111110001000000111111101001111111111110000001111111111111000100001111111000000111111111111000001111111111000000001111111100
000000000000000000000000000000000000000000000000000000000000000000000000000000000000000000000000000001100000000000011000110000000000001100001100000011100110000000000011111100000000001110111111000000010110000000000001111110000000000000111011110000000111111000000000000111110000000000111111110000000011
000000000000000000000000000000000000000000000000000000000000000000000000000000000000000000000000000010011111111111100111001111111111110011110011111100011001111111111100000011111111110001000000111111101001111111111110000001111111111111000100001111111000000111111111111000001111111111000000001111111100
111111111111111111111111111111111111111111111111111111111111111111111111111111111111111111111111111111100000000000011111110000000000001111111100000011111110000000000011111100000000001111111111000000011110000000000001111110000000000000111111110000000111111000000000000111110000000000111111110000000011
000000000000000000000000000000000000000000000000000000000000000000000000000000000000000000000000000000000110111111000000000111111111100000000001111000000000011111111000000000011111100000000000000111000000000011111000000000011111111100000000000011100000000000011111100000000000011110000000000000000000
000000000000000000000000000000000000000000000000000000000000000000000000000000000000000000000000000011111001000000111111111000000000011111111110000111111111100000000111111111100000011111111111111000111111111100000111111111100000000011111111111100011111111111100000011111111111100001111111111111111111
000000000000000000000000000000000000000000000000000000000000000000000000000000000000000000000000000000000000000100000000000001101111000000000000000000000000000000000000000000000000000000000000000000000000000000000000000000000000000000000000000000000000000000000000000000000000000000000000000000000000
111111111111111111111111111111111111111111111111111111111111111111111111111111111111111111111111111111111111111011111111111110010000111111111111111111111111111111111111111111111111111111111111111111111111111111111111111111111111111111111111111111111111111111111111111111111111111111111111111111111111
000000000000000000000000000000000000000000000000000000000000000000000000000000000000000000000000000000000000000000000000000000000000000000000000000000000000000000000000000000000000000000000000000000000000000000000000000000000000000000000000000000000000000000000000000000000000000000000000000000000000
000000000000000000000000000000000000000000000000000000000000000000000000000000000000000000000000000011111111111111111111111111111111111111111111111111111111111111111111111111111111111111111111111111111111111111111111111111111111111111111111111111111111111111111111111111111111111111111111111111111111
000000000000000000000000000000000000000000000000000000000000000000000000000000000000000000000000000000000000000000000000000000000000000000000000000000000000000000000000000000000000000000000000000000000000000000000000000000000000000000000000000000000000000000000000000000000000000000000000000000000000
111111111111111111111111111111111111111111111111111111111111111111111111111111111111111111111111111111111111111111111111111111111111111111111111111111111111111111111111111111111111111111111111111111111111111111111111111111111111111111111111111111111111111111111111111111111111111111111111111111111111
000000000000000000000000000000000000000000000000000000000000000000000000000000000000000000000000000000000000000000000000000000000000000000000000000000000000000000000000000000000000000000000000000000000000000000000000000000000000000000000000000000000000000000000000000000000000000000000000000000000000
000000000000000000000000000000000000000000000000000000000000000000000000000000000000000000000000000000000000000000000000000000000000000000000000000000000000000000000000000000000000000000000000000000000000000000000000000000000000000000000000000000000000000000000000000000000000000000000000000000000000
000000000000000000000000000000000000000000000000000000000000000000000000000000000000000000000000000000000000000000000000000000000000000000000000000000000000000000000000000000000000000000000000000000000000000000000000000000000000000000000000000000000000000000000000000000000000000000000000000000000000
000000000000000000000000000000000000000000000000000000000000000000000000000000000000000000000000000000000000000000000000000000000000000000000000000000000000000000000000000000000000000000000000000000000000000000000000000000000000000000000000000000000000000000000000000000000000000000000000000000000000
000000000000000000000000000000000000000000000000000000000000000000000000000000000000000000000000000000000000000000000000000000000000000000000000000000000000000000000000000000000000000000000000000000000000000000000000000000000000000000000000000000000000000000000000000000000000000000000000000000000000
000000000000000000000000000000000000000000000000000000000000000000000000000000000000000000000000000000000000000000000000000000000000000000000000000000000000000000000000000000000000000000000000000000000000000000000000000000000000000000000000000000000000000000000000000000000000000000000000000000000000
000000000000000000000000000000000000000000000000000000000000000000000000000000000000000000000000000000000000000000000000000000000000000000000000000000000000000000000000000000000000000000000000000000000000000000000000000000000000000000000000000000000000000000000000000000000000000000000000000000000000
000000000000000000000000000000000000000000000000000000000000000000000000000000000000000000000000000000000000000000000000000000000000000000000000000000000000000000000000000000000000000000000000000000000000000000000000000000000000000000000000000000000000000000000000000000000000000000000000000000000000
000000000000000000000000000000000000000000000000000000000000000000000000000000000000000000000000000000000000000000000000000000000000000000000000000000000000000000000000000000000000000000000000000000000000000000000000000000000000000000000000000000000000000000000000000000000000000000000000000000000000
000000000000000000000000000000000000000000000000000000000000000000000000000000000000000000000000000000000000000000000000000000000000000000000000000000000000000000000000000000000000000000000000000000000000000000000000000000000000000000000000000000000000000000000000000000000000000000000000000000000000
111111111111111111111111111111111111111111111111111111111111111111111111111111111111111111111111111111111111111111111111111111111111111111111111111111111111111111111111111111111111111111111111111111111111111111111111111111111111111111111111111111111111111111111111111111111111111111111111111111111111
000000000000000000000000000000000000000000000000000000000000000000000000000000000000000000000000000000000000000000000000000000000000000000000000000000000000000000000000000000000000000000000000000000000000000000000000000000000000000000000000000000000000000000000000000000000000000000000000000000000000
000000000000000000000000000000000000000000000000000000000000000000000000000000000000000000000000000011111111111111111111111111111111111111111111111111111111111111111111111111111111111111111111111111111111111111111111111111111111111111111111111111111111111111111111111111111111111111111111111111111111
000000000000000000000000000000000000000000000000000000000000000000000000000000000000000000000000000000000000000000000000000000000000000000000000000000000000000000000000000000000000000000000000000000000000000000000000000000000000000000000000000000000000000000000000000000000000000000000000000000000000
111111111111111111111111111111111111111111111111111111111111111111111111111111111111111111111111111111111111111111111111101111111111111001000011111111111111111111111111111111111111111111111111111111111111111111111111111111111111111111111111111111111111111111111111111111111111111111111111111111111111
000000000000000000000000000000000000000000000000000000000000000000000000000000000000000000000000000000000001110000000000010000000000000110111100000000000000000000000000000000000000000000000000000000000000000000000000000000000000000000000000000000000000000000000000000000000000000000000000000000000000
000000000000000000000000000000000000000000000000000000000000000000000000000000000000000000000000000000001110001111100100000011111111100000000001111111111000011111111110000000011111111110000001111111111001111111111111110000011111111110000000001111111111110001111111111110000001111111111110000111111111
000000000000000000000000000000000000000000000000000000000000000000000000000000000000000000000000000011110001110000011011111100000000011111111110000000000111100000000001111111100000000001111110000000000110000000000000001111100000000001111111110000000000001110000000000001111110000000000001111000000000
111111111111111111111111111111111111111111111111111111111111111111111111111111111111111111111111111100000110001110000000000001111111000000000000111111110000001111111000000000001111110000000000111111110000011111111000000000000111111000000000000011111111000000011111100000000000011111000000000011111111
000000000000000000000000000000000000000000000000000000000000000000000000000000000000000000000000000011111011111001111111111110011100111111111111001111001111110001100111111111110000001111111111000100001111100111100111111111111000000111111111111100010000111111100000011111111111100000111111111100000000
000000000000000000000000000000000000000000000000000000000000000000000000000000000000000000000000000000000100000110000000000001100011000000000000110000110000001110011000000000001111110000000000111011110000011000011000000000000111111000000000000011101111000000011111100000000000011111000000000011111111
111111111111111111111111111111111111111111111111111111111111111111111111111111111111111111111111111111111011111001111111101110011100111001000011001111001111110001100111111111110000001111111111000100001111100111100111111111111000000111111111111100010000111111100000011111111111100000111111111100000000
000000000000000000000000000000000000000000000000000000000000000000000000000000000000000000000000000000000100000110000000010001100011000110111100110000110000001110011000000000001111110000000000111011110000011000011000000000000111111000000000000011101111000000011111100000000000011111000000000011111111
000000000000000000000000000000000000000000000000000000000000000000000000000000000000000000000000000011111011111001111111101110011100111001000011001111001111110001100111111111110000001111111111000100001111100111100111111111111000000111111111111100010000111111100000011111111111100000111111111100000000
000000000000000000000000000000000000000000000000000000000000000000000000000000000000000000000000000000000100000110000000010001100011000110111100110000110000001110011000000000001111110000000000111011110000011000011000000000000111111000000000000011101111000000011111100000000000011111000000000011111111
111111111111111111111111111111111111111111111111111111111111111111111111111111111111111111111111111100001011111001100100000010011100100000000001001111001000010001100110000000010000001110000001000100001001100111100111110000011000000110000000001100010000110001100000011110000001100000111110000100000000
000000000000000000000000000000000000000000000000000000000000000000000000000000000000000000000000000011110101110110011011111101100011011111111110110000110111101110011001111111101111110001111110111011110110011000011000001111100111111001111111110011101111001110011111100001111110011111000001111011111111
000000000000000000000000000000000000000000000000000000000000000000000000000000000000000000000000000000001010001001100100000010011100100000000001001111001000010001100110000000010000001110000001000100001001100111100111110000011000000110000000001100010000110001100000011110000001100000111110000100000000
000000000000000000000000000000000000000000000000000000000000000000000000000000000000000000000000000011110101110110011011101101100011011001000010110000110111101110011001111111101111110001111110111011110110011000011000001111100111111001111111110011101111001110011111100001111110011111000001111011111111
111111111111111111111111111111111111111111111111111111111111111111111111111111111111111111111111111100001010001001100100010010011100100110111101001111001000010001100110000000010000001110000001000100001001100111100111110000011000000110000000001100010000110001100000011110000001100000111110000100000000
000000000000000000000000000000000000000000000000000000000000000000000000000000000000000000000000000011110101110110011011101101100011011001000010110000110111101110011001111111101111110001111110111011110110011000011000001111100111111001111111110011101111001110011111100001111110011111000001111011111111
000000000000000000000000000000000000000000000000000000000000000000000000000000000000000000000000000000001010001001100100010010011100100110111101001111001000010001100110000000010000001110000001000100001001100111100111110000011000000110000000001100010000110001100000011110000001100000111110000100000000
000000000000000000000000000000000000000000000000000000000000000000000000000000000000000000000000000011110101110110011011101101100011011001000010110000110111101110011001111111101111110001111110111011110110011000011000001111100111111001111111110011101111001110011111100001111110011111000001111011111111
111111111111111111111111111111111111111111111111111111111111111111111111111111111111111111111111111100001010001001100100010010011100100110111101001111001000010001100110000000010000001110000001000100001001100111100111110000011000000110000000001100010000110001100000011110000001100000111110000100000000
000000000000000000000000000000000000000000000000000000000000000000000000000000000000000000000000000011110111111110011011101101111111011001000010111111110111101111111001111111101111110001111110111111110110011111111000001111100111111001111111110011111111001110011111100001111110011111000001111011111111
000000000000000000000000000000000000000000000000000000000000000000000000000000000000000000000000000000000001110100000000000000100010000000000000010000100000000110010000000000000011000000000000011011000000001000010000000000000011110000000000000001101100000000000111000000000000000000000000000000111100
111111111111111111111111111111111111111111111111111111111111111111111111111111111111111111111111111100001010001001100100010010011100100110111101001111001000010001100110000000010000001110000001000100001001100111100111110000011000000110000000001100010000110001100000011110000001100000111110000100000000
000000000000000000000000000000000000000000000000000000000000000000000000000000000000000000000000000011110101110110011011101101100011011001000010110000110111101110011001111111101111110001111110111011110110011000011000001111100111111001111111110011101111001110011111100001111110011111000001111011111111
000000000000000000000000000000000000000000000000000000000000000000000000000000000000000000000000000000001010001001100100010010011100100110111101001111001000010001100110000000010000001110000001000100001001100111100111110000011000000110000000001100010000110001100000011110000001100000111110000100000000
000000000000000000000000000000000000000000000000000000000000000000000000000000000000000000000000000011110101110110011011101101100011011001000010110000110111101110011001111111101111110001111110111011110110011000011000001111100111111001111111110011101111001110011111100001111110011111000001111011111111
111111111111111111111111111111111111111111111111111111111111111111111111111111111111111111111111111100001010001001100100010010011100100110111101001111001000010001100110000000010000001110000001000100001001100111100111110000011000000110000000001100010000110001100000011110000001100000111110000100000000
000000000000000000000000000000000000000000000000000000000000000000000000000000000000000000000000000011110101110110011011101101100011011001000010110000110111101110011001111111101111110001111110111011110110011000011000001111100111111001111111110011101111001110011111100001111110011111000001111011111111
000000000000000000000000000000000000000000000000000000000000000000000000000000000000000000000000000000001010001001100100000010011100100000000001001111001000010001100110000000010000001110000001000100001001100111100111110000011000000110000000001100010000110001100000011110000001100000111110000100000000
000000000000000000000000000000000000000000000000000000000000000000000000000000000000000000000000000011110101110110011011111101100011011111111110110000110111101110011001111111101111110001111110111011110110011000011000001111100111111001111111110011101111001110011111100001111110011111000001111011111111
111111111111111111111111111111111111111111111111111111111111111111111111111111111111111111111111111100001011111001100100000010011100100000000001001111001000010001100110000000010000001110000001000100001001100111100111110000011000000110000000001100010000110001100000011110000001100000111110000100000000
000000000000000000000000000000000000000000000000000000000000000000000000000000000000000000000000000000000100000110000000010001100011000110111100110000110000001110011000000000001111110000000000111011110000011000011000000000000111111000000000000011101111000000011111100000000000011111000000000011111111
000000000000000000000000000000000000000000000000000000000000000000000000000000000000000000000000000011111011111001111111101110011100111001000011001111001111110001100111111111110000001111111111000100001111100111100111111111111000000111111111111100010000111111100000011111111111100000111111111100000000
000000000000000000000000000000000000000000000000000000000000000000000000000000000000000000000000000000000100000110000000010001100011000110111100110000110000001110011000000000001111110000000000111011110000011000011000000000000111111000000000000011101111000000011111100000000000011111000000000011111111
111111111111111111111111111111111111111111111111111111111111111111111111111111111111111111111111111111111011111001111111101110011100111001000011001111001111110001100111111111110000001111111111000100001111100111100111111111111000000111111111111100010000111111100000011111111111100000111111111100000000
000000000000000000000000000000000000000000000000000000000000000000000000000000000000000000000000000000000100000110000000000001100011000000000000110000110000001110011000000000001111110000000000111011110000011000011000000000000111111000000000000011101111000000011111100000000000011111000000000011111111
000000000000000000000000000000000000000000000000000000000000000000000000000000000000000000000000000011111011111001111111111110011100111111111111001111001111110001100111111111110000001111111111000100001111100111100111111111111000000111111111111100010000111111100000011111111111100000111111111100000000
111111111111111111111111111111111111111111111111111111111111111111111111111111111111111111111111111100000110001110000000000001111111000000000000111111110000001111111000000000001111110000000000111111110000011111111000000000000111111000000000000011111111000000011111100000000000011111000000000011111111
000000000000000000000000000000000000000000000000000000000000000000000000000000000000000000000000000011110001110000011011111100000000011111111110000000000111100000000001111111100000000001111110000000000110000000000000001111100000000001111111110000000000001110000000000001111110000000000001111000000000
000000000000000000000000000000000000000000000000000000000000000000000000000000000000000000000000000000001110001111100100000011111111100000000001111111111000011111111110000000011111111110000001111111111001111111111111110000011111111110000000001111111111110001111111111110000001111111111110000111111111
000000000000000000000000000000000000000000000000000000000000000000000000000000000000000000000000000000000001110000000000010000000000000110111100000000000000000000000000000000000000000000000000000000000000000000000000000000000000000000000000000000000000000000000000000000000000000000000000000000000000
111111111111111111111111111111111111111111111111111111111111111111111111111111111111111111111111111111111111111111111111101111111111111001000011111111111111111111111111111111111111111111111111111111111111111111111111111111111111111111111111111111111111111111111111111111111111111111111111111111111111
000000000000000000000000000000000000000000000000000000000000000000000000000000000000000000000000000000000000000000000000000000000000000000000000000000000000000000000000000000000000000000000000000000000000000000000000000000000000000000000000000000000000000000000000000000000000000000000000000000000000
000000000000000000000000000000000000000000000000000000000000000000000000000000000000000000000000000011111111111111111111111111111111111111111111111111111111111111111111111111111111111111111111111111111111111111111111111111111111111111111111111111111111111111111111111111111111111111111111111111111111
000000000000000000000000000000000000000000000000000000000000000000000000000000000000000000000000000000000000000000000000000000000000000000000000000000000000000000000000000000000000000000000000000000000000000000000000000000000000000000000000000000000000000000000000000000000000000000000000000000000000
111111111111111111111111111111111111111111111111111111111111111111111111111111111111111111111111111111111111111111111111111111111111111111111111111111111111111111111111111111111111111111111111111111111111111111111111111111111111111111111111111111111111111111111111111111111111111111111111111111111111
000000000000000000000000000000000000000000000000000000000000000000000000000000000000000000000000000000000000000000000000000000000000000000000000000000000000000000000000000000000000000000000000000000000000000000000000000000000000000000000000000000000000000000000000000000000000000000000000000000000000
000000000000000000000000000000000000000000000000000000000000000000000000000000000000000000000000000000000000000000000000000000000000000000000000000000000000000000000000000000000000000000000000000000000000000000000000000000000000000000000000000000000000000000000000000000000000000000000000000000000000
000000000000000000000000000000000000000000000000000000000000000000000000000000000000000000000000000000000000000000000000000000000000000000000000000000000000000000000000000000000000000000000000000000000000000000000000000000000000000000000000000000000000000000000000000000000000000000000000000000000000
000000000000000000000000000000000000000000000000000000000000000000000000000000000000000000000000000000000000000000000000000000000000000000000000000000000000000000000000000000000000000000000000000000000000000000000000000000000000000000000000000000000000000000000000000000000000000000000000000000000000
000000000000000000000000000000000000000000000000000000000000000000000000000000000000000000000000000000000000000000000000000000000000000000000000000000000000000000000000000000000000000000000000000000000000000000000000000000000000000000000000000000000000000000000000000000000000000000000000000000000000
000000000000000000000000000000000000000000000000000000000000000000000000000000000000000000000000000000000000000000000000000000000000000000000000000000000000000000000000000000000000000000000000000000000000000000000000000000000000000000000000000000000000000000000000000000000000000000000000000000000000
000000000000000000000000000000000000000000000000000000000000000000000000000000000000000000000000000000000000000000000000000000000000000000000000000000000000000000000000000000000000000000000000000000000000000000000000000000000000000000000000000000000000000000000000000000000000000000000000000000000000
000000000000000000000000000000000000000000000000000000000000000000000000000000000000000000000000000000000000000000000000000000000000000000000000000000000000000000000000000000000000000000000000000000000000000000000000000000000000000000000000000000000000000000000000000000000000000000000000000000000000
000000000000000000000000000000000000000000000000000000000000000000000000000000000000000000000000000000000000000000000000000000000000000000000000000000000000000000000000000000000000000000000000000000000000000000000000000000000000000000000000000000000000000000000000000000000000000000000000000000000000
000000000000000000000000000000000000000000000000000000000000000000000000000000000000000000000000000000000000000000000000000000000000000000000000000000000000000000000000000000000000000000000000000000000000000000000000000000000000000000000000000000000000000000000000000000000000000000000000000000000000
111111111111111111111111111111111111111111111111111111111111111111111111111111111111111111111111111111111111111111111111111111111111111111111111111111111111111111111111111111111111111111111111111111111111111111111111111111111111111111111111111111111111111111111111111111111111111111111111111111111111
000000000000000000000000000000000000000000000000000000000000000000000000000000000000000000000000000000000000000000000000000000000000000000000000000000000000000000000000000000000000000000000000000000000000000000000000000000000000000000000000000000000000000000000000000000000000000000000000000000000000
000000000000000000000000000000000000000000000000000000000000000000000000000000000000000000000000000011111111111111111111111111111111111111111111111111111111111111111111111111111111111111111111111111111111111111111111111111111111111111111111111111111111111111111111111111111111111111111111111111111111
000000000000000000000000000000000000000000000000000000000000000000000000000000000000000000000000000000000000000000000000000000000000000000000000000000000000000000000000000000000000000000000000000000000000000000000000000000000000000000000000000000000000000000000000000000000000000000000000000000000000
111111111111111111111111111111111111111111111111111111111111111111111111111111111111111111111111111111111111111111111111111111111110111111111111100100001111111111111111111111111111111111111111111111111111111111111111111111111111111111111111111111111111111111111111111111111111111111111111111111111111
000000000000000000000000000000000000000000000000000000000000000000000000000000000000000000000000000000000000000000000111000000000001000000000000011011110000000000000000000000000000000000000000000000000000000000000000000000000000000000000000000000000000000000000000000000000000000000000000000000000000
000000000000000000000000000000000000000000000000000000000000000000000000000000000000000000000000000011111000000000111000111110010000001111111110000000000111111111100001111111111000000001111111111000001111111111100111111111111111000001111111111000000000111111111111000111111111111000000111111111111000
000000000000000000000000000000000000000000000000000000000000000000000000000000000000000000000000000000000111111111000111000001101111110000000001111111111000000000011110000000000111111110000000000111110000000000011000000000000000111110000000000111111111000000000000111000000000000111111000000000000111
111111111111111111111111111111111111111111111111111111111111111111111111111111111111111111111111111111000000000000011000111000000000000111111100000000000011111111000000111111100000000000111111000000001100000000000001111111100000000000011111100000000000001111111100000001111110000000000001111100000000
000000000000000000000000000000000000000000000000000000000000000000000000000000000000000000000000000000111111111111101111100111111111111001110011111111111100111100111111000110011111111111000000111111110011111111111110011110011111111111100000011111111111110001000011111110000001111111111110000011111111
000000000000000000000000000000000000000000000000000000000000000000000000000000000000000000000000000011000000000000010000011000000000000110001100000000000011000011000000111001100000000000111111000000001100000000000001100001100000000000011111100000000000001110111100000001111110000000000001111100000000
111111111111111111111111111111111111111111111111111111111111111111111111111111111111111111111111111100111111111111101111100111111110111001110011100100001100111100111111000110011111111111000000111111110011111111111110011110011111111111100000011111111111110001000011111110000001111111111110000011111111
000000000000000000000000000000000000000000000000000000000000000000000000000000000000000000000000000011000000000000010000011000000001000110001100011011110011000011000000111001100000000000111111000000001100000000000001100001100000000000011111100000000000001110111100000001111110000000000001111100000000
000000000000000000000000000000000000000000000000000000000000000000000000000000000000000000000000000000111111111111101111100111111110111001110011100100001100111100111111000110011111111111000000111111110011111111111110011110011111111111100000011111111111110001000011111110000001111111111110000011111111
000000000000000000000000000000000000000000000000000000000000000000000000000000000000000000000000000011000000000000010000011000000001000110001100011011110011000011000000111001100000000000111111000000001100000000000001100001100000000000011111100000000000001110111100000001111110000000000001111100000000
111111111111111111111111111111111111111111111111111111111111111111111111111111111111111111111111111100111000000000101111100110010000001001110010000000000100111100100001000110011000000001000000111000000011111111100110011110011111000001100000011000000000110001000011000110000001111000000110000011111000
000000000000000000000000000000000000000000000000000000000000000000000000000000000000000000000000000011000111111111010111011001101111110110001101111111111011000011011110111001100111111110111111000111111100000000011001100001100000111110011111100111111111001110111100111001111110000111111001111100000111
000000000000000000000000000000000000000000000000000000000000000000000000000000000000000000000000000000111000000000101000100110010000001001110010000000000100111100100001000110011000000001000000111000000011111111100110011110011111000001100000011000000000110001000011000110000001111000000110000011111000
000000000000000000000000000000000000000000000000000000000000000000000000000000000000000000000000000011000111111111010111011001101110110110001101100100001011000011011110111001100111111110111111000111111100000000011001100001100000111110011111100111111111001110111100111001111110000111111001111100000111
111111111111111111111111111111111111111111111111111111111111111111111111111111111111111111111111111100111000000000101000100110010001001001110010011011110100111100100001000110011000000001000000111000000011111111100110011110011111000001100000011000000000110001000011000110000001111000000110000011111000
000000000000000000000000000000000000000000000000000000000000000000000000000000000000000000000000000011000111111111010111011001101110110110001101100100001011000011011110111001100111111110111111000111111100000000011001100001100000111110011111100111111111001110111100111001111110000111111001111100000111
000000000000000000000000000000000000000000000000000000000000000000000000000000000000000000000000000000111000000000101000100110010001001001110010011011110100111100100001000110011000000001000000111000000011111111100110011110011111000001100000011000000000110001000011000110000001111000000110000011111000
000000000000000000000000000000000000000000000000000000000000000000000000000000000000000000000000000011000111111111010111011001101110110110001101100100001011000011011110111001100111111110111111000111111100000000011001100001100000111110011111100111111111001110111100111001111110000111111001111100000111
111111111111111111111111111111111111111111111111111111111111111111111111111111111111111111111111111100111000000000101000100110010001001001110010011011110100111100100001000110011000000001000000111000000011111111100110011110011111000001100000011000000000110001000011000110000001111000000110000011111000
000000000000000000000000000000000000000000000000000000000000000000000000000000000000000000000000000011000111111111011111111001101110110111111101100100001011111111011110111111100111111110111111000111111100000000011001111111100000111110011111100111111111001111111100111001111110000111111001111100000111
000000000000000000000000000000000000000000000000000000000000000000000000000000000000000000000000000000000000000000000111010000000000000010001000000000000001000010000000011001000000000000001100000000000000000000000000100001000000000000001111000000000000000110110000000000011100000000000000000000000000
111111111111111111111111111111111111111111111111111111111111111111111111111111111111111111111111111100111000000000101000100110010001001001110010011011110100111100100001000110011000000001000000111000000011111111100110011110011111000001100000011000000000110001000011000110000001111000000110000011111000
000000000000000000000000000000000000000000000000000000000000000000000000000000000000000000000000000011000111111111010111011001101110110110001101100100001011000011011110111001100111111110111111000111111100000000011001100001100000111110011111100111111111001110111100111001111110000111111001111100000111
000000000000000000000000000000000000000000000000000000000000000000000000000000000000000000000000000000111000000000101000100110010001001001110010011011110100111100100001000110011000000001000000111000000011111111100110011110011111000001100000011000000000110001000011000110000001111000000110000011111000
000000000000000000000000000000000000000000000000000000000000000000000000000000000000000000000000000011000111111111010111011001101110110110001101100100001011000011011110111001100111111110111111000111111100000000011001100001100000111110011111100111111111001110111100111001111110000111111001111100000111
111111111111111111111111111111111111111111111111111111111111111111111111111111111111111111111111111100111000000000101000100110010001001001110010011011110100111100100001000110011000000001000000111000000011111111100110011110011111000001100000011000000000110001000011000110000001111000000110000011111000
000000000000000000000000000000000000000000000000000000000000000000000000000000000000000000000000000011000111111111010111011001101110110110001101100100001011000011011110111001100111111110111111000111111100000000011001100001100000111110011111100111111111001110111100111001111110000111111001111100000111
000000000000000000000000000000000000000000000000000000000000000000000000000000000000000000000000000000111000000000101000100110010000001001110010000000000100111100100001000110011000000001000000111000000011111111100110011110011111000001100000011000000000110001000011000110000001111000000110000011111000
000000000000000000000000000000000000000000000000000000000000000000000000000000000000000000000000000011000111111111010111011001101111110110001101111111111011000011011110111001100111111110111111000111111100000000011001100001100000111110011111100111111111001110111100111001111110000111111001111100000111
111111111111111111111111111111111111111111111111111111111111111111111111111111111111111111111111111100111000000000101111100110010000001001110010000000000100111100100001000110011000000001000000111000000011111111100110011110011111000001100000011000000000110001000011000110000001111000000110000011111000
000000000000000000000000000000000000000000000000000000000000000000000000000000000000000000000000000011000000000000010000011000000001000110001100011011110011000011000000111001100000000000111111000000001100000000000001100001100000000000011111100000000000001110111100000001111110000000000001111100000000
000000000000000000000000000000000000000000000000000000000000000000000000000000000000000000000000000000111111111111101111100111111110111001110011100100001100111100111111000110011111111111000000111111110011111111111110011110011111111111100000011111111111110001000011111110000001111111111110000011111111
000000000000000000000000000000000000000000000000000000000000000000000000000000000000000000000000000011000000000000010000011000000001000110001100011011110011000011000000111001100000000000111111000000001100000000000001100001100000000000011111100000000000001110111100000001111110000000000001111100000000
111111111111111111111111111111111111111111111111111111111111111111111111111111111111111111111111111100111111111111101111100111111110111001110011100100001100111100111111000110011111111111000000111111110011111111111110011110011111111111100000011111111111110001000011111110000001111111111110000011111111
000000000000000000000000000000000000000000000000000000000000000000000000000000000000000000000000000011000000000000010000011000000000000110001100000000000011000011000000111001100000000000111111000000001100000000000001100001100000000000011111100000000000001110111100000001111110000000000001111100000000
000000000000000000000000000000000000000000000000000000000000000000000000000000000000000000000000000000111111111111101111100111111111111001110011111111111100111100111111000110011111111111000000111111110011111111111110011110011111111111100000011111111111110001000011111110000001111111111110000011111111
111111111111111111111111111111111111111111111111111111111111111111111111111111111111111111111111111111000000000000011000111000000000000111111100000000000011111111000000111111100000000000111111000000001100000000000001111111100000000000011111100000000000001111111100000001111110000000000001111100000000
000000000000000000000000000000000000000000000000000000000000000000000000000000000000000000000000000000000111111111000111000001101111110000000001111111111000000000011110000000000111111110000000000111110000000000011000000000000000111110000000000111111111000000000000111000000000000111111000000000000111
000000000000000000000000000000000000000000000000000000000000000000000000000000000000000000000000000011111000000000111000111110010000001111111110000000000111111111100001111111111000000001111111111000001111111111100111111111111111000001111111111000000000111111111111000111111111111000000111111111111000
000000000000000000000000000000000000000000000000000000000000000000000000000000000000000000000000000000000000000000000111000000000001000000000000011011110000000000000000000000000000000000000000000000000000000000000000000000000000000000000000000000000000000000000000000000000000000000000000000000000000
111111111111111111111111111111111111111111111111111111111111111111111111111111111111111111111111111111111111111111111111111111111110111111111111100100001111111111111111111111111111111111111111111111111111111111111111111111111111111111111111111111111111111111111111111111111111111111111111111111111111
000000000000000000000000000000000000000000000000000000000000000000000000000000000000000000000000000000000000000000000000000000000000000000000000000000000000000000000000000000000000000000000000000000000000000000000000000000000000000000000000000000000000000000000000000000000000000000000000000000000000
000000000000000000000000000000000000000000000000000000000000000000000000000000000000000000000000000011111111111111111111111111111111111111111111111111111111111111111111111111111111111111111111111111111111111111111111111111111111111111111111111111111111111111111111111111111111111111111111111111111111
000000000000000000000000000000000000000000000000000000000000000000000000000000000000000000000000000000000000000000000000000000000000000000000000000000000000000000000000000000000000000000000000000000000000000000000000000000000000000000000000000000000000000000000000000000000000000000000000000000000000
111111111111111111111111111111111111111111111111111111111111111111111111111111111111111111111111111111111111111111111111111111111111111111111111111111111111111111111111111111111111111111111111111111111111111111111111111111111111111111111111111111111111111111111111111111111111111111111111111111111111
000000000000000000000000000000000000000000000000000000000000000000000000000000000000000000000000000000000000000000000000000000000000000000000000000000000000000000000000000000000000000000000000000000000000000000000000000000000000000000000000000000000000000000000000000000000000000000000000000000000000
000000000000000000000000000000000000000000000000000000000000000000000000000000000000000000000000000000000000000000000000000000000000000000000000000000000000000000000000000000000000000000000000000000000000000000000000000000000000000000000000000000000000000000000000000000000000000000000000000000000000
000000000000000000000000000000000000000000000000000000000000000000000000000000000000000000000000000000000000000000000000000000000000000000000000000000000000000000000000000000000000000000000000000000000000000000000000000000000000000000000000000000000000000000000000000000000000000000000000000000000000
000000000000000000000000000000000000000000000000000000000000000000000000000000000000000000000000000000000000000000000000000000000000000000000000000000000000000000000000000000000000000000000000000000000000000000000000000000000000000000000000000000000000000000000000000000000000000000000000000000000000
000000000000000000000000000000000000000000000000000000000000000000000000000000000000000000000000000000000000000000000000000000000000000000000000000000000000000000000000000000000000000000000000000000000000000000000000000000000000000000000000000000000000000000000000000000000000000000000000000000000000
000000000000000000000000000000000000000000000000000000000000000000000000000000000000000000000000000000000000000000000000000000000000000000000000000000000000000000000000000000000000000000000000000000000000000000000000000000000000000000000000000000000000000000000000000000000000000000000000000000000000
000000000000000000000000000000000000000000000000000000000000000000000000000000000000000000000000000000000000000000000000000000000000000000000000000000000000000000000000000000000000000000000000000000000000000000000000000000000000000000000000000000000000000000000000000000000000000000000000000000000000
000000000000000000000000000000000000000000000000000000000000000000000000000000000000000000000000000000000000000000000000000000000000000000000000000000000000000000000000000000000000000000000000000000000000000000000000000000000000000000000000000000000000000000000000000000000000000000000000000000000000
000000000000000000000000000000000000000000000000000000000000000000000000000000000000000000000000000000000000000000000000000000000000000000000000000000000000000000000000000000000000000000000000000000000000000000000000000000000000000000000000000000000000000000000000000000000000000000000000000000000000
000000000000000000000000000000000000000000000000000000000000000000000000000000000000000000000000000000000000000000000000000000000000000000000000000000000000000000000000000000000000000000000000000000000000000000000000000000000000000000000000000000000000000000000000000000000000000000000000000000000000
111111111111111111111111111111111111111111111111111111111111111111111111111111111111111111111111111111111111111111111111111111111111111111111111111111111111111111111111111111111111111111111111111111111111111111111111111111111111111111111111111111111111111111111111111111111111111111111111111111111111
111111111111111111111111111111111111111111111111111111111111111111111111111111111111111111111111111100000000000000000000000000000000000000000000000000000000000000000000000000000000000000000000000000000000000000000000000000000000000000000000000000000000000000000000000000000000000000000000000000000000
000000000000000000000000000000000000000000000000000000000000000000000000000000000000000000000000000011111111111111111111111111111111111111111111111111111111111111111111111111111111111111111111111111111111111111111111111111111111111111111111111111111111111111111111111111111111111111111111111111111111
111111111111111111111111111111111111111111111111111111111111111111111111111111111111111111111111111100000000000000000000000000000000000000000000000000000000000000000000000000000000000000000000000000000000000000000000000000000000000000000000000000000000000000000000000000000000000000000000000000000000
111111111111111111111111111111111111111111111111111111111111111111111111111111111111111111111111111111111111111111111111111111111111111111111111111111111111111111111111111111111111111111111111111111111111111111111111111111111111111111111111111111111111111111111111111111111111111111111111111111111111
000000000000000000000000000000000000000000000000000000000000000000000000000000000000000000000000000000000000000000000000000000000000000000000000000000000000000000000000000000000000000000000000000000000000000000000000000000000000000000000000000000000000000000000000000000000000000000000000000000000000
111111111111111111111111111111111111111111111111111111111111111111111111111111111111111111111111111111111100001111111111111101111111111111111111111111100111111111111111000001111111110000001111111111111111111111111111111111111111111111111111111111111111111111111111111111111111111111111111111111111111
111111111111111111111111111111111111111111111111111111111111111111111111111111111111111111111111111100000011110000000000000010000000000000000000000000011000000000000000111110000000001111110000000000000000000000000000000000000000000000000000000000000000000000000000000000000000000000000000000000000000
000000000000000000000000000000000000000000000000000000000000000000000000000000000000000000000000000011110000000001111111000000001111110000000011111100000000011111111100000000011111000000000011111111111111000000000000000000000000000000000000001111110000000111111110000000000001111000000000001111100000
111111111111111111111111111111111111111111111111111111111111111111111111111111111111111111111111111100001111111110000000111111110000001111111100000011111111100000000011111111100000111111111100000000000000111111111111111111111111111111111111110000001111111000000001111111111110000111111111110000011111
111111111111111111111111111111111111111111111111111111111111111111111111111111111111111111111111111111110000000001111111000000001111110000000011111100000000011111111100000000011111000000000011111111111111000000000000000000000000000000000000001111110000000111111110000000000001111000000000001111100000
000000000000000000000000000000000000000000000000000000000000000000000000000000000000000000000000000000001111111110000000111111110000001111111100000011111111100000000011111111100000111111111100000000000000111111111111111111111111111111111111110000001111111000000001111111111110000111111111110000011111
111111111111111111111111111111111111111111111111111111111111111111111111111111111111111111111111111111110000000001111111000000001111110000000011111100000000011111111100000000011111000000000011111111111111000000000000000000000000000000000000001111110000000111111110000000000001111000000000001111100000
111111111111111111111111111111111111111111111111111111111111111111111111111111111111111111111111111100001111111110000000111111110000001111111100000011111111100000000011111111100000111111111100000000000000111111111111111111111111111111111111110000001111111000000001111111111110000111111111110000011111
000000000000000000000000000000000000000000000000000000000000000000000000000000000000000000000000000011110000000001111111000000001111110000000011111100000000011111111100000000011111000000000011111111111111000000000000000000000000000000000000001111110000000111111110000000000001111000000000001111100000
111111111111111111111111111111111111111111111111111111111111111111111111111111111111111111111111111100001100001110000000111101110000001111111100000011100111100000000011000001100000110000001100000000000000111111111111111111111111111111111111110000001111111000000001111111111110000111111111110000011111
111111111111111111111111111111111111111111111111111111111111111111111111111111111111111111111111111111110011110001111111000010001111110000000011111100011000011111111100111110011111001111110011111111111111000000000000000000000000000000000000001111110000000111111110000000000001111000000000001111100000
000000000000000000000000000000000000000000000000000000000000000000000000000000000000000000000000000000001100001110000000111101110000001111111100000011100111100000000011000001100000110000001100000000000000111111111111111111111111111111111111110000001111111000000001111111111110000111111111110000011111
111111111111111111111111111111111111111111111111111111111111111111111111111111111111111111111111111111110011110001111111000010001111110000000011111100011000011111111100111110011111001111110011111111111111000000000000000000000000000000000000001111110000000111111110000000000001111000000000001111100000
111111111111111111111111111111111111111111111111111111111111111111111111111111111111111111111111111100001100001110000000111101110000001111111100000011100111100000000011000001100000110000001100000000000000111111111111111111111111111111111111110000001111111000000001111111111110000111111111110000011111
000000000000000000000000000000000000000000000000000000000000000000000000000000000000000000000000000011110011110001111111000010001111110000000011111100011000011111111100111110011111001111110011111111111111000000000000000000000000000000000000001111110000000111111110000000000001111000000000001111100000
111111111111111111111111111111111111111111111111111111111111111111111111111111111111111111111111111100001100001110000000111101110000001111111100000011100111100000000011000001100000110000001100000000000000111111111111111111111111111111111111110000001111111000000001111111111110000111111111110000011111
111111111111111111111111111111111111111111111111111111111111111111111111111111111111111111111111111111110011110001111111000010001111110000000011111100011000011111111100111110011111001111110011111111111111000000000000000000000000000000000000001111110000000111111110000000000001111000000000001111100000
000000000000000000000000000000000000000000000000000000000000000000000000000000000000000000000000000000001100001110000000111101110000001111111100000011100111100000000011000001100000110000001100000000000000111111111111111111111111111111111111110000001111111000000001111111111110000111111111110000011111
111111111111111111111111111111111111111111111111111111111111111111111111111111111111111111111111111111110011110001111111000010001111110000000011111100011000011111111100111110011111001111110011111111111111000000000000000000000000000000000000001111110000000111111110000000000001111000000000001111100000
111111111111111111111111111111111111111111111111111111111111111111111111111111111111111111111111111110000000000000000000000000000000000000000000000000000000000011110000000000000000000000000000111000000000000000000000000000000000000000000000000000000000000000000000000000000000000000000000000000000000
000000000000000000000000000000000000000000000000000000000000000000000000000000000000000000000000000000001100001110000000111101110000001111111100000011100111100000000011000001100000110000001100000000000000111111111111111111111111111111111111110000001111111000000001111111111110000111111111110000011111
111111111111111111111111111111111111111111111111111111111111111111111111111111111111111111111111111111110011110001111111000010001111110000000011111100011000011111111100111110011111001111110011111111111111000000000000000000000000000000000000001111110000000111111110000000000001111000000000001111100000
111111111111111111111111111111111111111111111111111111111111111111111111111111111111111111111111111100001100001110000000111101110000001111111100000011100111100000000011000001100000110000001100000000000000111111111111111111111111111111111111110000001111111000000001111111111110000111111111110000011111
000000000000000000000000000000000000000000000000000000000000000000000000000000000000000000000000000011110011110001111111000010001111110000000011111100011000011111111100111110011111001111110011111111111111000000000000000000000000000000000000001111110000000111111110000000000001111000000000001111100000
111111111111111111111111111111111111111111111111111111111111111111111111111111111111111111111111111100001100001110000000111101110000001111111100000011100111100000000011000001100000110000001100000000000000111111111111111111111111111111111111110000001111111000000001111111111110000111111111110000011111
111111111111111111111111111111111111111111111111111111111111111111111111111111111111111111111111111111110011110001111111000010001111110000000011111100011000011111111100111110011111001111110011111111111111000000000000000000000000000000000000001111110000000111111110000000000001111000000000001111100000
000000000000000000000000000000000000000000000000000000000000000000000000000000000000000000000000000000001100001110000000111101110000001111111100000011100111100000000011000001100000110000001100000000000000111111111111111111111111111111111111110000001111111000000001111111111110000111111111110000011111
111111111111111111111111111111111111111111111111111111111111111111111111111111111111111111111111111111110011110001111111000010001111110000000011111100011000011111111100111110011111001111110011111111111111000000000000000000000000000000000000001111110000000111111110000000000001111000000000001111100000
111111111111111111111111111111111111111111111111111111111111111111111111111111111111111111111111111100001100001110000000111101110000001111111100000011100111100000000011000001100000110000001100000000000000111111111111111111111111111111111111110000001111111000000001111111111110000111111111110000011111
000000000000000000000000000000000000000000000000000000000000000000000000000000000000000000000000000011110000000001111111000000001111110000000011111100000000011111111100000000011111000000000011111111111111000000000000000000000000000000000000001111110000000111111110000000000001111000000000001111100000
111111111111111111111111111111111111111111111111111111111111111111111111111111111111111111111111111100001111111110000000111111110000001111111100000011111111100000000011111111100000111111111100000000000000111111111111111111111111111111111111110000001111111000000001111111111110000111111111110000011111
111111111111111111111111111111111111111111111111111111111111111111111111111111111111111111111111111111110000000001111111000000001111110000000011111100000000011111111100000000011111000000000011111111111111000000000000000000000000000000000000001111110000000111111110000000000001111000000000001111100000
000000000000000000000000000000000000000000000000000000000000000000000000000000000000000000000000000000001111111110000000111111110000001111111100000011111111100000000011111111100000111111111100000000000000111111111111111111111111111111111111110000001111111000000001111111111110000111111111110000011111
111111111111111111111111111111111111111111111111111111111111111111111111111111111111111111111111111111110000000001111111000000001111110000000011111100000000011111111100000000011111000000000011111111111111000000000000000000000000000000000000001111110000000111111110000000000001111000000000001111100000
111111111111111111111111111111111111111111111111111111111111111111111111111111111111111111111111111100001111111110000000111111110000001111111100000011111111100000000011111111100000111111111100000000000000111111111111111111111111111111111111110000001111111000000001111111111110000111111111110000011111
000000000000000000000000000000000000000000000000000000000000000000000000000000000000000000000000000011110000000001111111000000001111110000000011111100000000011111111100000000011111000000000011111111111111000000000000000000000000000000000000001111110000000111111110000000000001111000000000001111100000
111111111111111111111111111111111111111111111111111111111111111111111111111111111111111111111111111100000011110000000000000010000000000000000000000000011000000000000000111110000000001111110000000000000000000000000000000000000000000000000000000000000000000000000000000000000000000000000000000000000000
111111111111111111111111111111111111111111111111111111111111111111111111111111111111111111111111111111111100001111111111111101111111111111111111111111100111111111111111000001111111110000001111111111111111111111111111111111111111111111111111111111111111111111111111111111111111111111111111111111111111
000000000000000000000000000000000000000000000000000000000000000000000000000000000000000000000000000000000000000000000000000000000000000000000000000000000000000000000000000000000000000000000000000000000000000000000000000000000000000000000000000000000000000000000000000000000000000000000000000000000000
111111111111111111111111111111111111111111111111111111111111111111111111111111111111111111111111111111111111111111111111111111111111111111111111111111111111111111111111111111111111111111111111111111111111111111111111111111111111111111111111111111111111111111111111111111111111111111111111111111111111
111111111111111111111111111111111111111111111111111111111111111111111111111111111111111111111111111100000000000000000000000000000000000000000000000000000000000000000000000000000000000000000000000000000000000000000000000000000000000000000000000000000000000000000000000000000000000000000000000000000000
000000000000000000000000000000000000000000000000000000000000000000000000000000000000000000000000000011111111111111111111111111111111111111111111111111111111111111111111111111111111111111111111111111111111111111111111111111111111111111111111111111111111111111111111111111111111111111111111111111111111
111111111111111111111111111111111111111111111111111111111111111111111111111111111111111111111111111100000000000000000000000000000000000000000000000000000000000000000000000000000000000000000000000000000000000000000000000000000000000000000000000000000000000000000000000000000000000000000000000000000000
111111111111111111111111111111111111111111111111111111111111111111111111111111111111111111111111111111111111111111111111111111111111111111111111111111111111111111111111111111111111111111111111111111111111111111111111111111111111111111111111111111111111111111111111111111111111111111111111111111111111
000000000000000000000000000000000000000000000000000000000000000000000000000000000000000000000000000000000000000000000000000000000000000000000000000000000000000000000000000000000000000000000000000000000000000000000000000000000000000000000000000000000000000000000000000000000000000000000000000000000000
000000000000000000000000000000000000000000000000000000000000000000000000000000000000000000000000000000000000000000000000000000000000000000000000000000000000000000000000000000000000000000000000000000000000000000000000000000000000000000000000000000000000000000000000000000000000000000000000000000000000
000000000000000000000000000000000000000000000000000000000000000000000000000000000000000000000000000000000000000000000000000000000000000000000000000000000000000000000000000000000000000000000000000000000000000000000000000000000000000000000000000000000000000000000000000000000000000000000000000000000000
000000000000000000000000000000000000000000000000000000000000000000000000000000000000000000000000000000000000000000000000000000000000000000000000000000000000000000000000000000000000000000000000000000000000000000000000000000000000000000000000000000000000000000000000000000000000000000000000000000000000
000000000000000000000000000000000000000000000000000000000000000000000000000000000000000000000000000000000000000000000000000000000000000000000000000000000000000000000000000000000000000000000000000000000000000000000000000000000000000000000000000000000000000000000000000000000000000000000000000000000000
000000000000000000000000000000000000000000000000000000000000000000000000000000000000000000000000000000000000000000000000000000000000000000000000000000000000000000000000000000000000000000000000000000000000000000000000000000000000000000000000000000000000000000000000000000000000000000000000000000000000
000000000000000000000000000000000000000000000000000000000000000000000000000000000000000000000000000000000000000000000000000000000000000000000000000000000000000000000000000000000000000000000000000000000000000000000000000000000000000000000000000000000000000000000000000000000000000000000000000000000000
000000000000000000000000000000000000000000000000000000000000000000000000000000000000000000000000000000000000000000000000000000000000000000000000000000000000000000000000000000000000000000000000000000000000000000000000000000000000000000000000000000000000000000000000000000000000000000000000000000000000
000000000000000000000000000000000000000000000000000000000000000000000000000000000000000000000000000000000000000000000000000000000000000000000000000000000000000000000000000000000000000000000000000000000000000000000000000000000000000000000000000000000000000000000000000000000000000000000000000000000000
000000000000000000000000000000000000000000000000000000000000000000000000000000000000000000000000000000000000000000000000000000000000000000000000000000000000000000000000000000000000000000000000000000000000000000000000000000000000000000000000000000000000000000000000000000000000000000000000000000000000
111111111111111111111111111111111111111111111111111111111111111111111111111111111111111111111111111111111111111111111111111111111111111111111111111111111111111111111111111111111111111111111111111111111111111111111111111111111111111111111111111111111111111111111111111111111111111111111111111111111111
111111111111111111111111111111111111111111111111111111111111111111111111111111111111111111111111111100000000000000000000000000000000000000000000000000000000000000000000000000000000000000000000000000000000000000000000000000000000000000000000000000000000000000000000000000000000000000000000000000000000
000000000000000000000000000000000000000000000000000000000000000000000000000000000000000000000000000011111111111111111111111111111111111111111111111111111111111111111111111111111111111111111111111111111111111111111111111111111111111111111111111111111111111111111111111111111111111111111111111111111111
111111111111111111111111111111111111111111111111111111111111111111111111111111111111111111111111111100000000000000000000000000000000000000000000000000000000000000000000000000000000000000000000000000000000000000000000000000000000000000000000000000000000000000000000000000000000000000000000000000000000
111111111111111111111111111111111111111111111111111111111111111111111111111111111111111111111111111111111111111111111111111111111111111111111111111111111111111111111111111111111111111111111111111111111111111111111111111111111111111111111111111111111111111111111111111111111111111111111111111111111111
000000000000000000000000000000000000000000000000000000000000000000000000000000000000000000000000000000000000000000000000000000000000000000000000000000000000000000000000000000000000000000000000000000000000000000000000000000000000000000000000000000000000000000000000000000000000000000000000000000000000
111111111111111111111111111111111111111111111111111111111111111111111111111111111111111111111111111111111111111111110000111111111111110111111111111111111111111110011111111111111100000111111111000000111111111111111111111111111111111111111111111111111111111111111111111111111111111111111111111111111111
111111111111111111111111111111111111111111111111111111111111111111111111111111111111111111111111111100000000000000001111000000000000001000000000000000000000000001100000000000000011111000000000111111000000000000000000000000000000000000000000000000000000000000000000000000000000000000000000000000000000
000000000000000000000000000000000000000000000000000000000000000000000000000000000000000000000000000000000001111111000000000111111100000000111111000000001111110000000001111111110000000001111100000000000000000001111100000000000000000000000000000000000000111111000000011111111000000000000111100000000000
111111111111111111111111111111111111111111111111111111111111111111111111111111111111111111111111111111111110000000111111111000000011111111000000111111110000001111111110000000001111111110000011111111111111111110000011111111111111111111111111111111111111000000111111100000000111111111111000011111111111
111111111111111111111111111111111111111111111111111111111111111111111111111111111111111111111111111100000001111111000000000111111100000000111111000000001111110000000001111111110000000001111100000000000000000001111100000000000000000000000000000000000000111111000000011111111000000000000111100000000000
000000000000000000000000000000000000000000000000000000000000000000000000000000000000000000000000000011111110000000111111111000000011111111000000111111110000001111111110000000001111111110000011111111111111111110000011111111111111111111111111111111111111000000111111100000000111111111111000011111111111
111111111111111111111111111111111111111111111111111111111111111111111111111111111111111111111111111100000001111111000000000111111100000000111111000000001111110000000001111111110000000001111100000000000000000001111100000000000000000000000000000000000000111111000000011111111000000000000111100000000000
111111111111111111111111111111111111111111111111111111111111111111111111111111111111111111111111111111111110000000111111111000000011111111000000111111110000001111111110000000001111111110000011111111111111111110000011111111111111111111111111111111111111000000111111100000000111111111111000011111111111
000000000000000000000000000000000000000000000000000000000000000000000000000000000000000000000000000000000001111111000000000111111100000000111111000000001111110000000001111111110000000001111100000000000000000001111100000000000000000000000000000000000000111111000000011111111000000000000111100000000000
111111111111111111111111111111111111111111111111111111111111111111111111111111111111111111111111111111111110000000110000111000000011110111000000111111110000001110011110000000001100000110000011000000111111111110000011111111111111111111111111111111111111000000111111100000000111111111111000011111111111
111111111111111111111111111111111111111111111111111111111111111111111111111111111111111111111111111100000001111111001111000111111100001000111111000000001111110001100001111111110011111001111100111111000000000001111100000000000000000000000000000000000000111111000000011111111000000000000111100000000000
000000000000000000000000000000000000000000000000000000000000000000000000000000000000000000000000000011111110000000110000111000000011110111000000111111110000001110011110000000001100000110000011000000111111111110000011111111111111111111111111111111111111000000111111100000000111111111111000011111111111
111111111111111111111111111111111111111111111111111111111111111111111111111111111111111111111111111100000001111111001111000111111100001000111111000000001111110001100001111111110011111001111100111111000000000001111100000000000000000000000000000000000000111111000000011111111000000000000111100000000000
111111111111111111111111111111111111111111111111111111111111111111111111111111111111111111111111111111111110000000110000111000000011110111000000111111110000001110011110000000001100000110000011000000111111111110000011111111111111111111111111111111111111000000111111100000000111111111111000011111111111
000000000000000000000000000000000000000000000000000000000000000000000000000000000000000000000000000000000001111111001111000111111100001000111111000000001111110001100001111111110011111001111100111111000000000001111100000000000000000000000000000000000000111111000000011111111000000000000111100000000000
111111111111111111111111111111111111111111111111111111111111111111111111111111111111111111111111111111111110000000110000111000000011110111000000111111110000001110011110000000001100000110000011000000111111111110000011111111111111111111111111111111111111000000111111100000000111111111111000011111111111
111111111111111111111111111111111111111111111111111111111111111111111111111111111111111111111111111100000001111111001111000111111100001000111111000000001111110001100001111111110011111001111100111111000000000001111100000000000000000000000000000000000000111111000000011111111000000000000111100000000000
000000000000000000000000000000000000000000000000000000000000000000000000000000000000000000000000000011111110000000110000111000000011110111000000111111110000001110011110000000001100000110000011000000111111111110000011111111111111111111111111111111111111000000111111100000000111111111111000011111111111
111111111111111111111111111111111111111111111111111111111111111111111111111111111111111111111111111100000001111111001111000111111100001000111111000000001111110001100001111111110011111001111100111111000000000001111100000000000000000000000000000000000000111111000000011111111000000000000111100000000000
111111111111111111111111111111111111111111111111111111111111111111111111111111111111111111111111111100000000011000000000000000000000000000000000000000000000000000000000001111000000000000000000000000000000000000000000000000000000000000000000000000000000000000000000000000000000000000000000000000000000
000000000000000000000000000000000000000000000000000000000000000000000000000000000000000000000000000011111110000000110000111000000011110111000000111111110000001110011110000000001100000110000011000000111111111110000011111111111111111111111111111111111111000000111111100000000111111111111000011111111111
111111111111111111111111111111111111111111111111111111111111111111111111111111111111111111111111111100000001111111001111000111111100001000111111000000001111110001100001111111110011111001111100111111000000000001111100000000000000000000000000000000000000111111000000011111111000000000000111100000000000
111111111111111111111111111111111111111111111111111111111111111111111111111111111111111111111111111111111110000000110000111000000011110111000000111111110000001110011110000000001100000110000011000000111111111110000011111111111111111111111111111111111111000000111111100000000111111111111000011111111111
000000000000000000000000000000000000000000000000000000000000000000000000000000000000000000000000000000000001111111001111000111111100001000111111000000001111110001100001111111110011111001111100111111000000000001111100000000000000000000000000000000000000111111000000011111111000000000000111100000000000
111111111111111111111111111111111111111111111111111111111111111111111111111111111111111111111111111111111110000000110000111000000011110111000000111111110000001110011110000000001100000110000011000000111111111110000011111111111111111111111111111111111111000000111111100000000111111111111000011111111111
111111111111111111111111111111111111111111111111111111111111111111111111111111111111111111111111111100000001111111001111000111111100001000111111000000001111110001100001111111110011111001111100111111000000000001111100000000000000000000000000000000000000111111000000011111111000000000000111100000000000
000000000000000000000000000000000000000000000000000000000000000000000000000000000000000000000000000011111110000000110000111000000011110111000000111111110000001110011110000000001100000110000011000000111111111110000011111111111111111111111111111111111111000000111111100000000111111111111000011111111111
111111111111111111111111111111111111111111111111111111111111111111111111111111111111111111111111111100000001111111001111000111111100001000111111000000001111110001100001111111110011111001111100111111000000000001111100000000000000000000000000000000000000111111000000011111111000000000000111100000000000
111111111111111111111111111111111111111111111111111111111111111111111111111111111111111111111111111111111110000000110000111000000011110111000000111111110000001110011110000000001100000110000011000000111111111110000011111111111111111111111111111111111111000000111111100000000111111111111000011111111111
000000000000000000000000000000000000000000000000000000000000000000000000000000000000000000000000000000000001111111000000000111111100000000111111000000001111110000000001111111110000000001111100000000000000000001111100000000000000000000000000000000000000111111000000011111111000000000000111100000000000
111111111111111111111111111111111111111111111111111111111111111111111111111111111111111111111111111111111110000000111111111000000011111111000000111111110000001111111110000000001111111110000011111111111111111110000011111111111111111111111111111111111111000000111111100000000111111111111000011111111111
111111111111111111111111111111111111111111111111111111111111111111111111111111111111111111111111111100000001111111000000000111111100000000111111000000001111110000000001111111110000000001111100000000000000000001111100000000000000000000000000000000000000111111000000011111111000000000000111100000000000
000000000000000000000000000000000000000000000000000000000000000000000000000000000000000000000000000011111110000000111111111000000011111111000000111111110000001111111110000000001111111110000011111111111111111110000011111111111111111111111111111111111111000000111111100000000111111111111000011111111111
111111111111111111111111111111111111111111111111111111111111111111111111111111111111111111111111111100000001111111000000000111111100000000111111000000001111110000000001111111110000000001111100000000000000000001111100000000000000000000000000000000000000111111000000011111111000000000000111100000000000
111111111111111111111111111111111111111111111111111111111111111111111111111111111111111111111111111111111110000000111111111000000011111111000000111111110000001111111110000000001111111110000011111111111111111110000011111111111111111111111111111111111111000000111111100000000111111111111000011111111111
000000000000000000000000000000000000000000000000000000000000000000000000000000000000000000000000000000000001111111000000000111111100000000111111000000001111110000000001111111110000000001111100000000000000000001111100000000000000000000000000000000000000111111000000011111111000000000000111100000000000
111111111111111111111111111111111111111111111111111111111111111111111111111111111111111111111111111100000000000000001111000000000000001000000000000000000000000001100000000000000011111000000000111111000000000000000000000000000000000000000000000000000000000000000000000000000000000000000000000000000000
111111111111111111111111111111111111111111111111111111111111111111111111111111111111111111111111111111111111111111110000111111111111110111111111111111111111111110011111111111111100000111111111000000111111111111111111111111111111111111111111111111111111111111111111111111111111111111111111111111111111
000000000000000000000000000000000000000000000000000000000000000000000000000000000000000000000000000000000000000000000000000000000000000000000000000000000000000000000000000000000000000000000000000000000000000000000000000000000000000000000000000000000000000000000000000000000000000000000000000000000000
111111111111111111111111111111111111111111111111111111111111111111111111111111111111111111111111111111111111111111111111111111111111111111111111111111111111111111111111111111111111111111111111111111111111111111111111111111111111111111111111111111111111111111111111111111111111111111111111111111111111
111111111111111111111111111111111111111111111111111111111111111111111111111111111111111111111111111100000000000000000000000000000000000000000000000000000000000000000000000000000000000000000000000000000000000000000000000000000000000000000000000000000000000000000000000000000000000000000000000000000000
000000000000000000000000000000000000000000000000000000000000000000000000000000000000000000000000000011111111111111111111111111111111111111111111111111111111111111111111111111111111111111111111111111111111111111111111111111111111111111111111111111111111111111111111111111111111111111111111111111111111
111111111111111111111111111111111111111111111111111111111111111111111111111111111111111111111111111100000000000000000000000000000000000000000000000000000000000000000000000000000000000000000000000000000000000000000000000000000000000000000000000000000000000000000000000000000000000000000000000000000000
111111111111111111111111111111111111111111111111111111111111111111111111111111111111111111111111111111111111111111111111111111111111111111111111111111111111111111111111111111111111111111111111111111111111111111111111111111111111111111111111111111111111111111111111111111111111111111111111111111111111
000000000000000000000000000000000000000000000000000000000000000000000000000000000000000000000000000000000000000000000000000000000000000000000000000000000000000000000000000000000000000000000000000000000000000000000000000000000000000000000000000000000000000000000000000000000000000000000000000000000000
000000000000000000000000000000000000000000000000000000000000000000000000000000000000000000000000000000000000000000000000000000000000000000000000000000000000000000000000000000000000000000000000000000000000000000000000000000000000000000000000000000000000000000000000000000000000000000000000000000000000
000000000000000000000000000000000000000000000000000000000000000000000000000000000000000000000000000000000000000000000000000000000000000000000000000000000000000000000000000000000000000000000000000000000000000000000000000000000000000000000000000000000000000000000000000000000000000000000000000000000000
000000000000000000000000000000000000000000000000000000000000000000000000000000000000000000000000000000000000000000000000000000000000000000000000000000000000000000000000000000000000000000000000000000000000000000000000000000000000000000000000000000000000000000000000000000000000000000000000000000000000
000000000000000000000000000000000000000000000000000000000000000000000000000000000000000000000000000000000000000000000000000000000000000000000000000000000000000000000000000000000000000000000000000000000000000000000000000000000000000000000000000000000000000000000000000000000000000000000000000000000000
000000000000000000000000000000000000000000000000000000000000000000000000000000000000000000000000000000000000000000000000000000000000000000000000000000000000000000000000000000000000000000000000000000000000000000000000000000000000000000000000000000000000000000000000000000000000000000000000000000000000
000000000000000000000000000000000000000000000000000000000000000000000000000000000000000000000000000000000000000000000000000000000000000000000000000000000000000000000000000000000000000000000000000000000000000000000000000000000000000000000000000000000000000000000000000000000000000000000000000000000000
000000000000000000000000000000000000000000000000000000000000000000000000000000000000000000000000000000000000000000000000000000000000000000000000000000000000000000000000000000000000000000000000000000000000000000000000000000000000000000000000000000000000000000000000000000000000000000000000000000000000
000000000000000000000000000000000000000000000000000000000000000000000000000000000000000000000000000000000000000000000000000000000000000000000000000000000000000000000000000000000000000000000000000000000000000000000000000000000000000000000000000000000000000000000000000000000000000000000000000000000000
000000000000000000000000000000000000000000000000000000000000000000000000000000000000000000000000000000000000000000000000000000000000000000000000000000000000000000000000000000000000000000000000000000000000000000000000000000000000000000000000000000000000000000000000000000000000000000000000000000000000
111111111111111111111111111111111111111111111111111111111111111111111111111111111111111111111111111111111111111111111111111111111111111111111111111111111111111111111111111111111111111111111111111111111111111111111111111111111111111111111111111111111111111111111111111111111111111111111111111111111111
111111111111111111111111111111111111111111111111111111111111111111111111111111111111111111111111111100000000000000000000000000000000000000000000000000000000000000000000000000000000000000000000000000000000000000000000000000000000000000000000000000000000000000000000000000000000000000000000000000000000
000000000000000000000000000000000000000000000000000000000000000000000000000000000000000000000000000011111111111111111111111111111111111111111111111111111111111111111111111111111111111111111111111111111111111111111111111111111111111111111111111111111111111111111111111111111111111111111111111111111111
111111111111111111111111111111111111111111111111111111111111111111111111111111111111111111111111111100000000000000000000000000000000000000000000000000000000000000000000000000000000000000000000000000000000000000000000000000000000000000000000000000000000000000000000000000000000000000000000000000000000
111111111111111111111111111111111111111111111111111111111111111111111111111111111111111111111111111111111111111111111111111111111111111111111111111111111111111111111111111111111111111111111111111111111111111111111111111111111111111111111111111111111111111111111111111111111111111111111111111111111111
000000000000000000000000000000000000000000000000000000000000000000000000000000000000000000000000000000000000000000000000000000000000000000000000000000000000000000000000000000000000000000000000000000000000000000000000000000000000000000000000000000000000000000000000000000000000000000000000000000000000
111111111111111111111111111111111111111111111111111111111111111111111111111111111111111111111111111111111111111111111111111111000011111111111111011111111111111111111111111001111111111111110000011111111111111111111111111111111111111111111111111111111111111111111111111111111111111111111111111111111111
111111111111111111111111111111111111111111111111111111111111111111111111111111111111111111111111111100000000000000000000000000111100000000000000100000000000000000000000000110000000000000001111100000000000000000000000000000000000000000000000000000000000000000000000000000000000000000000000000000000000
000000000000000000000000000000000000000000000000000000000000000000000000000000000000000000000000000011111110000000000111111100000000011111110000000011111100000000111111000000000111111111000000000111111111100000000000000111110000000000000000000000000000000000000011111100000001111111100000000000011110
111111111111111111111111111111111111111111111111111111111111111111111111111111111111111111111111111100000001111111111000000011111111100000001111111100000011111111000000111111111000000000111111111000000000011111111111111000001111111111111111111111111111111111111100000011111110000000011111111111100001
111111111111111111111111111111111111111111111111111111111111111111111111111111111111111111111111111111111110000000000111111100000000011111110000000011111100000000111111000000000111111111000000000111111111100000000000000111110000000000000000000000000000000000000011111100000001111111100000000000011110
000000000000000000000000000000000000000000000000000000000000000000000000000000000000000000000000000000000001111111111000000011111111100000001111111100000011111111000000111111111000000000111111111000000000011111111111111000001111111111111111111111111111111111111100000011111110000000011111111111100001
111111111111111111111111111111111111111111111111111111111111111111111111111111111111111111111111111111111110000000000111111100000000011111110000000011111100000000111111000000000111111111000000000111111111100000000000000111110000000000000000000000000000000000000011111100000001111111100000000000011110
111111111111111111111111111111111111111111111111111111111111111111111111111111111111111111111111111100000001111111111000000011111111100000001111111100000011111111000000111111111000000000111111111000000000011111111111111000001111111111111111111111111111111111111100000011111110000000011111111111100001
000000000000000000000000000000000000000000000000000000000000000000000000000000000000000000000000000011111110000000000111111100000000011111110000000011111100000000111111000000000111111111000000000111111111100000000000000111110000000000000000000000000000000000000011111100000001111111100000000000011110
111111111111111111111111111111111111111111111111111111111111111111111111111111111111111111111111111100000001111111111000000011000011100000001111011100000011111111000000111001111000000000110000011000000000011111111111111000001111111111111111111111111111111111111100000011111110000000011111111111100001
111111111111111111111111111111111111111111111111111111111111111111111111111111111111111111111111111111111110000000000111111100111100011111110000100011111100000000111111000110000111111111001111100111111111100000000000000111110000000000000000000000000000000000000011111100000001111111100000000000011110
000000000000000000000000000000000000000000000000000000000000000000000000000000000000000000000000000000000001111111111000000011000011100000001111011100000011111111000000111001111000000000110000011000000000011111111111111000001111111111111111111111111111111111111100000011111110000000011111111111100001
111111111111111111111111111111111111111111111111111111111111111111111111111111111111111111111111111111111110000000000111111100111100011111110000100011111100000000111111000110000111111111001111100111111111100000000000000111110000000000000000000000000000000000000011111100000001111111100000000000011110
111111111111111111111111111111111111111111111111111111111111111111111111111111111111111111111111111100000001111111111000000011000011100000001111011100000011111111000000111001111000000000110000011000000000011111111111111000001111111111111111111111111111111111111100000011111110000000011111111111100001
000000000000000000000000000000000000000000000000000000000000000000000000000000000000000000000000000011111110000000000111111100111100011111110000100011111100000000111111000110000111111111001111100111111111100000000000000111110000000000000000000000000000000000000011111100000001111111100000000000011110
111111111111111111111111111111111111111111111111111111111111111111111111111111111111111111111111111100000001111111111000000011000011100000001111011100000011111111000000111001111000000000110000011000000000011111111111111000001111111111111111111111111111111111111100000011111110000000011111111111100001
111111111111111111111111111111111111111111111111111111111111111111111111111111111111111111111111111111111110000000000111111100111100011111110000100011111100000000111111000110000111111111001111100111111111100000000000000111110000000000000000000000000000000000000011111100000001111111100000000000011110
000000000000000000000000000000000000000000000000000000000000000000000000000000000000000000000000000000000001111111111000000011000011100000001111011100000011111111000000111001111000000000110000011000000000011111111111111000001111111111111111111111111111111111111100000011111110000000011111111111100001
111111111111111111111111111111111111111111111111111111111111111111111111111111111111111111111111111111111110000000000111111100111100011111110000100011111100000000111111000110000111111111001111100111111111100000000000000111110000000000000000000000000000000000000011111100000001111111100000000000011110
111111111111111111111111111111111111111111111111111111111111111111111111111111111111111111111111111100111000000000000001100000000000000000000000000000000000000000000000000000000000111100000000000000000000000000000000000000000000000000000000000000000000000000000000000000000000000000000000000000000000
000000000000000000000000000000000000000000000000000000000000000000000000000000000000000000000000000000000001111111111000000011000011100000001111011100000011111111000000111001111000000000110000011000000000011111111111111000001111111111111111111111111111111111111100000011111110000000011111111111100001
111111111111111111111111111111111111111111111111111111111111111111111111111111111111111111111111111111111110000000000111111100111100011111110000100011111100000000111111000110000111111111001111100111111111100000000000000111110000000000000000000000000000000000000011111100000001111111100000000000011110
111111111111111111111111111111111111111111111111111111111111111111111111111111111111111111111111111100000001111111111000000011000011100000001111011100000011111111000000111001111000000000110000011000000000011111111111111000001111111111111111111111111111111111111100000011111110000000011111111111100001
000000000000000000000000000000000000000000000000000000000000000000000000000000000000000000000000000011111110000000000111111100111100011111110000100011111100000000111111000110000111111111001111100111111111100000000000000111110000000000000000000000000000000000000011111100000001111111100000000000011110
111111111111111111111111111111111111111111111111111111111111111111111111111111111111111111111111111100000001111111111000000011000011100000001111011100000011111111000000111001111000000000110000011000000000011111111111111000001111111111111111111111111111111111111100000011111110000000011111111111100001
111111111111111111111111111111111111111111111111111111111111111111111111111111111111111111111111111111111110000000000111111100111100011111110000100011111100000000111111000110000111111111001111100111111111100000000000000111110000000000000000000000000000000000000011111100000001111111100000000000011110
000000000000000000000000000000000000000000000000000000000000000000000000000000000000000000000000000000000001111111111000000011000011100000001111011100000011111111000000111001111000000000110000011000000000011111111111111000001111111111111111111111111111111111111100000011111110000000011111111111100001
111111111111111111111111111111111111111111111111111111111111111111111111111111111111111111111111111111111110000000000111111100111100011111110000100011111100000000111111000110000111111111001111100111111111100000000000000111110000000000000000000000000000000000000011111100000001111111100000000000011110
111111111111111111111111111111111111111111111111111111111111111111111111111111111111111111111111111100000001111111111000000011000011100000001111011100000011111111000000111001111000000000110000011000000000011111111111111000001111111111111111111111111111111111111100000011111110000000011111111111100001
000000000000000000000000000000000000000000000000000000000000000000000000000000000000000000000000000011111110000000000111111100000000011111110000000011111100000000111111000000000111111111000000000111111111100000000000000111110000000000000000000000000000000000000011111100000001111111100000000000011110
111111111111111111111111111111111111111111111111111111111111111111111111111111111111111111111111111100000001111111111000000011111111100000001111111100000011111111000000111111111000000000111111111000000000011111111111111000001111111111111111111111111111111111111100000011111110000000011111111111100001
111111111111111111111111111111111111111111111111111111111111111111111111111111111111111111111111111111111110000000000111111100000000011111110000000011111100000000111111000000000111111111000000000111111111100000000000000111110000000000000000000000000000000000000011111100000001111111100000000000011110
000000000000000000000000000000000000000000000000000000000000000000000000000000000000000000000000000000000001111111111000000011111111100000001111111100000011111111000000111111111000000000111111111000000000011111111111111000001111111111111111111111111111111111111100000011111110000000011111111111100001
111111111111111111111111111111111111111111111111111111111111111111111111111111111111111111111111111111111110000000000111111100000000011111110000000011111100000000111111000000000111111111000000000111111111100000000000000111110000000000000000000000000000000000000011111100000001111111100000000000011110
111111111111111111111111111111111111111111111111111111111111111111111111111111111111111111111111111100000001111111111000000011111111100000001111111100000011111111000000111111111000000000111111111000000000011111111111111000001111111111111111111111111111111111111100000011111110000000011111111111100001
000000000000000000000000000000000000000000000000000000000000000000000000000000000000000000000000000011111110000000000111111100000000011111110000000011111100000000111111000000000111111111000000000111111111100000000000000111110000000000000000000000000000000000000011111100000001111111100000000000011110
111111111111111111111111111111111111111111111111111111111111111111111111111111111111111111111111111100000000000000000000000000111100000000000000100000000000000000000000000110000000000000001111100000000000000000000000000000000000000000000000000000000000000000000000000000000000000000000000000000000000
111111111111111111111111111111111111111111111111111111111111111111111111111111111111111111111111111111111111111111111111111111000011111111111111011111111111111111111111111001111111111111110000011111111111111111111111111111111111111111111111111111111111111111111111111111111111111111111111111111111111
000000000000000000000000000000000000000000000000000000000000000000000000000000000000000000000000000000000000000000000000000000000000000000000000000000000000000000000000000000000000000000000000000000000000000000000000000000000000000000000000000000000000000000000000000000000000000000000000000000000000
111111111111111111111111111111111111111111111111111111111111111111111111111111111111111111111111111111111111111111111111111111111111111111111111111111111111111111111111111111111111111111111111111111111111111111111111111111111111111111111111111111111111111111111111111111111111111111111111111111111111
111111111111111111111111111111111111111111111111111111111111111111111111111111111111111111111111111100000000000000000000000000000000000000000000000000000000000000000000000000000000000000000000000000000000000000000000000000000000000000000000000000000000000000000000000000000000000000000000000000000000
000000000000000000000000000000000000000000000000000000000000000000000000000000000000000000000000000011111111111111111111111111111111111111111111111111111111111111111111111111111111111111111111111111111111111111111111111111111111111111111111111111111111111111111111111111111111111111111111111111111111
111111111111111111111111111111111111111111111111111111111111111111111111111111111111111111111111111100000000000000000000000000000000000000000000000000000000000000000000000000000000000000000000000000000000000000000000000000000000000000000000000000000000000000000000000000000000000000000000000000000000
111111111111111111111111111111111111111111111111111111111111111111111111111111111111111111111111111111111111111111111111111111111111111111111111111111111111111111111111111111111111111111111111111111111111111111111111111111111111111111111111111111111111111111111111111111111111111111111111111111111111
000000000000000000000000000000000000000000000000000000000000000000000000000000000000000000000000000000000000000000000000000000000000000000000000000000000000000000000000000000000000000000000000000000000000000000000000000000000000000000000000000000000000000000000000000000000000000000000000000000000000
000000000000000000000000000000000000000000000000000000000000000000000000000000000000000000000000000000000000000000000000000000000000000000000000000000000000000000000000000000000000000000000000000000000000000000000000000000000000000000000000000000000000000000000000000000000000000000000000000000000000
000000000000000000000000000000000000000000000000000000000000000000000000000000000000000000000000000000000000000000000000000000000000000000000000000000000000000000000000000000000000000000000000000000000000000000000000000000000000000000000000000000000000000000000000000000000000000000000000000000000000
000000000000000000000000000000000000000000000000000000000000000000000000000000000000000000000000000000000000000000000000000000000000000000000000000000000000000000000000000000000000000000000000000000000000000000000000000000000000000000000000000000000000000000000000000000000000000000000000000000000000
000000000000000000000000000000000000000000000000000000000000000000000000000000000000000000000000000000000000000000000000000000000000000000000000000000000000000000000000000000000000000000000000000000000000000000000000000000000000000000000000000000000000000000000000000000000000000000000000000000000000
000000000000000000000000000000000000000000000000000000000000000000000000000000000000000000000000000000000000000000000000000000000000000000000000000000000000000000000000000000000000000000000000000000000000000000000000000000000000000000000000000000000000000000000000000000000000000000000000000000000000
000000000000000000000000000000000000000000000000000000000000000000000000000000000000000000000000000000000000000000000000000000000000000000000000000000000000000000000000000000000000000000000000000000000000000000000000000000000000000000000000000000000000000000000000000000000000000000000000000000000000
000000000000000000000000000000000000000000000000000000000000000000000000000000000000000000000000000000000000000000000000000000000000000000000000000000000000000000000000000000000000000000000000000000000000000000000000000000000000000000000000000000000000000000000000000000000000000000000000000000000000
000000000000000000000000000000000000000000000000000000000000000000000000000000000000000000000000000000000000000000000000000000000000000000000000000000000000000000000000000000000000000000000000000000000000000000000000000000000000000000000000000000000000000000000000000000000000000000000000000000000000
000000000000000000000000000000000000000000000000000000000000000000000000000000000000000000000000000000000000000000000000000000000000000000000000000000000000000000000000000000000000000000000000000000000000000000000000000000000000000000000000000000000000000000000000000000000000000000000000000000000000
111111111111111111111111111111111111111111111111111111111111111111111111111111111111111111111111111111111111111111111111111111111111111111111111111111111111111111111111111111111111111111111111111111111111111111111111111111111111111111111111111111111111111111111111111111111111111111111111111111111111
111111111111111111111111111111111111111111111111111111111111111111111111111111111111111111111111111100000000000000000000000000000000000000000000000000000000000000000000000000000000000000000000000000000000000000000000000000000000000000000000000000000000000000000000000000000000000000000000000000000000
000000000000000000000000000000000000000000000000000000000000000000000000000000000000000000000000000011111111111111111111111111111111111111111111111111111111111111111111111111111111111111111111111111111111111111111111111111111111111111111111111111111111111111111111111111111111111111111111111111111111
111111111111111111111111111111111111111111111111111111111111111111111111111111111111111111111111111100000000000000000000000000000000000000000000000000000000000000000000000000000000000000000000000000000000000000000000000000000000000000000000000000000000000000000000000000000000000000000000000000000000
111111111111111111111111111111111111111111111111111111111111111111111111111111111111111111111111111111111111111111111111111111111111111111111111111111111111111111111111111111111111111111111111111111111111111111111111111111111111111111111111111111111111111111111111111111111111111111111111111111111111
000000000000000000000000000000000000000000000000000000000000000000000000000000000000000000000000000000000000000000000000000000000000000000000000000000000000000000000000000000000000000000000000000000000000000000000000000000000000000000000000000000000000000000000000000000000000000000000000000000000000
111111111111111111111111111111111111111111111111111111111111111111111111111111111111111111111111111111111001111111111111111111111111111100001111111111111101111111111111111111111111100111111111111111001111111111111111111111111111111111111111111111111111111111111111111111111111111111111111111111111111
111111111111111111111111111111111111111111111111111111111111111111111111111111111111111111111111111100000110000000000000000000000000000011110000000000000010000000000000000000000000011000000000000000110000000000000000000000000000000000000000000000000000000000000000000000000000000000000000000000000000
000000000000000000000000000000000000000000000000000000000000000000000000000000000000000000000000000000000000001111111000000000011111110000000001111111000000001111110000000011111100000000011111111100000000000001111110000000000000011111000000000000000000000000000000000000001111110000000111111110000000
111111111111111111111111111111111111111111111111111111111111111111111111111111111111111111111111111111111111110000000111111111100000001111111110000000111111110000001111111100000011111111100000000011111111111110000001111111111111100000111111111111111111111111111111111111110000001111111000000001111111
111111111111111111111111111111111111111111111111111111111111111111111111111111111111111111111111111100000000001111111000000000011111110000000001111111000000001111110000000011111100000000011111111100000000000001111110000000000000011111000000000000000000000000000000000000001111110000000111111110000000
000000000000000000000000000000000000000000000000000000000000000000000000000000000000000000000000000011111111110000000111111111100000001111111110000000111111110000001111111100000011111111100000000011111111111110000001111111111111100000111111111111111111111111111111111111110000001111111000000001111111
111111111111111111111111111111111111111111111111111111111111111111111111111111111111111111111111111100000000001111111000000000011111110000000001111111000000001111110000000011111100000000011111111100000000000001111110000000000000011111000000000000000000000000000000000000001111110000000111111110000000
111111111111111111111111111111111111111111111111111111111111111111111111111111111111111111111111111111111111110000000111111111100000001111111110000000111111110000001111111100000011111111100000000011111111111110000001111111111111100000111111111111111111111111111111111111110000001111111000000001111111
000000000000000000000000000000000000000000000000000000000000000000000000000000000000000000000000000000000000001111111000000000011111110000000001111111000000001111110000000011111100000000011111111100000000000001111110000000000000011111000000000000000000000000000000000000001111110000000111111110000000
111111111111111111111111111111111111111111111111111111111111111111111111111111111111111111111111111111111001110000000111111111100000001100001110000000111101110000001111111100000011100111100000000011001111111110000001111111111111100000111111111111111111111111111111111111110000001111111000000001111111
111111111111111111111111111111111111111111111111111111111111111111111111111111111111111111111111111100000110001111111000000000011111110011110001111111000010001111110000000011111100011000011111111100110000000001111110000000000000011111000000000000000000000000000000000000001111110000000111111110000000
000000000000000000000000000000000000000000000000000000000000000000000000000000000000000000000000000011111001110000000111111111100000001100001110000000111101110000001111111100000011100111100000000011001111111110000001111111111111100000111111111111111111111111111111111111110000001111111000000001111111
111111111111111111111111111111111111111111111111111111111111111111111111111111111111111111111111111100000110001111111000000000011111110011110001111111000010001111110000000011111100011000011111111100110000000001111110000000000000011111000000000000000000000000000000000000001111110000000111111110000000
111111111111111111111111111111111111111111111111111111111111111111111111111111111111111111111111111111111001110000000111111111100000001100001110000000111101110000001111111100000011100111100000000011001111111110000001111111111111100000111111111111111111111111111111111111110000001111111000000001111111
000000000000000000000000000000000000000000000000000000000000000000000000000000000000000000000000000000000110001111111000000000011111110011110001111111000010001111110000000011111100011000011111111100110000000001111110000000000000011111000000000000000000000000000000000000001111110000000111111110000000
111111111111111111111111111111111111111111111111111111111111111111111111111111111111111111111111111111111001110000000111111111100000001100001110000000111101110000001111111100000011100111100000000011001111111110000001111111111111100000111111111111111111111111111111111111110000001111111000000001111111
111111111111111111111111111111111111111111111111111111111111111111111111111111111111111111111111111100000110001111111000000000011111110011110001111111000010001111110000000011111100011000011111111100110000000001111110000000000000011111000000000000000000000000000000000000001111110000000111111110000000
000000000000000000000000000000000000000000000000000000000000000000000000000000000000000000000000000011111001110000000111111111100000001100001110000000111101110000001111111100000011100111100000000011001111111110000001111111111111100000111111111111111111111111111111111111110000001111111000000001111111
111111111111111111111111111111111111111111111111111111111111111111111111111111111111111111111111111100000110001111111000000000011111110011110001111111000010001111110000000011111100011000011111111100110000000001111110000000000000011111000000000000000000000000000000000000001111110000000111111110000000
111111111111111111111111111111111111111111111111111111111111111111111111111111111111111111111111111100000000000011100000000000000110000000000000000000000000000000000000000000000000000000000011110000000000000000000000000000000000000000000000000000000000000000000000000000000000000000000000000000000000
000000000000000000000000000000000000000000000000000000000000000000000000000000000000000000000000000011111001110000000111111111100000001100001110000000111101110000001111111100000011100111100000000011001111111110000001111111111111100000111111111111111111111111111111111111110000001111111000000001111111
111111111111111111111111111111111111111111111111111111111111111111111111111111111111111111111111111100000110001111111000000000011111110011110001111111000010001111110000000011111100011000011111111100110000000001111110000000000000011111000000000000000000000000000000000000001111110000000111111110000000
111111111111111111111111111111111111111111111111111111111111111111111111111111111111111111111111111111111001110000000111111111100000001100001110000000111101110000001111111100000011100111100000000011001111111110000001111111111111100000111111111111111111111111111111111111110000001111111000000001111111
000000000000000000000000000000000000000000000000000000000000000000000000000000000000000000000000000000000110001111111000000000011111110011110001111111000010001111110000000011111100011000011111111100110000000001111110000000000000011111000000000000000000000000000000000000001111110000000111111110000000
111111111111111111111111111111111111111111111111111111111111111111111111111111111111111111111111111111111001110000000111111111100000001100001110000000111101110000001111111100000011100111100000000011001111111110000001111111111111100000111111111111111111111111111111111111110000001111111000000001111111
111111111111111111111111111111111111111111111111111111111111111111111111111111111111111111111111111100000110001111111000000000011111110011110001111111000010001111110000000011111100011000011111111100110000000001111110000000000000011111000000000000000000000000000000000000001111110000000111111110000000
000000000000000000000000000000000000000000000000000000000000000000000000000000000000000000000000000011111001110000000111111111100000001100001110000000111101110000001111111100000011100111100000000011001111111110000001111111111111100000111111111111111111111111111111111111110000001111111000000001111111
111111111111111111111111111111111111111111111111111111111111111111111111111111111111111111111111111100000110001111111000000000011111110011110001111111000010001111110000000011111100011000011111111100110000000001111110000000000000011111000000000000000000000000000000000000001111110000000111111110000000
111111111111111111111111111111111111111111111111111111111111111111111111111111111111111111111111111111111001110000000111111111100000001100001110000000111101110000001111111100000011100111100000000011001111111110000001111111111111100000111111111111111111111111111111111111110000001111111000000001111111
000000000000000000000000000000000000000000000000000000000000000000000000000000000000000000000000000000000000001111111000000000011111110000000001111111000000001111110000000011111100000000011111111100000000000001111110000000000000011111000000000000000000000000000000000000001111110000000111111110000000
111111111111111111111111111111111111111111111111111111111111111111111111111111111111111111111111111111111111110000000111111111100000001111111110000000111111110000001111111100000011111111100000000011111111111110000001111111111111100000111111111111111111111111111111111111110000001111111000000001111111
111111111111111111111111111111111111111111111111111111111111111111111111111111111111111111111111111100000000001111111000000000011111110000000001111111000000001111110000000011111100000000011111111100000000000001111110000000000000011111000000000000000000000000000000000000001111110000000111111110000000
000000000000000000000000000000000000000000000000000000000000000000000000000000000000000000000000000011111111110000000111111111100000001111111110000000111111110000001111111100000011111111100000000011111111111110000001111111111111100000111111111111111111111111111111111111110000001111111000000001111111
111111111111111111111111111111111111111111111111111111111111111111111111111111111111111111111111111100000000001111111000000000011111110000000001111111000000001111110000000011111100000000011111111100000000000001111110000000000000011111000000000000000000000000000000000000001111110000000111111110000000
111111111111111111111111111111111111111111111111111111111111111111111111111111111111111111111111111111111111110000000111111111100000001111111110000000111111110000001111111100000011111111100000000011111111111110000001111111111111100000111111111111111111111111111111111111110000001111111000000001111111
000000000000000000000000000000000000000000000000000000000000000000000000000000000000000000000000000000000000001111111000000000011111110000000001111111000000001111110000000011111100000000011111111100000000000001111110000000000000011111000000000000000000000000000000000000001111110000000111111110000000
111111111111111111111111111111111111111111111111111111111111111111111111111111111111111111111111111100000110000000000000000000000000000011110000000000000010000000000000000000000000011000000000000000110000000000000000000000000000000000000000000000000000000000000000000000000000000000000000000000000000
111111111111111111111111111111111111111111111111111111111111111111111111111111111111111111111111111111111001111111111111111111111111111100001111111111111101111111111111111111111111100111111111111111001111111111111111111111111111111111111111111111111111111111111111111111111111111111111111111111111111
000000000000000000000000000000000000000000000000000000000000000000000000000000000000000000000000000000000000000000000000000000000000000000000000000000000000000000000000000000000000000000000000000000000000000000000000000000000000000000000000000000000000000000000000000000000000000000000000000000000000
111111111111111111111111111111111111111111111111111111111111111111111111111111111111111111111111111111111111111111111111111111111111111111111111111111111111111111111111111111111111111111111111111111111111111111111111111111111111111111111111111111111111111111111111111111111111111111111111111111111111
111111111111111111111111111111111111111111111111111111111111111111111111111111111111111111111111111100000000000000000000000000000000000000000000000000000000000000000000000000000000000000000000000000000000000000000000000000000000000000000000000000000000000000000000000000000000000000000000000000000000
000000000000000000000000000000000000000000000000000000000000000000000000000000000000000000000000000011111111111111111111111111111111111111111111111111111111111111111111111111111111111111111111111111111111111111111111111111111111111111111111111111111111111111111111111111111111111111111111111111111111
111111111111111111111111111111111111111111111111111111111111111111111111111111111111111111111111111100000000000000000000000000000000000000000000000000000000000000000000000000000000000000000000000000000000000000000000000000000000000000000000000000000000000000000000000000000000000000000000000000000000
111111111111111111111111111111111111111111111111111111111111111111111111111111111111111111111111111111111111111111111111111111111111111111111111111111111111111111111111111111111111111111111111111111111111111111111111111111111111111111111111111111111111111111111111111111111111111111111111111111111111
000000000000000000000000000000000000000000000000000000000000000000000000000000000000000000000000000000000000000000000000000000000000000000000000000000000000000000000000000000000000000000000000000000000000000000000000000000000000000000000000000000000000000000000000000000000000000000000000000000000000
000000000000000000000000000000000000000000000000000000000000000000000000000000000000000000000000000000000000000000000000000000000000000000000000000000000000000000000000000000000000000000000000000000000000000000000000000000000000000000000000000000000000000000000000000000000000000000000000000000000000
000000000000000000000000000000000000000000000000000000000000000000000000000000000000000000000000000000000000000000000000000000000000000000000000000000000000000000000000000000000000000000000000000000000000000000000000000000000000000000000000000000000000000000000000000000000000000000000000000000000000
000000000000000000000000000000000000000000000000000000000000000000000000000000000000000000000000000000000000000000000000000000000000000000000000000000000000000000000000000000000000000000000000000000000000000000000000000000000000000000000000000000000000000000000000000000000000000000000000000000000000
000000000000000000000000000000000000000000000000000000000000000000000000000000000000000000000000000000000000000000000000000000000000000000000000000000000000000000000000000000000000000000000000000000000000000000000000000000000000000000000000000000000000000000000000000000000000000000000000000000000000
000000000000000000000000000000000000000000000000000000000000000000000000000000000000000000000000000000000000000000000000000000000000000000000000000000000000000000000000000000000000000000000000000000000000000000000000000000000000000000000000000000000000000000000000000000000000000000000000000000000000
000000000000000000000000000000000000000000000000000000000000000000000000000000000000000000000000000000000000000000000000000000000000000000000000000000000000000000000000000000000000000000000000000000000000000000000000000000000000000000000000000000000000000000000000000000000000000000000000000000000000
000000000000000000000000000000000000000000000000000000000000000000000000000000000000000000000000000000000000000000000000000000000000000000000000000000000000000000000000000000000000000000000000000000000000000000000000000000000000000000000000000000000000000000000000000000000000000000000000000000000000
000000000000000000000000000000000000000000000000000000000000000000000000000000000000000000000000000000000000000000000000000000000000000000000000000000000000000000000000000000000000000000000000000000000000000000000000000000000000000000000000000000000000000000000000000000000000000000000000000000000000
000000000000000000000000000000000000000000000000000000000000000000000000000000000000000000000000000000000000000000000000000000000000000000000000000000000000000000000000000000000000000000000000000000000000000000000000000000000000000000000000000000000000000000000000000000000000000000000000000000000000
111111111111111111111111111111111111111111111111111111111111111111111111111111111111111111111111111111111111111111111111111111111111111111111111111111111111111111111111111111111111111111111111111111111111111111111111111111111111111111111111111111111111111111111111111111111111111111111111111111111111
111111111111111111111111111111111111111111111111111111111111111111111111111111111111111111111111111100000000000000000000000000000000000000000000000000000000000000000000000000000000000000000000000000000000000000000000000000000000000000000000000000000000000000000000000000000000000000000000000000000000
000000000000000000000000000000000000000000000000000000000000000000000000000000000000000000000000000011111111111111111111111111111111111111111111111111111111111111111111111111111111111111111111111111111111111111111111111111111111111111111111111111111111111111111111111111111111111111111111111111111111
111111111111111111111111111111111111111111111111111111111111111111111111111111111111111111111111111100000000000000000000000000000000000000000000000000000000000000000000000000000000000000000000000000000000000000000000000000000000000000000000000000000000000000000000000000000000000000000000000000000000
111111111111111111111111111111111111111111111111111111111111111111111111111111111111111111111111111111111111111111111111111111111111111111111111111111111111111111111111111111111111111111111111111111111111111111111111111111111111111111111111111111111111111111111111111111111111111111111111111111111111
000000000000000000000000000000000000000000000000000000000000000000000000000000000000000000000000000000000000000000000000000000000000000000000000000000000000000000000000000000000000000000000000000000000000000000000000000000000000000000000000000000000000000000000000000000000000000000000000000000000000
111111111111111111111111111111111111111111111111111111111111111111111111111111111111111111111111111111111111111111100111111111111111111111111111110000111111111111110111111111111111111111111110011111111111111111111111111111111111111111111111111111111111111111111111111111111111111111111111111111111111
111111111111111111111111111111111111111111111111111111111111111111111111111111111111111111111111111100000000000000011000000000000000000000000000001111000000000000001000000000000000000000000001100000000000000000000000000000000000000000000000000000000000000000000000000000000000000000000000000000000000
000000000000000000000000000000000000000000000000000000000000000000000000000000000000000000000000000000011111100000000000111111100000000001111111000000000111111100000000111111000000001111110000000001110011111110000000000111111000000000000001111100000000000000000000000000000000000000111111000000011111
111111111111111111111111111111111111111111111111111111111111111111111111111111111111111111111111111111100000011111111111000000011111111110000000111111111000000011111111000000111111110000001111111110001100000001111111111000000111111111111110000011111111111111111111111111111111111111000000111111100000
111111111111111111111111111111111111111111111111111111111111111111111111111111111111111111111111111100011111100000000000111111100000000001111111000000000111111100000000111111000000001111110000000001110011111110000000000111111000000000000001111100000000000000000000000000000000000000111111000000011111
000000000000000000000000000000000000000000000000000000000000000000000000000000000000000000000000000011100000011111111111000000011111111110000000111111111000000011111111000000111111110000001111111110001100000001111111111000000111111111111110000011111111111111111111111111111111111111000000111111100000
111111111111111111111111111111111111111111111111111111111111111111111111111111111111111111111111111100011111100000000000111111100000000001111111000000000111111100000000111111000000001111110000000001110011111110000000000111111000000000000001111100000000000000000000000000000000000000111111000000011111
111111111111111111111111111111111111111111111111111111111111111111111111111111111111111111111111111111100000011111111111000000011111111110000000111111111000000011111111000000111111110000001111111110001100000001111111111000000111111111111110000011111111111111111111111111111111111111000000111111100000
000000000000000000000000000000000000000000000000000000000000000000000000000000000000000000000000000000011111100000000000111111100000000001111111000000000111111100000000111111000000001111110000000001110011111110000000000111111000000000000001111100000000000000000000000000000000000000111111000000011111
111111111111111111111111111111111111111111111111111111111111111111111111111111111111111111111111111111100000011111100111000000011111111110000000110000111000000011110111000000111111110000001110011110001100000001111111111000000111111111111110000011111111111111111111111111111111111111000000111111100000
111111111111111111111111111111111111111111111111111111111111111111111111111111111111111111111111111100011111100000011000111111100000000001111111001111000111111100001000111111000000001111110001100001110011111110000000000111111000000000000001111100000000000000000000000000000000000000111111000000011111
000000000000000000000000000000000000000000000000000000000000000000000000000000000000000000000000000011100000011111100111000000011111111110000000110000111000000011110111000000111111110000001110011110001100000001111111111000000111111111111110000011111111111111111111111111111111111111000000111111100000
111111111111111111111111111111111111111111111111111111111111111111111111111111111111111111111111111100011111100000011000111111100000000001111111001111000111111100001000111111000000001111110001100001110011111110000000000111111000000000000001111100000000000000000000000000000000000000111111000000011111
111111111111111111111111111111111111111111111111111111111111111111111111111111111111111111111111111111100000011111100111000000011111111110000000110000111000000011110111000000111111110000001110011110001100000001111111111000000111111111111110000011111111111111111111111111111111111111000000111111100000
000000000000000000000000000000000000000000000000000000000000000000000000000000000000000000000000000000011111100000011000111111100000000001111111001111000111111100001000111111000000001111110001100001110011111110000000000111111000000000000001111100000000000000000000000000000000000000111111000000011111
111111111111111111111111111111111111111111111111111111111111111111111111111111111111111111111111111111100000011111100111000000011111111110000000110000111000000011110111000000111111110000001110011110001100000001111111111000000111111111111110000011111111111111111111111111111111111111000000111111100000
111111111111111111111111111111111111111111111111111111111111111111111111111111111111111111111111111100011111100000011000111111100000000001111111001111000111111100001000111111000000001111110001100001110011111110000000000111111000000000000001111100000000000000000000000000000000000000111111000000011111
000000000000000000000000000000000000000000000000000000000000000000000000000000000000000000000000000011100000011111100111000000011111111110000000110000111000000011110111000000111111110000001110011110001100000001111111111000000111111111111110000011111111111111111111111111111111111111000000111111100000
111111111111111111111111111111111111111111111111111111111111111111111111111111111111111111111111111100011111100000011000111111100000000001111111001111000111111100001000111111000000001111110001100001110011111110000000000111111000000000000001111100000000000000000000000000000000000000111111000000011111
111111111111111111111111111111111111111111111111111111111111111111111111111111111111111111111111111100000000000000000000001110000000000000011000000000000000000000000000000000000000000000000000000000000000000000000000000000000000000000000000000000000000000000000000000000000000000000000000000000000000
000000000000000000000000000000000000000000000000000000000000000000000000000000000000000000000000000011100000011111100111000000011111111110000000110000111000000011110111000000111111110000001110011110001100000001111111111000000111111111111110000011111111111111111111111111111111111111000000111111100000
111111111111111111111111111111111111111111111111111111111111111111111111111111111111111111111111111100011111100000011000111111100000000001111111001111000111111100001000111111000000001111110001100001110011111110000000000111111000000000000001111100000000000000000000000000000000000000111111000000011111
111111111111111111111111111111111111111111111111111111111111111111111111111111111111111111111111111111100000011111100111000000011111111110000000110000111000000011110111000000111111110000001110011110001100000001111111111000000111111111111110000011111111111111111111111111111111111111000000111111100000
000000000000000000000000000000000000000000000000000000000000000000000000000000000000000000000000000000011111100000011000111111100000000001111111001111000111111100001000111111000000001111110001100001110011111110000000000111111000000000000001111100000000000000000000000000000000000000111111000000011111
111111111111111111111111111111111111111111111111111111111111111111111111111111111111111111111111111111100000011111100111000000011111111110000000110000111000000011110111000000111111110000001110011110001100000001111111111000000111111111111110000011111111111111111111111111111111111111000000111111100000
111111111111111111111111111111111111111111111111111111111111111111111111111111111111111111111111111100011111100000011000111111100000000001111111001111000111111100001000111111000000001111110001100001110011111110000000000111111000000000000001111100000000000000000000000000000000000000111111000000011111
000000000000000000000000000000000000000000000000000000000000000000000000000000000000000000000000000011100000011111100111000000011111111110000000110000111000000011110111000000111111110000001110011110001100000001111111111000000111111111111110000011111111111111111111111111111111111111000000111111100000
111111111111111111111111111111111111111111111111111111111111111111111111111111111111111111111111111100011111100000011000111111100000000001111111001111000111111100001000111111000000001111110001100001110011111110000000000111111000000000000001111100000000000000000000000000000000000000111111000000011111
111111111111111111111111111111111111111111111111111111111111111111111111111111111111111111111111111111100000011111100111000000011111111110000000110000111000000011110111000000111111110000001110011110001100000001111111111000000111111111111110000011111111111111111111111111111111111111000000111111100000
000000000000000000000000000000000000000000000000000000000000000000000000000000000000000000000000000000011111100000000000111111100000000001111111000000000111111100000000111111000000001111110000000001110011111110000000000111111000000000000001111100000000000000000000000000000000000000111111000000011111
111111111111111111111111111111111111111111111111111111111111111111111111111111111111111111111111111111100000011111111111000000011111111110000000111111111000000011111111000000111111110000001111111110001100000001111111111000000111111111111110000011111111111111111111111111111111111111000000111111100000
111111111111111111111111111111111111111111111111111111111111111111111111111111111111111111111111111100011111100000000000111111100000000001111111000000000111111100000000111111000000001111110000000001110011111110000000000111111000000000000001111100000000000000000000000000000000000000111111000000011111
000000000000000000000000000000000000000000000000000000000000000000000000000000000000000000000000000011100000011111111111000000011111111110000000111111111000000011111111000000111111110000001111111110001100000001111111111000000111111111111110000011111111111111111111111111111111111111000000111111100000
111111111111111111111111111111111111111111111111111111111111111111111111111111111111111111111111111100011111100000000000111111100000000001111111000000000111111100000000111111000000001111110000000001110011111110000000000111111000000000000001111100000000000000000000000000000000000000111111000000011111
111111111111111111111111111111111111111111111111111111111111111111111111111111111111111111111111111111100000011111111111000000011111111110000000111111111000000011111111000000111111110000001111111110001100000001111111111000000111111111111110000011111111111111111111111111111111111111000000111111100000
000000000000000000000000000000000000000000000000000000000000000000000000000000000000000000000000000000011111100000000000111111100000000001111111000000000111111100000000111111000000001111110000000001110011111110000000000111111000000000000001111100000000000000000000000000000000000000111111000000011111
111111111111111111111111111111111111111111111111111111111111111111111111111111111111111111111111111100000000000000011000000000000000000000000000001111000000000000001000000000000000000000000001100000000000000000000000000000000000000000000000000000000000000000000000000000000000000000000000000000000000
111111111111111111111111111111111111111111111111111111111111111111111111111111111111111111111111111111111111111111100111111111111111111111111111110000111111111111110111111111111111111111111110011111111111111111111111111111111111111111111111111111111111111111111111111111111111111111111111111111111111
000000000000000000000000000000000000000000000000000000000000000000000000000000000000000000000000000000000000000000000000000000000000000000000000000000000000000000000000000000000000000000000000000000000000000000000000000000000000000000000000000000000000000000000000000000000000000000000000000000000000
111111111111111111111111111111111111111111111111111111111111111111111111111111111111111111111111111111111111111111111111111111111111111111111111111111111111111111111111111111111111111111111111111111111111111111111111111111111111111111111111111111111111111111111111111111111111111111111111111111111111
111111111111111111111111111111111111111111111111111111111111111111111111111111111111111111111111111100000000000000000000000000000000000000000000000000000000000000000000000000000000000000000000000000000000000000000000000000000000000000000000000000000000000000000000000000000000000000000000000000000000
000000000000000000000000000000000000000000000000000000000000000000000000000000000000000000000000000011111111111111111111111111111111111111111111111111111111111111111111111111111111111111111111111111111111111111111111111111111111111111111111111111111111111111111111111111111111111111111111111111111111
111111111111111111111111111111111111111111111111111111111111111111111111111111111111111111111111111100000000000000000000000000000000000000000000000000000000000000000000000000000000000000000000000000000000000000000000000000000000000000000000000000000000000000000000000000000000000000000000000000000000
111111111111111111111111111111111111111111111111111111111111111111111111111111111111111111111111111111111111111111111111111111111111111111111111111111111111111111111111111111111111111111111111111111111111111111111111111111111111111111111111111111111111111111111111111111111111111111111111111111111111
000000000000000000000000000000000000000000000000000000000000000000000000000000000000000000000000000000000000000000000000000000000000000000000000000000000000000000000000000000000000000000000000000000000000000000000000000000000000000000000000000000000000000000000000000000000000000000000000000000000000
000000000000000000000000000000000000000000000000000000000000000000000000000000000000000000000000000000000000000000000000000000000000000000000000000000000000000000000000000000000000000000000000000000000000000000000000000000000000000000000000000000000000000000000000000000000000000000000000000000000000
000000000000000000000000000000000000000000000000000000000000000000000000000000000000000000000000000000000000000000000000000000000000000000000000000000000000000000000000000000000000000000000000000000000000000000000000000000000000000000000000000000000000000000000000000000000000000000000000000000000000
000000000000000000000000000000000000000000000000000000000000000000000000000000000000000000000000000000000000000000000000000000000000000000000000000000000000000000000000000000000000000000000000000000000000000000000000000000000000000000000000000000000000000000000000000000000000000000000000000000000000
000000000000000000000000000000000000000000000000000000000000000000000000000000000000000000000000000000000000000000000000000000000000000000000000000000000000000000000000000000000000000000000000000000000000000000000000000000000000000000000000000000000000000000000000000000000000000000000000000000000000
000000000000000000000000000000000000000000000000000000000000000000000000000000000000000000000000000000000000000000000000000000000000000000000000000000000000000000000000000000000000000000000000000000000000000000000000000000000000000000000000000000000000000000000000000000000000000000000000000000000000
000000000000000000000000000000000000000000000000000000000000000000000000000000000000000000000000000000000000000000000000000000000000000000000000000000000000000000000000000000000000000000000000000000000000000000000000000000000000000000000000000000000000000000000000000000000000000000000000000000000000
000000000000000000000000000000000000000000000000000000000000000000000000000000000000000000000000000000000000000000000000000000000000000000000000000000000000000000000000000000000000000000000000000000000000000000000000000000000000000000000000000000000000000000000000000000000000000000000000000000000000
000000000000000000000000000000000000000000000000000000000000000000000000000000000000000000000000000000000000000000000000000000000000000000000000000000000000000000000000000000000000000000000000000000000000000000000000000000000000000000000000000000000000000000000000000000000000000000000000000000000000
000000000000000000000000000000000000000000000000000000000000000000000000000000000000000000000000000000000000000000000000000000000000000000000000000000000000000000000000000000000000000000000000000000000000000000000000000000000000000000000000000000000000000000000000000000000000000000000000000000000000
111111111111111111111111111111111111111111111111111111111111111111111111111111111111111111111111111111111111111111111111111111111111111111111111111111111111111111111111111111111111111111111111111111111111111111111111111111111111111111111111111111111111111111111111111111111111111111111111111111111111
111111111111111111111111111111111111111111111111111111111111111111111111111111111111111111111111111100000000000000000000000000000000000000000000000000000000000000000000000000000000000000000000000000000000000000000000000000000000000000000000000000000000000000000000000000000000000000000000000000000000
000000000000000000000000000000000000000000000000000000000000000000000000000000000000000000000000000011111111111111111111111111111111111111111111111111111111111111111111111111111111111111111111111111111111111111111111111111111111111111111111111111111111111111111111111111111111111111111111111111111111
111111111111111111111111111111111111111111111111111111111111111111111111111111111111111111111111111100000000000000000000000000000000000000000000000000000000000000000000000000000000000000000000000000000000000000000000000000000000000000000000000000000000000000000000000000000000000000000000000000000000
111111111111111111111111111111111111111111111111111111111111111111111111111111111111111111111111111111111111111111111111111111111111111111111111111111111111111111111111111111111111111111111111111111111111111111111111111111111111111111111111111111111111111111111111111111111111111111111111111111111111
000000000000000000000000000000000000000000000000000000000000000000000000000000000000000000000000000000000000000000000000000000000000000000000000000000000000000000000000000000000000000000000000000000000000000000000000000000000000000000000000000000000000000000000000000000000000000000000000000000000000
111111111111111111111111111111111111111111111111111111111111111111111111111111111111111111111111111111111111111111111111111110011111111111111111111111111111000011111111111111011111111111111111111111111111111111111111111111111111111111111111111111111111111111111111111111111111111111111111111111111111
111111111111111111111111111111111111111111111111111111111111111111111111111111111111111111111111111100000000000000000000000001100000000000000000000000000000111100000000000000100000000000000000000000000000000000000000000000000000000000000000000000000000000000000000000000000000000000000000000000000000
000000000000000000000000000000000000000000000000000000000000000000000000000000000000000000000000000011100000000001111110000000000011111110000000000111111100000000011111110000000011111100000000111111001100000000001111111000000000011111100000000000000111110000000000000000000000000000000000000011111100
111111111111111111111111111111111111111111111111111111111111111111111111111111111111111111111111111100011111111110000001111111111100000001111111111000000011111111100000001111111100000011111111000000110011111111110000000111111111100000011111111111111000001111111111111111111111111111111111111100000011
111111111111111111111111111111111111111111111111111111111111111111111111111111111111111111111111111111100000000001111110000000000011111110000000000111111100000000011111110000000011111100000000111111001100000000001111111000000000011111100000000000000111110000000000000000000000000000000000000011111100
000000000000000000000000000000000000000000000000000000000000000000000000000000000000000000000000000000011111111110000001111111111100000001111111111000000011111111100000001111111100000011111111000000110011111111110000000111111111100000011111111111111000001111111111111111111111111111111111111100000011
111111111111111111111111111111111111111111111111111111111111111111111111111111111111111111111111111111100000000001111110000000000011111110000000000111111100000000011111110000000011111100000000111111001100000000001111111000000000011111100000000000000111110000000000000000000000000000000000000011111100
111111111111111111111111111111111111111111111111111111111111111111111111111111111111111111111111111100011111111110000001111111111100000001111111111000000011111111100000001111111100000011111111000000110011111111110000000111111111100000011111111111111000001111111111111111111111111111111111111100000011
000000000000000000000000000000000000000000000000000000000000000000000000000000000000000000000000000011100000000001111110000000000011111110000000000111111100000000011111110000000011111100000000111111001100000000001111111000000000011111100000000000000111110000000000000000000000000000000000000011111100
111111111111111111111111111111111111111111111111111111111111111111111111111111111111111111111111111100011111111110000001111110011100000001111111111000000011000011100000001111011100000011111111000000110011111111110000000111111111100000011111111111111000001111111111111111111111111111111111111100000011
111111111111111111111111111111111111111111111111111111111111111111111111111111111111111111111111111111100000000001111110000001100011111110000000000111111100111100011111110000100011111100000000111111001100000000001111111000000000011111100000000000000111110000000000000000000000000000000000000011111100
000000000000000000000000000000000000000000000000000000000000000000000000000000000000000000000000000000011111111110000001111110011100000001111111111000000011000011100000001111011100000011111111000000110011111111110000000111111111100000011111111111111000001111111111111111111111111111111111111100000011
111111111111111111111111111111111111111111111111111111111111111111111111111111111111111111111111111111100000000001111110000001100011111110000000000111111100111100011111110000100011111100000000111111001100000000001111111000000000011111100000000000000111110000000000000000000000000000000000000011111100
111111111111111111111111111111111111111111111111111111111111111111111111111111111111111111111111111100011111111110000001111110011100000001111111111000000011000011100000001111011100000011111111000000110011111111110000000111111111100000011111111111111000001111111111111111111111111111111111111100000011
000000000000000000000000000000000000000000000000000000000000000000000000000000000000000000000000000011100000000001111110000001100011111110000000000111111100111100011111110000100011111100000000111111001100000000001111111000000000011111100000000000000111110000000000000000000000000000000000000011111100
111111111111111111111111111111111111111111111111111111111111111111111111111111111111111111111111111100011111111110000001111110011100000001111111111000000011000011100000001111011100000011111111000000110011111111110000000111111111100000011111111111111000001111111111111111111111111111111111111100000011
111111111111111111111111111111111111111111111111111111111111111111111111111111111111111111111111111111100000000001111110000001100011111110000000000111111100111100011111110000100011111100000000111111001100000000001111111000000000011111100000000000000111110000000000000000000000000000000000000011111100
000000000000000000000000000000000000000000000000000000000000000000000000000000000000000000000000000000011111111110000001111110011100000001111111111000000011000011100000001111011100000011111111000000110011111111110000000111111111100000011111111111111000001111111111111111111111111111111111111100000011
111111111111111111111111111111111111111111111111111111111111111111111111111111111111111111111111111111100000000001111110000001100011111110000000000111111100111100011111110000100011111100000000111111001100000000001111111000000000011111100000000000000111110000000000000000000000000000000000000011111100
111111111111111111111111111111111111111111111111111111111111111111111111111111111111111111111111111110000000000000000000000000000000111000000000000001100000000000000000000000000000000000000000000000000000000000000000000000000000000000000000000000000000000000000000000000000000000000000000000000000000
000000000000000000000000000000000000000000000000000000000000000000000000000000000000000000000000000000011111111110000001111110011100000001111111111000000011000011100000001111011100000011111111000000110011111111110000000111111111100000011111111111111000001111111111111111111111111111111111111100000011
111111111111111111111111111111111111111111111111111111111111111111111111111111111111111111111111111111100000000001111110000001100011111110000000000111111100111100011111110000100011111100000000111111001100000000001111111000000000011111100000000000000111110000000000000000000000000000000000000011111100
111111111111111111111111111111111111111111111111111111111111111111111111111111111111111111111111111100011111111110000001111110011100000001111111111000000011000011100000001111011100000011111111000000110011111111110000000111111111100000011111111111111000001111111111111111111111111111111111111100000011
000000000000000000000000000000000000000000000000000000000000000000000000000000000000000000000000000011100000000001111110000001100011111110000000000111111100111100011111110000100011111100000000111111001100000000001111111000000000011111100000000000000111110000000000000000000000000000000000000011111100
111111111111111111111111111111111111111111111111111111111111111111111111111111111111111111111111111100011111111110000001111110011100000001111111111000000011000011100000001111011100000011111111000000110011111111110000000111111111100000011111111111111000001111111111111111111111111111111111111100000011
111111111111111111111111111111111111111111111111111111111111111111111111111111111111111111111111111111100000000001111110000001100011111110000000000111111100111100011111110000100011111100000000111111001100000000001111111000000000011111100000000000000111110000000000000000000000000000000000000011111100
000000000000000000000000000000000000000000000000000000000000000000000000000000000000000000000000000000011111111110000001111110011100000001111111111000000011000011100000001111011100000011111111000000110011111111110000000111111111100000011111111111111000001111111111111111111111111111111111111100000011
111111111111111111111111111111111111111111111111111111111111111111111111111111111111111111111111111111100000000001111110000001100011111110000000000111111100111100011111110000100011111100000000111111001100000000001111111000000000011111100000000000000111110000000000000000000000000000000000000011111100
111111111111111111111111111111111111111111111111111111111111111111111111111111111111111111111111111100011111111110000001111110011100000001111111111000000011000011100000001111011100000011111111000000110011111111110000000111111111100000011111111111111000001111111111111111111111111111111111111100000011
000000000000000000000000000000000000000000000000000000000000000000000000000000000000000000000000000011100000000001111110000000000011111110000000000111111100000000011111110000000011111100000000111111001100000000001111111000000000011111100000000000000111110000000000000000000000000000000000000011111100
111111111111111111111111111111111111111111111111111111111111111111111111111111111111111111111111111100011111111110000001111111111100000001111111111000000011111111100000001111111100000011111111000000110011111111110000000111111111100000011111111111111000001111111111111111111111111111111111111100000011
111111111111111111111111111111111111111111111111111111111111111111111111111111111111111111111111111111100000000001111110000000000011111110000000000111111100000000011111110000000011111100000000111111001100000000001111111000000000011111100000000000000111110000000000000000000000000000000000000011111100
000000000000000000000000000000000000000000000000000000000000000000000000000000000000000000000000000000011111111110000001111111111100000001111111111000000011111111100000001111111100000011111111000000110011111111110000000111111111100000011111111111111000001111111111111111111111111111111111111100000011
111111111111111111111111111111111111111111111111111111111111111111111111111111111111111111111111111111100000000001111110000000000011111110000000000111111100000000011111110000000011111100000000111111001100000000001111111000000000011111100000000000000111110000000000000000000000000000000000000011111100
111111111111111111111111111111111111111111111111111111111111111111111111111111111111111111111111111100011111111110000001111111111100000001111111111000000011111111100000001111111100000011111111000000110011111111110000000111111111100000011111111111111000001111111111111111111111111111111111111100000011
000000000000000000000000000000000000000000000000000000000000000000000000000000000000000000000000000011100000000001111110000000000011111110000000000111111100000000011111110000000011111100000000111111001100000000001111111000000000011111100000000000000111110000000000000000000000000000000000000011111100
111111111111111111111111111111111111111111111111111111111111111111111111111111111111111111111111111100000000000000000000000001100000000000000000000000000000111100000000000000100000000000000000000000000000000000000000000000000000000000000000000000000000000000000000000000000000000000000000000000000000
111111111111111111111111111111111111111111111111111111111111111111111111111111111111111111111111111111111111111111111111111110011111111111111111111111111111000011111111111111011111111111111111111111111111111111111111111111111111111111111111111111111111111111111111111111111111111111111111111111111111
000000000000000000000000000000000000000000000000000000000000000000000000000000000000000000000000000000000000000000000000000000000000000000000000000000000000000000000000000000000000000000000000000000000000000000000000000000000000000000000000000000000000000000000000000000000000000000000000000000000000
111111111111111111111111111111111111111111111111111111111111111111111111111111111111111111111111111111111111111111111111111111111111111111111111111111111111111111111111111111111111111111111111111111111111111111111111111111111111111111111111111111111111111111111111111111111111111111111111111111111111
111111111111111111111111111111111111111111111111111111111111111111111111111111111111111111111111111100000000000000000000000000000000000000000000000000000000000000000000000000000000000000000000000000000000000000000000000000000000000000000000000000000000000000000000000000000000000000000000000000000000
000000000000000000000000000000000000000000000000000000000000000000000000000000000000000000000000000011111111111111111111111111111111111111111111111111111111111111111111111111111111111111111111111111111111111111111111111111111111111111111111111111111111111111111111111111111111111111111111111111111111
111111111111111111111111111111111111111111111111111111111111111111111111111111111111111111111111111100000000000000000000000000000000000000000000000000000000000000000000000000000000000000000000000000000000000000000000000000000000000000000000000000000000000000000000000000000000000000000000000000000000
111111111111111111111111111111111111111111111111111111111111111111111111111111111111111111111111111111111111111111111111111111111111111111111111111111111111111111111111111111111111111111111111111111111111111111111111111111111111111111111111111111111111111111111111111111111111111111111111111111111111
000000000000000000000000000000000000000000000000000000000000000000000000000000000000000000000000000000000000000000000000000000000000000000000000000000000000000000000000000000000000000000000000000000000000000000000000000000000000000000000000000000000000000000000000000000000000000000000000000000000000
000000000000000000000000000000000000000000000000000000000000000000000000000000000000000000000000000000000000000000000000000000000000000000000000000000000000000000000000000000000000000000000000000000000000000000000000000000000000000000000000000000000000000000000000000000000000000000000000000000000000
000000000000000000000000000000000000000000000000000000000000000000000000000000000000000000000000000000000000000000000000000000000000000000000000000000000000000000000000000000000000000000000000000000000000000000000000000000000000000000000000000000000000000000000000000000000000000000000000000000000000
000000000000000000000000000000000000000000000000000000000000000000000000000000000000000000000000000000000000000000000000000000000000000000000000000000000000000000000000000000000000000000000000000000000000000000000000000000000000000000000000000000000000000000000000000000000000000000000000000000000000
000000000000000000000000000000000000000000000000000000000000000000000000000000000000000000000000000000000000000000000000000000000000000000000000000000000000000000000000000000000000000000000000000000000000000000000000000000000000000000000000000000000000000000000000000000000000000000000000000000000000
000000000000000000000000000000000000000000000000000000000000000000000000000000000000000000000000000000000000000000000000000000000000000000000000000000000000000000000000000000000000000000000000000000000000000000000000000000000000000000000000000000000000000000000000000000000000000000000000000000000000
000000000000000000000000000000000000000000000000000000000000000000000000000000000000000000000000000000000000000000000000000000000000000000000000000000000000000000000000000000000000000000000000000000000000000000000000000000000000000000000000000000000000000000000000000000000000000000000000000000000000
000000000000000000000000000000000000000000000000000000000000000000000000000000000000000000000000000000000000000000000000000000000000000000000000000000000000000000000000000000000000000000000000000000000000000000000000000000000000000000000000000000000000000000000000000000000000000000000000000000000000
000000000000000000000000000000000000000000000000000000000000000000000000000000000000000000000000000000000000000000000000000000000000000000000000000000000000000000000000000000000000000000000000000000000000000000000000000000000000000000000000000000000000000000000000000000000000000000000000000000000000
000000000000000000000000000000000000000000000000000000000000000000000000000000000000000000000000000000000000000000000000000000000000000000000000000000000000000000000000000000000000000000000000000000000000000000000000000000000000000000000000000000000000000000000000000000000000000000000000000000000000
111111111111111111111111111111111111111111111111111111111111111111111111111111111111111111111111111111111111111111111111111111111111111111111111111111111111111111111111111111111111111111111111111111111111111111111111111111111111111111111111111111111111111111111111111111111111111111111111111111111111
111111111111111111111111111111111111111111111111111111111111111111111111111111111111111111111111111100000000000000000000000000000000000000000000000000000000000000000000000000000000000000000000000000000000000000000000000000000000000000000000000000000000000000000000000000000000000000000000000000000000
000000000000000000000000000000000000000000000000000000000000000000000000000000000000000000000000000011111111111111111111111111111111111111111111111111111111111111111111111111111111111111111111111111111111111111111111111111111111111111111111111111111111111111111111111111111111111111111111111111111111
111111111111111111111111111111111111111111111111111111111111111111111111111111111111111111111111111100000000000000000000000000000000000000000000000000000000000000000000000000000000000000000000000000000000000000000000000000000000000000000000000000000000000000000000000000000000000000000000000000000000
111111111111111111111111111111111111111111111111111111111111111111111111111111111111111111111111111111111111111111111111111111111111111111111111111111111111111111111111111111111111111111111111111111111111111111111111111111111111111111111111111111111111111111111111111111111111111111111111111111111111
000000000000000000000000000000000000000000000000000000000000000000000000000000000000000000000000000000000000000000000000000000000000000000000000000000000000000000000000000000000000000000000000000000000000000000000000000000000000000000000000000000000000000000000000000000000000000000000000000000000000
111111111111111111111111111111111111111111111111111111111111111111111111111111111111111111111111111110011111111111111111111111111111111001111111111111111111111111111100001111111111111101111111111111111111111111111111111111111111111111111111111111111111111111111111111111111111111111111111111111111111
111111111111111111111111111111111111111111111111111111111111111111111111111111111111111111111111111101100000000000000000000000000000000110000000000000000000000000000011110000000000000010000000000000000000000000000000000000000000000000000000000000000000000000000000000000000000000000000000000000000000
000000000000000000000000000000000000000000000000000000000000000000000000000000000000000000000000000000000011111110000000000111111000000000001111111000000000011111110000000001111111000000001111110000000000000111110000000000111111100000000001111110000000000000011111000000000000000000000000000000000000
111111111111111111111111111111111111111111111111111111111111111111111111111111111111111111111111111111111100000001111111111000000111111111110000000111111111100000001111111110000000111111110000001111111111111000001111111111000000011111111110000001111111111111100000111111111111111111111111111111111111
111111111111111111111111111111111111111111111111111111111111111111111111111111111111111111111111111100000011111110000000000111111000000000001111111000000000011111110000000001111111000000001111110000000000000111110000000000111111100000000001111110000000000000011111000000000000000000000000000000000000
000000000000000000000000000000000000000000000000000000000000000000000000000000000000000000000000000011111100000001111111111000000111111111110000000111111111100000001111111110000000111111110000001111111111111000001111111111000000011111111110000001111111111111100000111111111111111111111111111111111111
111111111111111111111111111111111111111111111111111111111111111111111111111111111111111111111111111100000011111110000000000111111000000000001111111000000000011111110000000001111111000000001111110000000000000111110000000000111111100000000001111110000000000000011111000000000000000000000000000000000000
111111111111111111111111111111111111111111111111111111111111111111111111111111111111111111111111111111111100000001111111111000000111111111110000000111111111100000001111111110000000111111110000001111111111111000001111111111000000011111111110000001111111111111100000111111111111111111111111111111111111
000000000000000000000000000000000000000000000000000000000000000000000000000000000000000000000000000000000011111110000000000111111000000000001111111000000000011111110000000001111111000000001111110000000000000111110000000000111111100000000001111110000000000000011111000000000000000000000000000000000000
111111111111111111111111111111111111111111111111111111111111111111111111111111111111111111111111111110011100000001111111111000000111111001110000000111111111100000001100001110000000111101110000001111111111111000001111111111000000011111111110000001111111111111100000111111111111111111111111111111111111
111111111111111111111111111111111111111111111111111111111111111111111111111111111111111111111111111101100011111110000000000111111000000110001111111000000000011111110011110001111111000010001111110000000000000111110000000000111111100000000001111110000000000000011111000000000000000000000000000000000000
000000000000000000000000000000000000000000000000000000000000000000000000000000000000000000000000000010011100000001111111111000000111111001110000000111111111100000001100001110000000111101110000001111111111111000001111111111000000011111111110000001111111111111100000111111111111111111111111111111111111
111111111111111111111111111111111111111111111111111111111111111111111111111111111111111111111111111101100011111110000000000111111000000110001111111000000000011111110011110001111111000010001111110000000000000111110000000000111111100000000001111110000000000000011111000000000000000000000000000000000000
111111111111111111111111111111111111111111111111111111111111111111111111111111111111111111111111111110011100000001111111111000000111111001110000000111111111100000001100001110000000111101110000001111111111111000001111111111000000011111111110000001111111111111100000111111111111111111111111111111111111
000000000000000000000000000000000000000000000000000000000000000000000000000000000000000000000000000001100011111110000000000111111000000110001111111000000000011111110011110001111111000010001111110000000000000111110000000000111111100000000001111110000000000000011111000000000000000000000000000000000000
111111111111111111111111111111111111111111111111111111111111111111111111111111111111111111111111111110011100000001111111111000000111111001110000000111111111100000001100001110000000111101110000001111111111111000001111111111000000011111111110000001111111111111100000111111111111111111111111111111111111
111111111111111111111111111111111111111111111111111111111111111111111111111111111111111111111111111101100011111110000000000111111000000110001111111000000000011111110011110001111111000010001111110000000000000111110000000000111111100000000001111110000000000000011111000000000000000000000000000000000000
000000000000000000000000000000000000000000000000000000000000000000000000000000000000000000000000000010011100000001111111111000000111111001110000000111111111100000001100001110000000111101110000001111111111111000001111111111000000011111111110000001111111111111100000111111111111111111111111111111111111
111111111111111111111111111111111111111111111111111111111111111111111111111111111111111111111111111101100011111110000000000111111000000110001111111000000000011111110011110001111111000010001111110000000000000111110000000000111111100000000001111110000000000000011111000000000000000000000000000000000000
111111111111111111111111111111111111111111111111111111111111111111111111111111111111111111111111111100000000111000000000000000000000000000000011100000000000000110000000000000000000000000000000000000000000000000000000000000000000000000000000000000000000000000000000000000000000000000000000000000000000
000000000000000000000000000000000000000000000000000000000000000000000000000000000000000000000000000010011100000001111111111000000111111001110000000111111111100000001100001110000000111101110000001111111111111000001111111111000000011111111110000001111111111111100000111111111111111111111111111111111111
111111111111111111111111111111111111111111111111111111111111111111111111111111111111111111111111111101100011111110000000000111111000000110001111111000000000011111110011110001111111000010001111110000000000000111110000000000111111100000000001111110000000000000011111000000000000000000000000000000000000
111111111111111111111111111111111111111111111111111111111111111111111111111111111111111111111111111110011100000001111111111000000111111001110000000111111111100000001100001110000000111101110000001111111111111000001111111111000000011111111110000001111111111111100000111111111111111111111111111111111111
000000000000000000000000000000000000000000000000000000000000000000000000000000000000000000000000000001100011111110000000000111111000000110001111111000000000011111110011110001111111000010001111110000000000000111110000000000111111100000000001111110000000000000011111000000000000000000000000000000000000
111111111111111111111111111111111111111111111111111111111111111111111111111111111111111111111111111110011100000001111111111000000111111001110000000111111111100000001100001110000000111101110000001111111111111000001111111111000000011111111110000001111111111111100000111111111111111111111111111111111111
111111111111111111111111111111111111111111111111111111111111111111111111111111111111111111111111111101100011111110000000000111111000000110001111111000000000011111110011110001111111000010001111110000000000000111110000000000111111100000000001111110000000000000011111000000000000000000000000000000000000
000000000000000000000000000000000000000000000000000000000000000000000000000000000000000000000000000010011100000001111111111000000111111001110000000111111111100000001100001110000000111101110000001111111111111000001111111111000000011111111110000001111111111111100000111111111111111111111111111111111111
111111111111111111111111111111111111111111111111111111111111111111111111111111111111111111111111111101100011111110000000000111111000000110001111111000000000011111110011110001111111000010001111110000000000000111110000000000111111100000000001111110000000000000011111000000000000000000000000000000000000
111111111111111111111111111111111111111111111111111111111111111111111111111111111111111111111111111110011100000001111111111000000111111001110000000111111111100000001100001110000000111101110000001111111111111000001111111111000000011111111110000001111111111111100000111111111111111111111111111111111111
000000000000000000000000000000000000000000000000000000000000000000000000000000000000000000000000000000000011111110000000000111111000000000001111111000000000011111110000000001111111000000001111110000000000000111110000000000111111100000000001111110000000000000011111000000000000000000000000000000000000
111111111111111111111111111111111111111111111111111111111111111111111111111111111111111111111111111111111100000001111111111000000111111111110000000111111111100000001111111110000000111111110000001111111111111000001111111111000000011111111110000001111111111111100000111111111111111111111111111111111111
111111111111111111111111111111111111111111111111111111111111111111111111111111111111111111111111111100000011111110000000000111111000000000001111111000000000011111110000000001111111000000001111110000000000000111110000000000111111100000000001111110000000000000011111000000000000000000000000000000000000
000000000000000000000000000000000000000000000000000000000000000000000000000000000000000000000000000011111100000001111111111000000111111111110000000111111111100000001111111110000000111111110000001111111111111000001111111111000000011111111110000001111111111111100000111111111111111111111111111111111111
111111111111111111111111111111111111111111111111111111111111111111111111111111111111111111111111111100000011111110000000000111111000000000001111111000000000011111110000000001111111000000001111110000000000000111110000000000111111100000000001111110000000000000011111000000000000000000000000000000000000
111111111111111111111111111111111111111111111111111111111111111111111111111111111111111111111111111111111100000001111111111000000111111111110000000111111111100000001111111110000000111111110000001111111111111000001111111111000000011111111110000001111111111111100000111111111111111111111111111111111111
000000000000000000000000000000000000000000000000000000000000000000000000000000000000000000000000000000000011111110000000000111111000000000001111111000000000011111110000000001111111000000001111110000000000000111110000000000111111100000000001111110000000000000011111000000000000000000000000000000000000
111111111111111111111111111111111111111111111111111111111111111111111111111111111111111111111111111101100000000000000000000000000000000110000000000000000000000000000011110000000000000010000000000000000000000000000000000000000000000000000000000000000000000000000000000000000000000000000000000000000000
111111111111111111111111111111111111111111111111111111111111111111111111111111111111111111111111111110011111111111111111111111111111111001111111111111111111111111111100001111111111111101111111111111111111111111111111111111111111111111111111111111111111111111111111111111111111111111111111111111111111
000000000000000000000000000000000000000000000000000000000000000000000000000000000000000000000000000000000000000000000000000000000000000000000000000000000000000000000000000000000000000000000000000000000000000000000000000000000000000000000000000000000000000000000000000000000000000000000000000000000000
111111111111111111111111111111111111111111111111111111111111111111111111111111111111111111111111111111111111111111111111111111111111111111111111111111111111111111111111111111111111111111111111111111111111111111111111111111111111111111111111111111111111111111111111111111111111111111111111111111111111
111111111111111111111111111111111111111111111111111111111111111111111111111111111111111111111111111100000000000000000000000000000000000000000000000000000000000000000000000000000000000000000000000000000000000000000000000000000000000000000000000000000000000000000000000000000000000000000000000000000000
000000000000000000000000000000000000000000000000000000000000000000000000000000000000000000000000000011111111111111111111111111111111111111111111111111111111111111111111111111111111111111111111111111111111111111111111111111111111111111111111111111111111111111111111111111111111111111111111111111111111
111111111111111111111111111111111111111111111111111111111111111111111111111111111111111111111111111100000000000000000000000000000000000000000000000000000000000000000000000000000000000000000000000000000000000000000000000000000000000000000000000000000000000000000000000000000000000000000000000000000000
111111111111111111111111111111111111111111111111111111111111111111111111111111111111111111111111111111111111111111111111111111111111111111111111111111111111111111111111111111111111111111111111111111111111111111111111111111111111111111111111111111111111111111111111111111111111111111111111111111111111
000000000000000000000000000000000000000000000000000000000000000000000000000000000000000000000000000000000000000000000000000000000000000000000000000000000000000000000000000000000000000000000000000000000000000000000000000000000000000000000000000000000000000000000000000000000000000000000000000000000000
000000000000000000000000000000000000000000000000000000000000000000000000000000000000000000000000000000000000000000000000000000000000000000000000000000000000000000000000000000000000000000000000000000000000000000000000000000000000000000000000000000000000000000000000000000000000000000000000000000000000
000000000000000000000000000000000000000000000000000000000000000000000000000000000000000000000000000000000000000000000000000000000000000000000000000000000000000000000000000000000000000000000000000000000000000000000000000000000000000000000000000000000000000000000000000000000000000000000000000000000000
000000000000000000000000000000000000000000000000000000000000000000000000000000000000000000000000000000000000000000000000000000000000000000000000000000000000000000000000000000000000000000000000000000000000000000000000000000000000000000000000000000000000000000000000000000000000000000000000000000000000
000000000000000000000000000000000000000000000000000000000000000000000000000000000000000000000000000000000000000000000000000000000000000000000000000000000000000000000000000000000000000000000000000000000000000000000000000000000000000000000000000000000000000000000000000000000000000000000000000000000000
000000000000000000000000000000000000000000000000000000000000000000000000000000000000000000000000000000000000000000000000000000000000000000000000000000000000000000000000000000000000000000000000000000000000000000000000000000000000000000000000000000000000000000000000000000000000000000000000000000000000
000000000000000000000000000000000000000000000000000000000000000000000000000000000000000000000000000000000000000000000000000000000000000000000000000000000000000000000000000000000000000000000000000000000000000000000000000000000000000000000000000000000000000000000000000000000000000000000000000000000000
000000000000000000000000000000000000000000000000000000000000000000000000000000000000000000000000000000000000000000000000000000000000000000000000000000000000000000000000000000000000000000000000000000000000000000000000000000000000000000000000000000000000000000000000000000000000000000000000000000000000
000000000000000000000000000000000000000000000000000000000000000000000000000000000000000000000000000000000000000000000000000000000000000000000000000000000000000000000000000000000000000000000000000000000000000000000000000000000000000000000000000000000000000000000000000000000000000000000000000000000000
000000000000000000000000000000000000000000000000000000000000000000000000000000000000000000000000000000000000000000000000000000000000000000000000000000000000000000000000000000000000000000000000000000000000000000000000000000000000000000000000000000000000000000000000000000000000000000000000000000000000
111111111111111111111111111111111111111111111111111111111111111111111111111111111111111111111111111111111111111111111111111111111111111111111111111111111111111111111111111111111111111111111111111111111111111111111111111111111111111111111111111111111111111111111111111111111111111111111111111111111111
111111111111111111111111111111111111111111111111111111111111111111111111111111111111111111111111111100000000000000000000000000000000000000000000000000000000000000000000000000000000000000000000000000000000000000000000000000000000000000000000000000000000000000000000000000000000000000000000000000000000
000000000000000000000000000000000000000000000000000000000000000000000000000000000000000000000000000011111111111111111111111111111111111111111111111111111111111111111111111111111111111111111111111111111111111111111111111111111111111111111111111111111111111111111111111111111111111111111111111111111111
111111111111111111111111111111111111111111111111111111111111111111111111111111111111111111111111111100000000000000000000000000000000000000000000000000000000000000000000000000000000000000000000000000000000000000000000000000000000000000000000000000000000000000000000000000000000000000000000000000000000
111111111111111111111111111111111111111111111111111111111111111111111111111111111111111111111111111111111111111111111111111111111111111111111111111111111111111111111111111111111111111111111111111111111111111111111111111111111111111111111111111111111111111111111111111111111111111111111111111111111111
000000000000000000000000000000000000000000000000000000000000000000000000000000000000000000000000000000000000000000000000000000000000000000000000000000000000000000000000000000000000000000000000000000000000000000000000000000000000000000000000000000000000000000000000000000000000000000000000000000000000
111111111111111111111111111111111111111111111111111111111111111111111111111111111111111111111111111111111111111001111111111111111111111111111111100111111111111111111111111111110000111111111111110111111111111111111111111111111111111111111111111111111111111111111111111111111111111111111111111111111111
111111111111111111111111111111111111111111111111111111111111111111111111111111111111111111111111111100000000000110000000000000000000000000000000011000000000000000000000000000001111000000000000001000000000000000000000000000000000000000000000000000000000000000000000000000000000000000000000000000000000
000000000000000000000000000000000000000000000000000000000000000000000000000000000000000000000000000001111100000000001111111000000000011111100000000000111111100000000001111111000000000111111100000000111111000000000000011111000000000011111110000000000111111000000000000001111100000000000000000000000000
111111111111111111111111111111111111111111111111111111111111111111111111111111111111111111111111111110000011111111110000000111111111100000011111111111000000011111111110000000111111111000000011111111000000111111111111100000111111111100000001111111111000000111111111111110000011111111111111111111111111
111111111111111111111111111111111111111111111111111111111111111111111111111111111111111111111111111101111100000000001111111000000000011111100000000000111111100000000001111111000000000111111100000000111111000000000000011111000000000011111110000000000111111000000000000001111100000000000000000000000000
000000000000000000000000000000000000000000000000000000000000000000000000000000000000000000000000000010000011111111110000000111111111100000011111111111000000011111111110000000111111111000000011111111000000111111111111100000111111111100000001111111111000000111111111111110000011111111111111111111111111
111111111111111111111111111111111111111111111111111111111111111111111111111111111111111111111111111101111100000000001111111000000000011111100000000000111111100000000001111111000000000111111100000000111111000000000000011111000000000011111110000000000111111000000000000001111100000000000000000000000000
111111111111111111111111111111111111111111111111111111111111111111111111111111111111111111111111111110000011111111110000000111111111100000011111111111000000011111111110000000111111111000000011111111000000111111111111100000111111111100000001111111111000000111111111111110000011111111111111111111111111
000000000000000000000000000000000000000000000000000000000000000000000000000000000000000000000000000001111100000000001111111000000000011111100000000000111111100000000001111111000000000111111100000000111111000000000000011111000000000011111110000000000111111000000000000001111100000000000000000000000000
111111111111111111111111111111111111111111111111111111111111111111111111111111111111111111111111111110000011111001110000000111111111100000011111100111000000011111111110000000110000111000000011110111000000111111111111100000111111111100000001111111111000000111111111111110000011111111111111111111111111
111111111111111111111111111111111111111111111111111111111111111111111111111111111111111111111111111101111100000110001111111000000000011111100000011000111111100000000001111111001111000111111100001000111111000000000000011111000000000011111110000000000111111000000000000001111100000000000000000000000000
000000000000000000000000000000000000000000000000000000000000000000000000000000000000000000000000000010000011111001110000000111111111100000011111100111000000011111111110000000110000111000000011110111000000111111111111100000111111111100000001111111111000000111111111111110000011111111111111111111111111
111111111111111111111111111111111111111111111111111111111111111111111111111111111111111111111111111101111100000110001111111000000000011111100000011000111111100000000001111111001111000111111100001000111111000000000000011111000000000011111110000000000111111000000000000001111100000000000000000000000000
111111111111111111111111111111111111111111111111111111111111111111111111111111111111111111111111111110000011111001110000000111111111100000011111100111000000011111111110000000110000111000000011110111000000111111111111100000111111111100000001111111111000000111111111111110000011111111111111111111111111
000000000000000000000000000000000000000000000000000000000000000000000000000000000000000000000000000001111100000110001111111000000000011111100000011000111111100000000001111111001111000111111100001000111111000000000000011111000000000011111110000000000111111000000000000001111100000000000000000000000000
111111111111111111111111111111111111111111111111111111111111111111111111111111111111111111111111111110000011111001110000000111111111100000011111100111000000011111111110000000110000111000000011110111000000111111111111100000111111111100000001111111111000000111111111111110000011111111111111111111111111
111111111111111111111111111111111111111111111111111111111111111111111111111111111111111111111111111101111100000110001111111000000000011111100000011000111111100000000001111111001111000111111100001000111111000000000000011111000000000011111110000000000111111000000000000001111100000000000000000000000000
000000000000000000000000000000000000000000000000000000000000000000000000000000000000000000000000000010000011111001110000000111111111100000011111100111000000011111111110000000110000111000000011110111000000111111111111100000111111111100000001111111111000000111111111111110000011111111111111111111111111
111111111111111111111111111111111111111111111111111111111111111111111111111111111111111111111111111101111100000110001111111000000000011111100000011000111111100000000001111111001111000111111100001000111111000000000000011111000000000011111110000000000111111000000000000001111100000000000000000000000000
111111111111111111111111111111111111111111111111111111111111111111111111111111111111111111111111111100000000000000000011100000000000000000000000000000001110000000000000011000000000000000000000000000000000000000000000000000000000000000000000000000000000000000000000000000000000000000000000000000000000
000000000000000000000000000000000000000000000000000000000000000000000000000000000000000000000000000010000011111001110000000111111111100000011111100111000000011111111110000000110000111000000011110111000000111111111111100000111111111100000001111111111000000111111111111110000011111111111111111111111111
111111111111111111111111111111111111111111111111111111111111111111111111111111111111111111111111111101111100000110001111111000000000011111100000011000111111100000000001111111001111000111111100001000111111000000000000011111000000000011111110000000000111111000000000000001111100000000000000000000000000
111111111111111111111111111111111111111111111111111111111111111111111111111111111111111111111111111110000011111001110000000111111111100000011111100111000000011111111110000000110000111000000011110111000000111111111111100000111111111100000001111111111000000111111111111110000011111111111111111111111111
000000000000000000000000000000000000000000000000000000000000000000000000000000000000000000000000000001111100000110001111111000000000011111100000011000111111100000000001111111001111000111111100001000111111000000000000011111000000000011111110000000000111111000000000000001111100000000000000000000000000
111111111111111111111111111111111111111111111111111111111111111111111111111111111111111111111111111110000011111001110000000111111111100000011111100111000000011111111110000000110000111000000011110111000000111111111111100000111111111100000001111111111000000111111111111110000011111111111111111111111111
111111111111111111111111111111111111111111111111111111111111111111111111111111111111111111111111111101111100000110001111111000000000011111100000011000111111100000000001111111001111000111111100001000111111000000000000011111000000000011111110000000000111111000000000000001111100000000000000000000000000
000000000000000000000000000000000000000000000000000000000000000000000000000000000000000000000000000010000011111001110000000111111111100000011111100111000000011111111110000000110000111000000011110111000000111111111111100000111111111100000001111111111000000111111111111110000011111111111111111111111111
111111111111111111111111111111111111111111111111111111111111111111111111111111111111111111111111111101111100000110001111111000000000011111100000011000111111100000000001111111001111000111111100001000111111000000000000011111000000000011111110000000000111111000000000000001111100000000000000000000000000
111111111111111111111111111111111111111111111111111111111111111111111111111111111111111111111111111110000011111001110000000111111111100000011111100111000000011111111110000000110000111000000011110111000000111111111111100000111111111100000001111111111000000111111111111110000011111111111111111111111111
000000000000000000000000000000000000000000000000000000000000000000000000000000000000000000000000000001111100000000001111111000000000011111100000000000111111100000000001111111000000000111111100000000111111000000000000011111000000000011111110000000000111111000000000000001111100000000000000000000000000
111111111111111111111111111111111111111111111111111111111111111111111111111111111111111111111111111110000011111111110000000111111111100000011111111111000000011111111110000000111111111000000011111111000000111111111111100000111111111100000001111111111000000111111111111110000011111111111111111111111111
111111111111111111111111111111111111111111111111111111111111111111111111111111111111111111111111111101111100000000001111111000000000011111100000000000111111100000000001111111000000000111111100000000111111000000000000011111000000000011111110000000000111111000000000000001111100000000000000000000000000
000000000000000000000000000000000000000000000000000000000000000000000000000000000000000000000000000010000011111111110000000111111111100000011111111111000000011111111110000000111111111000000011111111000000111111111111100000111111111100000001111111111000000111111111111110000011111111111111111111111111
111111111111111111111111111111111111111111111111111111111111111111111111111111111111111111111111111101111100000000001111111000000000011111100000000000111111100000000001111111000000000111111100000000111111000000000000011111000000000011111110000000000111111000000000000001111100000000000000000000000000
111111111111111111111111111111111111111111111111111111111111111111111111111111111111111111111111111110000011111111110000000111111111100000011111111111000000011111111110000000111111111000000011111111000000111111111111100000111111111100000001111111111000000111111111111110000011111111111111111111111111
000000000000000000000000000000000000000000000000000000000000000000000000000000000000000000000000000001111100000000001111111000000000011111100000000000111111100000000001111111000000000111111100000000111111000000000000011111000000000011111110000000000111111000000000000001111100000000000000000000000000
111111111111111111111111111111111111111111111111111111111111111111111111111111111111111111111111111100000000000110000000000000000000000000000000011000000000000000000000000000001111000000000000001000000000000000000000000000000000000000000000000000000000000000000000000000000000000000000000000000000000
111111111111111111111111111111111111111111111111111111111111111111111111111111111111111111111111111111111111111001111111111111111111111111111111100111111111111111111111111111110000111111111111110111111111111111111111111111111111111111111111111111111111111111111111111111111111111111111111111111111111
000000000000000000000000000000000000000000000000000000000000000000000000000000000000000000000000000000000000000000000000000000000000000000000000000000000000000000000000000000000000000000000000000000000000000000000000000000000000000000000000000000000000000000000000000000000000000000000000000000000000
111111111111111111111111111111111111111111111111111111111111111111111111111111111111111111111111111111111111111111111111111111111111111111111111111111111111111111111111111111111111111111111111111111111111111111111111111111111111111111111111111111111111111111111111111111111111111111111111111111111111
111111111111111111111111111111111111111111111111111111111111111111111111111111111111111111111111111100000000000000000000000000000000000000000000000000000000000000000000000000000000000000000000000000000000000000000000000000000000000000000000000000000000000000000000000000000000000000000000000000000000
000000000000000000000000000000000000000000000000000000000000000000000000000000000000000000000000000011111111111111111111111111111111111111111111111111111111111111111111111111111111111111111111111111111111111111111111111111111111111111111111111111111111111111111111111111111111111111111111111111111111
111111111111111111111111111111111111111111111111111111111111111111111111111111111111111111111111111100000000000000000000000000000000000000000000000000000000000000000000000000000000000000000000000000000000000000000000000000000000000000000000000000000000000000000000000000000000000000000000000000000000
111111111111111111111111111111111111111111111111111111111111111111111111111111111111111111111111111111111111111111111111111111111111111111111111111111111111111111111111111111111111111111111111111111111111111111111111111111111111111111111111111111111111111111111111111111111111111111111111111111111111
000000000000000000000000000000000000000000000000000000000000000000000000000000000000000000000000000000000000000000000000000000000000000000000000000000000000000000000000000000000000000000000000000000000000000000000000000000000000000000000000000000000000000000000000000000000000000000000000000000000000
000000000000000000000000000000000000000000000000000000000000000000000000000000000000000000000000000000000000000000000000000000000000000000000000000000000000000000000000000000000000000000000000000000000000000000000000000000000000000000000000000000000000000000000000000000000000000000000000000000000000
000000000000000000000000000000000000000000000000000000000000000000000000000000000000000000000000000000000000000000000000000000000000000000000000000000000000000000000000000000000000000000000000000000000000000000000000000000000000000000000000000000000000000000000000000000000000000000000000000000000000
000000000000000000000000000000000000000000000000000000000000000000000000000000000000000000000000000000000000000000000000000000000000000000000000000000000000000000000000000000000000000000000000000000000000000000000000000000000000000000000000000000000000000000000000000000000000000000000000000000000000
000000000000000000000000000000000000000000000000000000000000000000000000000000000000000000000000000000000000000000000000000000000000000000000000000000000000000000000000000000000000000000000000000000000000000000000000000000000000000000000000000000000000000000000000000000000000000000000000000000000000
000000000000000000000000000000000000000000000000000000000000000000000000000000000000000000000000000000000000000000000000000000000000000000000000000000000000000000000000000000000000000000000000000000000000000000000000000000000000000000000000000000000000000000000000000000000000000000000000000000000000
000000000000000000000000000000000000000000000000000000000000000000000000000000000000000000000000000000000000000000000000000000000000000000000000000000000000000000000000000000000000000000000000000000000000000000000000000000000000000000000000000000000000000000000000000000000000000000000000000000000000
000000000000000000000000000000000000000000000000000000000000000000000000000000000000000000000000000000000000000000000000000000000000000000000000000000000000000000000000000000000000000000000000000000000000000000000000000000000000000000000000000000000000000000000000000000000000000000000000000000000000
000000000000000000000000000000000000000000000000000000000000000000000000000000000000000000000000000000000000000000000000000000000000000000000000000000000000000000000000000000000000000000000000000000000000000000000000000000000000000000000000000000000000000000000000000000000000000000000000000000000000
000000000000000000000000000000000000000000000000000000000000000000000000000000000000000000000000000000000000000000000000000000000000000000000000000000000000000000000000000000000000000000000000000000000000000000000000000000000000000000000000000000000000000000000000000000000000000000000000000000000000
111111111111111111111111111111111111111111111111111111111111111111111111111111111111111111111111111111111111111111111111111111111111111111111111111111111111111111111111111111111111111111111111111111111111111111111111111111111111111111111111111111111111111111111111111111111111111111111111111111111111
111111111111111111111111111111111111111111111111111111111111111111111111111111111111111111111111111100000000000000000000000000000000000000000000000000000000000000000000000000000000000000000000000000000000000000000000000000000000000000000000000000000000000000000000000000000000000000000000000000000000
000000000000000000000000000000000000000000000000000000000000000000000000000000000000000000000000000011111111111111111111111111111111111111111111111111111111111111111111111111111111111111111111111111111111111111111111111111111111111111111111111111111111111111111111111111111111111111111111111111111111
111111111111111111111111111111111111111111111111111111111111111111111111111111111111111111111111111100000000000000000000000000000000000000000000000000000000000000000000000000000000000000000000000000000000000000000000000000000000000000000000000000000000000000000000000000000000000000000000000000000000
111111111111111111111111111111111111111111111111111111111111111111111111111111111111111111111111111111111111111111111111111111111111111111111111111111111111111111111111111111111111111111111111111111111111111111111111111111111111111111111111111111111111111111111111111111111111111111111111111111111111
000000000000000000000000000000000000000000000000000000000000000000000000000000000000000000000000000000000000000000000000000000000000000000000000000000000000000000000000000000000000000000000000000000000000000000000000000000000000000000000000000000000000000000000000000000000000000000000000000000000000
111111111111111111111111111111111111111111111111111111111111111111111111111111111111111111111111111111110000111111111111100111111111111111111111111111111110011111111111111111111111111111000011111111111111111111111111111111111111111111111111111111111111111111111111111111111111111111111111111111111111
111111111111111111111111111111111111111111111111111111111111111111111111111111111111111111111111111100001111000000000000011000000000000000000000000000000001100000000000000000000000000000111100000000000000000000000000000000000000000000000000000000000000000000000000000000000000000000000000000000000000
000000000000000000000000000000000000000000000000000000000000000000000000000000000000000000000000000011000000000111110000000000111111100000000001111110000000000011111110000000000111111100000000011111110000000001111100000000000001111100000000001111111000000000011111100000000000000111110000000000000000
111111111111111111111111111111111111111111111111111111111111111111111111111111111111111111111111111100111111111000001111111111000000011111111110000001111111111100000001111111111000000011111111100000001111111110000011111111111110000011111111110000000111111111100000011111111111111000001111111111111111
111111111111111111111111111111111111111111111111111111111111111111111111111111111111111111111111111111000000000111110000000000111111100000000001111110000000000011111110000000000111111100000000011111110000000001111100000000000001111100000000001111111000000000011111100000000000000111110000000000000000
000000000000000000000000000000000000000000000000000000000000000000000000000000000000000000000000000000111111111000001111111111000000011111111110000001111111111100000001111111111000000011111111100000001111111110000011111111111110000011111111110000000111111111100000011111111111111000001111111111111111
111111111111111111111111111111111111111111111111111111111111111111111111111111111111111111111111111111000000000111110000000000111111100000000001111110000000000011111110000000000111111100000000011111110000000001111100000000000001111100000000001111111000000000011111100000000000000111110000000000000000
111111111111111111111111111111111111111111111111111111111111111111111111111111111111111111111111111100111111111000001111111111000000011111111110000001111111111100000001111111111000000011111111100000001111111110000011111111111110000011111111110000000111111111100000011111111111111000001111111111111111
000000000000000000000000000000000000000000000000000000000000000000000000000000000000000000000000000011000000000111110000000000111111100000000001111110000000000011111110000000000111111100000000011111110000000001111100000000000001111100000000001111111000000000011111100000000000000111110000000000000000
111111111111111111111111111111111111111111111111111111111111111111111111111111111111111111111111111100110000111000001111100111000000011111111110000001111110011100000001111111111000000011000011100000001111111110000011111111111110000011111111110000000111111111100000011111111111111000001111111111111111
111111111111111111111111111111111111111111111111111111111111111111111111111111111111111111111111111111001111000111110000011000111111100000000001111110000001100011111110000000000111111100111100011111110000000001111100000000000001111100000000001111111000000000011111100000000000000111110000000000000000
000000000000000000000000000000000000000000000000000000000000000000000000000000000000000000000000000000110000111000001111100111000000011111111110000001111110011100000001111111111000000011000011100000001111111110000011111111111110000011111111110000000111111111100000011111111111111000001111111111111111
111111111111111111111111111111111111111111111111111111111111111111111111111111111111111111111111111111001111000111110000011000111111100000000001111110000001100011111110000000000111111100111100011111110000000001111100000000000001111100000000001111111000000000011111100000000000000111110000000000000000
111111111111111111111111111111111111111111111111111111111111111111111111111111111111111111111111111100110000111000001111100111000000011111111110000001111110011100000001111111111000000011000011100000001111111110000011111111111110000011111111110000000111111111100000011111111111111000001111111111111111
000000000000000000000000000000000000000000000000000000000000000000000000000000000000000000000000000011001111000111110000011000111111100000000001111110000001100011111110000000000111111100111100011111110000000001111100000000000001111100000000001111111000000000011111100000000000000111110000000000000000
111111111111111111111111111111111111111111111111111111111111111111111111111111111111111111111111111100110000111000001111100111000000011111111110000001111110011100000001111111111000000011000011100000001111111110000011111111111110000011111111110000000111111111100000011111111111111000001111111111111111
111111111111111111111111111111111111111111111111111111111111111111111111111111111111111111111111111111001111000111110000011000111111100000000001111110000001100011111110000000000111111100111100011111110000000001111100000000000001111100000000001111111000000000011111100000000000000111110000000000000000
000000000000000000000000000000000000000000000000000000000000000000000000000000000000000000000000000000110000111000001111100111000000011111111110000001111110011100000001111111111000000011000011100000001111111110000011111111111110000011111111110000000111111111100000011111111111111000001111111111111111
111111111111111111111111111111111111111111111111111111111111111111111111111111111111111111111111111111001111000111110000011000111111100000000001111110000001100011111110000000000111111100111100011111110000000001111100000000000001111100000000001111111000000000011111100000000000000111110000000000000000
111111111111111111111111111111111111111111111111111111111111111111111111111111111111111111111111111100000000000000000000000000001110000000000000000000000000000000111000000000000001100000000000000000000000000000000000000000000000000000000000000000000000000000000000000000000000000000000000000000000000
000000000000000000000000000000000000000000000000000000000000000000000000000000000000000000000000000000110000111000001111100111000000011111111110000001111110011100000001111111111000000011000011100000001111111110000011111111111110000011111111110000000111111111100000011111111111111000001111111111111111
111111111111111111111111111111111111111111111111111111111111111111111111111111111111111111111111111111001111000111110000011000111111100000000001111110000001100011111110000000000111111100111100011111110000000001111100000000000001111100000000001111111000000000011111100000000000000111110000000000000000
111111111111111111111111111111111111111111111111111111111111111111111111111111111111111111111111111100110000111000001111100111000000011111111110000001111110011100000001111111111000000011000011100000001111111110000011111111111110000011111111110000000111111111100000011111111111111000001111111111111111
000000000000000000000000000000000000000000000000000000000000000000000000000000000000000000000000000011001111000111110000011000111111100000000001111110000001100011111110000000000111111100111100011111110000000001111100000000000001111100000000001111111000000000011111100000000000000111110000000000000000
111111111111111111111111111111111111111111111111111111111111111111111111111111111111111111111111111100110000111000001111100111000000011111111110000001111110011100000001111111111000000011000011100000001111111110000011111111111110000011111111110000000111111111100000011111111111111000001111111111111111
111111111111111111111111111111111111111111111111111111111111111111111111111111111111111111111111111111001111000111110000011000111111100000000001111110000001100011111110000000000111111100111100011111110000000001111100000000000001111100000000001111111000000000011111100000000000000111110000000000000000
000000000000000000000000000000000000000000000000000000000000000000000000000000000000000000000000000000110000111000001111100111000000011111111110000001111110011100000001111111111000000011000011100000001111111110000011111111111110000011111111110000000111111111100000011111111111111000001111111111111111
111111111111111111111111111111111111111111111111111111111111111111111111111111111111111111111111111111001111000111110000011000111111100000000001111110000001100011111110000000000111111100111100011111110000000001111100000000000001111100000000001111111000000000011111100000000000000111110000000000000000
111111111111111111111111111111111111111111111111111111111111111111111111111111111111111111111111111100110000111000001111100111000000011111111110000001111110011100000001111111111000000011000011100000001111111110000011111111111110000011111111110000000111111111100000011111111111111000001111111111111111
000000000000000000000000000000000000000000000000000000000000000000000000000000000000000000000000000011000000000111110000000000111111100000000001111110000000000011111110000000000111111100000000011111110000000001111100000000000001111100000000001111111000000000011111100000000000000111110000000000000000
111111111111111111111111111111111111111111111111111111111111111111111111111111111111111111111111111100111111111000001111111111000000011111111110000001111111111100000001111111111000000011111111100000001111111110000011111111111110000011111111110000000111111111100000011111111111111000001111111111111111
111111111111111111111111111111111111111111111111111111111111111111111111111111111111111111111111111111000000000111110000000000111111100000000001111110000000000011111110000000000111111100000000011111110000000001111100000000000001111100000000001111111000000000011111100000000000000111110000000000000000
000000000000000000000000000000000000000000000000000000000000000000000000000000000000000000000000000000111111111000001111111111000000011111111110000001111111111100000001111111111000000011111111100000001111111110000011111111111110000011111111110000000111111111100000011111111111111000001111111111111111
111111111111111111111111111111111111111111111111111111111111111111111111111111111111111111111111111111000000000111110000000000111111100000000001111110000000000011111110000000000111111100000000011111110000000001111100000000000001111100000000001111111000000000011111100000000000000111110000000000000000
111111111111111111111111111111111111111111111111111111111111111111111111111111111111111111111111111100111111111000001111111111000000011111111110000001111111111100000001111111111000000011111111100000001111111110000011111111111110000011111111110000000111111111100000011111111111111000001111111111111111
000000000000000000000000000000000000000000000000000000000000000000000000000000000000000000000000000011000000000111110000000000111111100000000001111110000000000011111110000000000111111100000000011111110000000001111100000000000001111100000000001111111000000000011111100000000000000111110000000000000000
111111111111111111111111111111111111111111111111111111111111111111111111111111111111111111111111111100001111000000000000011000000000000000000000000000000001100000000000000000000000000000111100000000000000000000000000000000000000000000000000000000000000000000000000000000000000000000000000000000000000
111111111111111111111111111111111111111111111111111111111111111111111111111111111111111111111111111111110000111111111111100111111111111111111111111111111110011111111111111111111111111111000011111111111111111111111111111111111111111111111111111111111111111111111111111111111111111111111111111111111111
000000000000000000000000000000000000000000000000000000000000000000000000000000000000000000000000000000000000000000000000000000000000000000000000000000000000000000000000000000000000000000000000000000000000000000000000000000000000000000000000000000000000000000000000000000000000000000000000000000000000
111111111111111111111111111111111111111111111111111111111111111111111111111111111111111111111111111111111111111111111111111111111111111111111111111111111111111111111111111111111111111111111111111111111111111111111111111111111111111111111111111111111111111111111111111111111111111111111111111111111111
111111111111111111111111111111111111111111111111111111111111111111111111111111111111111111111111111100000000000000000000000000000000000000000000000000000000000000000000000000000000000000000000000000000000000000000000000000000000000000000000000000000000000000000000000000000000000000000000000000000000
000000000000000000000000000000000000000000000000000000000000000000000000000000000000000000000000000011111111111111111111111111111111111111111111111111111111111111111111111111111111111111111111111111111111111111111111111111111111111111111111111111111111111111111111111111111111111111111111111111111111
111111111111111111111111111111111111111111111111111111111111111111111111111111111111111111111111111100000000000000000000000000000000000000000000000000000000000000000000000000000000000000000000000000000000000000000000000000000000000000000000000000000000000000000000000000000000000000000000000000000000
111111111111111111111111111111111111111111111111111111111111111111111111111111111111111111111111111111111111111111111111111111111111111111111111111111111111111111111111111111111111111111111111111111111111111111111111111111111111111111111111111111111111111111111111111111111111111111111111111111111111
000000000000000000000000000000000000000000000000000000000000000000000000000000000000000000000000000000000000000000000000000000000000000000000000000000000000000000000000000000000000000000000000000000000000000000000000000000000000000000000000000000000000000000000000000000000000000000000000000000000000
000000000000000000000000000000000000000000000000000000000000000000000000000000000000000000000000000000000000000000000000000000000000000000000000000000000000000000000000000000000000000000000000000000000000000000000000000000000000000000000000000000000000000000000000000000000000000000000000000000000000
000000000000000000000000000000000000000000000000000000000000000000000000000000000000000000000000000000000000000000000000000000000000000000000000000000000000000000000000000000000000000000000000000000000000000000000000000000000000000000000000000000000000000000000000000000000000000000000000000000000000
000000000000000000000000000000000000000000000000000000000000000000000000000000000000000000000000000000000000000000000000000000000000000000000000000000000000000000000000000000000000000000000000000000000000000000000000000000000000000000000000000000000000000000000000000000000000000000000000000000000000
000000000000000000000000000000000000000000000000000000000000000000000000000000000000000000000000000000000000000000000000000000000000000000000000000000000000000000000000000000000000000000000000000000000000000000000000000000000000000000000000000000000000000000000000000000000000000000000000000000000000
000000000000000000000000000000000000000000000000000000000000000000000000000000000000000000000000000000000000000000000000000000000000000000000000000000000000000000000000000000000000000000000000000000000000000000000000000000000000000000000000000000000000000000000000000000000000000000000000000000000000
000000000000000000000000000000000000000000000000000000000000000000000000000000000000000000000000000000000000000000000000000000000000000000000000000000000000000000000000000000000000000000000000000000000000000000000000000000000000000000000000000000000000000000000000000000000000000000000000000000000000
000000000000000000000000000000000000000000000000000000000000000000000000000000000000000000000000000000000000000000000000000000000000000000000000000000000000000000000000000000000000000000000000000000000000000000000000000000000000000000000000000000000000000000000000000000000000000000000000000000000000
000000000000000000000000000000000000000000000000000000000000000000000000000000000000000000000000000000000000000000000000000000000000000000000000000000000000000000000000000000000000000000000000000000000000000000000000000000000000000000000000000000000000000000000000000000000000000000000000000000000000
000000000000000000000000000000000000000000000000000000000000000000000000000000000000000000000000000000000000000000000000000000000000000000000000000000000000000000000000000000000000000000000000000000000000000000000000000000000000000000000000000000000000000000000000000000000000000000000000000000000000
111111111111111111111111111111111111111111111111111111111111111111111111111111111111111111111111111111111111111111111111111111111111111111111111111111111111111111111111111111111111111111111111111111111111111111111111111111111111111111111111111111111111111111111111111111111111111111111111111111111111
111111111111111111111111111111111111111111111111111111111111111111111111111111111111111111111111111100000000000000000000000000000000000000000000000000000000000000000000000000000000000000000000000000000000000000000000000000000000000000000000000000000000000000000000000000000000000000000000000000000000
000000000000000000000000000000000000000000000000000000000000000000000000000000000000000000000000000011111111111111111111111111111111111111111111111111111111111111111111111111111111111111111111111111111111111111111111111111111111111111111111111111111111111111111111111111111111111111111111111111111111
111111111111111111111111111111111111111111111111111111111111111111111111111111111111111111111111111100000000000000000000000000000000000000000000000000000000000000000000000000000000000000000000000000000000000000000000000000000000000000000000000000000000000000000000000000000000000000000000000000000000
111111111111111111111111111111111111111111111111111111111111111111111111111111111111111111111111111111111111111111111111111111111111111111111111111111111111111111111111111111111111111111111111111111111111111111111111111111111111111111111111111111111111111111111111111111111111111111111111111111111111
000000000000000000000000000000000000000000000000000000000000000000000000000000000000000000000000000000000000000000000000000000000000000000000000000000000000000000000000000000000000000000000000000000000000000000000000000000000000000000000000000000000000000000000000000000000000000000000000000000000000
111111111111111111111111111111111111111111111111111111111111111111111111111111111111111111111111111111111111111111000011111111111110011111111111111111111111111111111001111111111111111111111111111100001111111111111111111111111111111111111111111111111111111111111111111111111111111111111111111111111111
111111111111111111111111111111111111111111111111111111111111111111111111111111111111111111111111111100000000000000111100000000000001100000000000000000000000000000000110000000000000000000000000000011110000000000000000000000000000000000000000000000000000000000000000000000000000000000000000000000000000
000000000000000000000000000000000000000000000000000000000000000000000000000000000000000000000000000000001111111100000000011111000000000011111110000000000111111000000000001111111000000000011111110000000000011111000000000111110000000000000111110000000000111111100000000001111110000000000000011111000000
111111111111111111111111111111111111111111111111111111111111111111111111111111111111111111111111111111110000000011111111100000111111111100000001111111111000000111111111110000000111111111100000001111111111100000111111111000001111111111111000001111111111000000011111111110000001111111111111100000111111
111111111111111111111111111111111111111111111111111111111111111111111111111111111111111111111111111100001111111100000000011111000000000011111110000000000111111000000000001111111000000000011111110000000000011111000000000111110000000000000111110000000000111111100000000001111110000000000000011111000000
000000000000000000000000000000000000000000000000000000000000000000000000000000000000000000000000000011110000000011111111100000111111111100000001111111111000000111111111110000000111111111100000001111111111100000111111111000001111111111111000001111111111000000011111111110000001111111111111100000111111
111111111111111111111111111111111111111111111111111111111111111111111111111111111111111111111111111100001111111100000000011111000000000011111110000000000111111000000000001111111000000000011111110000000000011111000000000111110000000000000111110000000000111111100000000001111110000000000000011111000000
111111111111111111111111111111111111111111111111111111111111111111111111111111111111111111111111111111110000000011111111100000111111111100000001111111111000000111111111110000000111111111100000001111111111100000111111111000001111111111111000001111111111000000011111111110000001111111111111100000111111
000000000000000000000000000000000000000000000000000000000000000000000000000000000000000000000000000000001111111100000000011111000000000011111110000000000111111000000000001111111000000000011111110000000000011111000000000111110000000000000111110000000000111111100000000001111110000000000000011111000000
111111111111111111111111111111111111111111111111111111111111111111111111111111111111111111111111111111110000000011000011100000111110011100000001111111111000000111111001110000000111111111100000001100001111100000111111111000001111111111111000001111111111000000011111111110000001111111111111100000111111
111111111111111111111111111111111111111111111111111111111111111111111111111111111111111111111111111100001111111100111100011111000001100011111110000000000111111000000110001111111000000000011111110011110000011111000000000111110000000000000111110000000000111111100000000001111110000000000000011111000000
000000000000000000000000000000000000000000000000000000000000000000000000000000000000000000000000000011110000000011000011100000111110011100000001111111111000000111111001110000000111111111100000001100001111100000111111111000001111111111111000001111111111000000011111111110000001111111111111100000111111
111111111111111111111111111111111111111111111111111111111111111111111111111111111111111111111111111100001111111100111100011111000001100011111110000000000111111000000110001111111000000000011111110011110000011111000000000111110000000000000111110000000000111111100000000001111110000000000000011111000000
111111111111111111111111111111111111111111111111111111111111111111111111111111111111111111111111111111110000000011000011100000111110011100000001111111111000000111111001110000000111111111100000001100001111100000111111111000001111111111111000001111111111000000011111111110000001111111111111100000111111
000000000000000000000000000000000000000000000000000000000000000000000000000000000000000000000000000000001111111100111100011111000001100011111110000000000111111000000110001111111000000000011111110011110000011111000000000111110000000000000111110000000000111111100000000001111110000000000000011111000000
111111111111111111111111111111111111111111111111111111111111111111111111111111111111111111111111111111110000000011000011100000111110011100000001111111111000000111111001110000000111111111100000001100001111100000111111111000001111111111111000001111111111000000011111111110000001111111111111100000111111
111111111111111111111111111111111111111111111111111111111111111111111111111111111111111111111111111100001111111100111100011111000001100011111110000000000111111000000110001111111000000000011111110011110000011111000000000111110000000000000111110000000000111111100000000001111110000000000000011111000000
000000000000000000000000000000000000000000000000000000000000000000000000000000000000000000000000000011110000000011000011100000111110011100000001111111111000000111111001110000000111111111100000001100001111100000111111111000001111111111111000001111111111000000011111111110000001111111111111100000111111
111111111111111111111111111111111111111111111111111111111111111111111111111111111111111111111111111100001111111100111100011111000001100011111110000000000111111000000110001111111000000000011111110011110000011111000000000111110000000000000111110000000000111111100000000001111110000000000000011111000000
111111111111111111111111111111111111111111111111111111111111111111111111111111111111111111111111111100000011110000000000000000000000000000111000000000000000000000000000000011100000000000000110000000000000000000000000000000000000000000000000000000000000000000000000000000000000000000000000000000000000
000000000000000000000000000000000000000000000000000000000000000000000000000000000000000000000000000011110000000011000011100000111110011100000001111111111000000111111001110000000111111111100000001100001111100000111111111000001111111111111000001111111111000000011111111110000001111111111111100000111111
111111111111111111111111111111111111111111111111111111111111111111111111111111111111111111111111111100001111111100111100011111000001100011111110000000000111111000000110001111111000000000011111110011110000011111000000000111110000000000000111110000000000111111100000000001111110000000000000011111000000
111111111111111111111111111111111111111111111111111111111111111111111111111111111111111111111111111111110000000011000011100000111110011100000001111111111000000111111001110000000111111111100000001100001111100000111111111000001111111111111000001111111111000000011111111110000001111111111111100000111111
000000000000000000000000000000000000000000000000000000000000000000000000000000000000000000000000000000001111111100111100011111000001100011111110000000000111111000000110001111111000000000011111110011110000011111000000000111110000000000000111110000000000111111100000000001111110000000000000011111000000
111111111111111111111111111111111111111111111111111111111111111111111111111111111111111111111111111111110000000011000011100000111110011100000001111111111000000111111001110000000111111111100000001100001111100000111111111000001111111111111000001111111111000000011111111110000001111111111111100000111111
111111111111111111111111111111111111111111111111111111111111111111111111111111111111111111111111111100001111111100111100011111000001100011111110000000000111111000000110001111111000000000011111110011110000011111000000000111110000000000000111110000000000111111100000000001111110000000000000011111000000
000000000000000000000000000000000000000000000000000000000000000000000000000000000000000000000000000011110000000011000011100000111110011100000001111111111000000111111001110000000111111111100000001100001111100000111111111000001111111111111000001111111111000000011111111110000001111111111111100000111111
111111111111111111111111111111111111111111111111111111111111111111111111111111111111111111111111111100001111111100111100011111000001100011111110000000000111111000000110001111111000000000011111110011110000011111000000000111110000000000000111110000000000111111100000000001111110000000000000011111000000
111111111111111111111111111111111111111111111111111111111111111111111111111111111111111111111111111111110000000011000011100000111110011100000001111111111000000111111001110000000111111111100000001100001111100000111111111000001111111111111000001111111111000000011111111110000001111111111111100000111111
000000000000000000000000000000000000000000000000000000000000000000000000000000000000000000000000000000001111111100000000011111000000000011111110000000000111111000000000001111111000000000011111110000000000011111000000000111110000000000000111110000000000111111100000000001111110000000000000011111000000
111111111111111111111111111111111111111111111111111111111111111111111111111111111111111111111111111111110000000011111111100000111111111100000001111111111000000111111111110000000111111111100000001111111111100000111111111000001111111111111000001111111111000000011111111110000001111111111111100000111111
111111111111111111111111111111111111111111111111111111111111111111111111111111111111111111111111111100001111111100000000011111000000000011111110000000000111111000000000001111111000000000011111110000000000011111000000000111110000000000000111110000000000111111100000000001111110000000000000011111000000
000000000000000000000000000000000000000000000000000000000000000000000000000000000000000000000000000011110000000011111111100000111111111100000001111111111000000111111111110000000111111111100000001111111111100000111111111000001111111111111000001111111111000000011111111110000001111111111111100000111111
111111111111111111111111111111111111111111111111111111111111111111111111111111111111111111111111111100001111111100000000011111000000000011111110000000000111111000000000001111111000000000011111110000000000011111000000000111110000000000000111110000000000111111100000000001111110000000000000011111000000
111111111111111111111111111111111111111111111111111111111111111111111111111111111111111111111111111111110000000011111111100000111111111100000001111111111000000111111111110000000111111111100000001111111111100000111111111000001111111111111000001111111111000000011111111110000001111111111111100000111111
000000000000000000000000000000000000000000000000000000000000000000000000000000000000000000000000000000001111111100000000011111000000000011111110000000000111111000000000001111111000000000011111110000000000011111000000000111110000000000000111110000000000111111100000000001111110000000000000011111000000
111111111111111111111111111111111111111111111111111111111111111111111111111111111111111111111111111100000000000000111100000000000001100000000000000000000000000000000110000000000000000000000000000011110000000000000000000000000000000000000000000000000000000000000000000000000000000000000000000000000000
111111111111111111111111111111111111111111111111111111111111111111111111111111111111111111111111111111111111111111000011111111111110011111111111111111111111111111111001111111111111111111111111111100001111111111111111111111111111111111111111111111111111111111111111111111111111111111111111111111111111
000000000000000000000000000000000000000000000000000000000000000000000000000000000000000000000000000000000000000000000000000000000000000000000000000000000000000000000000000000000000000000000000000000000000000000000000000000000000000000000000000000000000000000000000000000000000000000000000000000000000
111111111111111111111111111111111111111111111111111111111111111111111111111111111111111111111111111111111111111111111111111111111111111111111111111111111111111111111111111111111111111111111111111111111111111111111111111111111111111111111111111111111111111111111111111111111111111111111111111111111111
111111111111111111111111111111111111111111111111111111111111111111111111111111111111111111111111111100000000000000000000000000000000000000000000000000000000000000000000000000000000000000000000000000000000000000000000000000000000000000000000000000000000000000000000000000000000000000000000000000000000
000000000000000000000000000000000000000000000000000000000000000000000000000000000000000000000000000011111111111111111111111111111111111111111111111111111111111111111111111111111111111111111111111111111111111111111111111111111111111111111111111111111111111111111111111111111111111111111111111111111111
111111111111111111111111111111111111111111111111111111111111111111111111111111111111111111111111111100000000000000000000000000000000000000000000000000000000000000000000000000000000000000000000000000000000000000000000000000000000000000000000000000000000000000000000000000000000000000000000000000000000
111111111111111111111111111111111111111111111111111111111111111111111111111111111111111111111111111111111111111111111111111111111111111111111111111111111111111111111111111111111111111111111111111111111111111111111111111111111111111111111111111111111111111111111111111111111111111111111111111111111111
000000000000000000000000000000000000000000000000000000000000000000000000000000000000000000000000000000000000000000000000000000000000000000000000000000000000000000000000000000000000000000000000000000000000000000000000000000000000000000000000000000000000000000000000000000000000000000000000000000000000
000000000000000000000000000000000000000000000000000000000000000000000000000000000000000000000000000000000000000000000000000000000000000000000000000000000000000000000000000000000000000000000000000000000000000000000000000000000000000000000000000000000000000000000000000000000000000000000000000000000000
000000000000000000000000000000000000000000000000000000000000000000000000000000000000000000000000000000000000000000000000000000000000000000000000000000000000000000000000000000000000000000000000000000000000000000000000000000000000000000000000000000000000000000000000000000000000000000000000000000000000
000000000000000000000000000000000000000000000000000000000000000000000000000000000000000000000000000000000000000000000000000000000000000000000000000000000000000000000000000000000000000000000000000000000000000000000000000000000000000000000000000000000000000000000000000000000000000000000000000000000000
000000000000000000000000000000000000000000000000000000000000000000000000000000000000000000000000000000000000000000000000000000000000000000000000000000000000000000000000000000000000000000000000000000000000000000000000000000000000000000000000000000000000000000000000000000000000000000000000000000000000
000000000000000000000000000000000000000000000000000000000000000000000000000000000000000000000000000000000000000000000000000000000000000000000000000000000000000000000000000000000000000000000000000000000000000000000000000000000000000000000000000000000000000000000000000000000000000000000000000000000000
000000000000000000000000000000000000000000000000000000000000000000000000000000000000000000000000000000000000000000000000000000000000000000000000000000000000000000000000000000000000000000000000000000000000000000000000000000000000000000000000000000000000000000000000000000000000000000000000000000000000
000000000000000000000000000000000000000000000000000000000000000000000000000000000000000000000000000000000000000000000000000000000000000000000000000000000000000000000000000000000000000000000000000000000000000000000000000000000000000000000000000000000000000000000000000000000000000000000000000000000000
000000000000000000000000000000000000000000000000000000000000000000000000000000000000000000000000000000000000000000000000000000000000000000000000000000000000000000000000000000000000000000000000000000000000000000000000000000000000000000000000000000000000000000000000000000000000000000000000000000000000
000000000000000000000000000000000000000000000000000000000000000000000000000000000000000000000000000000000000000000000000000000000000000000000000000000000000000000000000000000000000000000000000000000000000000000000000000000000000000000000000000000000000000000000000000000000000000000000000000000000000
111111111111111111111111111111111111111111111111111111111111111111111111111111111111111111111111111111111111111111111111111111111111111111111111111111111111111111111111111111111111111111111111111111111111111111111111111111111111111111111111111111111111111111111111111111111111111111111111111111111111
111111111111111111111111111111111111111111111111111111111111111111111111111111111111111111111111111100000000000000000000000000000000000000000000000000000000000000000000000000000000000000000000000000000000000000000000000000000000000000000000000000000000000000000000000000000000000000000000000000000000
000000000000000000000000000000000000000000000000000000000000000000000000000000000000000000000000000011111111111111111111111111111111111111111111111111111111111111111111111111111111111111111111111111111111111111111111111111111111111111111111111111111111111111111111111111111111111111111111111111111111
111111111111111111111111111111111111111111111111111111111111111111111111111111111111111111111111111100000000000000000000000000000000000000000000000000000000000000000000000000000000000000000000000000000000000000000000000000000000000000000000000000000000000000000000000000000000000000000000000000000000
111111111111111111111111111111111111111111111111111111111111111111111111111111111111111111111111111111111111111111111111111111111111111111111111111111111111111111111111111111111111111111111111111111111111111111111111111111111111111111111111111111111111111111111111111111111111111111111111111111111111
000000000000000000000000000000000000000000000000000000000000000000000000000000000000000000000000000000000000000000000000000000000000000000000000000000000000000000000000000000000000000000000000000000000000000000000000000000000000000000000000000000000000000000000000000000000000000000000000000000000000
111111111111111111111111111111111111111111111111111111111111111111111111111111111111111111111111111111111111111111111111111100001111111111111001111111111111111111111111111111100111111111111111111111111111111111111111111111111111111111111111111111111111111111111111111111111111111111111111111111111111
111111111111111111111111111111111111111111111111111111111111111111111111111111111111111111111111111100000000000000000000000011110000000000000110000000000000000000000000000000011000000000000000000000000000000000000000000000000000000000000000000000000000000000000000000000000000000000000000000000000000
000000000000000000000000000000000000000000000000000000000000000000000000000000000000000000000000000001111100000000111111110000000001111100000000001111111000000000011111100000000000111111100000000001111111100000000001111100000000011111000000000000011111000000000011111110000000000111111000000000000001
111111111111111111111111111111111111111111111111111111111111111111111111111111111111111111111111111110000011111111000000001111111110000011111111110000000111111111100000011111111111000000011111111110000000011111111110000011111111100000111111111111100000111111111100000001111111111000000111111111111110
111111111111111111111111111111111111111111111111111111111111111111111111111111111111111111111111111101111100000000111111110000000001111100000000001111111000000000011111100000000000111111100000000001111111100000000001111100000000011111000000000000011111000000000011111110000000000111111000000000000001
000000000000000000000000000000000000000000000000000000000000000000000000000000000000000000000000000010000011111111000000001111111110000011111111110000000111111111100000011111111111000000011111111110000000011111111110000011111111100000111111111111100000111111111100000001111111111000000111111111111110
111111111111111111111111111111111111111111111111111111111111111111111111111111111111111111111111111101111100000000111111110000000001111100000000001111111000000000011111100000000000111111100000000001111111100000000001111100000000011111000000000000011111000000000011111110000000000111111000000000000001
111111111111111111111111111111111111111111111111111111111111111111111111111111111111111111111111111110000011111111000000001111111110000011111111110000000111111111100000011111111111000000011111111110000000011111111110000011111111100000111111111111100000111111111100000001111111111000000111111111111110
000000000000000000000000000000000000000000000000000000000000000000000000000000000000000000000000000001111100000000111111110000000001111100000000001111111000000000011111100000000000111111100000000001111111100000000001111100000000011111000000000000011111000000000011111110000000000111111000000000000001
111111111111111111111111111111111111111111111111111111111111111111111111111111111111111111111111111110000011111111000000001100001110000011111001110000000111111111100000011111100111000000011111111110000000011111111110000011111111100000111111111111100000111111111100000001111111111000000111111111111110
111111111111111111111111111111111111111111111111111111111111111111111111111111111111111111111111111101111100000000111111110011110001111100000110001111111000000000011111100000011000111111100000000001111111100000000001111100000000011111000000000000011111000000000011111110000000000111111000000000000001
000000000000000000000000000000000000000000000000000000000000000000000000000000000000000000000000000010000011111111000000001100001110000011111001110000000111111111100000011111100111000000011111111110000000011111111110000011111111100000111111111111100000111111111100000001111111111000000111111111111110
111111111111111111111111111111111111111111111111111111111111111111111111111111111111111111111111111101111100000000111111110011110001111100000110001111111000000000011111100000011000111111100000000001111111100000000001111100000000011111000000000000011111000000000011111110000000000111111000000000000001
111111111111111111111111111111111111111111111111111111111111111111111111111111111111111111111111111110000011111111000000001100001110000011111001110000000111111111100000011111100111000000011111111110000000011111111110000011111111100000111111111111100000111111111100000001111111111000000111111111111110
000000000000000000000000000000000000000000000000000000000000000000000000000000000000000000000000000001111100000000111111110011110001111100000110001111111000000000011111100000011000111111100000000001111111100000000001111100000000011111000000000000011111000000000011111110000000000111111000000000000001
111111111111111111111111111111111111111111111111111111111111111111111111111111111111111111111111111110000011111111000000001100001110000011111001110000000111111111100000011111100111000000011111111110000000011111111110000011111111100000111111111111100000111111111100000001111111111000000111111111111110
111111111111111111111111111111111111111111111111111111111111111111111111111111111111111111111111111101111100000000111111110011110001111100000110001111111000000000011111100000011000111111100000000001111111100000000001111100000000011111000000000000011111000000000011111110000000000111111000000000000001
000000000000000000000000000000000000000000000000000000000000000000000000000000000000000000000000000010000011111111000000001100001110000011111001110000000111111111100000011111100111000000011111111110000000011111111110000011111111100000111111111111100000111111111100000001111111111000000111111111111110
111111111111111111111111111111111111111111111111111111111111111111111111111111111111111111111111111101111100000000111111110011110001111100000110001111111000000000011111100000011000111111100000000001111111100000000001111100000000011111000000000000011111000000000011111110000000000111111000000000000001
111111111111111111111111111111111111111111111111111111111111111111111111111111111111111111111111111100000000000000001111000000000000000000000000000011100000000000000000000000000000001110000000000000010000000000000000000000000000000000000000000000000000000000000000000000000000000000000000000000000000
000000000000000000000000000000000000000000000000000000000000000000000000000000000000000000000000000010000011111111000000001100001110000011111001110000000111111111100000011111100111000000011111111110000000011111111110000011111111100000111111111111100000111111111100000001111111111000000111111111111110
111111111111111111111111111111111111111111111111111111111111111111111111111111111111111111111111111101111100000000111111110011110001111100000110001111111000000000011111100000011000111111100000000001111111100000000001111100000000011111000000000000011111000000000011111110000000000111111000000000000001
111111111111111111111111111111111111111111111111111111111111111111111111111111111111111111111111111110000011111111000000001100001110000011111001110000000111111111100000011111100111000000011111111110000000011111111110000011111111100000111111111111100000111111111100000001111111111000000111111111111110
000000000000000000000000000000000000000000000000000000000000000000000000000000000000000000000000000001111100000000111111110011110001111100000110001111111000000000011111100000011000111111100000000001111111100000000001111100000000011111000000000000011111000000000011111110000000000111111000000000000001
111111111111111111111111111111111111111111111111111111111111111111111111111111111111111111111111111110000011111111000000001100001110000011111001110000000111111111100000011111100111000000011111111110000000011111111110000011111111100000111111111111100000111111111100000001111111111000000111111111111110
111111111111111111111111111111111111111111111111111111111111111111111111111111111111111111111111111101111100000000111111110011110001111100000110001111111000000000011111100000011000111111100000000001111111100000000001111100000000011111000000000000011111000000000011111110000000000111111000000000000001
000000000000000000000000000000000000000000000000000000000000000000000000000000000000000000000000000010000011111111000000001100001110000011111001110000000111111111100000011111100111000000011111111110000000011111111110000011111111100000111111111111100000111111111100000001111111111000000111111111111110
111111111111111111111111111111111111111111111111111111111111111111111111111111111111111111111111111101111100000000111111110011110001111100000110001111111000000000011111100000011000111111100000000001111111100000000001111100000000011111000000000000011111000000000011111110000000000111111000000000000001
111111111111111111111111111111111111111111111111111111111111111111111111111111111111111111111111111110000011111111000000001100001110000011111001110000000111111111100000011111100111000000011111111110000000011111111110000011111111100000111111111111100000111111111100000001111111111000000111111111111110
000000000000000000000000000000000000000000000000000000000000000000000000000000000000000000000000000001111100000000111111110000000001111100000000001111111000000000011111100000000000111111100000000001111111100000000001111100000000011111000000000000011111000000000011111110000000000111111000000000000001
111111111111111111111111111111111111111111111111111111111111111111111111111111111111111111111111111110000011111111000000001111111110000011111111110000000111111111100000011111111111000000011111111110000000011111111110000011111111100000111111111111100000111111111100000001111111111000000111111111111110
111111111111111111111111111111111111111111111111111111111111111111111111111111111111111111111111111101111100000000111111110000000001111100000000001111111000000000011111100000000000111111100000000001111111100000000001111100000000011111000000000000011111000000000011111110000000000111111000000000000001
000000000000000000000000000000000000000000000000000000000000000000000000000000000000000000000000000010000011111111000000001111111110000011111111110000000111111111100000011111111111000000011111111110000000011111111110000011111111100000111111111111100000111111111100000001111111111000000111111111111110
111111111111111111111111111111111111111111111111111111111111111111111111111111111111111111111111111101111100000000111111110000000001111100000000001111111000000000011111100000000000111111100000000001111111100000000001111100000000011111000000000000011111000000000011111110000000000111111000000000000001
111111111111111111111111111111111111111111111111111111111111111111111111111111111111111111111111111110000011111111000000001111111110000011111111110000000111111111100000011111111111000000011111111110000000011111111110000011111111100000111111111111100000111111111100000001111111111000000111111111111110
000000000000000000000000000000000000000000000000000000000000000000000000000000000000000000000000000001111100000000111111110000000001111100000000001111111000000000011111100000000000111111100000000001111111100000000001111100000000011111000000000000011111000000000011111110000000000111111000000000000001
111111111111111111111111111111111111111111111111111111111111111111111111111111111111111111111111111100000000000000000000000011110000000000000110000000000000000000000000000000011000000000000000000000000000000000000000000000000000000000000000000000000000000000000000000000000000000000000000000000000000
111111111111111111111111111111111111111111111111111111111111111111111111111111111111111111111111111111111111111111111111111100001111111111111001111111111111111111111111111111100111111111111111111111111111111111111111111111111111111111111111111111111111111111111111111111111111111111111111111111111111
000000000000000000000000000000000000000000000000000000000000000000000000000000000000000000000000000000000000000000000000000000000000000000000000000000000000000000000000000000000000000000000000000000000000000000000000000000000000000000000000000000000000000000000000000000000000000000000000000000000000
111111111111111111111111111111111111111111111111111111111111111111111111111111111111111111111111111111111111111111111111111111111111111111111111111111111111111111111111111111111111111111111111111111111111111111111111111111111111111111111111111111111111111111111111111111111111111111111111111111111111
111111111111111111111111111111111111111111111111111111111111111111111111111111111111111111111111111100000000000000000000000000000000000000000000000000000000000000000000000000000000000000000000000000000000000000000000000000000000000000000000000000000000000000000000000000000000000000000000000000000000
000000000000000000000000000000000000000000000000000000000000000000000000000000000000000000000000000011111111111111111111111111111111111111111111111111111111111111111111111111111111111111111111111111111111111111111111111111111111111111111111111111111111111111111111111111111111111111111111111111111111
111111111111111111111111111111111111111111111111111111111111111111111111111111111111111111111111111100000000000000000000000000000000000000000000000000000000000000000000000000000000000000000000000000000000000000000000000000000000000000000000000000000000000000000000000000000000000000000000000000000000
111111111111111111111111111111111111111111111111111111111111111111111111111111111111111111111111111111111111111111111111111111111111111111111111111111111111111111111111111111111111111111111111111111111111111111111111111111111111111111111111111111111111111111111111111111111111111111111111111111111111
000000000000000000000000000000000000000000000000000000000000000000000000000000000000000000000000000000000000000000000000000000000000000000000000000000000000000000000000000000000000000000000000000000000000000000000000000000000000000000000000000000000000000000000000000000000000000000000000000000000000
000000000000000000000000000000000000000000000000000000000000000000000000000000000000000000000000000000000000000000000000000000000000000000000000000000000000000000000000000000000000000000000000000000000000000000000000000000000000000000000000000000000000000000000000000000000000000000000000000000000000
000000000000000000000000000000000000000000000000000000000000000000000000000000000000000000000000000000000000000000000000000000000000000000000000000000000000000000000000000000000000000000000000000000000000000000000000000000000000000000000000000000000000000000000000000000000000000000000000000000000000
000000000000000000000000000000000000000000000000000000000000000000000000000000000000000000000000000000000000000000000000000000000000000000000000000000000000000000000000000000000000000000000000000000000000000000000000000000000000000000000000000000000000000000000000000000000000000000000000000000000000
000000000000000000000000000000000000000000000000000000000000000000000000000000000000000000000000000000000000000000000000000000000000000000000000000000000000000000000000000000000000000000000000000000000000000000000000000000000000000000000000000000000000000000000000000000000000000000000000000000000000
000000000000000000000000000000000000000000000000000000000000000000000000000000000000000000000000000000000000000000000000000000000000000000000000000000000000000000000000000000000000000000000000000000000000000000000000000000000000000000000000000000000000000000000000000000000000000000000000000000000000
000000000000000000000000000000000000000000000000000000000000000000000000000000000000000000000000000000000000000000000000000000000000000000000000000000000000000000000000000000000000000000000000000000000000000000000000000000000000000000000000000000000000000000000000000000000000000000000000000000000000
000000000000000000000000000000000000000000000000000000000000000000000000000000000000000000000000000000000000000000000000000000000000000000000000000000000000000000000000000000000000000000000000000000000000000000000000000000000000000000000000000000000000000000000000000000000000000000000000000000000000
000000000000000000000000000000000000000000000000000000000000000000000000000000000000000000000000000000000000000000000000000000000000000000000000000000000000000000000000000000000000000000000000000000000000000000000000000000000000000000000000000000000000000000000000000000000000000000000000000000000000
000000000000000000000000000000000000000000000000000000000000000000000000000000000000000000000000000000000000000000000000000000000000000000000000000000000000000000000000000000000000000000000000000000000000000000000000000000000000000000000000000000000000000000000000000000000000000000000000000000000000
111111111111111111111111111111111111111111111111111111111111111111111111111111111111111111111111111111111111111111111111111111111111111111111111111111111111111111111111111111111111111111111111111111111111111111111111111111111111111111111111111111111111111111111111111111111111111111111111111111111111
111111111111111111111111111111111111111111111111111111111111111111111111111111111111111111111111111100000000000000000000000000000000000000000000000000000000000000000000000000000000000000000000000000000000000000000000000000000000000000000000000000000000000000000000000000000000000000000000000000000000
000000000000000000000000000000000000000000000000000000000000000000000000000000000000000000000000000011111111111111111111111111111111111111111111111111111111111111111111111111111111111111111111111111111111111111111111111111111111111111111111111111111111111111111111111111111111111111111111111111111111
111111111111111111111111111111111111111111111111111111111111111111111111111111111111111111111111111100000000000000000000000000000000000000000000000000000000000000000000000000000000000000000000000000000000000000000000000000000000000000000000000000000000000000000000000000000000000000000000000000000000
111111111111111111111111111111111111111111111111111111111111111111111111111111111111111111111111111111111111111111111111111111111111111111111111111111111111111111111111111111111111111111111111111111111111111111111111111111111111111111111111111111111111111111111111111111111111111111111111111111111111
000000000000000000000000000000000000000000000000000000000000000000000000000000000000000000000000000000000000000000000000000000000000000000000000000000000000000000000000000000000000000000000000000000000000000000000000000000000000000000000000000000000000000000000000000000000000000000000000000000000000
111111111111111111111111111111111111111111111111111111111111111111111111111111111111111111111111111111000000111111111111111111111111110000111111111111100111111111111111111111111111111110011111111111111111111111111111111111111111111111111111111111111111111111111111111111111111111111111111111111111111
111111111111111111111111111111111111111111111111111111111111111111111111111111111111111111111111111100111111000000000000000000000000001111000000000000011000000000000000000000000000000001100000000000000000000000000000000000000000000000000000000000000000000000000000000000000000000000000000000000000000
000000000000000000000000000000000000000000000000000000000000000000000000000000000000000000000000000000000000000111110000000011111111000000000111110000000000111111100000000001111110000000000011111110000000000000111110000000000111110000000001111100000000000001111100000000001111111000000000011111100000
111111111111111111111111111111111111111111111111111111111111111111111111111111111111111111111111111111111111111000001111111100000000111111111000001111111111000000011111111110000001111111111100000001111111111111000001111111111000001111111110000011111111111110000011111111110000000111111111100000011111
111111111111111111111111111111111111111111111111111111111111111111111111111111111111111111111111111100000000000111110000000011111111000000000111110000000000111111100000000001111110000000000011111110000000000000111110000000000111110000000001111100000000000001111100000000001111111000000000011111100000
000000000000000000000000000000000000000000000000000000000000000000000000000000000000000000000000000011111111111000001111111100000000111111111000001111111111000000011111111110000001111111111100000001111111111111000001111111111000001111111110000011111111111110000011111111110000000111111111100000011111
111111111111111111111111111111111111111111111111111111111111111111111111111111111111111111111111111100000000000111110000000011111111000000000111110000000000111111100000000001111110000000000011111110000000000000111110000000000111110000000001111100000000000001111100000000001111111000000000011111100000
111111111111111111111111111111111111111111111111111111111111111111111111111111111111111111111111111111111111111000001111111100000000111111111000001111111111000000011111111110000001111111111100000001111111111111000001111111111000001111111110000011111111111110000011111111110000000111111111100000011111
000000000000000000000000000000000000000000000000000000000000000000000000000000000000000000000000000000000000000111110000000011111111000000000111110000000000111111100000000001111110000000000011111110000000000000111110000000000111110000000001111100000000000001111100000000001111111000000000011111100000
111111111111111111111111111111111111111111111111111111111111111111111111111111111111111111111111111111000000111000001111111100000000110000111000001111100111000000011111111110000001111110011100000001111111111111000001111111111000001111111110000011111111111110000011111111110000000111111111100000011111
111111111111111111111111111111111111111111111111111111111111111111111111111111111111111111111111111100111111000111110000000011111111001111000111110000011000111111100000000001111110000001100011111110000000000000111110000000000111110000000001111100000000000001111100000000001111111000000000011111100000
000000000000000000000000000000000000000000000000000000000000000000000000000000000000000000000000000011000000111000001111111100000000110000111000001111100111000000011111111110000001111110011100000001111111111111000001111111111000001111111110000011111111111110000011111111110000000111111111100000011111
111111111111111111111111111111111111111111111111111111111111111111111111111111111111111111111111111100111111000111110000000011111111001111000111110000011000111111100000000001111110000001100011111110000000000000111110000000000111110000000001111100000000000001111100000000001111111000000000011111100000
111111111111111111111111111111111111111111111111111111111111111111111111111111111111111111111111111111000000111000001111111100000000110000111000001111100111000000011111111110000001111110011100000001111111111111000001111111111000001111111110000011111111111110000011111111110000000111111111100000011111
000000000000000000000000000000000000000000000000000000000000000000000000000000000000000000000000000000111111000111110000000011111111001111000111110000011000111111100000000001111110000001100011111110000000000000111110000000000111110000000001111100000000000001111100000000001111111000000000011111100000
111111111111111111111111111111111111111111111111111111111111111111111111111111111111111111111111111111000000111000001111111100000000110000111000001111100111000000011111111110000001111110011100000001111111111111000001111111111000001111111110000011111111111110000011111111110000000111111111100000011111
111111111111111111111111111111111111111111111111111111111111111111111111111111111111111111111111111100111111000111110000000011111111001111000111110000011000111111100000000001111110000001100011111110000000000000111110000000000111110000000001111100000000000001111100000000001111111000000000011111100000
000000000000000000000000000000000000000000000000000000000000000000000000000000000000000000000000000011000000111000001111111100000000110000111000001111100111000000011111111110000001111110011100000001111111111111000001111111111000001111111110000011111111111110000011111111110000000111111111100000011111
111111111111111111111111111111111111111111111111111111111111111111111111111111111111111111111111111100111111000111110000000011111111001111000111110000011000111111100000000001111110000001100011111110000000000000111110000000000111110000000001111100000000000001111100000000001111111000000000011111100000
111111111111111111111111111111111111111111111111111111111111111111111111111111111111111111111111111100000000000000000000000000111100000000000000000000000000001110000000000000000000000000000000111000000000000000000000000000000000000000000000000000000000000000000000000000000000000000000000000000000000
000000000000000000000000000000000000000000000000000000000000000000000000000000000000000000000000000011000000111000001111111100000000110000111000001111100111000000011111111110000001111110011100000001111111111111000001111111111000001111111110000011111111111110000011111111110000000111111111100000011111
111111111111111111111111111111111111111111111111111111111111111111111111111111111111111111111111111100111111000111110000000011111111001111000111110000011000111111100000000001111110000001100011111110000000000000111110000000000111110000000001111100000000000001111100000000001111111000000000011111100000
111111111111111111111111111111111111111111111111111111111111111111111111111111111111111111111111111111000000111000001111111100000000110000111000001111100111000000011111111110000001111110011100000001111111111111000001111111111000001111111110000011111111111110000011111111110000000111111111100000011111
000000000000000000000000000000000000000000000000000000000000000000000000000000000000000000000000000000111111000111110000000011111111001111000111110000011000111111100000000001111110000001100011111110000000000000111110000000000111110000000001111100000000000001111100000000001111111000000000011111100000
111111111111111111111111111111111111111111111111111111111111111111111111111111111111111111111111111111000000111000001111111100000000110000111000001111100111000000011111111110000001111110011100000001111111111111000001111111111000001111111110000011111111111110000011111111110000000111111111100000011111
111111111111111111111111111111111111111111111111111111111111111111111111111111111111111111111111111100111111000111110000000011111111001111000111110000011000111111100000000001111110000001100011111110000000000000111110000000000111110000000001111100000000000001111100000000001111111000000000011111100000
000000000000000000000000000000000000000000000000000000000000000000000000000000000000000000000000000011000000111000001111111100000000110000111000001111100111000000011111111110000001111110011100000001111111111111000001111111111000001111111110000011111111111110000011111111110000000111111111100000011111
111111111111111111111111111111111111111111111111111111111111111111111111111111111111111111111111111100111111000111110000000011111111001111000111110000011000111111100000000001111110000001100011111110000000000000111110000000000111110000000001111100000000000001111100000000001111111000000000011111100000
111111111111111111111111111111111111111111111111111111111111111111111111111111111111111111111111111111000000111000001111111100000000110000111000001111100111000000011111111110000001111110011100000001111111111111000001111111111000001111111110000011111111111110000011111111110000000111111111100000011111
000000000000000000000000000000000000000000000000000000000000000000000000000000000000000000000000000000000000000111110000000011111111000000000111110000000000111111100000000001111110000000000011111110000000000000111110000000000111110000000001111100000000000001111100000000001111111000000000011111100000
111111111111111111111111111111111111111111111111111111111111111111111111111111111111111111111111111111111111111000001111111100000000111111111000001111111111000000011111111110000001111111111100000001111111111111000001111111111000001111111110000011111111111110000011111111110000000111111111100000011111
111111111111111111111111111111111111111111111111111111111111111111111111111111111111111111111111111100000000000111110000000011111111000000000111110000000000111111100000000001111110000000000011111110000000000000111110000000000111110000000001111100000000000001111100000000001111111000000000011111100000
000000000000000000000000000000000000000000000000000000000000000000000000000000000000000000000000000011111111111000001111111100000000111111111000001111111111000000011111111110000001111111111100000001111111111111000001111111111000001111111110000011111111111110000011111111110000000111111111100000011111
111111111111111111111111111111111111111111111111111111111111111111111111111111111111111111111111111100000000000111110000000011111111000000000111110000000000111111100000000001111110000000000011111110000000000000111110000000000111110000000001111100000000000001111100000000001111111000000000011111100000
111111111111111111111111111111111111111111111111111111111111111111111111111111111111111111111111111111111111111000001111111100000000111111111000001111111111000000011111111110000001111111111100000001111111111111000001111111111000001111111110000011111111111110000011111111110000000111111111100000011111
000000000000000000000000000000000000000000000000000000000000000000000000000000000000000000000000000000000000000111110000000011111111000000000111110000000000111111100000000001111110000000000011111110000000000000111110000000000111110000000001111100000000000001111100000000001111111000000000011111100000
111111111111111111111111111111111111111111111111111111111111111111111111111111111111111111111111111100111111000000000000000000000000001111000000000000011000000000000000000000000000000001100000000000000000000000000000000000000000000000000000000000000000000000000000000000000000000000000000000000000000
111111111111111111111111111111111111111111111111111111111111111111111111111111111111111111111111111111000000111111111111111111111111110000111111111111100111111111111111111111111111111110011111111111111111111111111111111111111111111111111111111111111111111111111111111111111111111111111111111111111111
000000000000000000000000000000000000000000000000000000000000000000000000000000000000000000000000000000000000000000000000000000000000000000000000000000000000000000000000000000000000000000000000000000000000000000000000000000000000000000000000000000000000000000000000000000000000000000000000000000000000
111111111111111111111111111111111111111111111111111111111111111111111111111111111111111111111111111111111111111111111111111111111111111111111111111111111111111111111111111111111111111111111111111111111111111111111111111111111111111111111111111111111111111111111111111111111111111111111111111111111111
111111111111111111111111111111111111111111111111111111111111111111111111111111111111111111111111111100000000000000000000000000000000000000000000000000000000000000000000000000000000000000000000000000000000000000000000000000000000000000000000000000000000000000000000000000000000000000000000000000000000
000000000000000000000000000000000000000000000000000000000000000000000000000000000000000000000000000011111111111111111111111111111111111111111111111111111111111111111111111111111111111111111111111111111111111111111111111111111111111111111111111111111111111111111111111111111111111111111111111111111111
111111111111111111111111111111111111111111111111111111111111111111111111111111111111111111111111111100000000000000000000000000000000000000000000000000000000000000000000000000000000000000000000000000000000000000000000000000000000000000000000000000000000000000000000000000000000000000000000000000000000
111111111111111111111111111111111111111111111111111111111111111111111111111111111111111111111111111111111111111111111111111111111111111111111111111111111111111111111111111111111111111111111111111111111111111111111111111111111111111111111111111111111111111111111111111111111111111111111111111111111111
000000000000000000000000000000000000000000000000000000000000000000000000000000000000000000000000000000000000000000000000000000000000000000000000000000000000000000000000000000000000000000000000000000000000000000000000000000000000000000000000000000000000000000000000000000000000000000000000000000000000
000000000000000000000000000000000000000000000000000000000000000000000000000000000000000000000000000000000000000000000000000000000000000000000000000000000000000000000000000000000000000000000000000000000000000000000000000000000000000000000000000000000000000000000000000000000000000000000000000000000000
000000000000000000000000000000000000000000000000000000000000000000000000000000000000000000000000000000000000000000000000000000000000000000000000000000000000000000000000000000000000000000000000000000000000000000000000000000000000000000000000000000000000000000000000000000000000000000000000000000000000
000000000000000000000000000000000000000000000000000000000000000000000000000000000000000000000000000000000000000000000000000000000000000000000000000000000000000000000000000000000000000000000000000000000000000000000000000000000000000000000000000000000000000000000000000000000000000000000000000000000000
000000000000000000000000000000000000000000000000000000000000000000000000000000000000000000000000000000000000000000000000000000000000000000000000000000000000000000000000000000000000000000000000000000000000000000000000000000000000000000000000000000000000000000000000000000000000000000000000000000000000
000000000000000000000000000000000000000000000000000000000000000000000000000000000000000000000000000000000000000000000000000000000000000000000000000000000000000000000000000000000000000000000000000000000000000000000000000000000000000000000000000000000000000000000000000000000000000000000000000000000000
000000000000000000000000000000000000000000000000000000000000000000000000000000000000000000000000000000000000000000000000000000000000000000000000000000000000000000000000000000000000000000000000000000000000000000000000000000000000000000000000000000000000000000000000000000000000000000000000000000000000
000000000000000000000000000000000000000000000000000000000000000000000000000000000000000000000000000000000000000000000000000000000000000000000000000000000000000000000000000000000000000000000000000000000000000000000000000000000000000000000000000000000000000000000000000000000000000000000000000000000000
000000000000000000000000000000000000000000000000000000000000000000000000000000000000000000000000000000000000000000000000000000000000000000000000000000000000000000000000000000000000000000000000000000000000000000000000000000000000000000000000000000000000000000000000000000000000000000000000000000000000
000000000000000000000000000000000000000000000000000000000000000000000000000000000000000000000000000000000000000000000000000000000000000000000000000000000000000000000000000000000000000000000000000000000000000000000000000000000000000000000000000000000000000000000000000000000000000000000000000000000000
111111111111111111111111111111111111111111111111111111111111111111111111111111111111111111111111111111111111111111111111111111111111111111111111111111111111111111111111111111111111111111111111111111111111111111111111111111111111111111111111111111111111111111111111111111111111111111111111111111111111
111111111111111111111111111111111111111111111111111111111111111111111111111111111111111111111111111100000000000000000000000000000000000000000000000000000000000000000000000000000000000000000000000000000000000000000000000000000000000000000000000000000000000000000000000000000000000000000000000000000000
000000000000000000000000000000000000000000000000000000000000000000000000000000000000000000000000000011111111111111111111111111111111111111111111111111111111111111111111111111111111111111111111111111111111111111111111111111111111111111111111111111111111111111111111111111111111111111111111111111111111
111111111111111111111111111111111111111111111111111111111111111111111111111111111111111111111111111100000000000000000000000000000000000000000000000000000000000000000000000000000000000000000000000000000000000000000000000000000000000000000000000000000000000000000000000000000000000000000000000000000000
111111111111111111111111111111111111111111111111111111111111111111111111111111111111111111111111111111111111111111111111111111111111111111111111111111111111111111111111111111111111111111111111111111111111111111111111111111111111111111111111111111111111111111111111111111111111111111111111111111111111
000000000000000000000000000000000000000000000000000000000000000000000000000000000000000000000000000000000000000000000000000000000000000000000000000000000000000000000000000000000000000000000000000000000000000000000000000000000000000000000000000000000000000000000000000000000000000000000000000000000000
111111111111111111111111111111111111111111111111111111111111111111111111111111111111111111111111111111111111111100000011111111111111111111111111000011111111111110011111111111111111111111111111111001111111111111111111111111111111111111111111111111111111111111111111111111111111111111111111111111111111
111111111111111111111111111111111111111111111111111111111111111111111111111111111111111111111111111100000000000011111100000000000000000000000000111100000000000001100000000000000000000000000000000110000000000000000000000000000000000000000000000000000000000000000000000000000000000000000000000000000000
000000000000000000000000000000000000000000000000000000000000000000000000000000000000000000000000000000111111110000000000011111000000001111111100000000011111000000000011111110000000000111111000000000000001111110000000000011111000000000011111000000000111110000000000000111110000000000111111100000000001
111111111111111111111111111111111111111111111111111111111111111111111111111111111111111111111111111111000000001111111111100000111111110000000011111111100000111111111100000001111111111000000111111111111110000001111111111100000111111111100000111111111000001111111111111000001111111111000000011111111110
111111111111111111111111111111111111111111111111111111111111111111111111111111111111111111111111111100111111110000000000011111000000001111111100000000011111000000000011111110000000000111111000000000000001111110000000000011111000000000011111000000000111110000000000000111110000000000111111100000000001
000000000000000000000000000000000000000000000000000000000000000000000000000000000000000000000000000011000000001111111111100000111111110000000011111111100000111111111100000001111111111000000111111111111110000001111111111100000111111111100000111111111000001111111111111000001111111111000000011111111110
111111111111111111111111111111111111111111111111111111111111111111111111111111111111111111111111111100111111110000000000011111000000001111111100000000011111000000000011111110000000000111111000000000000001111110000000000011111000000000011111000000000111110000000000000111110000000000111111100000000001
111111111111111111111111111111111111111111111111111111111111111111111111111111111111111111111111111111000000001111111111100000111111110000000011111111100000111111111100000001111111111000000111111111111110000001111111111100000111111111100000111111111000001111111111111000001111111111000000011111111110
000000000000000000000000000000000000000000000000000000000000000000000000000000000000000000000000000000111111110000000000011111000000001111111100000000011111000000000011111110000000000111111000000000000001111110000000000011111000000000011111000000000111110000000000000111110000000000111111100000000001
111111111111111111111111111111111111111111111111111111111111111111111111111111111111111111111111111111000000001100000011100000111111110000000011000011100000111110011100000001111111111000000111111001111110000001111111111100000111111111100000111111111000001111111111111000001111111111000000011111111110
111111111111111111111111111111111111111111111111111111111111111111111111111111111111111111111111111100111111110011111100011111000000001111111100111100011111000001100011111110000000000111111000000110000001111110000000000011111000000000011111000000000111110000000000000111110000000000111111100000000001
000000000000000000000000000000000000000000000000000000000000000000000000000000000000000000000000000011000000001100000011100000111111110000000011000011100000111110011100000001111111111000000111111001111110000001111111111100000111111111100000111111111000001111111111111000001111111111000000011111111110
111111111111111111111111111111111111111111111111111111111111111111111111111111111111111111111111111100111111110011111100011111000000001111111100111100011111000001100011111110000000000111111000000110000001111110000000000011111000000000011111000000000111110000000000000111110000000000111111100000000001
111111111111111111111111111111111111111111111111111111111111111111111111111111111111111111111111111111000000001100000011100000111111110000000011000011100000111110011100000001111111111000000111111001111110000001111111111100000111111111100000111111111000001111111111111000001111111111000000011111111110
000000000000000000000000000000000000000000000000000000000000000000000000000000000000000000000000000000111111110011111100011111000000001111111100111100011111000001100011111110000000000111111000000110000001111110000000000011111000000000011111000000000111110000000000000111110000000000111111100000000001
111111111111111111111111111111111111111111111111111111111111111111111111111111111111111111111111111111000000001100000011100000111111110000000011000011100000111110011100000001111111111000000111111001111110000001111111111100000111111111100000111111111000001111111111111000001111111111000000011111111110
111111111111111111111111111111111111111111111111111111111111111111111111111111111111111111111111111100111111110011111100011111000000001111111100111100011111000001100011111110000000000111111000000110000001111110000000000011111000000000011111000000000111110000000000000111110000000000111111100000000001
000000000000000000000000000000000000000000000000000000000000000000000000000000000000000000000000000011000000001100000011100000111111110000000011000011100000111110011100000001111111111000000111111001111110000001111111111100000111111111100000111111111000001111111111111000001111111111000000011111111110
111111111111111111111111111111111111111111111111111111111111111111111111111111111111111111111111111100111111110011111100011111000000001111111100111100011111000001100011111110000000000111111000000110000001111110000000000011111000000000011111000000000111110000000000000111110000000000111111100000000001
111111111111111111111111111111111111111111111111111111111111111111111111111111111111111111111111111100001111000000000000000000000000000011110000000000000000000000000000111000000000000000000000000000000000000000000000000000000000000000000000000000000000000000000000000000000000000000000000000000000000
000000000000000000000000000000000000000000000000000000000000000000000000000000000000000000000000000011000000001100000011100000111111110000000011000011100000111110011100000001111111111000000111111001111110000001111111111100000111111111100000111111111000001111111111111000001111111111000000011111111110
111111111111111111111111111111111111111111111111111111111111111111111111111111111111111111111111111100111111110011111100011111000000001111111100111100011111000001100011111110000000000111111000000110000001111110000000000011111000000000011111000000000111110000000000000111110000000000111111100000000001
111111111111111111111111111111111111111111111111111111111111111111111111111111111111111111111111111111000000001100000011100000111111110000000011000011100000111110011100000001111111111000000111111001111110000001111111111100000111111111100000111111111000001111111111111000001111111111000000011111111110
000000000000000000000000000000000000000000000000000000000000000000000000000000000000000000000000000000111111110011111100011111000000001111111100111100011111000001100011111110000000000111111000000110000001111110000000000011111000000000011111000000000111110000000000000111110000000000111111100000000001
111111111111111111111111111111111111111111111111111111111111111111111111111111111111111111111111111111000000001100000011100000111111110000000011000011100000111110011100000001111111111000000111111001111110000001111111111100000111111111100000111111111000001111111111111000001111111111000000011111111110
111111111111111111111111111111111111111111111111111111111111111111111111111111111111111111111111111100111111110011111100011111000000001111111100111100011111000001100011111110000000000111111000000110000001111110000000000011111000000000011111000000000111110000000000000111110000000000111111100000000001
000000000000000000000000000000000000000000000000000000000000000000000000000000000000000000000000000011000000001100000011100000111111110000000011000011100000111110011100000001111111111000000111111001111110000001111111111100000111111111100000111111111000001111111111111000001111111111000000011111111110
111111111111111111111111111111111111111111111111111111111111111111111111111111111111111111111111111100111111110011111100011111000000001111111100111100011111000001100011111110000000000111111000000110000001111110000000000011111000000000011111000000000111110000000000000111110000000000111111100000000001
111111111111111111111111111111111111111111111111111111111111111111111111111111111111111111111111111111000000001100000011100000111111110000000011000011100000111110011100000001111111111000000111111001111110000001111111111100000111111111100000111111111000001111111111111000001111111111000000011111111110
000000000000000000000000000000000000000000000000000000000000000000000000000000000000000000000000000000111111110000000000011111000000001111111100000000011111000000000011111110000000000111111000000000000001111110000000000011111000000000011111000000000111110000000000000111110000000000111111100000000001
111111111111111111111111111111111111111111111111111111111111111111111111111111111111111111111111111111000000001111111111100000111111110000000011111111100000111111111100000001111111111000000111111111111110000001111111111100000111111111100000111111111000001111111111111000001111111111000000011111111110
111111111111111111111111111111111111111111111111111111111111111111111111111111111111111111111111111100111111110000000000011111000000001111111100000000011111000000000011111110000000000111111000000000000001111110000000000011111000000000011111000000000111110000000000000111110000000000111111100000000001
000000000000000000000000000000000000000000000000000000000000000000000000000000000000000000000000000011000000001111111111100000111111110000000011111111100000111111111100000001111111111000000111111111111110000001111111111100000111111111100000111111111000001111111111111000001111111111000000011111111110
111111111111111111111111111111111111111111111111111111111111111111111111111111111111111111111111111100111111110000000000011111000000001111111100000000011111000000000011111110000000000111111000000000000001111110000000000011111000000000011111000000000111110000000000000111110000000000111111100000000001
111111111111111111111111111111111111111111111111111111111111111111111111111111111111111111111111111111000000001111111111100000111111110000000011111111100000111111111100000001111111111000000111111111111110000001111111111100000111111111100000111111111000001111111111111000001111111111000000011111111110
000000000000000000000000000000000000000000000000000000000000000000000000000000000000000000000000000000111111110000000000011111000000001111111100000000011111000000000011111110000000000111111000000000000001111110000000000011111000000000011111000000000111110000000000000111110000000000111111100000000001
111111111111111111111111111111111111111111111111111111111111111111111111111111111111111111111111111100000000000011111100000000000000000000000000111100000000000001100000000000000000000000000000000110000000000000000000000000000000000000000000000000000000000000000000000000000000000000000000000000000000
111111111111111111111111111111111111111111111111111111111111111111111111111111111111111111111111111111111111111100000011111111111111111111111111000011111111111110011111111111111111111111111111111001111111111111111111111111111111111111111111111111111111111111111111111111111111111111111111111111111111
000000000000000000000000000000000000000000000000000000000000000000000000000000000000000000000000000000000000000000000000000000000000000000000000000000000000000000000000000000000000000000000000000000000000000000000000000000000000000000000000000000000000000000000000000000000000000000000000000000000000
111111111111111111111111111111111111111111111111111111111111111111111111111111111111111111111111111111111111111111111111111111111111111111111111111111111111111111111111111111111111111111111111111111111111111111111111111111111111111111111111111111111111111111111111111111111111111111111111111111111111
111111111111111111111111111111111111111111111111111111111111111111111111111111111111111111111111111100000000000000000000000000000000000000000000000000000000000000000000000000000000000000000000000000000000000000000000000000000000000000000000000000000000000000000000000000000000000000000000000000000000
000000000000000000000000000000000000000000000000000000000000000000000000000000000000000000000000000011111111111111111111111111111111111111111111111111111111111111111111111111111111111111111111111111111111111111111111111111111111111111111111111111111111111111111111111111111111111111111111111111111111
111111111111111111111111111111111111111111111111111111111111111111111111111111111111111111111111111100000000000000000000000000000000000000000000000000000000000000000000000000000000000000000000000000000000000000000000000000000000000000000000000000000000000000000000000000000000000000000000000000000000
111111111111111111111111111111111111111111111111111111111111111111111111111111111111111111111111111111111111111111111111111111111111111111111111111111111111111111111111111111111111111111111111111111111111111111111111111111111111111111111111111111111111111111111111111111111111111111111111111111111111
000000000000000000000000000000000000000000000000000000000000000000000000000000000000000000000000000000000000000000000000000000000000000000000000000000000000000000000000000000000000000000000000000000000000000000000000000000000000000000000000000000000000000000000000000000000000000000000000000000000000
000000000000000000000000000000000000000000000000000000000000000000000000000000000000000000000000000000000000000000000000000000000000000000000000000000000000000000000000000000000000000000000000000000000000000000000000000000000000000000000000000000000000000000000000000000000000000000000000000000000000
000000000000000000000000000000000000000000000000000000000000000000000000000000000000000000000000000000000000000000000000000000000000000000000000000000000000000000000000000000000000000000000000000000000000000000000000000000000000000000000000000000000000000000000000000000000000000000000000000000000000
000000000000000000000000000000000000000000000000000000000000000000000000000000000000000000000000000000000000000000000000000000000000000000000000000000000000000000000000000000000000000000000000000000000000000000000000000000000000000000000000000000000000000000000000000000000000000000000000000000000000
000000000000000000000000000000000000000000000000000000000000000000000000000000000000000000000000000000000000000000000000000000000000000000000000000000000000000000000000000000000000000000000000000000000000000000000000000000000000000000000000000000000000000000000000000000000000000000000000000000000000
000000000000000000000000000000000000000000000000000000000000000000000000000000000000000000000000000000000000000000000000000000000000000000000000000000000000000000000000000000000000000000000000000000000000000000000000000000000000000000000000000000000000000000000000000000000000000000000000000000000000
000000000000000000000000000000000000000000000000000000000000000000000000000000000000000000000000000000000000000000000000000000000000000000000000000000000000000000000000000000000000000000000000000000000000000000000000000000000000000000000000000000000000000000000000000000000000000000000000000000000000
000000000000000000000000000000000000000000000000000000000000000000000000000000000000000000000000000000000000000000000000000000000000000000000000000000000000000000000000000000000000000000000000000000000000000000000000000000000000000000000000000000000000000000000000000000000000000000000000000000000000
000000000000000000000000000000000000000000000000000000000000000000000000000000000000000000000000000000000000000000000000000000000000000000000000000000000000000000000000000000000000000000000000000000000000000000000000000000000000000000000000000000000000000000000000000000000000000000000000000000000000
000000000000000000000000000000000000000000000000000000000000000000000000000000000000000000000000000000000000000000000000000000000000000000000000000000000000000000000000000000000000000000000000000000000000000000000000000000000000000000000000000000000000000000000000000000000000000000000000000000000000
111111111111111111111111111111111111111111111111111111111111111111111111111111111111111111111111111111111111111111111111111111111111111111111111111111111111111111111111111111111111111111111111111111111111111111111111111111111111111111111111111111111111111111111111111111111111111111111111111111111111
111111111111111111111111111111111111111111111111111111111111111111111111111111111111111111111111111100000000000000000000000000000000000000000000000000000000000000000000000000000000000000000000000000000000000000000000000000000000000000000000000000000000000000000000000000000000000000000000000000000000
000000000000000000000000000000000000000000000000000000000000000000000000000000000000000000000000000011111111111111111111111111111111111111111111111111111111111111111111111111111111111111111111111111111111111111111111111111111111111111111111111111111111111111111111111111111111111111111111111111111111
111111111111111111111111111111111111111111111111111111111111111111111111111111111111111111111111111100000000000000000000000000000000000000000000000000000000000000000000000000000000000000000000000000000000000000000000000000000000000000000000000000000000000000000000000000000000000000000000000000000000
111111111111111111111111111111111111111111111111111111111111111111111111111111111111111111111111111111111111111111111111111111111111111111111111111111111111111111111111111111111111111111111111111111111111111111111111111111111111111111111111111111111111111111111111111111111111111111111111111111111111
000000000000000000000000000000000000000000000000000000000000000000000000000000000000000000000000000000000000000000000000000000000000000000000000000000000000000000000000000000000000000000000000000000000000000000000000000000000000000000000000000000000000000000000000000000000000000000000000000000000000
111111111111111111111111111111111111111111111111111111111111111111111111111111111111111111111111111111111111111111111111110000001111111111111111111111111100001111111111111001111111111111111111111111111111111111111111111111111111111111111111111111111111111111111111111111111111111111111111111111111111
111111111111111111111111111111111111111111111111111111111111111111111111111111111111111111111111111100000000000000000000001111110000000000000000000000000011110000000000000110000000000000000000000000000000000000000000000000000000000000000000000000000000000000000000000000000000000000000000000000000000
000000000000000000000000000000000000000000000000000000000000000000000000000000000000000000000000000011111000000011111111000000000001111100000000111111110000000001111100000000001111111000000000011111101100000000000111111000000000001111100000000001111100000000011111000000000000011111000000000011111110
111111111111111111111111111111111111111111111111111111111111111111111111111111111111111111111111111100000111111100000000111111111110000011111111000000001111111110000011111111110000000111111111100000010011111111111000000111111111110000011111111110000011111111100000111111111111100000111111111100000001
111111111111111111111111111111111111111111111111111111111111111111111111111111111111111111111111111111111000000011111111000000000001111100000000111111110000000001111100000000001111111000000000011111101100000000000111111000000000001111100000000001111100000000011111000000000000011111000000000011111110
000000000000000000000000000000000000000000000000000000000000000000000000000000000000000000000000000000000111111100000000111111111110000011111111000000001111111110000011111111110000000111111111100000010011111111111000000111111111110000011111111110000011111111100000111111111111100000111111111100000001
111111111111111111111111111111111111111111111111111111111111111111111111111111111111111111111111111111111000000011111111000000000001111100000000111111110000000001111100000000001111111000000000011111101100000000000111111000000000001111100000000001111100000000011111000000000000011111000000000011111110
111111111111111111111111111111111111111111111111111111111111111111111111111111111111111111111111111100000111111100000000111111111110000011111111000000001111111110000011111111110000000111111111100000010011111111111000000111111111110000011111111110000011111111100000111111111111100000111111111100000001
000000000000000000000000000000000000000000000000000000000000000000000000000000000000000000000000000011111000000011111111000000000001111100000000111111110000000001111100000000001111111000000000011111101100000000000111111000000000001111100000000001111100000000011111000000000000011111000000000011111110
111111111111111111111111111111111111111111111111111111111111111111111111111111111111111111111111111100000111111100000000110000001110000011111111000000001100001110000011111001110000000111111111100000010011111111111000000111111111110000011111111110000011111111100000111111111111100000111111111100000001
111111111111111111111111111111111111111111111111111111111111111111111111111111111111111111111111111111111000000011111111001111110001111100000000111111110011110001111100000110001111111000000000011111101100000000000111111000000000001111100000000001111100000000011111000000000000011111000000000011111110
000000000000000000000000000000000000000000000000000000000000000000000000000000000000000000000000000000000111111100000000110000001110000011111111000000001100001110000011111001110000000111111111100000010011111111111000000111111111110000011111111110000011111111100000111111111111100000111111111100000001
111111111111111111111111111111111111111111111111111111111111111111111111111111111111111111111111111111111000000011111111001111110001111100000000111111110011110001111100000110001111111000000000011111101100000000000111111000000000001111100000000001111100000000011111000000000000011111000000000011111110
111111111111111111111111111111111111111111111111111111111111111111111111111111111111111111111111111100000111111100000000110000001110000011111111000000001100001110000011111001110000000111111111100000010011111111111000000111111111110000011111111110000011111111100000111111111111100000111111111100000001
000000000000000000000000000000000000000000000000000000000000000000000000000000000000000000000000000011111000000011111111001111110001111100000000111111110011110001111100000110001111111000000000011111101100000000000111111000000000001111100000000001111100000000011111000000000000011111000000000011111110
111111111111111111111111111111111111111111111111111111111111111111111111111111111111111111111111111100000111111100000000110000001110000011111111000000001100001110000011111001110000000111111111100000010011111111111000000111111111110000011111111110000011111111100000111111111111100000111111111100000001
111111111111111111111111111111111111111111111111111111111111111111111111111111111111111111111111111111111000000011111111001111110001111100000000111111110011110001111100000110001111111000000000011111101100000000000111111000000000001111100000000001111100000000011111000000000000011111000000000011111110
000000000000000000000000000000000000000000000000000000000000000000000000000000000000000000000000000000000111111100000000110000001110000011111111000000001100001110000011111001110000000111111111100000010011111111111000000111111111110000011111111110000011111111100000111111111111100000111111111100000001
111111111111111111111111111111111111111111111111111111111111111111111111111111111111111111111111111111111000000011111111001111110001111100000000111111110011110001111100000110001111111000000000011111101100000000000111111000000000001111100000000001111100000000011111000000000000011111000000000011111110
111111111111111111111111111111111111111111111111111111111111111111111111111111111111111111111111111100000000000000111100000000000000000000000000001111000000000000000000000000000011100000000000000000000000000000000000000000000000000000000000000000000000000000000000000000000000000000000000000000000000
000000000000000000000000000000000000000000000000000000000000000000000000000000000000000000000000000000000111111100000000110000001110000011111111000000001100001110000011111001110000000111111111100000010011111111111000000111111111110000011111111110000011111111100000111111111111100000111111111100000001
111111111111111111111111111111111111111111111111111111111111111111111111111111111111111111111111111111111000000011111111001111110001111100000000111111110011110001111100000110001111111000000000011111101100000000000111111000000000001111100000000001111100000000011111000000000000011111000000000011111110
111111111111111111111111111111111111111111111111111111111111111111111111111111111111111111111111111100000111111100000000110000001110000011111111000000001100001110000011111001110000000111111111100000010011111111111000000111111111110000011111111110000011111111100000111111111111100000111111111100000001
000000000000000000000000000000000000000000000000000000000000000000000000000000000000000000000000000011111000000011111111001111110001111100000000111111110011110001111100000110001111111000000000011111101100000000000111111000000000001111100000000001111100000000011111000000000000011111000000000011111110
111111111111111111111111111111111111111111111111111111111111111111111111111111111111111111111111111100000111111100000000110000001110000011111111000000001100001110000011111001110000000111111111100000010011111111111000000111111111110000011111111110000011111111100000111111111111100000111111111100000001
111111111111111111111111111111111111111111111111111111111111111111111111111111111111111111111111111111111000000011111111001111110001111100000000111111110011110001111100000110001111111000000000011111101100000000000111111000000000001111100000000001111100000000011111000000000000011111000000000011111110
000000000000000000000000000000000000000000000000000000000000000000000000000000000000000000000000000000000111111100000000110000001110000011111111000000001100001110000011111001110000000111111111100000010011111111111000000111111111110000011111111110000011111111100000111111111111100000111111111100000001
111111111111111111111111111111111111111111111111111111111111111111111111111111111111111111111111111111111000000011111111001111110001111100000000111111110011110001111100000110001111111000000000011111101100000000000111111000000000001111100000000001111100000000011111000000000000011111000000000011111110
111111111111111111111111111111111111111111111111111111111111111111111111111111111111111111111111111100000111111100000000110000001110000011111111000000001100001110000011111001110000000111111111100000010011111111111000000111111111110000011111111110000011111111100000111111111111100000111111111100000001
000000000000000000000000000000000000000000000000000000000000000000000000000000000000000000000000000011111000000011111111000000000001111100000000111111110000000001111100000000001111111000000000011111101100000000000111111000000000001111100000000001111100000000011111000000000000011111000000000011111110
111111111111111111111111111111111111111111111111111111111111111111111111111111111111111111111111111100000111111100000000111111111110000011111111000000001111111110000011111111110000000111111111100000010011111111111000000111111111110000011111111110000011111111100000111111111111100000111111111100000001
111111111111111111111111111111111111111111111111111111111111111111111111111111111111111111111111111111111000000011111111000000000001111100000000111111110000000001111100000000001111111000000000011111101100000000000111111000000000001111100000000001111100000000011111000000000000011111000000000011111110
000000000000000000000000000000000000000000000000000000000000000000000000000000000000000000000000000000000111111100000000111111111110000011111111000000001111111110000011111111110000000111111111100000010011111111111000000111111111110000011111111110000011111111100000111111111111100000111111111100000001
111111111111111111111111111111111111111111111111111111111111111111111111111111111111111111111111111111111000000011111111000000000001111100000000111111110000000001111100000000001111111000000000011111101100000000000111111000000000001111100000000001111100000000011111000000000000011111000000000011111110
111111111111111111111111111111111111111111111111111111111111111111111111111111111111111111111111111100000111111100000000111111111110000011111111000000001111111110000011111111110000000111111111100000010011111111111000000111111111110000011111111110000011111111100000111111111111100000111111111100000001
000000000000000000000000000000000000000000000000000000000000000000000000000000000000000000000000000011111000000011111111000000000001111100000000111111110000000001111100000000001111111000000000011111101100000000000111111000000000001111100000000001111100000000011111000000000000011111000000000011111110
111111111111111111111111111111111111111111111111111111111111111111111111111111111111111111111111111100000000000000000000001111110000000000000000000000000011110000000000000110000000000000000000000000000000000000000000000000000000000000000000000000000000000000000000000000000000000000000000000000000000
111111111111111111111111111111111111111111111111111111111111111111111111111111111111111111111111111111111111111111111111110000001111111111111111111111111100001111111111111001111111111111111111111111111111111111111111111111111111111111111111111111111111111111111111111111111111111111111111111111111111
000000000000000000000000000000000000000000000000000000000000000000000000000000000000000000000000000000000000000000000000000000000000000000000000000000000000000000000000000000000000000000000000000000000000000000000000000000000000000000000000000000000000000000000000000000000000000000000000000000000000
111111111111111111111111111111111111111111111111111111111111111111111111111111111111111111111111111111111111111111111111111111111111111111111111111111111111111111111111111111111111111111111111111111111111111111111111111111111111111111111111111111111111111111111111111111111111111111111111111111111111
111111111111111111111111111111111111111111111111111111111111111111111111111111111111111111111111111100000000000000000000000000000000000000000000000000000000000000000000000000000000000000000000000000000000000000000000000000000000000000000000000000000000000000000000000000000000000000000000000000000000
000000000000000000000000000000000000000000000000000000000000000000000000000000000000000000000000000011111111111111111111111111111111111111111111111111111111111111111111111111111111111111111111111111111111111111111111111111111111111111111111111111111111111111111111111111111111111111111111111111111111
111111111111111111111111111111111111111111111111111111111111111111111111111111111111111111111111111100000000000000000000000000000000000000000000000000000000000000000000000000000000000000000000000000000000000000000000000000000000000000000000000000000000000000000000000000000000000000000000000000000000
111111111111111111111111111111111111111111111111111111111111111111111111111111111111111111111111111111111111111111111111111111111111111111111111111111111111111111111111111111111111111111111111111111111111111111111111111111111111111111111111111111111111111111111111111111111111111111111111111111111111
000000000000000000000000000000000000000000000000000000000000000000000000000000000000000000000000000000000000000000000000000000000000000000000000000000000000000000000000000000000000000000000000000000000000000000000000000000000000000000000000000000000000000000000000000000000000000000000000000000000000
000000000000000000000000000000000000000000000000000000000000000000000000000000000000000000000000000000000000000000000000000000000000000000000000000000000000000000000000000000000000000000000000000000000000000000000000000000000000000000000000000000000000000000000000000000000000000000000000000000000000
000000000000000000000000000000000000000000000000000000000000000000000000000000000000000000000000000000000000000000000000000000000000000000000000000000000000000000000000000000000000000000000000000000000000000000000000000000000000000000000000000000000000000000000000000000000000000000000000000000000000
000000000000000000000000000000000000000000000000000000000000000000000000000000000000000000000000000000000000000000000000000000000000000000000000000000000000000000000000000000000000000000000000000000000000000000000000000000000000000000000000000000000000000000000000000000000000000000000000000000000000
000000000000000000000000000000000000000000000000000000000000000000000000000000000000000000000000000000000000000000000000000000000000000000000000000000000000000000000000000000000000000000000000000000000000000000000000000000000000000000000000000000000000000000000000000000000000000000000000000000000000
000000000000000000000000000000000000000000000000000000000000000000000000000000000000000000000000000000000000000000000000000000000000000000000000000000000000000000000000000000000000000000000000000000000000000000000000000000000000000000000000000000000000000000000000000000000000000000000000000000000000
000000000000000000000000000000000000000000000000000000000000000000000000000000000000000000000000000000000000000000000000000000000000000000000000000000000000000000000000000000000000000000000000000000000000000000000000000000000000000000000000000000000000000000000000000000000000000000000000000000000000
000000000000000000000000000000000000000000000000000000000000000000000000000000000000000000000000000000000000000000000000000000000000000000000000000000000000000000000000000000000000000000000000000000000000000000000000000000000000000000000000000000000000000000000000000000000000000000000000000000000000
000000000000000000000000000000000000000000000000000000000000000000000000000000000000000000000000000000000000000000000000000000000000000000000000000000000000000000000000000000000000000000000000000000000000000000000000000000000000000000000000000000000000000000000000000000000000000000000000000000000000
000000000000000000000000000000000000000000000000000000000000000000000000000000000000000000000000000000000000000000000000000000000000000000000000000000000000000000000000000000000000000000000000000000000000000000000000000000000000000000000000000000000000000000000000000000000000000000000000000000000000
111111111111111111111111111111111111111111111111111111111111111111111111111111111111111111111111111111111111111111111111111111111111111111111111111111111111111111111111111111111111111111111111111111111111111111111111111111111111111111111111111111111111111111111111111111111111111111111111111111111111
111111111111111111111111111111111111111111111111111111111111111111111111111111111111111111111111111100000000000000000000000000000000000000000000000000000000000000000000000000000000000000000000000000000000000000000000000000000000000000000000000000000000000000000000000000000000000000000000000000000000
000000000000000000000000000000000000000000000000000000000000000000000000000000000000000000000000000011111111111111111111111111111111111111111111111111111111111111111111111111111111111111111111111111111111111111111111111111111111111111111111111111111111111111111111111111111111111111111111111111111111
111111111111111111111111111111111111111111111111111111111111111111111111111111111111111111111111111100000000000000000000000000000000000000000000000000000000000000000000000000000000000000000000000000000000000000000000000000000000000000000000000000000000000000000000000000000000000000000000000000000000
111111111111111111111111111111111111111111111111111111111111111111111111111111111111111111111111111111111111111111111111111111111111111111111111111111111111111111111111111111111111111111111111111111111111111111111111111111111111111111111111111111111111111111111111111111111111111111111111111111111111
000000000000000000000000000000000000000000000000000000000000000000000000000000000000000000000000000000000000000000000000000000000000000000000000000000000000000000000000000000000000000000000000000000000000000000000000000000000000000000000000000000000000000000000000000000000000000000000000000000000000
111111111111111111111111111111111111111111111111111111111111111111111111111111111111111111111111111110000011111111111111111111111111000000111111111111111111111111110000111111111111100111111111111111111111111111111111111111111111111111111111111111111111111111111111111111111111111111111111111111111111
111111111111111111111111111111111111111111111111111111111111111111111111111111111111111111111111111101111100000000000000000000000000111111000000000000000000000000001111000000000000011000000000000000000000000000000000000000000000000000000000000000000000000000000000000000000000000000000000000000000000
000000000000000000000000000000000000000000000000000000000000000000000000000000000000000000000000000000000000111111100000001111111100000000000111110000000011111111000000000111110000000000111111100000000000000111110000000000011111100000000000111110000000000111110000000001111100000000000001111100000000
111111111111111111111111111111111111111111111111111111111111111111111111111111111111111111111111111111111111000000011111110000000011111111111000001111111100000000111111111000001111111111000000011111111111111000001111111111100000011111111111000001111111111000001111111110000011111111111110000011111111
111111111111111111111111111111111111111111111111111111111111111111111111111111111111111111111111111100000000111111100000001111111100000000000111110000000011111111000000000111110000000000111111100000000000000111110000000000011111100000000000111110000000000111110000000001111100000000000001111100000000
000000000000000000000000000000000000000000000000000000000000000000000000000000000000000000000000000011111111000000011111110000000011111111111000001111111100000000111111111000001111111111000000011111111111111000001111111111100000011111111111000001111111111000001111111110000011111111111110000011111111
111111111111111111111111111111111111111111111111111111111111111111111111111111111111111111111111111100000000111111100000001111111100000000000111110000000011111111000000000111110000000000111111100000000000000111110000000000011111100000000000111110000000000111110000000001111100000000000001111100000000
111111111111111111111111111111111111111111111111111111111111111111111111111111111111111111111111111111111111000000011111110000000011111111111000001111111100000000111111111000001111111111000000011111111111111000001111111111100000011111111111000001111111111000001111111110000011111111111110000011111111
000000000000000000000000000000000000000000000000000000000000000000000000000000000000000000000000000000000000111111100000001111111100000000000111110000000011111111000000000111110000000000111111100000000000000111110000000000011111100000000000111110000000000111110000000001111100000000000001111100000000
111111111111111111111111111111111111111111111111111111111111111111111111111111111111111111111111111110000011000000011111110000000011000000111000001111111100000000110000111000001111100111000000011111111111111000001111111111100000011111111111000001111111111000001111111110000011111111111110000011111111
111111111111111111111111111111111111111111111111111111111111111111111111111111111111111111111111111101111100111111100000001111111100111111000111110000000011111111001111000111110000011000111111100000000000000111110000000000011111100000000000111110000000000111110000000001111100000000000001111100000000
000000000000000000000000000000000000000000000000000000000000000000000000000000000000000000000000000010000011000000011111110000000011000000111000001111111100000000110000111000001111100111000000011111111111111000001111111111100000011111111111000001111111111000001111111110000011111111111110000011111111
111111111111111111111111111111111111111111111111111111111111111111111111111111111111111111111111111101111100111111100000001111111100111111000111110000000011111111001111000111110000011000111111100000000000000111110000000000011111100000000000111110000000000111110000000001111100000000000001111100000000
111111111111111111111111111111111111111111111111111111111111111111111111111111111111111111111111111110000011000000011111110000000011000000111000001111111100000000110000111000001111100111000000011111111111111000001111111111100000011111111111000001111111111000001111111110000011111111111110000011111111
000000000000000000000000000000000000000000000000000000000000000000000000000000000000000000000000000001111100111111100000001111111100111111000111110000000011111111001111000111110000011000111111100000000000000111110000000000011111100000000000111110000000000111110000000001111100000000000001111100000000
111111111111111111111111111111111111111111111111111111111111111111111111111111111111111111111111111110000011000000011111110000000011000000111000001111111100000000110000111000001111100111000000011111111111111000001111111111100000011111111111000001111111111000001111111110000011111111111110000011111111
111111111111111111111111111111111111111111111111111111111111111111111111111111111111111111111111111101111100111111100000001111111100111111000111110000000011111111001111000111110000011000111111100000000000000111110000000000011111100000000000111110000000000111110000000001111100000000000001111100000000
000000000000000000000000000000000000000000000000000000000000000000000000000000000000000000000000000010000011000000011111110000000011000000111000001111111100000000110000111000001111100111000000011111111111111000001111111111100000011111111111000001111111111000001111111110000011111111111110000011111111
111111111111111111111111111111111111111111111111111111111111111111111111111111111111111111111111111101111100111111100000001111111100111111000111110000000011111111001111000111110000011000111111100000000000000111110000000000011111100000000000111110000000000111110000000001111100000000000001111100000000
111111111111111111111111111111111111111111111111111111111111111111111111111111111111111111111111111100000000000000000000000011110000000000000000000000000000111100000000000000000000000000001110000000000000000000000000000000000000000000000000000000000000000000000000000000000000000000000000000000000000
000000000000000000000000000000000000000000000000000000000000000000000000000000000000000000000000000010000011000000011111110000000011000000111000001111111100000000110000111000001111100111000000011111111111111000001111111111100000011111111111000001111111111000001111111110000011111111111110000011111111
111111111111111111111111111111111111111111111111111111111111111111111111111111111111111111111111111101111100111111100000001111111100111111000111110000000011111111001111000111110000011000111111100000000000000111110000000000011111100000000000111110000000000111110000000001111100000000000001111100000000
111111111111111111111111111111111111111111111111111111111111111111111111111111111111111111111111111110000011000000011111110000000011000000111000001111111100000000110000111000001111100111000000011111111111111000001111111111100000011111111111000001111111111000001111111110000011111111111110000011111111
000000000000000000000000000000000000000000000000000000000000000000000000000000000000000000000000000001111100111111100000001111111100111111000111110000000011111111001111000111110000011000111111100000000000000111110000000000011111100000000000111110000000000111110000000001111100000000000001111100000000
111111111111111111111111111111111111111111111111111111111111111111111111111111111111111111111111111110000011000000011111110000000011000000111000001111111100000000110000111000001111100111000000011111111111111000001111111111100000011111111111000001111111111000001111111110000011111111111110000011111111
111111111111111111111111111111111111111111111111111111111111111111111111111111111111111111111111111101111100111111100000001111111100111111000111110000000011111111001111000111110000011000111111100000000000000111110000000000011111100000000000111110000000000111110000000001111100000000000001111100000000
000000000000000000000000000000000000000000000000000000000000000000000000000000000000000000000000000010000011000000011111110000000011000000111000001111111100000000110000111000001111100111000000011111111111111000001111111111100000011111111111000001111111111000001111111110000011111111111110000011111111
111111111111111111111111111111111111111111111111111111111111111111111111111111111111111111111111111101111100111111100000001111111100111111000111110000000011111111001111000111110000011000111111100000000000000111110000000000011111100000000000111110000000000111110000000001111100000000000001111100000000
111111111111111111111111111111111111111111111111111111111111111111111111111111111111111111111111111110000011000000011111110000000011000000111000001111111100000000110000111000001111100111000000011111111111111000001111111111100000011111111111000001111111111000001111111110000011111111111110000011111111
000000000000000000000000000000000000000000000000000000000000000000000000000000000000000000000000000000000000111111100000001111111100000000000111110000000011111111000000000111110000000000111111100000000000000111110000000000011111100000000000111110000000000111110000000001111100000000000001111100000000
111111111111111111111111111111111111111111111111111111111111111111111111111111111111111111111111111111111111000000011111110000000011111111111000001111111100000000111111111000001111111111000000011111111111111000001111111111100000011111111111000001111111111000001111111110000011111111111110000011111111
111111111111111111111111111111111111111111111111111111111111111111111111111111111111111111111111111100000000111111100000001111111100000000000111110000000011111111000000000111110000000000111111100000000000000111110000000000011111100000000000111110000000000111110000000001111100000000000001111100000000
000000000000000000000000000000000000000000000000000000000000000000000000000000000000000000000000000011111111000000011111110000000011111111111000001111111100000000111111111000001111111111000000011111111111111000001111111111100000011111111111000001111111111000001111111110000011111111111110000011111111
111111111111111111111111111111111111111111111111111111111111111111111111111111111111111111111111111100000000111111100000001111111100000000000111110000000011111111000000000111110000000000111111100000000000000111110000000000011111100000000000111110000000000111110000000001111100000000000001111100000000
111111111111111111111111111111111111111111111111111111111111111111111111111111111111111111111111111111111111000000011111110000000011111111111000001111111100000000111111111000001111111111000000011111111111111000001111111111100000011111111111000001111111111000001111111110000011111111111110000011111111
000000000000000000000000000000000000000000000000000000000000000000000000000000000000000000000000000000000000111111100000001111111100000000000111110000000011111111000000000111110000000000111111100000000000000111110000000000011111100000000000111110000000000111110000000001111100000000000001111100000000
111111111111111111111111111111111111111111111111111111111111111111111111111111111111111111111111111101111100000000000000000000000000111111000000000000000000000000001111000000000000011000000000000000000000000000000000000000000000000000000000000000000000000000000000000000000000000000000000000000000000
111111111111111111111111111111111111111111111111111111111111111111111111111111111111111111111111111110000011111111111111111111111111000000111111111111111111111111110000111111111111100111111111111111111111111111111111111111111111111111111111111111111111111111111111111111111111111111111111111111111111
000000000000000000000000000000000000000000000000000000000000000000000000000000000000000000000000000000000000000000000000000000000000000000000000000000000000000000000000000000000000000000000000000000000000000000000000000000000000000000000000000000000000000000000000000000000000000000000000000000000000
111111111111111111111111111111111111111111111111111111111111111111111111111111111111111111111111111111111111111111111111111111111111111111111111111111111111111111111111111111111111111111111111111111111111111111111111111111111111111111111111111111111111111111111111111111111111111111111111111111111111
111111111111111111111111111111111111111111111111111111111111111111111111111111111111111111111111111100000000000000000000000000000000000000000000000000000000000000000000000000000000000000000000000000000000000000000000000000000000000000000000000000000000000000000000000000000000000000000000000000000000
000000000000000000000000000000000000000000000000000000000000000000000000000000000000000000000000000011111111111111111111111111111111111111111111111111111111111111111111111111111111111111111111111111111111111111111111111111111111111111111111111111111111111111111111111111111111111111111111111111111111
111111111111111111111111111111111111111111111111111111111111111111111111111111111111111111111111111100000000000000000000000000000000000000000000000000000000000000000000000000000000000000000000000000000000000000000000000000000000000000000000000000000000000000000000000000000000000000000000000000000000
111111111111111111111111111111111111111111111111111111111111111111111111111111111111111111111111111111111111111111111111111111111111111111111111111111111111111111111111111111111111111111111111111111111111111111111111111111111111111111111111111111111111111111111111111111111111111111111111111111111111
000000000000000000000000000000000000000000000000000000000000000000000000000000000000000000000000000000000000000000000000000000000000000000000000000000000000000000000000000000000000000000000000000000000000000000000000000000000000000000000000000000000000000000000000000000000000000000000000000000000000
000000000000000000000000000000000000000000000000000000000000000000000000000000000000000000000000000000000000000000000000000000000000000000000000000000000000000000000000000000000000000000000000000000000000000000000000000000000000000000000000000000000000000000000000000000000000000000000000000000000000
000000000000000000000000000000000000000000000000000000000000000000000000000000000000000000000000000000000000000000000000000000000000000000000000000000000000000000000000000000000000000000000000000000000000000000000000000000000000000000000000000000000000000000000000000000000000000000000000000000000000
000000000000000000000000000000000000000000000000000000000000000000000000000000000000000000000000000000000000000000000000000000000000000000000000000000000000000000000000000000000000000000000000000000000000000000000000000000000000000000000000000000000000000000000000000000000000000000000000000000000000
000000000000000000000000000000000000000000000000000000000000000000000000000000000000000000000000000000000000000000000000000000000000000000000000000000000000000000000000000000000000000000000000000000000000000000000000000000000000000000000000000000000000000000000000000000000000000000000000000000000000
000000000000000000000000000000000000000000000000000000000000000000000000000000000000000000000000000000000000000000000000000000000000000000000000000000000000000000000000000000000000000000000000000000000000000000000000000000000000000000000000000000000000000000000000000000000000000000000000000000000000
000000000000000000000000000000000000000000000000000000000000000000000000000000000000000000000000000000000000000000000000000000000000000000000000000000000000000000000000000000000000000000000000000000000000000000000000000000000000000000000000000000000000000000000000000000000000000000000000000000000000
000000000000000000000000000000000000000000000000000000000000000000000000000000000000000000000000000000000000000000000000000000000000000000000000000000000000000000000000000000000000000000000000000000000000000000000000000000000000000000000000000000000000000000000000000000000000000000000000000000000000
000000000000000000000000000000000000000000000000000000000000000000000000000000000000000000000000000000000000000000000000000000000000000000000000000000000000000000000000000000000000000000000000000000000000000000000000000000000000000000000000000000000000000000000000000000000000000000000000000000000000
000000000000000000000000000000000000000000000000000000000000000000000000000000000000000000000000000000000000000000000000000000000000000000000000000000000000000000000000000000000000000000000000000000000000000000000000000000000000000000000000000000000000000000000000000000000000000000000000000000000000
111111111111111111111111111111111111111111111111111111111111111111111111111111111111111111111111111111111111111111111111111111111111111111111111111111111111111111111111111111111111111111111111111111111111111111111111111111111111111111111111111111111111111111111111111111111111111111111111111111111111
111111111111111111111111111111111111111111111111111111111111111111111111111111111111111111111111111100000000000000000000000000000000000000000000000000000000000000000000000000000000000000000000000000000000000000000000000000000000000000000000000000000000000000000000000000000000000000000000000000000000
000000000000000000000000000000000000000000000000000000000000000000000000000000000000000000000000000011111111111111111111111111111111111111111111111111111111111111111111111111111111111111111111111111111111111111111111111111111111111111111111111111111111111111111111111111111111111111111111111111111111
111111111111111111111111111111111111111111111111111111111111111111111111111111111111111111111111111100000000000000000000000000000000000000000000000000000000000000000000000000000000000000000000000000000000000000000000000000000000000000000000000000000000000000000000000000000000000000000000000000000000
111111111111111111111111111111111111111111111111111111111111111111111111111111111111111111111111111111111111111111111111111111111111111111111111111111111111111111111111111111111111111111111111111111111111111111111111111111111111111111111111111111111111111111111111111111111111111111111111111111111111
000000000000000000000000000000000000000000000000000000000000000000000000000000000000000000000000000000000000000000000000000000000000000000000000000000000000000000000000000000000000000000000000000000000000000000000000000000000000000000000000000000000000000000000000000000000000000000000000000000000000
111111111111111111111111111111111111111111111111111111111111111111111111111111111111111111111111111111111111111000001111111111111111111111111100000011111111111111111111111111000011111111111110011111111111111111111111111111111111111111111111111111111111111111111111111111111111111111111111111111111111
111111111111111111111111111111111111111111111111111111111111111111111111111111111111111111111111111100000000000111110000000000000000000000000011111100000000000000000000000000111100000000000001100000000000000000000000000000000000000000000000000000000000000000000000000000000000000000000000000000000000
000000000000000000000000000000000000000000000000000000000000000000000000000000000000000000000000000000111111000000000011111110000000111111110000000000011111000000001111111100000000011111000000000011110000001100000000011111000000000001111110000000000011111000000000011111000000000111110000000000000111
111111111111111111111111111111111111111111111111111111111111111111111111111111111111111111111111111111000000111111111100000001111111000000001111111111100000111111110000000011111111100000111111111100001111110011111111100000111111111110000001111111111100000111111111100000111111111000001111111111111000
111111111111111111111111111111111111111111111111111111111111111111111111111111111111111111111111111100111111000000000011111110000000111111110000000000011111000000001111111100000000011111000000000011110000001100000000011111000000000001111110000000000011111000000000011111000000000111110000000000000111
000000000000000000000000000000000000000000000000000000000000000000000000000000000000000000000000000011000000111111111100000001111111000000001111111111100000111111110000000011111111100000111111111100001111110011111111100000111111111110000001111111111100000111111111100000111111111000001111111111111000
111111111111111111111111111111111111111111111111111111111111111111111111111111111111111111111111111100111111000000000011111110000000111111110000000000011111000000001111111100000000011111000000000011110000001100000000011111000000000001111110000000000011111000000000011111000000000111110000000000000111
111111111111111111111111111111111111111111111111111111111111111111111111111111111111111111111111111111000000111111111100000001111111000000001111111111100000111111110000000011111111100000111111111100001111110011111111100000111111111110000001111111111100000111111111100000111111111000001111111111111000
000000000000000000000000000000000000000000000000000000000000000000000000000000000000000000000000000000111111000000000011111110000000111111110000000000011111000000001111111100000000011111000000000011110000001100000000011111000000000001111110000000000011111000000000011111000000000111110000000000000111
111111111111111111111111111111111111111111111111111111111111111111111111111111111111111111111111111111000000111000001100000001111111000000001100000011100000111111110000000011000011100000111110011100001111110011111111100000111111111110000001111111111100000111111111100000111111111000001111111111111000
111111111111111111111111111111111111111111111111111111111111111111111111111111111111111111111111111100111111000111110011111110000000111111110011111100011111000000001111111100111100011111000001100011110000001100000000011111000000000001111110000000000011111000000000011111000000000111110000000000000111
000000000000000000000000000000000000000000000000000000000000000000000000000000000000000000000000000011000000111000001100000001111111000000001100000011100000111111110000000011000011100000111110011100001111110011111111100000111111111110000001111111111100000111111111100000111111111000001111111111111000
111111111111111111111111111111111111111111111111111111111111111111111111111111111111111111111111111100111111000111110011111110000000111111110011111100011111000000001111111100111100011111000001100011110000001100000000011111000000000001111110000000000011111000000000011111000000000111110000000000000111
111111111111111111111111111111111111111111111111111111111111111111111111111111111111111111111111111111000000111000001100000001111111000000001100000011100000111111110000000011000011100000111110011100001111110011111111100000111111111110000001111111111100000111111111100000111111111000001111111111111000
000000000000000000000000000000000000000000000000000000000000000000000000000000000000000000000000000000111111000111110011111110000000111111110011111100011111000000001111111100111100011111000001100011110000001100000000011111000000000001111110000000000011111000000000011111000000000111110000000000000111
111111111111111111111111111111111111111111111111111111111111111111111111111111111111111111111111111111000000111000001100000001111111000000001100000011100000111111110000000011000011100000111110011100001111110011111111100000111111111110000001111111111100000111111111100000111111111000001111111111111000
111111111111111111111111111111111111111111111111111111111111111111111111111111111111111111111111111100111111000111110011111110000000111111110011111100011111000000001111111100111100011111000001100011110000001100000000011111000000000001111110000000000011111000000000011111000000000111110000000000000111
000000000000000000000000000000000000000000000000000000000000000000000000000000000000000000000000000011000000111000001100000001111111000000001100000011100000111111110000000011000011100000111110011100001111110011111111100000111111111110000001111111111100000111111111100000111111111000001111111111111000
111111111111111111111111111111111111111111111111111111111111111111111111111111111111111111111111111100111111000111110011111110000000111111110011111100011111000000001111111100111100011111000001100011110000001100000000011111000000000001111110000000000011111000000000011111000000000111110000000000000111
111111111111111111111111111111111111111111111111111111111111111111111111111111111111111111111111111100000000000000000000000000000000001111000000000000000000000000000011110000000000000000000000000000110000000000000000000000000000000000000000000000000000000000000000000000000000000000000000000000000000
000000000000000000000000000000000000000000000000000000000000000000000000000000000000000000000000000011000000111000001100000001111111000000001100000011100000111111110000000011000011100000111110011100001111110011111111100000111111111110000001111111111100000111111111100000111111111000001111111111111000
111111111111111111111111111111111111111111111111111111111111111111111111111111111111111111111111111100111111000111110011111110000000111111110011111100011111000000001111111100111100011111000001100011110000001100000000011111000000000001111110000000000011111000000000011111000000000111110000000000000111
111111111111111111111111111111111111111111111111111111111111111111111111111111111111111111111111111111000000111000001100000001111111000000001100000011100000111111110000000011000011100000111110011100001111110011111111100000111111111110000001111111111100000111111111100000111111111000001111111111111000
000000000000000000000000000000000000000000000000000000000000000000000000000000000000000000000000000000111111000111110011111110000000111111110011111100011111000000001111111100111100011111000001100011110000001100000000011111000000000001111110000000000011111000000000011111000000000111110000000000000111
111111111111111111111111111111111111111111111111111111111111111111111111111111111111111111111111111111000000111000001100000001111111000000001100000011100000111111110000000011000011100000111110011100001111110011111111100000111111111110000001111111111100000111111111100000111111111000001111111111111000
111111111111111111111111111111111111111111111111111111111111111111111111111111111111111111111111111100111111000111110011111110000000111111110011111100011111000000001111111100111100011111000001100011110000001100000000011111000000000001111110000000000011111000000000011111000000000111110000000000000111
000000000000000000000000000000000000000000000000000000000000000000000000000000000000000000000000000011000000111000001100000001111111000000001100000011100000111111110000000011000011100000111110011100001111110011111111100000111111111110000001111111111100000111111111100000111111111000001111111111111000
111111111111111111111111111111111111111111111111111111111111111111111111111111111111111111111111111100111111000111110011111110000000111111110011111100011111000000001111111100111100011111000001100011110000001100000000011111000000000001111110000000000011111000000000011111000000000111110000000000000111
111111111111111111111111111111111111111111111111111111111111111111111111111111111111111111111111111111000000111000001100000001111111000000001100000011100000111111110000000011000011100000111110011100001111110011111111100000111111111110000001111111111100000111111111100000111111111000001111111111111000
000000000000000000000000000000000000000000000000000000000000000000000000000000000000000000000000000000111111000000000011111110000000111111110000000000011111000000001111111100000000011111000000000011110000001100000000011111000000000001111110000000000011111000000000011111000000000111110000000000000111
111111111111111111111111111111111111111111111111111111111111111111111111111111111111111111111111111111000000111111111100000001111111000000001111111111100000111111110000000011111111100000111111111100001111110011111111100000111111111110000001111111111100000111111111100000111111111000001111111111111000
111111111111111111111111111111111111111111111111111111111111111111111111111111111111111111111111111100111111000000000011111110000000111111110000000000011111000000001111111100000000011111000000000011110000001100000000011111000000000001111110000000000011111000000000011111000000000111110000000000000111
000000000000000000000000000000000000000000000000000000000000000000000000000000000000000000000000000011000000111111111100000001111111000000001111111111100000111111110000000011111111100000111111111100001111110011111111100000111111111110000001111111111100000111111111100000111111111000001111111111111000
111111111111111111111111111111111111111111111111111111111111111111111111111111111111111111111111111100111111000000000011111110000000111111110000000000011111000000001111111100000000011111000000000011110000001100000000011111000000000001111110000000000011111000000000011111000000000111110000000000000111
111111111111111111111111111111111111111111111111111111111111111111111111111111111111111111111111111111000000111111111100000001111111000000001111111111100000111111110000000011111111100000111111111100001111110011111111100000111111111110000001111111111100000111111111100000111111111000001111111111111000
000000000000000000000000000000000000000000000000000000000000000000000000000000000000000000000000000000111111000000000011111110000000111111110000000000011111000000001111111100000000011111000000000011110000001100000000011111000000000001111110000000000011111000000000011111000000000111110000000000000111
111111111111111111111111111111111111111111111111111111111111111111111111111111111111111111111111111100000000000111110000000000000000000000000011111100000000000000000000000000111100000000000001100000000000000000000000000000000000000000000000000000000000000000000000000000000000000000000000000000000000
111111111111111111111111111111111111111111111111111111111111111111111111111111111111111111111111111111111111111000001111111111111111111111111100000011111111111111111111111111000011111111111110011111111111111111111111111111111111111111111111111111111111111111111111111111111111111111111111111111111111
000000000000000000000000000000000000000000000000000000000000000000000000000000000000000000000000000000000000000000000000000000000000000000000000000000000000000000000000000000000000000000000000000000000000000000000000000000000000000000000000000000000000000000000000000000000000000000000000000000000000
111111111111111111111111111111111111111111111111111111111111111111111111111111111111111111111111111111111111111111111111111111111111111111111111111111111111111111111111111111111111111111111111111111111111111111111111111111111111111111111111111111111111111111111111111111111111111111111111111111111111
111111111111111111111111111111111111111111111111111111111111111111111111111111111111111111111111111100000000000000000000000000000000000000000000000000000000000000000000000000000000000000000000000000000000000000000000000000000000000000000000000000000000000000000000000000000000000000000000000000000000
000000000000000000000000000000000000000000000000000000000000000000000000000000000000000000000000000011111111111111111111111111111111111111111111111111111111111111111111111111111111111111111111111111111111111111111111111111111111111111111111111111111111111111111111111111111111111111111111111111111111
111111111111111111111111111111111111111111111111111111111111111111111111111111111111111111111111111100000000000000000000000000000000000000000000000000000000000000000000000000000000000000000000000000000000000000000000000000000000000000000000000000000000000000000000000000000000000000000000000000000000
111111111111111111111111111111111111111111111111111111111111111111111111111111111111111111111111111111111111111111111111111111111111111111111111111111111111111111111111111111111111111111111111111111111111111111111111111111111111111111111111111111111111111111111111111111111111111111111111111111111111
000000000000000000000000000000000000000000000000000000000000000000000000000000000000000000000000000000000000000000000000000000000000000000000000000000000000000000000000000000000000000000000000000000000000000000000000000000000000000000000000000000000000000000000000000000000000000000000000000000000000
000000000000000000000000000000000000000000000000000000000000000000000000000000000000000000000000000000000000000000000000000000000000000000000000000000000000000000000000000000000000000000000000000000000000000000000000000000000000000000000000000000000000000000000000000000000000000000000000000000000000
000000000000000000000000000000000000000000000000000000000000000000000000000000000000000000000000000000000000000000000000000000000000000000000000000000000000000000000000000000000000000000000000000000000000000000000000000000000000000000000000000000000000000000000000000000000000000000000000000000000000
000000000000000000000000000000000000000000000000000000000000000000000000000000000000000000000000000000000000000000000000000000000000000000000000000000000000000000000000000000000000000000000000000000000000000000000000000000000000000000000000000000000000000000000000000000000000000000000000000000000000
000000000000000000000000000000000000000000000000000000000000000000000000000000000000000000000000000000000000000000000000000000000000000000000000000000000000000000000000000000000000000000000000000000000000000000000000000000000000000000000000000000000000000000000000000000000000000000000000000000000000
000000000000000000000000000000000000000000000000000000000000000000000000000000000000000000000000000000000000000000000000000000000000000000000000000000000000000000000000000000000000000000000000000000000000000000000000000000000000000000000000000000000000000000000000000000000000000000000000000000000000
000000000000000000000000000000000000000000000000000000000000000000000000000000000000000000000000000000000000000000000000000000000000000000000000000000000000000000000000000000000000000000000000000000000000000000000000000000000000000000000000000000000000000000000000000000000000000000000000000000000000
000000000000000000000000000000000000000000000000000000000000000000000000000000000000000000000000000000000000000000000000000000000000000000000000000000000000000000000000000000000000000000000000000000000000000000000000000000000000000000000000000000000000000000000000000000000000000000000000000000000000
000000000000000000000000000000000000000000000000000000000000000000000000000000000000000000000000000000000000000000000000000000000000000000000000000000000000000000000000000000000000000000000000000000000000000000000000000000000000000000000000000000000000000000000000000000000000000000000000000000000000
000000000000000000000000000000000000000000000000000000000000000000000000000000000000000000000000000000000000000000000000000000000000000000000000000000000000000000000000000000000000000000000000000000000000000000000000000000000000000000000000000000000000000000000000000000000000000000000000000000000000
111111111111111111111111111111111111111111111111111111111111111111111111111111111111111111111111111111111111111111111111111111111111111111111111111111111111111111111111111111111111111111111111111111111111111111111111111111111111111111111111111111111111111111111111111111111111111111111111111111111111
111111111111111111111111111111111111111111111111111111111111111111111111111111111111111111111111111100000000000000000000000000000000000000000000000000000000000000000000000000000000000000000000000000000000000000000000000000000000000000000000000000000000000000000000000000000000000000000000000000000000
000000000000000000000000000000000000000000000000000000000000000000000000000000000000000000000000000011111111111111111111111111111111111111111111111111111111111111111111111111111111111111111111111111111111111111111111111111111111111111111111111111111111111111111111111111111111111111111111111111111111
111111111111111111111111111111111111111111111111111111111111111111111111111111111111111111111111111100000000000000000000000000000000000000000000000000000000000000000000000000000000000000000000000000000000000000000000000000000000000000000000000000000000000000000000000000000000000000000000000000000000
111111111111111111111111111111111111111111111111111111111111111111111111111111111111111111111111111111111111111111111111111111111111111111111111111111111111111111111111111111111111111111111111111111111111111111111111111111111111111111111111111111111111111111111111111111111111111111111111111111111111
000000000000000000000000000000000000000000000000000000000000000000000000000000000000000000000000000000000000000000000000000000000000000000000000000000000000000000000000000000000000000000000000000000000000000000000000000000000000000000000000000000000000000000000000000000000000000000000000000000000000
111111111111111111111111111111111111111111111111111111111111111111111111111111111111111111111111111111111111111111111111100000111111111111111111111111110000001111111111111111111111111100001111111111111111111111111111111111111111111111111111111111111111111111111111111111111111111111111111111111111111
111111111111111111111111111111111111111111111111111111111111111111111111111111111111111111111111111100000000000000000000011111000000000000000000000000001111110000000000000000000000000011110000000000000000000000000000000000000000000000000000000000000000000000000000000000000000000000000000000000000000
000000000000000000000000000000000000000000000000000000000000000000000000000000000000000000000000000011111000000011111100000000001111111000000011111111000000000001111100000000111111110000000001111100000000000000000000110000000001111100000000000111111000000000001111100000000001111100000000011111000000
111111111111111111111111111111111111111111111111111111111111111111111111111111111111111111111111111100000111111100000011111111110000000111111100000000111111111110000011111111000000001111111110000011111111111111111111001111111110000011111111111000000111111111110000011111111110000011111111100000111111
111111111111111111111111111111111111111111111111111111111111111111111111111111111111111111111111111111111000000011111100000000001111111000000011111111000000000001111100000000111111110000000001111100000000000000000000110000000001111100000000000111111000000000001111100000000001111100000000011111000000
000000000000000000000000000000000000000000000000000000000000000000000000000000000000000000000000000000000111111100000011111111110000000111111100000000111111111110000011111111000000001111111110000011111111111111111111001111111110000011111111111000000111111111110000011111111110000011111111100000111111
111111111111111111111111111111111111111111111111111111111111111111111111111111111111111111111111111111111000000011111100000000001111111000000011111111000000000001111100000000111111110000000001111100000000000000000000110000000001111100000000000111111000000000001111100000000001111100000000011111000000
111111111111111111111111111111111111111111111111111111111111111111111111111111111111111111111111111100000111111100000011111111110000000111111100000000111111111110000011111111000000001111111110000011111111111111111111001111111110000011111111111000000111111111110000011111111110000011111111100000111111
000000000000000000000000000000000000000000000000000000000000000000000000000000000000000000000000000011111000000011111100000000001111111000000011111111000000000001111100000000111111110000000001111100000000000000000000110000000001111100000000000111111000000000001111100000000001111100000000011111000000
111111111111111111111111111111111111111111111111111111111111111111111111111111111111111111111111111100000111111100000011100000110000000111111100000000110000001110000011111111000000001100001110000011111111111111111111001111111110000011111111111000000111111111110000011111111110000011111111100000111111
111111111111111111111111111111111111111111111111111111111111111111111111111111111111111111111111111111111000000011111100011111001111111000000011111111001111110001111100000000111111110011110001111100000000000000000000110000000001111100000000000111111000000000001111100000000001111100000000011111000000
000000000000000000000000000000000000000000000000000000000000000000000000000000000000000000000000000000000111111100000011100000110000000111111100000000110000001110000011111111000000001100001110000011111111111111111111001111111110000011111111111000000111111111110000011111111110000011111111100000111111
111111111111111111111111111111111111111111111111111111111111111111111111111111111111111111111111111111111000000011111100011111001111111000000011111111001111110001111100000000111111110011110001111100000000000000000000110000000001111100000000000111111000000000001111100000000001111100000000011111000000
111111111111111111111111111111111111111111111111111111111111111111111111111111111111111111111111111100000111111100000011100000110000000111111100000000110000001110000011111111000000001100001110000011111111111111111111001111111110000011111111111000000111111111110000011111111110000011111111100000111111
000000000000000000000000000000000000000000000000000000000000000000000000000000000000000000000000000011111000000011111100011111001111111000000011111111001111110001111100000000111111110011110001111100000000000000000000110000000001111100000000000111111000000000001111100000000001111100000000011111000000
111111111111111111111111111111111111111111111111111111111111111111111111111111111111111111111111111100000111111100000011100000110000000111111100000000110000001110000011111111000000001100001110000011111111111111111111001111111110000011111111111000000111111111110000011111111110000011111111100000111111
111111111111111111111111111111111111111111111111111111111111111111111111111111111111111111111111111111111000000011111100011111001111111000000011111111001111110001111100000000111111110011110001111100000000000000000000110000000001111100000000000111111000000000001111100000000001111100000000011111000000
000000000000000000000000000000000000000000000000000000000000000000000000000000000000000000000000000000000111111100000011100000110000000111111100000000110000001110000011111111000000001100001110000011111111111111111111001111111110000011111111111000000111111111110000011111111110000011111111100000111111
111111111111111111111111111111111111111111111111111111111111111111111111111111111111111111111111111111111000000011111100011111001111111000000011111111001111110001111100000000111111110011110001111100000000000000000000110000000001111100000000000111111000000000001111100000000001111100000000011111000000
111111111111111111111111111111111111111111111111111111111111111111111111111111111111111111111111111110000000000000000000000000000000000000000000111100000000000000000000000000001111000000000000000000000000000000000000000000000000000000000000000000000000000000000000000000000000000000000000000000000000
000000000000000000000000000000000000000000000000000000000000000000000000000000000000000000000000000000000111111100000011100000110000000111111100000000110000001110000011111111000000001100001110000011111111111111111111001111111110000011111111111000000111111111110000011111111110000011111111100000111111
111111111111111111111111111111111111111111111111111111111111111111111111111111111111111111111111111111111000000011111100011111001111111000000011111111001111110001111100000000111111110011110001111100000000000000000000110000000001111100000000000111111000000000001111100000000001111100000000011111000000
111111111111111111111111111111111111111111111111111111111111111111111111111111111111111111111111111100000111111100000011100000110000000111111100000000110000001110000011111111000000001100001110000011111111111111111111001111111110000011111111111000000111111111110000011111111110000011111111100000111111
000000000000000000000000000000000000000000000000000000000000000000000000000000000000000000000000000011111000000011111100011111001111111000000011111111001111110001111100000000111111110011110001111100000000000000000000110000000001111100000000000111111000000000001111100000000001111100000000011111000000
111111111111111111111111111111111111111111111111111111111111111111111111111111111111111111111111111100000111111100000011100000110000000111111100000000110000001110000011111111000000001100001110000011111111111111111111001111111110000011111111111000000111111111110000011111111110000011111111100000111111
111111111111111111111111111111111111111111111111111111111111111111111111111111111111111111111111111111111000000011111100011111001111111000000011111111001111110001111100000000111111110011110001111100000000000000000000110000000001111100000000000111111000000000001111100000000001111100000000011111000000
000000000000000000000000000000000000000000000000000000000000000000000000000000000000000000000000000000000111111100000011100000110000000111111100000000110000001110000011111111000000001100001110000011111111111111111111001111111110000011111111111000000111111111110000011111111110000011111111100000111111
111111111111111111111111111111111111111111111111111111111111111111111111111111111111111111111111111111111000000011111100011111001111111000000011111111001111110001111100000000111111110011110001111100000000000000000000110000000001111100000000000111111000000000001111100000000001111100000000011111000000
111111111111111111111111111111111111111111111111111111111111111111111111111111111111111111111111111100000111111100000011100000110000000111111100000000110000001110000011111111000000001100001110000011111111111111111111001111111110000011111111111000000111111111110000011111111110000011111111100000111111
000000000000000000000000000000000000000000000000000000000000000000000000000000000000000000000000000011111000000011111100000000001111111000000011111111000000000001111100000000111111110000000001111100000000000000000000110000000001111100000000000111111000000000001111100000000001111100000000011111000000
111111111111111111111111111111111111111111111111111111111111111111111111111111111111111111111111111100000111111100000011111111110000000111111100000000111111111110000011111111000000001111111110000011111111111111111111001111111110000011111111111000000111111111110000011111111110000011111111100000111111
111111111111111111111111111111111111111111111111111111111111111111111111111111111111111111111111111111111000000011111100000000001111111000000011111111000000000001111100000000111111110000000001111100000000000000000000110000000001111100000000000111111000000000001111100000000001111100000000011111000000
000000000000000000000000000000000000000000000000000000000000000000000000000000000000000000000000000000000111111100000011111111110000000111111100000000111111111110000011111111000000001111111110000011111111111111111111001111111110000011111111111000000111111111110000011111111110000011111111100000111111
111111111111111111111111111111111111111111111111111111111111111111111111111111111111111111111111111111111000000011111100000000001111111000000011111111000000000001111100000000111111110000000001111100000000000000000000110000000001111100000000000111111000000000001111100000000001111100000000011111000000
111111111111111111111111111111111111111111111111111111111111111111111111111111111111111111111111111100000111111100000011111111110000000111111100000000111111111110000011111111000000001111111110000011111111111111111111001111111110000011111111111000000111111111110000011111111110000011111111100000111111
000000000000000000000000000000000000000000000000000000000000000000000000000000000000000000000000000011111000000011111100000000001111111000000011111111000000000001111100000000111111110000000001111100000000000000000000110000000001111100000000000111111000000000001111100000000001111100000000011111000000
111111111111111111111111111111111111111111111111111111111111111111111111111111111111111111111111111100000000000000000000011111000000000000000000000000001111110000000000000000000000000011110000000000000000000000000000000000000000000000000000000000000000000000000000000000000000000000000000000000000000
111111111111111111111111111111111111111111111111111111111111111111111111111111111111111111111111111111111111111111111111100000111111111111111111111111110000001111111111111111111111111100001111111111111111111111111111111111111111111111111111111111111111111111111111111111111111111111111111111111111111
000000000000000000000000000000000000000000000000000000000000000000000000000000000000000000000000000000000000000000000000000000000000000000000000000000000000000000000000000000000000000000000000000000000000000000000000000000000000000000000000000000000000000000000000000000000000000000000000000000000000
111111111111111111111111111111111111111111111111111111111111111111111111111111111111111111111111111111111111111111111111111111111111111111111111111111111111111111111111111111111111111111111111111111111111111111111111111111111111111111111111111111111111111111111111111111111111111111111111111111111111
111111111111111111111111111111111111111111111111111111111111111111111111111111111111111111111111111100000000000000000000000000000000000000000000000000000000000000000000000000000000000000000000000000000000000000000000000000000000000000000000000000000000000000000000000000000000000000000000000000000000
000000000000000000000000000000000000000000000000000000000000000000000000000000000000000000000000000011111111111111111111111111111111111111111111111111111111111111111111111111111111111111111111111111111111111111111111111111111111111111111111111111111111111111111111111111111111111111111111111111111111
111111111111111111111111111111111111111111111111111111111111111111111111111111111111111111111111111100000000000000000000000000000000000000000000000000000000000000000000000000000000000000000000000000000000000000000000000000000000000000000000000000000000000000000000000000000000000000000000000000000000
111111111111111111111111111111111111111111111111111111111111111111111111111111111111111111111111111111111111111111111111111111111111111111111111111111111111111111111111111111111111111111111111111111111111111111111111111111111111111111111111111111111111111111111111111111111111111111111111111111111111
000000000000000000000000000000000000000000000000000000000000000000000000000000000000000000000000000000000000000000000000000000000000000000000000000000000000000000000000000000000000000000000000000000000000000000000000000000000000000000000000000000000000000000000000000000000000000000000000000000000000
000000000000000000000000000000000000000000000000000000000000000000000000000000000000000000000000000000000000000000000000000000000000000000000000000000000000000000000000000000000000000000000000000000000000000000000000000000000000000000000000000000000000000000000000000000000000000000000000000000000000
000000000000000000000000000000000000000000000000000000000000000000000000000000000000000000000000000000000000000000000000000000000000000000000000000000000000000000000000000000000000000000000000000000000000000000000000000000000000000000000000000000000000000000000000000000000000000000000000000000000000
000000000000000000000000000000000000000000000000000000000000000000000000000000000000000000000000000000000000000000000000000000000000000000000000000000000000000000000000000000000000000000000000000000000000000000000000000000000000000000000000000000000000000000000000000000000000000000000000000000000000
000000000000000000000000000000000000000000000000000000000000000000000000000000000000000000000000000000000000000000000000000000000000000000000000000000000000000000000000000000000000000000000000000000000000000000000000000000000000000000000000000000000000000000000000000000000000000000000000000000000000
000000000000000000000000000000000000000000000000000000000000000000000000000000000000000000000000000000000000000000000000000000000000000000000000000000000000000000000000000000000000000000000000000000000000000000000000000000000000000000000000000000000000000000000000000000000000000000000000000000000000
000000000000000000000000000000000000000000000000000000000000000000000000000000000000000000000000000000000000000000000000000000000000000000000000000000000000000000000000000000000000000000000000000000000000000000000000000000000000000000000000000000000000000000000000000000000000000000000000000000000000
000000000000000000000000000000000000000000000000000000000000000000000000000000000000000000000000000000000000000000000000000000000000000000000000000000000000000000000000000000000000000000000000000000000000000000000000000000000000000000000000000000000000000000000000000000000000000000000000000000000000
000000000000000000000000000000000000000000000000000000000000000000000000000000000000000000000000000000000000000000000000000000000000000000000000000000000000000000000000000000000000000000000000000000000000000000000000000000000000000000000000000000000000000000000000000000000000000000000000000000000000
000000000000000000000000000000000000000000000000000000000000000000000000000000000000000000000000000000000000000000000000000000000000000000000000000000000000000000000000000000000000000000000000000000000000000000000000000000000000000000000000000000000000000000000000000000000000000000000000000000000000
111111111111111111111111111111111111111111111111111111111111111111111111111111111111111111111111111111111111111111111111111111111111111111111111111111111111111111111111111111111111111111111111111111111111111111111111111111111111111111111111111111111111111111111111111111111111111111111111111111111111
111111111111111111111111111111111111111111111111111111111111111111111111111111111111111111111111111100000000000000000000000000000000000000000000000000000000000000000000000000000000000000000000000000000000000000000000000000000000000000000000000000000000000000000000000000000000000000000000000000000000
000000000000000000000000000000000000000000000000000000000000000000000000000000000000000000000000000011111111111111111111111111111111111111111111111111111111111111111111111111111111111111111111111111111111111111111111111111111111111111111111111111111111111111111111111111111111111111111111111111111111
111111111111111111111111111111111111111111111111111111111111111111111111111111111111111111111111111100000000000000000000000000000000000000000000000000000000000000000000000000000000000000000000000000000000000000000000000000000000000000000000000000000000000000000000000000000000000000000000000000000000
111111111111111111111111111111111111111111111111111111111111111111111111111111111111111111111111111111111111111111111111111111111111111111111111111111111111111111111111111111111111111111111111111111111111111111111111111111111111111111111111111111111111111111111111111111111111111111111111111111111111
000000000000000000000000000000000000000000000000000000000000000000000000000000000000000000000000000000000000000000000000000000000000000000000000000000000000000000000000000000000000000000000000000000000000000000000000000000000000000000000000000000000000000000000000000000000000000000000000000000000000
111111111111111111111111111111111111111111111111111111111111111111111111111111111111111111111111111100011111111111111111111111111110000011111111111111111111111111000000111111111111111111111111110000111111111111111111111111111111111111111111111111111111111111111111111111111111111111111111111111111111
111111111111111111111111111111111111111111111111111111111111111111111111111111111111111111111111111111100000000000000000000000000001111100000000000000000000000000111111000000000000000000000000001111000000000000000000000000000000000000000000000000000000000000000000000000000000000000000000000000000000
000000000000000000000000000000000000000000000000000000000000000000000000000000000000000000000000000000000111111111100000001111110000000000111111100000001111111100000000000111110000000011111111000000000000000000000000000000000011000000000111110000000000011111100000000000111110000000000111110000000001
111111111111111111111111111111111111111111111111111111111111111111111111111111111111111111111111111111111000000000011111110000001111111111000000011111110000000011111111111000001111111100000000111111111111111111111111111111111100111111111000001111111111100000011111111111000001111111111000001111111110
111111111111111111111111111111111111111111111111111111111111111111111111111111111111111111111111111100000111111111100000001111110000000000111111100000001111111100000000000111110000000011111111000000000000000000000000000000000011000000000111110000000000011111100000000000111110000000000111110000000001
000000000000000000000000000000000000000000000000000000000000000000000000000000000000000000000000000011111000000000011111110000001111111111000000011111110000000011111111111000001111111100000000111111111111111111111111111111111100111111111000001111111111100000011111111111000001111111111000001111111110
111111111111111111111111111111111111111111111111111111111111111111111111111111111111111111111111111100000111111111100000001111110000000000111111100000001111111100000000000111110000000011111111000000000000000000000000000000000011000000000111110000000000011111100000000000111110000000000111110000000001
111111111111111111111111111111111111111111111111111111111111111111111111111111111111111111111111111111111000000000011111110000001111111111000000011111110000000011111111111000001111111100000000111111111111111111111111111111111100111111111000001111111111100000011111111111000001111111111000001111111110
000000000000000000000000000000000000000000000000000000000000000000000000000000000000000000000000000000000111111111100000001111110000000000111111100000001111111100000000000111110000000011111111000000000000000000000000000000000011000000000111110000000000011111100000000000111110000000000111110000000001
111111111111111111111111111111111111111111111111111111111111111111111111111111111111111111111111111100011000000000011111110000001110000011000000011111110000000011000000111000001111111100000000110000111111111111111111111111111100111111111000001111111111100000011111111111000001111111111000001111111110
111111111111111111111111111111111111111111111111111111111111111111111111111111111111111111111111111111100111111111100000001111110001111100111111100000001111111100111111000111110000000011111111001111000000000000000000000000000011000000000111110000000000011111100000000000111110000000000111110000000001
000000000000000000000000000000000000000000000000000000000000000000000000000000000000000000000000000000011000000000011111110000001110000011000000011111110000000011000000111000001111111100000000110000111111111111111111111111111100111111111000001111111111100000011111111111000001111111111000001111111110
111111111111111111111111111111111111111111111111111111111111111111111111111111111111111111111111111111100111111111100000001111110001111100111111100000001111111100111111000111110000000011111111001111000000000000000000000000000011000000000111110000000000011111100000000000111110000000000111110000000001
111111111111111111111111111111111111111111111111111111111111111111111111111111111111111111111111111100011000000000011111110000001110000011000000011111110000000011000000111000001111111100000000110000111111111111111111111111111100111111111000001111111111100000011111111111000001111111111000001111111110
000000000000000000000000000000000000000000000000000000000000000000000000000000000000000000000000000011100111111111100000001111110001111100111111100000001111111100111111000111110000000011111111001111000000000000000000000000000011000000000111110000000000011111100000000000111110000000000111110000000001
111111111111111111111111111111111111111111111111111111111111111111111111111111111111111111111111111100011000000000011111110000001110000011000000011111110000000011000000111000001111111100000000110000111111111111111111111111111100111111111000001111111111100000011111111111000001111111111000001111111110
111111111111111111111111111111111111111111111111111111111111111111111111111111111111111111111111111111100111111111100000001111110001111100111111100000001111111100111111000111110000000011111111001111000000000000000000000000000011000000000111110000000000011111100000000000111110000000000111110000000001
000000000000000000000000000000000000000000000000000000000000000000000000000000000000000000000000000000011000000000011111110000001110000011000000011111110000000011000000111000001111111100000000110000111111111111111111111111111100111111111000001111111111100000011111111111000001111111111000001111111110
111111111111111111111111111111111111111111111111111111111111111111111111111111111111111111111111111111100111111111100000001111110001111100111111100000001111111100111111000111110000000011111111001111000000000000000000000000000011000000000111110000000000011111100000000000111110000000000111110000000001
111111111111111111111111111111111111111111111111111111111111111111111111111111111111111111111111111100000001111000000000000000000000000000000000000000000011110000000000000000000000000000111100000000000000000000000000000000000000000000000000000000000000000000000000000000000000000000000000000000000000
000000000000000000000000000000000000000000000000000000000000000000000000000000000000000000000000000000011000000000011111110000001110000011000000011111110000000011000000111000001111111100000000110000111111111111111111111111111100111111111000001111111111100000011111111111000001111111111000001111111110
111111111111111111111111111111111111111111111111111111111111111111111111111111111111111111111111111111100111111111100000001111110001111100111111100000001111111100111111000111110000000011111111001111000000000000000000000000000011000000000111110000000000011111100000000000111110000000000111110000000001
111111111111111111111111111111111111111111111111111111111111111111111111111111111111111111111111111100011000000000011111110000001110000011000000011111110000000011000000111000001111111100000000110000111111111111111111111111111100111111111000001111111111100000011111111111000001111111111000001111111110
000000000000000000000000000000000000000000000000000000000000000000000000000000000000000000000000000011100111111111100000001111110001111100111111100000001111111100111111000111110000000011111111001111000000000000000000000000000011000000000111110000000000011111100000000000111110000000000111110000000001
111111111111111111111111111111111111111111111111111111111111111111111111111111111111111111111111111100011000000000011111110000001110000011000000011111110000000011000000111000001111111100000000110000111111111111111111111111111100111111111000001111111111100000011111111111000001111111111000001111111110
111111111111111111111111111111111111111111111111111111111111111111111111111111111111111111111111111111100111111111100000001111110001111100111111100000001111111100111111000111110000000011111111001111000000000000000000000000000011000000000111110000000000011111100000000000111110000000000111110000000001
000000000000000000000000000000000000000000000000000000000000000000000000000000000000000000000000000000011000000000011111110000001110000011000000011111110000000011000000111000001111111100000000110000111111111111111111111111111100111111111000001111111111100000011111111111000001111111111000001111111110
111111111111111111111111111111111111111111111111111111111111111111111111111111111111111111111111111111100111111111100000001111110001111100111111100000001111111100111111000111110000000011111111001111000000000000000000000000000011000000000111110000000000011111100000000000111110000000000111110000000001
111111111111111111111111111111111111111111111111111111111111111111111111111111111111111111111111111100011000000000011111110000001110000011000000011111110000000011000000111000001111111100000000110000111111111111111111111111111100111111111000001111111111100000011111111111000001111111111000001111111110
000000000000000000000000000000000000000000000000000000000000000000000000000000000000000000000000000000000111111111100000001111110000000000111111100000001111111100000000000111110000000011111111000000000000000000000000000000000011000000000111110000000000011111100000000000111110000000000111110000000001
111111111111111111111111111111111111111111111111111111111111111111111111111111111111111111111111111111111000000000011111110000001111111111000000011111110000000011111111111000001111111100000000111111111111111111111111111111111100111111111000001111111111100000011111111111000001111111111000001111111110
111111111111111111111111111111111111111111111111111111111111111111111111111111111111111111111111111100000111111111100000001111110000000000111111100000001111111100000000000111110000000011111111000000000000000000000000000000000011000000000111110000000000011111100000000000111110000000000111110000000001
000000000000000000000000000000000000000000000000000000000000000000000000000000000000000000000000000011111000000000011111110000001111111111000000011111110000000011111111111000001111111100000000111111111111111111111111111111111100111111111000001111111111100000011111111111000001111111111000001111111110
111111111111111111111111111111111111111111111111111111111111111111111111111111111111111111111111111100000111111111100000001111110000000000111111100000001111111100000000000111110000000011111111000000000000000000000000000000000011000000000111110000000000011111100000000000111110000000000111110000000001
111111111111111111111111111111111111111111111111111111111111111111111111111111111111111111111111111111111000000000011111110000001111111111000000011111110000000011111111111000001111111100000000111111111111111111111111111111111100111111111000001111111111100000011111111111000001111111111000001111111110
000000000000000000000000000000000000000000000000000000000000000000000000000000000000000000000000000000000111111111100000001111110000000000111111100000001111111100000000000111110000000011111111000000000000000000000000000000000011000000000111110000000000011111100000000000111110000000000111110000000001
111111111111111111111111111111111111111111111111111111111111111111111111111111111111111111111111111111100000000000000000000000000001111100000000000000000000000000111111000000000000000000000000001111000000000000000000000000000000000000000000000000000000000000000000000000000000000000000000000000000000
111111111111111111111111111111111111111111111111111111111111111111111111111111111111111111111111111100011111111111111111111111111110000011111111111111111111111111000000111111111111111111111111110000111111111111111111111111111111111111111111111111111111111111111111111111111111111111111111111111111111
000000000000000000000000000000000000000000000000000000000000000000000000000000000000000000000000000000000000000000000000000000000000000000000000000000000000000000000000000000000000000000000000000000000000000000000000000000000000000000000000000000000000000000000000000000000000000000000000000000000000
111111111111111111111111111111111111111111111111111111111111111111111111111111111111111111111111111111111111111111111111111111111111111111111111111111111111111111111111111111111111111111111111111111111111111111111111111111111111111111111111111111111111111111111111111111111111111111111111111111111111
111111111111111111111111111111111111111111111111111111111111111111111111111111111111111111111111111100000000000000000000000000000000000000000000000000000000000000000000000000000000000000000000000000000000000000000000000000000000000000000000000000000000000000000000000000000000000000000000000000000000
000000000000000000000000000000000000000000000000000000000000000000000000000000000000000000000000000011111111111111111111111111111111111111111111111111111111111111111111111111111111111111111111111111111111111111111111111111111111111111111111111111111111111111111111111111111111111111111111111111111111
111111111111111111111111111111111111111111111111111111111111111111111111111111111111111111111111111100000000000000000000000000000000000000000000000000000000000000000000000000000000000000000000000000000000000000000000000000000000000000000000000000000000000000000000000000000000000000000000000000000000
111111111111111111111111111111111111111111111111111111111111111111111111111111111111111111111111111111111111111111111111111111111111111111111111111111111111111111111111111111111111111111111111111111111111111111111111111111111111111111111111111111111111111111111111111111111111111111111111111111111111
000000000000000000000000000000000000000000000000000000000000000000000000000000000000000000000000000000000000000000000000000000000000000000000000000000000000000000000000000000000000000000000000000000000000000000000000000000000000000000000000000000000000000000000000000000000000000000000000000000000000
000000000000000000000000000000000000000000000000000000000000000000000000000000000000000000000000000000000000000000000000000000000000000000000000000000000000000000000000000000000000000000000000000000000000000000000000000000000000000000000000000000000000000000000000000000000000000000000000000000000000
000000000000000000000000000000000000000000000000000000000000000000000000000000000000000000000000000000000000000000000000000000000000000000000000000000000000000000000000000000000000000000000000000000000000000000000000000000000000000000000000000000000000000000000000000000000000000000000000000000000000
000000000000000000000000000000000000000000000000000000000000000000000000000000000000000000000000000000000000000000000000000000000000000000000000000000000000000000000000000000000000000000000000000000000000000000000000000000000000000000000000000000000000000000000000000000000000000000000000000000000000
000000000000000000000000000000000000000000000000000000000000000000000000000000000000000000000000000000000000000000000000000000000000000000000000000000000000000000000000000000000000000000000000000000000000000000000000000000000000000000000000000000000000000000000000000000000000000000000000000000000000
000000000000000000000000000000000000000000000000000000000000000000000000000000000000000000000000000000000000000000000000000000000000000000000000000000000000000000000000000000000000000000000000000000000000000000000000000000000000000000000000000000000000000000000000000000000000000000000000000000000000
000000000000000000000000000000000000000000000000000000000000000000000000000000000000000000000000000000000000000000000000000000000000000000000000000000000000000000000000000000000000000000000000000000000000000000000000000000000000000000000000000000000000000000000000000000000000000000000000000000000000
000000000000000000000000000000000000000000000000000000000000000000000000000000000000000000000000000000000000000000000000000000000000000000000000000000000000000000000000000000000000000000000000000000000000000000000000000000000000000000000000000000000000000000000000000000000000000000000000000000000000
000000000000000000000000000000000000000000000000000000000000000000000000000000000000000000000000000000000000000000000000000000000000000000000000000000000000000000000000000000000000000000000000000000000000000000000000000000000000000000000000000000000000000000000000000000000000000000000000000000000000
000000000000000000000000000000000000000000000000000000000000000000000000000000000000000000000000000000000000000000000000000000000000000000000000000000000000000000000000000000000000000000000000000000000000000000000000000000000000000000000000000000000000000000000000000000000000000000000000000000000000
111111111111111111111111111111111111111111111111111111111111111111111111111111111111111111111111111111111111111111111111111111111111111111111111111111111111111111111111111111111111111111111111111111111111111111111111111111111111111111111111111111111111111111111111111111111111111111111111111111111111
111111111111111111111111111111111111111111111111111111111111111111111111111111111111111111111111111100000000000000000000000000000000000000000000000000000000000000000000000000000000000000000000000000000000000000000000000000000000000000000000000000000000000000000000000000000000000000000000000000000000
000000000000000000000000000000000000000000000000000000000000000000000000000000000000000000000000000011111111111111111111111111111111111111111111111111111111111111111111111111111111111111111111111111111111111111111111111111111111111111111111111111111111111111111111111111111111111111111111111111111111
111111111111111111111111111111111111111111111111111111111111111111111111111111111111111111111111111100000000000000000000000000000000000000000000000000000000000000000000000000000000000000000000000000000000000000000000000000000000000000000000000000000000000000000000000000000000000000000000000000000000
111111111111111111111111111111111111111111111111111111111111111111111111111111111111111111111111111111111111111111111111111111111111111111111111111111111111111111111111111111111111111111111111111111111111111111111111111111111111111111111111111111111111111111111111111111111111111111111111111111111111
000000000000000000000000000000000000000000000000000000000000000000000000000000000000000000000000000000000000000000000000000000000000000000000000000000000000000000000000000000000000000000000000000000000000000000000000000000000000000000000000000000000000000000000000000000000000000000000000000000000000
111111111111111111111111111111111111111111111111111111111111111111111111111111111111111111111111111111111110000001111111111111111111111111111000001111111111111111111111111100000011111111111111111111111111111111111111111111111111111111111111111111111111111111111111111111111111111111111111111111111111
111111111111111111111111111111111111111111111111111111111111111111111111111111111111111111111111111100000001111110000000000000000000000000000111110000000000000000000000000011111100000000000000000000000000000000000000000000000000000000000000000000000000000000000000000000000000000000000000000000000000
000000000000000000000000000000000000000000000000000000000000000000000000000000000000000000000000000011110000000000011111111110000000111111000000000011111110000000111111110000000000011111000000001111111111100000000000000000000000000000001100000000011111000000000001111110000000000011111000000000011111
111111111111111111111111111111111111111111111111111111111111111111111111111111111111111111111111111100001111111111100000000001111111000000111111111100000001111111000000001111111111100000111111110000000000011111111111111111111111111111110011111111100000111111111110000001111111111100000111111111100000
111111111111111111111111111111111111111111111111111111111111111111111111111111111111111111111111111111110000000000011111111110000000111111000000000011111110000000111111110000000000011111000000001111111111100000000000000000000000000000001100000000011111000000000001111110000000000011111000000000011111
000000000000000000000000000000000000000000000000000000000000000000000000000000000000000000000000000000001111111111100000000001111111000000111111111100000001111111000000001111111111100000111111110000000000011111111111111111111111111111110011111111100000111111111110000001111111111100000111111111100000
111111111111111111111111111111111111111111111111111111111111111111111111111111111111111111111111111111110000000000011111111110000000111111000000000011111110000000111111110000000000011111000000001111111111100000000000000000000000000000001100000000011111000000000001111110000000000011111000000000011111
111111111111111111111111111111111111111111111111111111111111111111111111111111111111111111111111111100001111111111100000000001111111000000111111111100000001111111000000001111111111100000111111110000000000011111111111111111111111111111110011111111100000111111111110000001111111111100000111111111100000
000000000000000000000000000000000000000000000000000000000000000000000000000000000000000000000000000011110000000000011111111110000000111111000000000011111110000000111111110000000000011111000000001111111111100000000000000000000000000000001100000000011111000000000001111110000000000011111000000000011111
111111111111111111111111111111111111111111111111111111111111111111111111111111111111111111111111111100001110000001100000000001111111000000111000001100000001111111000000001100000011100000111111110000000000011111111111111111111111111111110011111111100000111111111110000001111111111100000111111111100000
111111111111111111111111111111111111111111111111111111111111111111111111111111111111111111111111111111110001111110011111111110000000111111000111110011111110000000111111110011111100011111000000001111111111100000000000000000000000000000001100000000011111000000000001111110000000000011111000000000011111
000000000000000000000000000000000000000000000000000000000000000000000000000000000000000000000000000000001110000001100000000001111111000000111000001100000001111111000000001100000011100000111111110000000000011111111111111111111111111111110011111111100000111111111110000001111111111100000111111111100000
111111111111111111111111111111111111111111111111111111111111111111111111111111111111111111111111111111110001111110011111111110000000111111000111110011111110000000111111110011111100011111000000001111111111100000000000000000000000000000001100000000011111000000000001111110000000000011111000000000011111
111111111111111111111111111111111111111111111111111111111111111111111111111111111111111111111111111100001110000001100000000001111111000000111000001100000001111111000000001100000011100000111111110000000000011111111111111111111111111111110011111111100000111111111110000001111111111100000111111111100000
000000000000000000000000000000000000000000000000000000000000000000000000000000000000000000000000000011110001111110011111111110000000111111000111110011111110000000111111110011111100011111000000001111111111100000000000000000000000000000001100000000011111000000000001111110000000000011111000000000011111
111111111111111111111111111111111111111111111111111111111111111111111111111111111111111111111111111100001110000001100000000001111111000000111000001100000001111111000000001100000011100000111111110000000000011111111111111111111111111111110011111111100000111111111110000001111111111100000111111111100000
111111111111111111111111111111111111111111111111111111111111111111111111111111111111111111111111111111110001111110011111111110000000111111000111110011111110000000111111110011111100011111000000001111111111100000000000000000000000000000001100000000011111000000000001111110000000000011111000000000011111
000000000000000000000000000000000000000000000000000000000000000000000000000000000000000000000000000000001110000001100000000001111111000000111000001100000001111111000000001100000011100000111111110000000000011111111111111111111111111111110011111111100000111111111110000001111111111100000111111111100000
111111111111111111111111111111111111111111111111111111111111111111111111111111111111111111111111111111110001111110011111111110000000111111000111110011111110000000111111110011111100011111000000001111111111100000000000000000000000000000001100000000011111000000000001111110000000000011111000000000011111
111111111111111111111111111111111111111111111111111111111111111111111111111111111111111111111111111100000000000000000111100000000000000000000000000000000000000000001111000000000000000000000000000011110000000000000000000000000000000000000000000000000000000000000000000000000000000000000000000000000000
000000000000000000000000000000000000000000000000000000000000000000000000000000000000000000000000000000001110000001100000000001111111000000111000001100000001111111000000001100000011100000111111110000000000011111111111111111111111111111110011111111100000111111111110000001111111111100000111111111100000
111111111111111111111111111111111111111111111111111111111111111111111111111111111111111111111111111111110001111110011111111110000000111111000111110011111110000000111111110011111100011111000000001111111111100000000000000000000000000000001100000000011111000000000001111110000000000011111000000000011111
111111111111111111111111111111111111111111111111111111111111111111111111111111111111111111111111111100001110000001100000000001111111000000111000001100000001111111000000001100000011100000111111110000000000011111111111111111111111111111110011111111100000111111111110000001111111111100000111111111100000
000000000000000000000000000000000000000000000000000000000000000000000000000000000000000000000000000011110001111110011111111110000000111111000111110011111110000000111111110011111100011111000000001111111111100000000000000000000000000000001100000000011111000000000001111110000000000011111000000000011111
111111111111111111111111111111111111111111111111111111111111111111111111111111111111111111111111111100001110000001100000000001111111000000111000001100000001111111000000001100000011100000111111110000000000011111111111111111111111111111110011111111100000111111111110000001111111111100000111111111100000
111111111111111111111111111111111111111111111111111111111111111111111111111111111111111111111111111111110001111110011111111110000000111111000111110011111110000000111111110011111100011111000000001111111111100000000000000000000000000000001100000000011111000000000001111110000000000011111000000000011111
000000000000000000000000000000000000000000000000000000000000000000000000000000000000000000000000000000001110000001100000000001111111000000111000001100000001111111000000001100000011100000111111110000000000011111111111111111111111111111110011111111100000111111111110000001111111111100000111111111100000
111111111111111111111111111111111111111111111111111111111111111111111111111111111111111111111111111111110001111110011111111110000000111111000111110011111110000000111111110011111100011111000000001111111111100000000000000000000000000000001100000000011111000000000001111110000000000011111000000000011111
111111111111111111111111111111111111111111111111111111111111111111111111111111111111111111111111111100001110000001100000000001111111000000111000001100000001111111000000001100000011100000111111110000000000011111111111111111111111111111110011111111100000111111111110000001111111111100000111111111100000
000000000000000000000000000000000000000000000000000000000000000000000000000000000000000000000000000011110000000000011111111110000000111111000000000011111110000000111111110000000000011111000000001111111111100000000000000000000000000000001100000000011111000000000001111110000000000011111000000000011111
111111111111111111111111111111111111111111111111111111111111111111111111111111111111111111111111111100001111111111100000000001111111000000111111111100000001111111000000001111111111100000111111110000000000011111111111111111111111111111110011111111100000111111111110000001111111111100000111111111100000
111111111111111111111111111111111111111111111111111111111111111111111111111111111111111111111111111111110000000000011111111110000000111111000000000011111110000000111111110000000000011111000000001111111111100000000000000000000000000000001100000000011111000000000001111110000000000011111000000000011111
000000000000000000000000000000000000000000000000000000000000000000000000000000000000000000000000000000001111111111100000000001111111000000111111111100000001111111000000001111111111100000111111110000000000011111111111111111111111111111110011111111100000111111111110000001111111111100000111111111100000
111111111111111111111111111111111111111111111111111111111111111111111111111111111111111111111111111111110000000000011111111110000000111111000000000011111110000000111111110000000000011111000000001111111111100000000000000000000000000000001100000000011111000000000001111110000000000011111000000000011111
111111111111111111111111111111111111111111111111111111111111111111111111111111111111111111111111111100001111111111100000000001111111000000111111111100000001111111000000001111111111100000111111110000000000011111111111111111111111111111110011111111100000111111111110000001111111111100000111111111100000
000000000000000000000000000000000000000000000000000000000000000000000000000000000000000000000000000011110000000000011111111110000000111111000000000011111110000000111111110000000000011111000000001111111111100000000000000000000000000000001100000000011111000000000001111110000000000011111000000000011111
111111111111111111111111111111111111111111111111111111111111111111111111111111111111111111111111111100000001111110000000000000000000000000000111110000000000000000000000000011111100000000000000000000000000000000000000000000000000000000000000000000000000000000000000000000000000000000000000000000000000
111111111111111111111111111111111111111111111111111111111111111111111111111111111111111111111111111111111110000001111111111111111111111111111000001111111111111111111111111100000011111111111111111111111111111111111111111111111111111111111111111111111111111111111111111111111111111111111111111111111111
000000000000000000000000000000000000000000000000000000000000000000000000000000000000000000000000000000000000000000000000000000000000000000000000000000000000000000000000000000000000000000000000000000000000000000000000000000000000000000000000000000000000000000000000000000000000000000000000000000000000
111111111111111111111111111111111111111111111111111111111111111111111111111111111111111111111111111111111111111111111111111111111111111111111111111111111111111111111111111111111111111111111111111111111111111111111111111111111111111111111111111111111111111111111111111111111111111111111111111111111111
111111111111111111111111111111111111111111111111111111111111111111111111111111111111111111111111111100000000000000000000000000000000000000000000000000000000000000000000000000000000000000000000000000000000000000000000000000000000000000000000000000000000000000000000000000000000000000000000000000000000
000000000000000000000000000000000000000000000000000000000000000000000000000000000000000000000000000011111111111111111111111111111111111111111111111111111111111111111111111111111111111111111111111111111111111111111111111111111111111111111111111111111111111111111111111111111111111111111111111111111111
111111111111111111111111111111111111111111111111111111111111111111111111111111111111111111111111111100000000000000000000000000000000000000000000000000000000000000000000000000000000000000000000000000000000000000000000000000000000000000000000000000000000000000000000000000000000000000000000000000000000
111111111111111111111111111111111111111111111111111111111111111111111111111111111111111111111111111111111111111111111111111111111111111111111111111111111111111111111111111111111111111111111111111111111111111111111111111111111111111111111111111111111111111111111111111111111111111111111111111111111111
000000000000000000000000000000000000000000000000000000000000000000000000000000000000000000000000000000000000000000000000000000000000000000000000000000000000000000000000000000000000000000000000000000000000000000000000000000000000000000000000000000000000000000000000000000000000000000000000000000000000
000000000000000000000000000000000000000000000000000000000000000000000000000000000000000000000000000000000000000000000000000000000000000000000000000000000000000000000000000000000000000000000000000000000000000000000000000000000000000000000000000000000000000000000000000000000000000000000000000000000000
000000000000000000000000000000000000000000000000000000000000000000000000000000000000000000000000000000000000000000000000000000000000000000000000000000000000000000000000000000000000000000000000000000000000000000000000000000000000000000000000000000000000000000000000000000000000000000000000000000000000
000000000000000000000000000000000000000000000000000000000000000000000000000000000000000000000000000000000000000000000000000000000000000000000000000000000000000000000000000000000000000000000000000000000000000000000000000000000000000000000000000000000000000000000000000000000000000000000000000000000000
000000000000000000000000000000000000000000000000000000000000000000000000000000000000000000000000000000000000000000000000000000000000000000000000000000000000000000000000000000000000000000000000000000000000000000000000000000000000000000000000000000000000000000000000000000000000000000000000000000000000
000000000000000000000000000000000000000000000000000000000000000000000000000000000000000000000000000000000000000000000000000000000000000000000000000000000000000000000000000000000000000000000000000000000000000000000000000000000000000000000000000000000000000000000000000000000000000000000000000000000000
000000000000000000000000000000000000000000000000000000000000000000000000000000000000000000000000000000000000000000000000000000000000000000000000000000000000000000000000000000000000000000000000000000000000000000000000000000000000000000000000000000000000000000000000000000000000000000000000000000000000
000000000000000000000000000000000000000000000000000000000000000000000000000000000000000000000000000000000000000000000000000000000000000000000000000000000000000000000000000000000000000000000000000000000000000000000000000000000000000000000000000000000000000000000000000000000000000000000000000000000000
000000000000000000000000000000000000000000000000000000000000000000000000000000000000000000000000000000000000000000000000000000000000000000000000000000000000000000000000000000000000000000000000000000000000000000000000000000000000000000000000000000000000000000000000000000000000000000000000000000000000
000000000000000000000000000000000000000000000000000000000000000000000000000000000000000000000000000000000000000000000000000000000000000000000000000000000000000000000000000000000000000000000000000000000000000000000000000000000000000000000000000000000000000000000000000000000000000000000000000000000000
111111111111111111111111111111111111111111111111111111111111111111111111111111111111111111111111111111111111111111111111111111111111111111111111111111111111111111111111111111111111111111111111111111111111111111111111111111111111111111111111111111111111111111111111111111111111111111111111111111111111
111111111111111111111111111111111111111111111111111111111111111111111111111111111111111111111111111100000000000000000000000000000000000000000000000000000000000000000000000000000000000000000000000000000000000000000000000000000000000000000000000000000000000000000000000000000000000000000000000000000000
000000000000000000000000000000000000000000000000000000000000000000000000000000000000000000000000000011111111111111111111111111111111111111111111111111111111111111111111111111111111111111111111111111111111111111111111111111111111111111111111111111111111111111111111111111111111111111111111111111111111
111111111111111111111111111111111111111111111111111111111111111111111111111111111111111111111111111100000000000000000000000000000000000000000000000000000000000000000000000000000000000000000000000000000000000000000000000000000000000000000000000000000000000000000000000000000000000000000000000000000000
111111111111111111111111111111111111111111111111111111111111111111111111111111111111111111111111111111111111111111111111111111111111111111111111111111111111111111111111111111111111111111111111111111111111111111111111111111111111111111111111111111111111111111111111111111111111111111111111111111111111
000000000000000000000000000000000000000000000000000000000000000000000000000000000000000000000000000000000000000000000000000000000000000000000000000000000000000000000000000000000000000000000000000000000000000000000000000000000000000000000000000000000000000000000000000000000000000000000000000000000000
111111111111111111111111111111111111111111111111111111111111111111111111111111111111111111111111111111100001111111111000000111111111111111111111111111100000111111111111111111111111110000001111111111111111111111111111111111111111111111111111111111111111111111111111111111111111111111111111111111111111
111111111111111111111111111111111111111111111111111111111111111111111111111111111111111111111111111100011110000000000111111000000000000000000000000000011111000000000000000000000000001111110000000000000000000000000000000000000000000000000000000000000000000000000000000000000000000000000000000000000000
000000000000000000000000000000000000000000000000000000000000000000000000000000000000000000000000000000000000011111000000000001111111111000000011111100000000001111111000000011111111000000000001111100000000000001111110000000000000000000000000000000110000000001111100000000000111111000000000001111100000
111111111111111111111111111111111111111111111111111111111111111111111111111111111111111111111111111111111111100000111111111110000000000111111100000011111111110000000111111100000000111111111110000011111111111110000001111111111111111111111111111111001111111110000011111111111000000111111111110000011111
111111111111111111111111111111111111111111111111111111111111111111111111111111111111111111111111111100000000011111000000000001111111111000000011111100000000001111111000000011111111000000000001111100000000000001111110000000000000000000000000000000110000000001111100000000000111111000000000001111100000
000000000000000000000000000000000000000000000000000000000000000000000000000000000000000000000000000011111111100000111111111110000000000111111100000011111111110000000111111100000000111111111110000011111111111110000001111111111111111111111111111111001111111110000011111111111000000111111111110000011111
111111111111111111111111111111111111111111111111111111111111111111111111111111111111111111111111111100000000011111000000000001111111111000000011111100000000001111111000000011111111000000000001111100000000000001111110000000000000000000000000000000110000000001111100000000000111111000000000001111100000
111111111111111111111111111111111111111111111111111111111111111111111111111111111111111111111111111111111111100000111111111110000000000111111100000011111111110000000111111100000000111111111110000011111111111110000001111111111111111111111111111111001111111110000011111111111000000111111111110000011111
000000000000000000000000000000000000000000000000000000000000000000000000000000000000000000000000000000000000011111000000000001111111111000000011111100000000001111111000000011111111000000000001111100000000000001111110000000000000000000000000000000110000000001111100000000000111111000000000001111100000
111111111111111111111111111111111111111111111111111111111111111111111111111111111111111111111111111111100001100000111000000110000000000111111100000011100000110000000111111100000000110000001110000011111111111110000001111111111111111111111111111111001111111110000011111111111000000111111111110000011111
111111111111111111111111111111111111111111111111111111111111111111111111111111111111111111111111111100011110011111000111111001111111111000000011111100011111001111111000000011111111001111110001111100000000000001111110000000000000000000000000000000110000000001111100000000000111111000000000001111100000
000000000000000000000000000000000000000000000000000000000000000000000000000000000000000000000000000011100001100000111000000110000000000111111100000011100000110000000111111100000000110000001110000011111111111110000001111111111111111111111111111111001111111110000011111111111000000111111111110000011111
111111111111111111111111111111111111111111111111111111111111111111111111111111111111111111111111111100011110011111000111111001111111111000000011111100011111001111111000000011111111001111110001111100000000000001111110000000000000000000000000000000110000000001111100000000000111111000000000001111100000
111111111111111111111111111111111111111111111111111111111111111111111111111111111111111111111111111111100001100000111000000110000000000111111100000011100000110000000111111100000000110000001110000011111111111110000001111111111111111111111111111111001111111110000011111111111000000111111111110000011111
000000000000000000000000000000000000000000000000000000000000000000000000000000000000000000000000000000011110011111000111111001111111111000000011111100011111001111111000000011111111001111110001111100000000000001111110000000000000000000000000000000110000000001111100000000000111111000000000001111100000
111111111111111111111111111111111111111111111111111111111111111111111111111111111111111111111111111111100001100000111000000110000000000111111100000011100000110000000111111100000000110000001110000011111111111110000001111111111111111111111111111111001111111110000011111111111000000111111111110000011111
111111111111111111111111111111111111111111111111111111111111111111111111111111111111111111111111111100011110011111000111111001111111111000000011111100011111001111111000000011111111001111110001111100000000000001111110000000000000000000000000000000110000000001111100000000000111111000000000001111100000
000000000000000000000000000000000000000000000000000000000000000000000000000000000000000000000000000011100001100000111000000110000000000111111100000011100000110000000111111100000000110000001110000011111111111110000001111111111111111111111111111111001111111110000011111111111000000111111111110000011111
111111111111111111111111111111111111111111111111111111111111111111111111111111111111111111111111111100011110011111000111111001111111111000000011111100011111001111111000000011111111001111110001111100000000000001111110000000000000000000000000000000110000000001111100000000000111111000000000001111100000
111111111111111111111111111111111111111111111111111111111111111111111111111111111111111111111111111100000000000000000000000000011110000000000000000000000000000000000000000000111100000000000000000000000000000000000000000000000000000000000000000000000000000000000000000000000000000000000000000000000000
000000000000000000000000000000000000000000000000000000000000000000000000000000000000000000000000000011100001100000111000000110000000000111111100000011100000110000000111111100000000110000001110000011111111111110000001111111111111111111111111111111001111111110000011111111111000000111111111110000011111
111111111111111111111111111111111111111111111111111111111111111111111111111111111111111111111111111100011110011111000111111001111111111000000011111100011111001111111000000011111111001111110001111100000000000001111110000000000000000000000000000000110000000001111100000000000111111000000000001111100000
111111111111111111111111111111111111111111111111111111111111111111111111111111111111111111111111111111100001100000111000000110000000000111111100000011100000110000000111111100000000110000001110000011111111111110000001111111111111111111111111111111001111111110000011111111111000000111111111110000011111
000000000000000000000000000000000000000000000000000000000000000000000000000000000000000000000000000000011110011111000111111001111111111000000011111100011111001111111000000011111111001111110001111100000000000001111110000000000000000000000000000000110000000001111100000000000111111000000000001111100000
111111111111111111111111111111111111111111111111111111111111111111111111111111111111111111111111111111100001100000111000000110000000000111111100000011100000110000000111111100000000110000001110000011111111111110000001111111111111111111111111111111001111111110000011111111111000000111111111110000011111
111111111111111111111111111111111111111111111111111111111111111111111111111111111111111111111111111100011110011111000111111001111111111000000011111100011111001111111000000011111111001111110001111100000000000001111110000000000000000000000000000000110000000001111100000000000111111000000000001111100000
000000000000000000000000000000000000000000000000000000000000000000000000000000000000000000000000000011100001100000111000000110000000000111111100000011100000110000000111111100000000110000001110000011111111111110000001111111111111111111111111111111001111111110000011111111111000000111111111110000011111
111111111111111111111111111111111111111111111111111111111111111111111111111111111111111111111111111100011110011111000111111001111111111000000011111100011111001111111000000011111111001111110001111100000000000001111110000000000000000000000000000000110000000001111100000000000111111000000000001111100000
111111111111111111111111111111111111111111111111111111111111111111111111111111111111111111111111111111100001100000111000000110000000000111111100000011100000110000000111111100000000110000001110000011111111111110000001111111111111111111111111111111001111111110000011111111111000000111111111110000011111
000000000000000000000000000000000000000000000000000000000000000000000000000000000000000000000000000000000000011111000000000001111111111000000011111100000000001111111000000011111111000000000001111100000000000001111110000000000000000000000000000000110000000001111100000000000111111000000000001111100000
111111111111111111111111111111111111111111111111111111111111111111111111111111111111111111111111111111111111100000111111111110000000000111111100000011111111110000000111111100000000111111111110000011111111111110000001111111111111111111111111111111001111111110000011111111111000000111111111110000011111
111111111111111111111111111111111111111111111111111111111111111111111111111111111111111111111111111100000000011111000000000001111111111000000011111100000000001111111000000011111111000000000001111100000000000001111110000000000000000000000000000000110000000001111100000000000111111000000000001111100000
000000000000000000000000000000000000000000000000000000000000000000000000000000000000000000000000000011111111100000111111111110000000000111111100000011111111110000000111111100000000111111111110000011111111111110000001111111111111111111111111111111001111111110000011111111111000000111111111110000011111
111111111111111111111111111111111111111111111111111111111111111111111111111111111111111111111111111100000000011111000000000001111111111000000011111100000000001111111000000011111111000000000001111100000000000001111110000000000000000000000000000000110000000001111100000000000111111000000000001111100000
111111111111111111111111111111111111111111111111111111111111111111111111111111111111111111111111111111111111100000111111111110000000000111111100000011111111110000000111111100000000111111111110000011111111111110000001111111111111111111111111111111001111111110000011111111111000000111111111110000011111
000000000000000000000000000000000000000000000000000000000000000000000000000000000000000000000000000000000000011111000000000001111111111000000011111100000000001111111000000011111111000000000001111100000000000001111110000000000000000000000000000000110000000001111100000000000111111000000000001111100000
111111111111111111111111111111111111111111111111111111111111111111111111111111111111111111111111111100011110000000000111111000000000000000000000000000011111000000000000000000000000001111110000000000000000000000000000000000000000000000000000000000000000000000000000000000000000000000000000000000000000
111111111111111111111111111111111111111111111111111111111111111111111111111111111111111111111111111111100001111111111000000111111111111111111111111111100000111111111111111111111111110000001111111111111111111111111111111111111111111111111111111111111111111111111111111111111111111111111111111111111111
000000000000000000000000000000000000000000000000000000000000000000000000000000000000000000000000000000000000000000000000000000000000000000000000000000000000000000000000000000000000000000000000000000000000000000000000000000000000000000000000000000000000000000000000000000000000000000000000000000000000
111111111111111111111111111111111111111111111111111111111111111111111111111111111111111111111111111111111111111111111111111111111111111111111111111111111111111111111111111111111111111111111111111111111111111111111111111111111111111111111111111111111111111111111111111111111111111111111111111111111111
111111111111111111111111111111111111111111111111111111111111111111111111111111111111111111111111111100000000000000000000000000000000000000000000000000000000000000000000000000000000000000000000000000000000000000000000000000000000000000000000000000000000000000000000000000000000000000000000000000000000
000000000000000000000000000000000000000000000000000000000000000000000000000000000000000000000000000011111111111111111111111111111111111111111111111111111111111111111111111111111111111111111111111111111111111111111111111111111111111111111111111111111111111111111111111111111111111111111111111111111111
111111111111111111111111111111111111111111111111111111111111111111111111111111111111111111111111111100000000000000000000000000000000000000000000000000000000000000000000000000000000000000000000000000000000000000000000000000000000000000000000000000000000000000000000000000000000000000000000000000000000
111111111111111111111111111111111111111111111111111111111111111111111111111111111111111111111111111111111111111111111111111111111111111111111111111111111111111111111111111111111111111111111111111111111111111111111111111111111111111111111111111111111111111111111111111111111111111111111111111111111111
000000000000000000000000000000000000000000000000000000000000000000000000000000000000000000000000000000000000000000000000000000000000000000000000000000000000000000000000000000000000000000000000000000000000000000000000000000000000000000000000000000000000000000000000000000000000000000000000000000000000
000000000000000000000000000000000000000000000000000000000000000000000000000000000000000000000000000000000000000000000000000000000000000000000000000000000000000000000000000000000000000000000000000000000000000000000000000000000000000000000000000000000000000000000000000000000000000000000000000000000000
000000000000000000000000000000000000000000000000000000000000000000000000000000000000000000000000000000000000000000000000000000000000000000000000000000000000000000000000000000000000000000000000000000000000000000000000000000000000000000000000000000000000000000000000000000000000000000000000000000000000
000000000000000000000000000000000000000000000000000000000000000000000000000000000000000000000000000000000000000000000000000000000000000000000000000000000000000000000000000000000000000000000000000000000000000000000000000000000000000000000000000000000000000000000000000000000000000000000000000000000000
000000000000000000000000000000000000000000000000000000000000000000000000000000000000000000000000000000000000000000000000000000000000000000000000000000000000000000000000000000000000000000000000000000000000000000000000000000000000000000000000000000000000000000000000000000000000000000000000000000000000
000000000000000000000000000000000000000000000000000000000000000000000000000000000000000000000000000000000000000000000000000000000000000000000000000000000000000000000000000000000000000000000000000000000000000000000000000000000000000000000000000000000000000000000000000000000000000000000000000000000000
000000000000000000000000000000000000000000000000000000000000000000000000000000000000000000000000000000000000000000000000000000000000000000000000000000000000000000000000000000000000000000000000000000000000000000000000000000000000000000000000000000000000000000000000000000000000000000000000000000000000
000000000000000000000000000000000000000000000000000000000000000000000000000000000000000000000000000000000000000000000000000000000000000000000000000000000000000000000000000000000000000000000000000000000000000000000000000000000000000000000000000000000000000000000000000000000000000000000000000000000000
000000000000000000000000000000000000000000000000000000000000000000000000000000000000000000000000000000000000000000000000000000000000000000000000000000000000000000000000000000000000000000000000000000000000000000000000000000000000000000000000000000000000000000000000000000000000000000000000000000000000
000000000000000000000000000000000000000000000000000000000000000000000000000000000000000000000000000000000000000000000000000000000000000000000000000000000000000000000000000000000000000000000000000000000000000000000000000000000000000000000000000000000000000000000000000000000000000000000000000000000000
111111111111111111111111111111111111111111111111111111111111111111111111111111111111111111111111111111111111111111111111111111111111111111111111111111111111111111111111111111111111111111111111111111111111111111111111111111111111111111111111111111111111111111111111111111111111111111111111111111111111
111111111111111111111111111111111111111111111111111111111111111111111111111111111111111111111111111100000000000000000000000000000000000000000000000000000000000000000000000000000000000000000000000000000000000000000000000000000000000000000000000000000000000000000000000000000000000000000000000000000000
000000000000000000000000000000000000000000000000000000000000000000000000000000000000000000000000000011111111111111111111111111111111111111111111111111111111111111111111111111111111111111111111111111111111111111111111111111111111111111111111111111111111111111111111111111111111111111111111111111111111
111111111111111111111111111111111111111111111111111111111111111111111111111111111111111111111111111100000000000000000000000000000000000000000000000000000000000000000000000000000000000000000000000000000000000000000000000000000000000000000000000000000000000000000000000000000000000000000000000000000000
111111111111111111111111111111111111111111111111111111111111111111111111111111111111111111111111111111111111111111111111111111111111111111111111111111111111111111111111111111111111111111111111111111111111111111111111111111111111111111111111111111111111111111111111111111111111111111111111111111111111
000000000000000000000000000000000000000000000000000000000000000000000000000000000000000000000000000000000000000000000000000000000000000000000000000000000000000000000000000000000000000000000000000000000000000000000000000000000000000000000000000000000000000000000000000000000000000000000000000000000000
111111111111111111111111111111111111111111111111111111111111111111111111111111111111111111111111111111111111111110000111111111100000011111111111111111111111111110000011111111111111111111111111000000111111111111111111111111111111111111111111111111111111111111111111111111111111111111111111111111111111
111111111111111111111111111111111111111111111111111111111111111111111111111111111111111111111111111100000000000001111000000000011111100000000000000000000000000001111100000000000000000000000000111111000000000000000000000000000000000000000000000000000000000000000000000000000000000000000000000000000000
000000000000000000000000000000000000000000000000000000000000000000000000000000000000000000000000000001111111110000000001111100000000000111111111100000001111110000000000111111100000001111111100000000000000111110000000000111111000000000000000000000000000000011000000000111110000000000011111100000000000
111111111111111111111111111111111111111111111111111111111111111111111111111111111111111111111111111110000000001111111110000011111111111000000000011111110000001111111111000000011111110000000011111111111111000001111111111000000111111111111111111111111111111100111111111000001111111111100000011111111111
111111111111111111111111111111111111111111111111111111111111111111111111111111111111111111111111111101111111110000000001111100000000000111111111100000001111110000000000111111100000001111111100000000000000111110000000000111111000000000000000000000000000000011000000000111110000000000011111100000000000
000000000000000000000000000000000000000000000000000000000000000000000000000000000000000000000000000010000000001111111110000011111111111000000000011111110000001111111111000000011111110000000011111111111111000001111111111000000111111111111111111111111111111100111111111000001111111111100000011111111111
111111111111111111111111111111111111111111111111111111111111111111111111111111111111111111111111111101111111110000000001111100000000000111111111100000001111110000000000111111100000001111111100000000000000111110000000000111111000000000000000000000000000000011000000000111110000000000011111100000000000
111111111111111111111111111111111111111111111111111111111111111111111111111111111111111111111111111110000000001111111110000011111111111000000000011111110000001111111111000000011111110000000011111111111111000001111111111000000111111111111111111111111111111100111111111000001111111111100000011111111111
000000000000000000000000000000000000000000000000000000000000000000000000000000000000000000000000000001111111110000000001111100000000000111111111100000001111110000000000111111100000001111111100000000000000111110000000000111111000000000000000000000000000000011000000000111110000000000011111100000000000
111111111111111111111111111111111111111111111111111111111111111111111111111111111111111111111111111110000000001110000110000011100000011000000000011111110000001110000011000000011111110000000011000000111111000001111111111000000111111111111111111111111111111100111111111000001111111111100000011111111111
111111111111111111111111111111111111111111111111111111111111111111111111111111111111111111111111111101111111110001111001111100011111100111111111100000001111110001111100111111100000001111111100111111000000111110000000000111111000000000000000000000000000000011000000000111110000000000011111100000000000
000000000000000000000000000000000000000000000000000000000000000000000000000000000000000000000000000010000000001110000110000011100000011000000000011111110000001110000011000000011111110000000011000000111111000001111111111000000111111111111111111111111111111100111111111000001111111111100000011111111111
111111111111111111111111111111111111111111111111111111111111111111111111111111111111111111111111111101111111110001111001111100011111100111111111100000001111110001111100111111100000001111111100111111000000111110000000000111111000000000000000000000000000000011000000000111110000000000011111100000000000
111111111111111111111111111111111111111111111111111111111111111111111111111111111111111111111111111110000000001110000110000011100000011000000000011111110000001110000011000000011111110000000011000000111111000001111111111000000111111111111111111111111111111100111111111000001111111111100000011111111111
000000000000000000000000000000000000000000000000000000000000000000000000000000000000000000000000000001111111110001111001111100011111100111111111100000001111110001111100111111100000001111111100111111000000111110000000000111111000000000000000000000000000000011000000000111110000000000011111100000000000
111111111111111111111111111111111111111111111111111111111111111111111111111111111111111111111111111110000000001110000110000011100000011000000000011111110000001110000011000000011111110000000011000000111111000001111111111000000111111111111111111111111111111100111111111000001111111111100000011111111111
111111111111111111111111111111111111111111111111111111111111111111111111111111111111111111111111111101111111110001111001111100011111100111111111100000001111110001111100111111100000001111111100111111000000111110000000000111111000000000000000000000000000000011000000000111110000000000011111100000000000
000000000000000000000000000000000000000000000000000000000000000000000000000000000000000000000000000010000000001110000110000011100000011000000000011111110000001110000011000000011111110000000011000000111111000001111111111000000111111111111111111111111111111100111111111000001111111111100000011111111111
111111111111111111111111111111111111111111111111111111111111111111111111111111111111111111111111111101111111110001111001111100011111100111111111100000001111110001111100111111100000001111111100111111000000111110000000000111111000000000000000000000000000000011000000000111110000000000011111100000000000
111111111111111111111111111111111111111111111111111111111111111111111111111111111111111111111111111100011111000000000000000000000000000001111000000000000000000000000000000000000000000011110000000000000000000000000000000000000000000000000000000000000000000000000000000000000000000000000000000000000000
000000000000000000000000000000000000000000000000000000000000000000000000000000000000000000000000000010000000001110000110000011100000011000000000011111110000001110000011000000011111110000000011000000111111000001111111111000000111111111111111111111111111111100111111111000001111111111100000011111111111
111111111111111111111111111111111111111111111111111111111111111111111111111111111111111111111111111101111111110001111001111100011111100111111111100000001111110001111100111111100000001111111100111111000000111110000000000111111000000000000000000000000000000011000000000111110000000000011111100000000000
111111111111111111111111111111111111111111111111111111111111111111111111111111111111111111111111111110000000001110000110000011100000011000000000011111110000001110000011000000011111110000000011000000111111000001111111111000000111111111111111111111111111111100111111111000001111111111100000011111111111
000000000000000000000000000000000000000000000000000000000000000000000000000000000000000000000000000001111111110001111001111100011111100111111111100000001111110001111100111111100000001111111100111111000000111110000000000111111000000000000000000000000000000011000000000111110000000000011111100000000000
111111111111111111111111111111111111111111111111111111111111111111111111111111111111111111111111111110000000001110000110000011100000011000000000011111110000001110000011000000011111110000000011000000111111000001111111111000000111111111111111111111111111111100111111111000001111111111100000011111111111
111111111111111111111111111111111111111111111111111111111111111111111111111111111111111111111111111101111111110001111001111100011111100111111111100000001111110001111100111111100000001111111100111111000000111110000000000111111000000000000000000000000000000011000000000111110000000000011111100000000000
000000000000000000000000000000000000000000000000000000000000000000000000000000000000000000000000000010000000001110000110000011100000011000000000011111110000001110000011000000011111110000000011000000111111000001111111111000000111111111111111111111111111111100111111111000001111111111100000011111111111
111111111111111111111111111111111111111111111111111111111111111111111111111111111111111111111111111101111111110001111001111100011111100111111111100000001111110001111100111111100000001111111100111111000000111110000000000111111000000000000000000000000000000011000000000111110000000000011111100000000000
111111111111111111111111111111111111111111111111111111111111111111111111111111111111111111111111111110000000001110000110000011100000011000000000011111110000001110000011000000011111110000000011000000111111000001111111111000000111111111111111111111111111111100111111111000001111111111100000011111111111
000000000000000000000000000000000000000000000000000000000000000000000000000000000000000000000000000001111111110000000001111100000000000111111111100000001111110000000000111111100000001111111100000000000000111110000000000111111000000000000000000000000000000011000000000111110000000000011111100000000000
111111111111111111111111111111111111111111111111111111111111111111111111111111111111111111111111111110000000001111111110000011111111111000000000011111110000001111111111000000011111110000000011111111111111000001111111111000000111111111111111111111111111111100111111111000001111111111100000011111111111
111111111111111111111111111111111111111111111111111111111111111111111111111111111111111111111111111101111111110000000001111100000000000111111111100000001111110000000000111111100000001111111100000000000000111110000000000111111000000000000000000000000000000011000000000111110000000000011111100000000000
000000000000000000000000000000000000000000000000000000000000000000000000000000000000000000000000000010000000001111111110000011111111111000000000011111110000001111111111000000011111110000000011111111111111000001111111111000000111111111111111111111111111111100111111111000001111111111100000011111111111
111111111111111111111111111111111111111111111111111111111111111111111111111111111111111111111111111101111111110000000001111100000000000111111111100000001111110000000000111111100000001111111100000000000000111110000000000111111000000000000000000000000000000011000000000111110000000000011111100000000000
111111111111111111111111111111111111111111111111111111111111111111111111111111111111111111111111111110000000001111111110000011111111111000000000011111110000001111111111000000011111110000000011111111111111000001111111111000000111111111111111111111111111111100111111111000001111111111100000011111111111
000000000000000000000000000000000000000000000000000000000000000000000000000000000000000000000000000001111111110000000001111100000000000111111111100000001111110000000000111111100000001111111100000000000000111110000000000111111000000000000000000000000000000011000000000111110000000000011111100000000000
111111111111111111111111111111111111111111111111111111111111111111111111111111111111111111111111111100000000000001111000000000011111100000000000000000000000000001111100000000000000000000000000111111000000000000000000000000000000000000000000000000000000000000000000000000000000000000000000000000000000
111111111111111111111111111111111111111111111111111111111111111111111111111111111111111111111111111111111111111110000111111111100000011111111111111111111111111110000011111111111111111111111111000000111111111111111111111111111111111111111111111111111111111111111111111111111111111111111111111111111111
000000000000000000000000000000000000000000000000000000000000000000000000000000000000000000000000000000000000000000000000000000000000000000000000000000000000000000000000000000000000000000000000000000000000000000000000000000000000000000000000000000000000000000000000000000000000000000000000000000000000
111111111111111111111111111111111111111111111111111111111111111111111111111111111111111111111111111111111111111111111111111111111111111111111111111111111111111111111111111111111111111111111111111111111111111111111111111111111111111111111111111111111111111111111111111111111111111111111111111111111111
111111111111111111111111111111111111111111111111111111111111111111111111111111111111111111111111111100000000000000000000000000000000000000000000000000000000000000000000000000000000000000000000000000000000000000000000000000000000000000000000000000000000000000000000000000000000000000000000000000000000
000000000000000000000000000000000000000000000000000000000000000000000000000000000000000000000000000011111111111111111111111111111111111111111111111111111111111111111111111111111111111111111111111111111111111111111111111111111111111111111111111111111111111111111111111111111111111111111111111111111111
111111111111111111111111111111111111111111111111111111111111111111111111111111111111111111111111111100000000000000000000000000000000000000000000000000000000000000000000000000000000000000000000000000000000000000000000000000000000000000000000000000000000000000000000000000000000000000000000000000000000
111111111111111111111111111111111111111111111111111111111111111111111111111111111111111111111111111111111111111111111111111111111111111111111111111111111111111111111111111111111111111111111111111111111111111111111111111111111111111111111111111111111111111111111111111111111111111111111111111111111111
000000000000000000000000000000000000000000000000000000000000000000000000000000000000000000000000000000000000000000000000000000000000000000000000000000000000000000000000000000000000000000000000000000000000000000000000000000000000000000000000000000000000000000000000000000000000000000000000000000000000
000000000000000000000000000000000000000000000000000000000000000000000000000000000000000000000000000000000000000000000000000000000000000000000000000000000000000000000000000000000000000000000000000000000000000000000000000000000000000000000000000000000000000000000000000000000000000000000000000000000000
000000000000000000000000000000000000000000000000000000000000000000000000000000000000000000000000000000000000000000000000000000000000000000000000000000000000000000000000000000000000000000000000000000000000000000000000000000000000000000000000000000000000000000000000000000000000000000000000000000000000
000000000000000000000000000000000000000000000000000000000000000000000000000000000000000000000000000000000000000000000000000000000000000000000000000000000000000000000000000000000000000000000000000000000000000000000000000000000000000000000000000000000000000000000000000000000000000000000000000000000000
000000000000000000000000000000000000000000000000000000000000000000000000000000000000000000000000000000000000000000000000000000000000000000000000000000000000000000000000000000000000000000000000000000000000000000000000000000000000000000000000000000000000000000000000000000000000000000000000000000000000
000000000000000000000000000000000000000000000000000000000000000000000000000000000000000000000000000000000000000000000000000000000000000000000000000000000000000000000000000000000000000000000000000000000000000000000000000000000000000000000000000000000000000000000000000000000000000000000000000000000000
000000000000000000000000000000000000000000000000000000000000000000000000000000000000000000000000000000000000000000000000000000000000000000000000000000000000000000000000000000000000000000000000000000000000000000000000000000000000000000000000000000000000000000000000000000000000000000000000000000000000
000000000000000000000000000000000000000000000000000000000000000000000000000000000000000000000000000000000000000000000000000000000000000000000000000000000000000000000000000000000000000000000000000000000000000000000000000000000000000000000000000000000000000000000000000000000000000000000000000000000000
000000000000000000000000000000000000000000000000000000000000000000000000000000000000000000000000000000000000000000000000000000000000000000000000000000000000000000000000000000000000000000000000000000000000000000000000000000000000000000000000000000000000000000000000000000000000000000000000000000000000
000000000000000000000000000000000000000000000000000000000000000000000000000000000000000000000000000000000000000000000000000000000000000000000000000000000000000000000000000000000000000000000000000000000000000000000000000000000000000000000000000000000000000000000000000000000000000000000000000000000000
111111111111111111111111111111111111111111111111111111111111111111111111111111111111111111111111111111111111111111111111111111111111111111111111111111111111111111111111111111111111111111111111111111111111111111111111111111111111111111111111111111111111111111111111111111111111111111111111111111111111
111111111111111111111111111111111111111111111111111111111111111111111111111111111111111111111111111100000000000000000000000000000000000000000000000000000000000000000000000000000000000000000000000000000000000000000000000000000000000000000000000000000000000000000000000000000000000000000000000000000000
000000000000000000000000000000000000000000000000000000000000000000000000000000000000000000000000000011111111111111111111111111111111111111111111111111111111111111111111111111111111111111111111111111111111111111111111111111111111111111111111111111111111111111111111111111111111111111111111111111111111
111111111111111111111111111111111111111111111111111111111111111111111111111111111111111111111111111100000000000000000000000000000000000000000000000000000000000000000000000000000000000000000000000000000000000000000000000000000000000000000000000000000000000000000000000000000000000000000000000000000000
111111111111111111111111111111111111111111111111111111111111111111111111111111111111111111111111111111111111111111111111111111111111111111111111111111111111111111111111111111111111111111111111111111111111111111111111111111111111111111111111111111111111111111111111111111111111111111111111111111111111
000000000000000000000000000000000000000000000000000000000000000000000000000000000000000000000000000000000000000000000000000000000000000000000000000000000000000000000000000000000000000000000000000000000000000000000000000000000000000000000000000000000000000000000000000000000000000000000000000000000000
111111111111111111111111111111111111111111111111111111111111111111111111111111111111111111111111111111111111111111111111111000011111111110000001111111111111111111111111111000001111111111111111111111111111111111111111111111111111111111111111111111111111111111111111111111111111111111111111111111111111
111111111111111111111111111111111111111111111111111111111111111111111111111111111111111111111111111100000000000000000000000111100000000001111110000000000000000000000000000111110000000000000000000000000000000000000000000000000000000000000000000000000000000000000000000000000000000000000000000000000000
000000000000000000000000000000000000000000000000000000000000000000000000000000000000000000000000000011000000000111111111000000000111110000000000011111111110000000111111000000000011111110000000111111111100000000000011111000000000011111100000000000000000000000000000001100000000011111000000000001111110
111111111111111111111111111111111111111111111111111111111111111111111111111111111111111111111111111100111111111000000000111111111000001111111111100000000001111111000000111111111100000001111111000000000011111111111100000111111111100000011111111111111111111111111111110011111111100000111111111110000001
111111111111111111111111111111111111111111111111111111111111111111111111111111111111111111111111111111000000000111111111000000000111110000000000011111111110000000111111000000000011111110000000111111111100000000000011111000000000011111100000000000000000000000000000001100000000011111000000000001111110
000000000000000000000000000000000000000000000000000000000000000000000000000000000000000000000000000000111111111000000000111111111000001111111111100000000001111111000000111111111100000001111111000000000011111111111100000111111111100000011111111111111111111111111111110011111111100000111111111110000001
111111111111111111111111111111111111111111111111111111111111111111111111111111111111111111111111111111000000000111111111000000000111110000000000011111111110000000111111000000000011111110000000111111111100000000000011111000000000011111100000000000000000000000000000001100000000011111000000000001111110
111111111111111111111111111111111111111111111111111111111111111111111111111111111111111111111111111100111111111000000000111111111000001111111111100000000001111111000000111111111100000001111111000000000011111111111100000111111111100000011111111111111111111111111111110011111111100000111111111110000001
000000000000000000000000000000000000000000000000000000000000000000000000000000000000000000000000000011000000000111111111000000000111110000000000011111111110000000111111000000000011111110000000111111111100000000000011111000000000011111100000000000000000000000000000001100000000011111000000000001111110
111111111111111111111111111111111111111111111111111111111111111111111111111111111111111111111111111100111111111000000000111000011000001110000001100000000001111111000000111000001100000001111111000000000011111111111100000111111111100000011111111111111111111111111111110011111111100000111111111110000001
111111111111111111111111111111111111111111111111111111111111111111111111111111111111111111111111111111000000000111111111000111100111110001111110011111111110000000111111000111110011111110000000111111111100000000000011111000000000011111100000000000000000000000000000001100000000011111000000000001111110
000000000000000000000000000000000000000000000000000000000000000000000000000000000000000000000000000000111111111000000000111000011000001110000001100000000001111111000000111000001100000001111111000000000011111111111100000111111111100000011111111111111111111111111111110011111111100000111111111110000001
111111111111111111111111111111111111111111111111111111111111111111111111111111111111111111111111111111000000000111111111000111100111110001111110011111111110000000111111000111110011111110000000111111111100000000000011111000000000011111100000000000000000000000000000001100000000011111000000000001111110
111111111111111111111111111111111111111111111111111111111111111111111111111111111111111111111111111100111111111000000000111000011000001110000001100000000001111111000000111000001100000001111111000000000011111111111100000111111111100000011111111111111111111111111111110011111111100000111111111110000001
000000000000000000000000000000000000000000000000000000000000000000000000000000000000000000000000000011000000000111111111000111100111110001111110011111111110000000111111000111110011111110000000111111111100000000000011111000000000011111100000000000000000000000000000001100000000011111000000000001111110
111111111111111111111111111111111111111111111111111111111111111111111111111111111111111111111111111100111111111000000000111000011000001110000001100000000001111111000000111000001100000001111111000000000011111111111100000111111111100000011111111111111111111111111111110011111111100000111111111110000001
111111111111111111111111111111111111111111111111111111111111111111111111111111111111111111111111111111000000000111111111000111100111110001111110011111111110000000111111000111110011111110000000111111111100000000000011111000000000011111100000000000000000000000000000001100000000011111000000000001111110
000000000000000000000000000000000000000000000000000000000000000000000000000000000000000000000000000000111111111000000000111000011000001110000001100000000001111111000000111000001100000001111111000000000011111111111100000111111111100000011111111111111111111111111111110011111111100000111111111110000001
111111111111111111111111111111111111111111111111111111111111111111111111111111111111111111111111111111000000000111111111000111100111110001111110011111111110000000111111000111110011111110000000111111111100000000000011111000000000011111100000000000000000000000000000001100000000011111000000000001111110
111111111111111111111111111111111111111111111111111111111111111111111111111111111111111111111111111100000000000001111100000000000000000000000000000111100000000000000000000000000000000000000000001111000000000000000000000000000000000000000000000000000000000000000000000000000000000000000000000000000000
000000000000000000000000000000000000000000000000000000000000000000000000000000000000000000000000000000111111111000000000111000011000001110000001100000000001111111000000111000001100000001111111000000000011111111111100000111111111100000011111111111111111111111111111110011111111100000111111111110000001
111111111111111111111111111111111111111111111111111111111111111111111111111111111111111111111111111111000000000111111111000111100111110001111110011111111110000000111111000111110011111110000000111111111100000000000011111000000000011111100000000000000000000000000000001100000000011111000000000001111110
111111111111111111111111111111111111111111111111111111111111111111111111111111111111111111111111111100111111111000000000111000011000001110000001100000000001111111000000111000001100000001111111000000000011111111111100000111111111100000011111111111111111111111111111110011111111100000111111111110000001
000000000000000000000000000000000000000000000000000000000000000000000000000000000000000000000000000011000000000111111111000111100111110001111110011111111110000000111111000111110011111110000000111111111100000000000011111000000000011111100000000000000000000000000000001100000000011111000000000001111110
111111111111111111111111111111111111111111111111111111111111111111111111111111111111111111111111111100111111111000000000111000011000001110000001100000000001111111000000111000001100000001111111000000000011111111111100000111111111100000011111111111111111111111111111110011111111100000111111111110000001
111111111111111111111111111111111111111111111111111111111111111111111111111111111111111111111111111111000000000111111111000111100111110001111110011111111110000000111111000111110011111110000000111111111100000000000011111000000000011111100000000000000000000000000000001100000000011111000000000001111110
000000000000000000000000000000000000000000000000000000000000000000000000000000000000000000000000000000111111111000000000111000011000001110000001100000000001111111000000111000001100000001111111000000000011111111111100000111111111100000011111111111111111111111111111110011111111100000111111111110000001
111111111111111111111111111111111111111111111111111111111111111111111111111111111111111111111111111111000000000111111111000111100111110001111110011111111110000000111111000111110011111110000000111111111100000000000011111000000000011111100000000000000000000000000000001100000000011111000000000001111110
111111111111111111111111111111111111111111111111111111111111111111111111111111111111111111111111111100111111111000000000111000011000001110000001100000000001111111000000111000001100000001111111000000000011111111111100000111111111100000011111111111111111111111111111110011111111100000111111111110000001
000000000000000000000000000000000000000000000000000000000000000000000000000000000000000000000000000011000000000111111111000000000111110000000000011111111110000000111111000000000011111110000000111111111100000000000011111000000000011111100000000000000000000000000000001100000000011111000000000001111110
111111111111111111111111111111111111111111111111111111111111111111111111111111111111111111111111111100111111111000000000111111111000001111111111100000000001111111000000111111111100000001111111000000000011111111111100000111111111100000011111111111111111111111111111110011111111100000111111111110000001
111111111111111111111111111111111111111111111111111111111111111111111111111111111111111111111111111111000000000111111111000000000111110000000000011111111110000000111111000000000011111110000000111111111100000000000011111000000000011111100000000000000000000000000000001100000000011111000000000001111110
000000000000000000000000000000000000000000000000000000000000000000000000000000000000000000000000000000111111111000000000111111111000001111111111100000000001111111000000111111111100000001111111000000000011111111111100000111111111100000011111111111111111111111111111110011111111100000111111111110000001
111111111111111111111111111111111111111111111111111111111111111111111111111111111111111111111111111111000000000111111111000000000111110000000000011111111110000000111111000000000011111110000000111111111100000000000011111000000000011111100000000000000000000000000000001100000000011111000000000001111110
111111111111111111111111111111111111111111111111111111111111111111111111111111111111111111111111111100111111111000000000111111111000001111111111100000000001111111000000111111111100000001111111000000000011111111111100000111111111100000011111111111111111111111111111110011111111100000111111111110000001
000000000000000000000000000000000000000000000000000000000000000000000000000000000000000000000000000011000000000111111111000000000111110000000000011111111110000000111111000000000011111110000000111111111100000000000011111000000000011111100000000000000000000000000000001100000000011111000000000001111110
111111111111111111111111111111111111111111111111111111111111111111111111111111111111111111111111111100000000000000000000000111100000000001111110000000000000000000000000000111110000000000000000000000000000000000000000000000000000000000000000000000000000000000000000000000000000000000000000000000000000
111111111111111111111111111111111111111111111111111111111111111111111111111111111111111111111111111111111111111111111111111000011111111110000001111111111111111111111111111000001111111111111111111111111111111111111111111111111111111111111111111111111111111111111111111111111111111111111111111111111111
000000000000000000000000000000000000000000000000000000000000000000000000000000000000000000000000000000000000000000000000000000000000000000000000000000000000000000000000000000000000000000000000000000000000000000000000000000000000000000000000000000000000000000000000000000000000000000000000000000000000
111111111111111111111111111111111111111111111111111111111111111111111111111111111111111111111111111111111111111111111111111111111111111111111111111111111111111111111111111111111111111111111111111111111111111111111111111111111111111111111111111111111111111111111111111111111111111111111111111111111111
111111111111111111111111111111111111111111111111111111111111111111111111111111111111111111111111111100000000000000000000000000000000000000000000000000000000000000000000000000000000000000000000000000000000000000000000000000000000000000000000000000000000000000000000000000000000000000000000000000000000
000000000000000000000000000000000000000000000000000000000000000000000000000000000000000000000000000011111111111111111111111111111111111111111111111111111111111111111111111111111111111111111111111111111111111111111111111111111111111111111111111111111111111111111111111111111111111111111111111111111111
111111111111111111111111111111111111111111111111111111111111111111111111111111111111111111111111111100000000000000000000000000000000000000000000000000000000000000000000000000000000000000000000000000000000000000000000000000000000000000000000000000000000000000000000000000000000000000000000000000000000
111111111111111111111111111111111111111111111111111111111111111111111111111111111111111111111111111111111111111111111111111111111111111111111111111111111111111111111111111111111111111111111111111111111111111111111111111111111111111111111111111111111111111111111111111111111111111111111111111111111111
000000000000000000000000000000000000000000000000000000000000000000000000000000000000000000000000000000000000000000000000000000000000000000000000000000000000000000000000000000000000000000000000000000000000000000000000000000000000000000000000000000000000000000000000000000000000000000000000000000000000
000000000000000000000000000000000000000000000000000000000000000000000000000000000000000000000000000000000000000000000000000000000000000000000000000000000000000000000000000000000000000000000000000000000000000000000000000000000000000000000000000000000000000000000000000000000000000000000000000000000000
000000000000000000000000000000000000000000000000000000000000000000000000000000000000000000000000000000000000000000000000000000000000000000000000000000000000000000000000000000000000000000000000000000000000000000000000000000000000000000000000000000000000000000000000000000000000000000000000000000000000
000000000000000000000000000000000000000000000000000000000000000000000000000000000000000000000000000000000000000000000000000000000000000000000000000000000000000000000000000000000000000000000000000000000000000000000000000000000000000000000000000000000000000000000000000000000000000000000000000000000000
000000000000000000000000000000000000000000000000000000000000000000000000000000000000000000000000000000000000000000000000000000000000000000000000000000000000000000000000000000000000000000000000000000000000000000000000000000000000000000000000000000000000000000000000000000000000000000000000000000000000
000000000000000000000000000000000000000000000000000000000000000000000000000000000000000000000000000000000000000000000000000000000000000000000000000000000000000000000000000000000000000000000000000000000000000000000000000000000000000000000000000000000000000000000000000000000000000000000000000000000000
000000000000000000000000000000000000000000000000000000000000000000000000000000000000000000000000000000000000000000000000000000000000000000000000000000000000000000000000000000000000000000000000000000000000000000000000000000000000000000000000000000000000000000000000000000000000000000000000000000000000
000000000000000000000000000000000000000000000000000000000000000000000000000000000000000000000000000000000000000000000000000000000000000000000000000000000000000000000000000000000000000000000000000000000000000000000000000000000000000000000000000000000000000000000000000000000000000000000000000000000000
000000000000000000000000000000000000000000000000000000000000000000000000000000000000000000000000000000000000000000000000000000000000000000000000000000000000000000000000000000000000000000000000000000000000000000000000000000000000000000000000000000000000000000000000000000000000000000000000000000000000
000000000000000000000000000000000000000000000000000000000000000000000000000000000000000000000000000000000000000000000000000000000000000000000000000000000000000000000000000000000000000000000000000000000000000000000000000000000000000000000000000000000000000000000000000000000000000000000000000000000000
111111111111111111111111111111111111111111111111111111111111111111111111111111111111111111111111111111111111111111111111111111111111111111111111111111111111111111111111111111111111111111111111111111111111111111111111111111111111111111111111111111111111111111111111111111111111111111111111111111111111
111111111111111111111111111111111111111111111111111111111111111111111111111111111111111111111111111100000000000000000000000000000000000000000000000000000000000000000000000000000000000000000000000000000000000000000000000000000000000000000000000000000000000000000000000000000000000000000000000000000000
000000000000000000000000000000000000000000000000000000000000000000000000000000000000000000000000000011111111111111111111111111111111111111111111111111111111111111111111111111111111111111111111111111111111111111111111111111111111111111111111111111111111111111111111111111111111111111111111111111111111
111111111111111111111111111111111111111111111111111111111111111111111111111111111111111111111111111100000000000000000000000000000000000000000000000000000000000000000000000000000000000000000000000000000000000000000000000000000000000000000000000000000000000000000000000000000000000000000000000000000000
111111111111111111111111111111111111111111111111111111111111111111111111111111111111111111111111111111111111111111111111111111111111111111111111111111111111111111111111111111111111111111111111111111111111111111111111111111111111111111111111111111111111111111111111111111111111111111111111111111111111
000000000000000000000000000000000000000000000000000000000000000000000000000000000000000000000000000000000000000000000000000000000000000000000000000000000000000000000000000000000000000000000000000000000000000000000000000000000000000000000000000000000000000000000000000000000000000000000000000000000000
111111111111111111111111111111111111111111111111111111111111111111111111111111111111111111111111111110011111111111111111111111111111100001111111111000000111111111111111111111111111100000111111111111111111111111111111111111111111111111111111111111111111111111111111111111111111111111111111111111111111
111111111111111111111111111111111111111111111111111111111111111111111111111111111111111111111111111101100000000000000000000000000000011110000000000111111000000000000000000000000000011111000000000000000000000000000000000000000000000000000000000000000000000000000000000000000000000000000000000000000000
000000000000000000000000000000000000000000000000000000000000000000000000000000000000000000000000000000000001111100000000011111111100000000011111000000000001111111111000000011111100000000001111111000000000001111110000000000001111100000000001111110000000000000000000000000000000110000000001111100000000
111111111111111111111111111111111111111111111111111111111111111111111111111111111111111111111111111111111110000011111111100000000011111111100000111111111110000000000111111100000011111111110000000111111111110000001111111111110000011111111110000001111111111111111111111111111111001111111110000011111111
111111111111111111111111111111111111111111111111111111111111111111111111111111111111111111111111111100000001111100000000011111111100000000011111000000000001111111111000000011111100000000001111111000000000001111110000000000001111100000000001111110000000000000000000000000000000110000000001111100000000
000000000000000000000000000000000000000000000000000000000000000000000000000000000000000000000000000011111110000011111111100000000011111111100000111111111110000000000111111100000011111111110000000111111111110000001111111111110000011111111110000001111111111111111111111111111111001111111110000011111111
111111111111111111111111111111111111111111111111111111111111111111111111111111111111111111111111111100000001111100000000011111111100000000011111000000000001111111111000000011111100000000001111111000000000001111110000000000001111100000000001111110000000000000000000000000000000110000000001111100000000
111111111111111111111111111111111111111111111111111111111111111111111111111111111111111111111111111111111110000011111111100000000011111111100000111111111110000000000111111100000011111111110000000111111111110000001111111111110000011111111110000001111111111111111111111111111111001111111110000011111111
000000000000000000000000000000000000000000000000000000000000000000000000000000000000000000000000000000000001111100000000011111111100000000011111000000000001111111111000000011111100000000001111111000000000001111110000000000001111100000000001111110000000000000000000000000000000110000000001111100000000
111111111111111111111111111111111111111111111111111111111111111111111111111111111111111111111111111110011110000011111111100000000011100001100000111000000110000000000111111100000011100000110000000111111111110000001111111111110000011111111110000001111111111111111111111111111111001111111110000011111111
111111111111111111111111111111111111111111111111111111111111111111111111111111111111111111111111111101100001111100000000011111111100011110011111000111111001111111111000000011111100011111001111111000000000001111110000000000001111100000000001111110000000000000000000000000000000110000000001111100000000
000000000000000000000000000000000000000000000000000000000000000000000000000000000000000000000000000010011110000011111111100000000011100001100000111000000110000000000111111100000011100000110000000111111111110000001111111111110000011111111110000001111111111111111111111111111111001111111110000011111111
111111111111111111111111111111111111111111111111111111111111111111111111111111111111111111111111111101100001111100000000011111111100011110011111000111111001111111111000000011111100011111001111111000000000001111110000000000001111100000000001111110000000000000000000000000000000110000000001111100000000
111111111111111111111111111111111111111111111111111111111111111111111111111111111111111111111111111110011110000011111111100000000011100001100000111000000110000000000111111100000011100000110000000111111111110000001111111111110000011111111110000001111111111111111111111111111111001111111110000011111111
000000000000000000000000000000000000000000000000000000000000000000000000000000000000000000000000000001100001111100000000011111111100011110011111000111111001111111111000000011111100011111001111111000000000001111110000000000001111100000000001111110000000000000000000000000000000110000000001111100000000
111111111111111111111111111111111111111111111111111111111111111111111111111111111111111111111111111110011110000011111111100000000011100001100000111000000110000000000111111100000011100000110000000111111111110000001111111111110000011111111110000001111111111111111111111111111111001111111110000011111111
111111111111111111111111111111111111111111111111111111111111111111111111111111111111111111111111111101100001111100000000011111111100011110011111000111111001111111111000000011111100011111001111111000000000001111110000000000001111100000000001111110000000000000000000000000000000110000000001111100000000
000000000000000000000000000000000000000000000000000000000000000000000000000000000000000000000000000010011110000011111111100000000011100001100000111000000110000000000111111100000011100000110000000111111111110000001111111111110000011111111110000001111111111111111111111111111111001111111110000011111111
111111111111111111111111111111111111111111111111111111111111111111111111111111111111111111111111111101100001111100000000011111111100011110011111000111111001111111111000000011111100011111001111111000000000001111110000000000001111100000000001111110000000000000000000000000000000110000000001111100000000
111111111111111111111111111111111111111111111111111111111111111111111111111111111111111111111111111100000000000000000000000111110000000000000000000000000000011110000000000000000000000000000000000000000000000000000000000000000000000000000000000000000000000000000000000000000000000000000000000000000000
000000000000000000000000000000000000000000000000000000000000000000000000000000000000000000000000000010011110000011111111100000000011100001100000111000000110000000000111111100000011100000110000000111111111110000001111111111110000011111111110000001111111111111111111111111111111001111111110000011111111
111111111111111111111111111111111111111111111111111111111111111111111111111111111111111111111111111101100001111100000000011111111100011110011111000111111001111111111000000011111100011111001111111000000000001111110000000000001111100000000001111110000000000000000000000000000000110000000001111100000000
111111111111111111111111111111111111111111111111111111111111111111111111111111111111111111111111111110011110000011111111100000000011100001100000111000000110000000000111111100000011100000110000000111111111110000001111111111110000011111111110000001111111111111111111111111111111001111111110000011111111
000000000000000000000000000000000000000000000000000000000000000000000000000000000000000000000000000001100001111100000000011111111100011110011111000111111001111111111000000011111100011111001111111000000000001111110000000000001111100000000001111110000000000000000000000000000000110000000001111100000000
111111111111111111111111111111111111111111111111111111111111111111111111111111111111111111111111111110011110000011111111100000000011100001100000111000000110000000000111111100000011100000110000000111111111110000001111111111110000011111111110000001111111111111111111111111111111001111111110000011111111
111111111111111111111111111111111111111111111111111111111111111111111111111111111111111111111111111101100001111100000000011111111100011110011111000111111001111111111000000011111100011111001111111000000000001111110000000000001111100000000001111110000000000000000000000000000000110000000001111100000000
000000000000000000000000000000000000000000000000000000000000000000000000000000000000000000000000000010011110000011111111100000000011100001100000111000000110000000000111111100000011100000110000000111111111110000001111111111110000011111111110000001111111111111111111111111111111001111111110000011111111
111111111111111111111111111111111111111111111111111111111111111111111111111111111111111111111111111101100001111100000000011111111100011110011111000111111001111111111000000011111100011111001111111000000000001111110000000000001111100000000001111110000000000000000000000000000000110000000001111100000000
111111111111111111111111111111111111111111111111111111111111111111111111111111111111111111111111111110011110000011111111100000000011100001100000111000000110000000000111111100000011100000110000000111111111110000001111111111110000011111111110000001111111111111111111111111111111001111111110000011111111
000000000000000000000000000000000000000000000000000000000000000000000000000000000000000000000000000000000001111100000000011111111100000000011111000000000001111111111000000011111100000000001111111000000000001111110000000000001111100000000001111110000000000000000000000000000000110000000001111100000000
111111111111111111111111111111111111111111111111111111111111111111111111111111111111111111111111111111111110000011111111100000000011111111100000111111111110000000000111111100000011111111110000000111111111110000001111111111110000011111111110000001111111111111111111111111111111001111111110000011111111
111111111111111111111111111111111111111111111111111111111111111111111111111111111111111111111111111100000001111100000000011111111100000000011111000000000001111111111000000011111100000000001111111000000000001111110000000000001111100000000001111110000000000000000000000000000000110000000001111100000000
000000000000000000000000000000000000000000000000000000000000000000000000000000000000000000000000000011111110000011111111100000000011111111100000111111111110000000000111111100000011111111110000000111111111110000001111111111110000011111111110000001111111111111111111111111111111001111111110000011111111
111111111111111111111111111111111111111111111111111111111111111111111111111111111111111111111111111100000001111100000000011111111100000000011111000000000001111111111000000011111100000000001111111000000000001111110000000000001111100000000001111110000000000000000000000000000000110000000001111100000000
111111111111111111111111111111111111111111111111111111111111111111111111111111111111111111111111111111111110000011111111100000000011111111100000111111111110000000000111111100000011111111110000000111111111110000001111111111110000011111111110000001111111111111111111111111111111001111111110000011111111
000000000000000000000000000000000000000000000000000000000000000000000000000000000000000000000000000000000001111100000000011111111100000000011111000000000001111111111000000011111100000000001111111000000000001111110000000000001111100000000001111110000000000000000000000000000000110000000001111100000000
111111111111111111111111111111111111111111111111111111111111111111111111111111111111111111111111111101100000000000000000000000000000011110000000000111111000000000000000000000000000011111000000000000000000000000000000000000000000000000000000000000000000000000000000000000000000000000000000000000000000
111111111111111111111111111111111111111111111111111111111111111111111111111111111111111111111111111110011111111111111111111111111111100001111111111000000111111111111111111111111111100000111111111111111111111111111111111111111111111111111111111111111111111111111111111111111111111111111111111111111111
000000000000000000000000000000000000000000000000000000000000000000000000000000000000000000000000000000000000000000000000000000000000000000000000000000000000000000000000000000000000000000000000000000000000000000000000000000000000000000000000000000000000000000000000000000000000000000000000000000000000
111111111111111111111111111111111111111111111111111111111111111111111111111111111111111111111111111111111111111111111111111111111111111111111111111111111111111111111111111111111111111111111111111111111111111111111111111111111111111111111111111111111111111111111111111111111111111111111111111111111111
111111111111111111111111111111111111111111111111111111111111111111111111111111111111111111111111111100000000000000000000000000000000000000000000000000000000000000000000000000000000000000000000000000000000000000000000000000000000000000000000000000000000000000000000000000000000000000000000000000000000
000000000000000000000000000000000000000000000000000000000000000000000000000000000000000000000000000011111111111111111111111111111111111111111111111111111111111111111111111111111111111111111111111111111111111111111111111111111111111111111111111111111111111111111111111111111111111111111111111111111111
111111111111111111111111111111111111111111111111111111111111111111111111111111111111111111111111111100000000000000000000000000000000000000000000000000000000000000000000000000000000000000000000000000000000000000000000000000000000000000000000000000000000000000000000000000000000000000000000000000000000
111111111111111111111111111111111111111111111111111111111111111111111111111111111111111111111111111111111111111111111111111111111111111111111111111111111111111111111111111111111111111111111111111111111111111111111111111111111111111111111111111111111111111111111111111111111111111111111111111111111111
000000000000000000000000000000000000000000000000000000000000000000000000000000000000000000000000000000000000000000000000000000000000000000000000000000000000000000000000000000000000000000000000000000000000000000000000000000000000000000000000000000000000000000000000000000000000000000000000000000000000
000000000000000000000000000000000000000000000000000000000000000000000000000000000000000000000000000000000000000000000000000000000000000000000000000000000000000000000000000000000000000000000000000000000000000000000000000000000000000000000000000000000000000000000000000000000000000000000000000000000000
000000000000000000000000000000000000000000000000000000000000000000000000000000000000000000000000000000000000000000000000000000000000000000000000000000000000000000000000000000000000000000000000000000000000000000000000000000000000000000000000000000000000000000000000000000000000000000000000000000000000
000000000000000000000000000000000000000000000000000000000000000000000000000000000000000000000000000000000000000000000000000000000000000000000000000000000000000000000000000000000000000000000000000000000000000000000000000000000000000000000000000000000000000000000000000000000000000000000000000000000000
000000000000000000000000000000000000000000000000000000000000000000000000000000000000000000000000000000000000000000000000000000000000000000000000000000000000000000000000000000000000000000000000000000000000000000000000000000000000000000000000000000000000000000000000000000000000000000000000000000000000
000000000000000000000000000000000000000000000000000000000000000000000000000000000000000000000000000000000000000000000000000000000000000000000000000000000000000000000000000000000000000000000000000000000000000000000000000000000000000000000000000000000000000000000000000000000000000000000000000000000000
000000000000000000000000000000000000000000000000000000000000000000000000000000000000000000000000000000000000000000000000000000000000000000000000000000000000000000000000000000000000000000000000000000000000000000000000000000000000000000000000000000000000000000000000000000000000000000000000000000000000
000000000000000000000000000000000000000000000000000000000000000000000000000000000000000000000000000000000000000000000000000000000000000000000000000000000000000000000000000000000000000000000000000000000000000000000000000000000000000000000000000000000000000000000000000000000000000000000000000000000000
000000000000000000000000000000000000000000000000000000000000000000000000000000000000000000000000000000000000000000000000000000000000000000000000000000000000000000000000000000000000000000000000000000000000000000000000000000000000000000000000000000000000000000000000000000000000000000000000000000000000
000000000000000000000000000000000000000000000000000000000000000000000000000000000000000000000000000000000000000000000000000000000000000000000000000000000000000000000000000000000000000000000000000000000000000000000000000000000000000000000000000000000000000000000000000000000000000000000000000000000000
111111111111111111111111111111111111111111111111111111111111111111111111111111111111111111111111111111111111111111111111111111111111111111111111111111111111111111111111111111111111111111111111111111111111111111111111111111111111111111111111111111111111111111111111111111111111111111111111111111111111
111111111111111111111111111111111111111111111111111111111111111111111111111111111111111111111111111100000000000000000000000000000000000000000000000000000000000000000000000000000000000000000000000000000000000000000000000000000000000000000000000000000000000000000000000000000000000000000000000000000000
000000000000000000000000000000000000000000000000000000000000000000000000000000000000000000000000000011111111111111111111111111111111111111111111111111111111111111111111111111111111111111111111111111111111111111111111111111111111111111111111111111111111111111111111111111111111111111111111111111111111
111111111111111111111111111111111111111111111111111111111111111111111111111111111111111111111111111100000000000000000000000000000000000000000000000000000000000000000000000000000000000000000000000000000000000000000000000000000000000000000000000000000000000000000000000000000000000000000000000000000000
111111111111111111111111111111111111111111111111111111111111111111111111111111111111111111111111111111111111111111111111111111111111111111111111111111111111111111111111111111111111111111111111111111111111111111111111111111111111111111111111111111111111111111111111111111111111111111111111111111111111
000000000000000000000000000000000000000000000000000000000000000000000000000000000000000000000000000000000000000000000000000000000000000000000000000000000000000000000000000000000000000000000000000000000000000000000000000000000000000000000000000000000000000000000000000000000000000000000000000000000000
111111111111111111111111111111111111111111111111111111111111111111111111111111111111111111111111111111111111111001111111111111111111111111111110000111111111100000011111111111111111111111111110000011111111111111111111111111111111111111111111111111111111111111111111111111111111111111111111111111111111
111111111111111111111111111111111111111111111111111111111111111111111111111111111111111111111111111100000000000110000000000000000000000000000001111000000000011111100000000000000000000000000001111100000000000000000000000000000000000000000000000000000000000000000000000000000000000000000000000000000000
000000000000000000000000000000000000000000000000000000000000000000000000000000000000000000000000000001111100000000000111110000000001111111110000000001111100000000000111111111100000001111110000000000110000000000000000111111000000000000111110000000000111111000000000000000000000000000000011000000000111
111111111111111111111111111111111111111111111111111111111111111111111111111111111111111111111111111110000011111111111000001111111110000000001111111110000011111111111000000000011111110000001111111111001111111111111111000000111111111111000001111111111000000111111111111111111111111111111100111111111000
111111111111111111111111111111111111111111111111111111111111111111111111111111111111111111111111111101111100000000000111110000000001111111110000000001111100000000000111111111100000001111110000000000110000000000000000111111000000000000111110000000000111111000000000000000000000000000000011000000000111
000000000000000000000000000000000000000000000000000000000000000000000000000000000000000000000000000010000011111111111000001111111110000000001111111110000011111111111000000000011111110000001111111111001111111111111111000000111111111111000001111111111000000111111111111111111111111111111100111111111000
111111111111111111111111111111111111111111111111111111111111111111111111111111111111111111111111111101111100000000000111110000000001111111110000000001111100000000000111111111100000001111110000000000110000000000000000111111000000000000111110000000000111111000000000000000000000000000000011000000000111
111111111111111111111111111111111111111111111111111111111111111111111111111111111111111111111111111110000011111111111000001111111110000000001111111110000011111111111000000000011111110000001111111111001111111111111111000000111111111111000001111111111000000111111111111111111111111111111100111111111000
000000000000000000000000000000000000000000000000000000000000000000000000000000000000000000000000000001111100000000000111110000000001111111110000000001111100000000000111111111100000001111110000000000110000000000000000111111000000000000111110000000000111111000000000000000000000000000000011000000000111
111111111111111111111111111111111111111111111111111111111111111111111111111111111111111111111111111110000011111001111000001111111110000000001110000110000011100000011000000000011111110000001110000011001111111111111111000000111111111111000001111111111000000111111111111111111111111111111100111111111000
111111111111111111111111111111111111111111111111111111111111111111111111111111111111111111111111111101111100000110000111110000000001111111110001111001111100011111100111111111100000001111110001111100110000000000000000111111000000000000111110000000000111111000000000000000000000000000000011000000000111
000000000000000000000000000000000000000000000000000000000000000000000000000000000000000000000000000010000011111001111000001111111110000000001110000110000011100000011000000000011111110000001110000011001111111111111111000000111111111111000001111111111000000111111111111111111111111111111100111111111000
111111111111111111111111111111111111111111111111111111111111111111111111111111111111111111111111111101111100000110000111110000000001111111110001111001111100011111100111111111100000001111110001111100110000000000000000111111000000000000111110000000000111111000000000000000000000000000000011000000000111
111111111111111111111111111111111111111111111111111111111111111111111111111111111111111111111111111110000011111001111000001111111110000000001110000110000011100000011000000000011111110000001110000011001111111111111111000000111111111111000001111111111000000111111111111111111111111111111100111111111000
000000000000000000000000000000000000000000000000000000000000000000000000000000000000000000000000000001111100000110000111110000000001111111110001111001111100011111100111111111100000001111110001111100110000000000000000111111000000000000111110000000000111111000000000000000000000000000000011000000000111
111111111111111111111111111111111111111111111111111111111111111111111111111111111111111111111111111110000011111001111000001111111110000000001110000110000011100000011000000000011111110000001110000011001111111111111111000000111111111111000001111111111000000111111111111111111111111111111100111111111000
111111111111111111111111111111111111111111111111111111111111111111111111111111111111111111111111111101111100000110000111110000000001111111110001111001111100011111100111111111100000001111110001111100110000000000000000111111000000000000111110000000000111111000000000000000000000000000000011000000000111
000000000000000000000000000000000000000000000000000000000000000000000000000000000000000000000000000010000011111001111000001111111110000000001110000110000011100000011000000000011111110000001110000011001111111111111111000000111111111111000001111111111000000111111111111111111111111111111100111111111000
111111111111111111111111111111111111111111111111111111111111111111111111111111111111111111111111111101111100000110000111110000000001111111110001111001111100011111100111111111100000001111110001111100110000000000000000111111000000000000111110000000000111111000000000000000000000000000000011000000000111
111111111111111111111111111111111111111111111111111111111111111111111111111111111111111111111111111100000000000000000000000000000000011111000000000000000000000000000001111000000000000000000000000000000000000000000000000000000000000000000000000000000000000000000000000000000000000000000000000000000000
000000000000000000000000000000000000000000000000000000000000000000000000000000000000000000000000000010000011111001111000001111111110000000001110000110000011100000011000000000011111110000001110000011001111111111111111000000111111111111000001111111111000000111111111111111111111111111111100111111111000
111111111111111111111111111111111111111111111111111111111111111111111111111111111111111111111111111101111100000110000111110000000001111111110001111001111100011111100111111111100000001111110001111100110000000000000000111111000000000000111110000000000111111000000000000000000000000000000011000000000111
111111111111111111111111111111111111111111111111111111111111111111111111111111111111111111111111111110000011111001111000001111111110000000001110000110000011100000011000000000011111110000001110000011001111111111111111000000111111111111000001111111111000000111111111111111111111111111111100111111111000
000000000000000000000000000000000000000000000000000000000000000000000000000000000000000000000000000001111100000110000111110000000001111111110001111001111100011111100111111111100000001111110001111100110000000000000000111111000000000000111110000000000111111000000000000000000000000000000011000000000111
111111111111111111111111111111111111111111111111111111111111111111111111111111111111111111111111111110000011111001111000001111111110000000001110000110000011100000011000000000011111110000001110000011001111111111111111000000111111111111000001111111111000000111111111111111111111111111111100111111111000
111111111111111111111111111111111111111111111111111111111111111111111111111111111111111111111111111101111100000110000111110000000001111111110001111001111100011111100111111111100000001111110001111100110000000000000000111111000000000000111110000000000111111000000000000000000000000000000011000000000111
000000000000000000000000000000000000000000000000000000000000000000000000000000000000000000000000000010000011111001111000001111111110000000001110000110000011100000011000000000011111110000001110000011001111111111111111000000111111111111000001111111111000000111111111111111111111111111111100111111111000
111111111111111111111111111111111111111111111111111111111111111111111111111111111111111111111111111101111100000110000111110000000001111111110001111001111100011111100111111111100000001111110001111100110000000000000000111111000000000000111110000000000111111000000000000000000000000000000011000000000111
111111111111111111111111111111111111111111111111111111111111111111111111111111111111111111111111111110000011111001111000001111111110000000001110000110000011100000011000000000011111110000001110000011001111111111111111000000111111111111000001111111111000000111111111111111111111111111111100111111111000
000000000000000000000000000000000000000000000000000000000000000000000000000000000000000000000000000001111100000000000111110000000001111111110000000001111100000000000111111111100000001111110000000000110000000000000000111111000000000000111110000000000111111000000000000000000000000000000011000000000111
111111111111111111111111111111111111111111111111111111111111111111111111111111111111111111111111111110000011111111111000001111111110000000001111111110000011111111111000000000011111110000001111111111001111111111111111000000111111111111000001111111111000000111111111111111111111111111111100111111111000
111111111111111111111111111111111111111111111111111111111111111111111111111111111111111111111111111101111100000000000111110000000001111111110000000001111100000000000111111111100000001111110000000000110000000000000000111111000000000000111110000000000111111000000000000000000000000000000011000000000111
000000000000000000000000000000000000000000000000000000000000000000000000000000000000000000000000000010000011111111111000001111111110000000001111111110000011111111111000000000011111110000001111111111001111111111111111000000111111111111000001111111111000000111111111111111111111111111111100111111111000
111111111111111111111111111111111111111111111111111111111111111111111111111111111111111111111111111101111100000000000111110000000001111111110000000001111100000000000111111111100000001111110000000000110000000000000000111111000000000000111110000000000111111000000000000000000000000000000011000000000111
111111111111111111111111111111111111111111111111111111111111111111111111111111111111111111111111111110000011111111111000001111111110000000001111111110000011111111111000000000011111110000001111111111001111111111111111000000111111111111000001111111111000000111111111111111111111111111111100111111111000
000000000000000000000000000000000000000000000000000000000000000000000000000000000000000000000000000001111100000000000111110000000001111111110000000001111100000000000111111111100000001111110000000000110000000000000000111111000000000000111110000000000111111000000000000000000000000000000011000000000111
111111111111111111111111111111111111111111111111111111111111111111111111111111111111111111111111111100000000000110000000000000000000000000000001111000000000011111100000000000000000000000000001111100000000000000000000000000000000000000000000000000000000000000000000000000000000000000000000000000000000
111111111111111111111111111111111111111111111111111111111111111111111111111111111111111111111111111111111111111001111111111111111111111111111110000111111111100000011111111111111111111111111110000011111111111111111111111111111111111111111111111111111111111111111111111111111111111111111111111111111111
000000000000000000000000000000000000000000000000000000000000000000000000000000000000000000000000000000000000000000000000000000000000000000000000000000000000000000000000000000000000000000000000000000000000000000000000000000000000000000000000000000000000000000000000000000000000000000000000000000000000
111111111111111111111111111111111111111111111111111111111111111111111111111111111111111111111111111111111111111111111111111111111111111111111111111111111111111111111111111111111111111111111111111111111111111111111111111111111111111111111111111111111111111111111111111111111111111111111111111111111111
111111111111111111111111111111111111111111111111111111111111111111111111111111111111111111111111111100000000000000000000000000000000000000000000000000000000000000000000000000000000000000000000000000000000000000000000000000000000000000000000000000000000000000000000000000000000000000000000000000000000
000000000000000000000000000000000000000000000000000000000000000000000000000000000000000000000000000011111111111111111111111111111111111111111111111111111111111111111111111111111111111111111111111111111111111111111111111111111111111111111111111111111111111111111111111111111111111111111111111111111111
111111111111111111111111111111111111111111111111111111111111111111111111111111111111111111111111111100000000000000000000000000000000000000000000000000000000000000000000000000000000000000000000000000000000000000000000000000000000000000000000000000000000000000000000000000000000000000000000000000000000
111111111111111111111111111111111111111111111111111111111111111111111111111111111111111111111111111111111111111111111111111111111111111111111111111111111111111111111111111111111111111111111111111111111111111111111111111111111111111111111111111111111111111111111111111111111111111111111111111111111111
000000000000000000000000000000000000000000000000000000000000000000000000000000000000000000000000000000000000000000000000000000000000000000000000000000000000000000000000000000000000000000000000000000000000000000000000000000000000000000000000000000000000000000000000000000000000000000000000000000000000
000000000000000000000000000000000000000000000000000000000000000000000000000000000000000000000000000000000000000000000000000000000000000000000000000000000000000000000000000000000000000000000000000000000000000000000000000000000000000000000000000000000000000000000000000000000000000000000000000000000000
000000000000000000000000000000000000000000000000000000000000000000000000000000000000000000000000000000000000000000000000000000000000000000000000000000000000000000000000000000000000000000000000000000000000000000000000000000000000000000000000000000000000000000000000000000000000000000000000000000000000
000000000000000000000000000000000000000000000000000000000000000000000000000000000000000000000000000000000000000000000000000000000000000000000000000000000000000000000000000000000000000000000000000000000000000000000000000000000000000000000000000000000000000000000000000000000000000000000000000000000000
000000000000000000000000000000000000000000000000000000000000000000000000000000000000000000000000000000000000000000000000000000000000000000000000000000000000000000000000000000000000000000000000000000000000000000000000000000000000000000000000000000000000000000000000000000000000000000000000000000000000
000000000000000000000000000000000000000000000000000000000000000000000000000000000000000000000000000000000000000000000000000000000000000000000000000000000000000000000000000000000000000000000000000000000000000000000000000000000000000000000000000000000000000000000000000000000000000000000000000000000000
000000000000000000000000000000000000000000000000000000000000000000000000000000000000000000000000000000000000000000000000000000000000000000000000000000000000000000000000000000000000000000000000000000000000000000000000000000000000000000000000000000000000000000000000000000000000000000000000000000000000
000000000000000000000000000000000000000000000000000000000000000000000000000000000000000000000000000000000000000000000000000000000000000000000000000000000000000000000000000000000000000000000000000000000000000000000000000000000000000000000000000000000000000000000000000000000000000000000000000000000000
000000000000000000000000000000000000000000000000000000000000000000000000000000000000000000000000000000000000000000000000000000000000000000000000000000000000000000000000000000000000000000000000000000000000000000000000000000000000000000000000000000000000000000000000000000000000000000000000000000000000
000000000000000000000000000000000000000000000000000000000000000000000000000000000000000000000000000000000000000000000000000000000000000000000000000000000000000000000000000000000000000000000000000000000000000000000000000000000000000000000000000000000000000000000000000000000000000000000000000000000000
111111111111111111111111111111111111111111111111111111111111111111111111111111111111111111111111111111111111111111111111111111111111111111111111111111111111111111111111111111111111111111111111111111111111111111111111111111111111111111111111111111111111111111111111111111111111111111111111111111111111
111111111111111111111111111111111111111111111111111111111111111111111111111111111111111111111111111100000000000000000000000000000000000000000000000000000000000000000000000000000000000000000000000000000000000000000000000000000000000000000000000000000000000000000000000000000000000000000000000000000000
000000000000000000000000000000000000000000000000000000000000000000000000000000000000000000000000000011111111111111111111111111111111111111111111111111111111111111111111111111111111111111111111111111111111111111111111111111111111111111111111111111111111111111111111111111111111111111111111111111111111
111111111111111111111111111111111111111111111111111111111111111111111111111111111111111111111111111100000000000000000000000000000000000000000000000000000000000000000000000000000000000000000000000000000000000000000000000000000000000000000000000000000000000000000000000000000000000000000000000000000000
111111111111111111111111111111111111111111111111111111111111111111111111111111111111111111111111111111111111111111111111111111111111111111111111111111111111111111111111111111111111111111111111111111111111111111111111111111111111111111111111111111111111111111111111111111111111111111111111111111111111
000000000000000000000000000000000000000000000000000000000000000000000000000000000000000000000000000000000000000000000000000000000000000000000000000000000000000000000000000000000000000000000000000000000000000000000000000000000000000000000000000000000000000000000000000000000000000000000000000000000000
111111111111111111111111111111111111111111111111111111111111111111111111111111111111111111111111111111111111111111111111100111111111111111111111111111111000011111111110000001111111111111111111111111111111111111111111111111111111111111111111111111111111111111111111111111111111111111111111111111111111
111111111111111111111111111111111111111111111111111111111111111111111111111111111111111111111111111100000000000000000000011000000000000000000000000000000111100000000001111110000000000000000000000000000000000000000000000000000000000000000000000000000000000000000000000000000000000000000000000000000000
000000000000000000000000000000000000000000000000000000000000000000000000000000000000000000000000000011110000000111110000000000011111000000000111111111000000000111110000000000011111111110000000111111001111000000000000000000000011111100000000000011111000000000011111100000000000000000000000000000001100
111111111111111111111111111111111111111111111111111111111111111111111111111111111111111111111111111100001111111000001111111111100000111111111000000000111111111000001111111111100000000001111111000000110000111111111111111111111100000011111111111100000111111111100000011111111111111111111111111111110011
111111111111111111111111111111111111111111111111111111111111111111111111111111111111111111111111111111110000000111110000000000011111000000000111111111000000000111110000000000011111111110000000111111001111000000000000000000000011111100000000000011111000000000011111100000000000000000000000000000001100
000000000000000000000000000000000000000000000000000000000000000000000000000000000000000000000000000000001111111000001111111111100000111111111000000000111111111000001111111111100000000001111111000000110000111111111111111111111100000011111111111100000111111111100000011111111111111111111111111111110011
111111111111111111111111111111111111111111111111111111111111111111111111111111111111111111111111111111110000000111110000000000011111000000000111111111000000000111110000000000011111111110000000111111001111000000000000000000000011111100000000000011111000000000011111100000000000000000000000000000001100
111111111111111111111111111111111111111111111111111111111111111111111111111111111111111111111111111100001111111000001111111111100000111111111000000000111111111000001111111111100000000001111111000000110000111111111111111111111100000011111111111100000111111111100000011111111111111111111111111111110011
000000000000000000000000000000000000000000000000000000000000000000000000000000000000000000000000000011110000000111110000000000011111000000000111111111000000000111110000000000011111111110000000111111001111000000000000000000000011111100000000000011111000000000011111100000000000000000000000000000001100
111111111111111111111111111111111111111111111111111111111111111111111111111111111111111111111111111100001111111000001111100111100000111111111000000000111000011000001110000001100000000001111111000000110000111111111111111111111100000011111111111100000111111111100000011111111111111111111111111111110011
111111111111111111111111111111111111111111111111111111111111111111111111111111111111111111111111111111110000000111110000011000011111000000000111111111000111100111110001111110011111111110000000111111001111000000000000000000000011111100000000000011111000000000011111100000000000000000000000000000001100
000000000000000000000000000000000000000000000000000000000000000000000000000000000000000000000000000000001111111000001111100111100000111111111000000000111000011000001110000001100000000001111111000000110000111111111111111111111100000011111111111100000111111111100000011111111111111111111111111111110011
111111111111111111111111111111111111111111111111111111111111111111111111111111111111111111111111111111110000000111110000011000011111000000000111111111000111100111110001111110011111111110000000111111001111000000000000000000000011111100000000000011111000000000011111100000000000000000000000000000001100
111111111111111111111111111111111111111111111111111111111111111111111111111111111111111111111111111100001111111000001111100111100000111111111000000000111000011000001110000001100000000001111111000000110000111111111111111111111100000011111111111100000111111111100000011111111111111111111111111111110011
000000000000000000000000000000000000000000000000000000000000000000000000000000000000000000000000000011110000000111110000011000011111000000000111111111000111100111110001111110011111111110000000111111001111000000000000000000000011111100000000000011111000000000011111100000000000000000000000000000001100
111111111111111111111111111111111111111111111111111111111111111111111111111111111111111111111111111100001111111000001111100111100000111111111000000000111000011000001110000001100000000001111111000000110000111111111111111111111100000011111111111100000111111111100000011111111111111111111111111111110011
111111111111111111111111111111111111111111111111111111111111111111111111111111111111111111111111111111110000000111110000011000011111000000000111111111000111100111110001111110011111111110000000111111001111000000000000000000000011111100000000000011111000000000011111100000000000000000000000000000001100
000000000000000000000000000000000000000000000000000000000000000000000000000000000000000000000000000000001111111000001111100111100000111111111000000000111000011000001110000001100000000001111111000000110000111111111111111111111100000011111111111100000111111111100000011111111111111111111111111111110011
111111111111111111111111111111111111111111111111111111111111111111111111111111111111111111111111111111110000000111110000011000011111000000000111111111000111100111110001111110011111111110000000111111001111000000000000000000000011111100000000000011111000000000011111100000000000000000000000000000001100
111111111111111111111111111111111111111111111111111111111111111111111111111111111111111111111111111111000000000000000000000000000000000000000001111100000000000000000000000000000111100000000000000000000000000000000000000000000000000000000000000000000000000000000000000000000000000000000000000000000000
000000000000000000000000000000000000000000000000000000000000000000000000000000000000000000000000000000001111111000001111100111100000111111111000000000111000011000001110000001100000000001111111000000110000111111111111111111111100000011111111111100000111111111100000011111111111111111111111111111110011
111111111111111111111111111111111111111111111111111111111111111111111111111111111111111111111111111111110000000111110000011000011111000000000111111111000111100111110001111110011111111110000000111111001111000000000000000000000011111100000000000011111000000000011111100000000000000000000000000000001100
111111111111111111111111111111111111111111111111111111111111111111111111111111111111111111111111111100001111111000001111100111100000111111111000000000111000011000001110000001100000000001111111000000110000111111111111111111111100000011111111111100000111111111100000011111111111111111111111111111110011
000000000000000000000000000000000000000000000000000000000000000000000000000000000000000000000000000011110000000111110000011000011111000000000111111111000111100111110001111110011111111110000000111111001111000000000000000000000011111100000000000011111000000000011111100000000000000000000000000000001100
111111111111111111111111111111111111111111111111111111111111111111111111111111111111111111111111111100001111111000001111100111100000111111111000000000111000011000001110000001100000000001111111000000110000111111111111111111111100000011111111111100000111111111100000011111111111111111111111111111110011
111111111111111111111111111111111111111111111111111111111111111111111111111111111111111111111111111111110000000111110000011000011111000000000111111111000111100111110001111110011111111110000000111111001111000000000000000000000011111100000000000011111000000000011111100000000000000000000000000000001100
000000000000000000000000000000000000000000000000000000000000000000000000000000000000000000000000000000001111111000001111100111100000111111111000000000111000011000001110000001100000000001111111000000110000111111111111111111111100000011111111111100000111111111100000011111111111111111111111111111110011
111111111111111111111111111111111111111111111111111111111111111111111111111111111111111111111111111111110000000111110000011000011111000000000111111111000111100111110001111110011111111110000000111111001111000000000000000000000011111100000000000011111000000000011111100000000000000000000000000000001100
111111111111111111111111111111111111111111111111111111111111111111111111111111111111111111111111111100001111111000001111100111100000111111111000000000111000011000001110000001100000000001111111000000110000111111111111111111111100000011111111111100000111111111100000011111111111111111111111111111110011
000000000000000000000000000000000000000000000000000000000000000000000000000000000000000000000000000011110000000111110000000000011111000000000111111111000000000111110000000000011111111110000000111111001111000000000000000000000011111100000000000011111000000000011111100000000000000000000000000000001100
111111111111111111111111111111111111111111111111111111111111111111111111111111111111111111111111111100001111111000001111111111100000111111111000000000111111111000001111111111100000000001111111000000110000111111111111111111111100000011111111111100000111111111100000011111111111111111111111111111110011
111111111111111111111111111111111111111111111111111111111111111111111111111111111111111111111111111111110000000111110000000000011111000000000111111111000000000111110000000000011111111110000000111111001111000000000000000000000011111100000000000011111000000000011111100000000000000000000000000000001100
000000000000000000000000000000000000000000000000000000000000000000000000000000000000000000000000000000001111111000001111111111100000111111111000000000111111111000001111111111100000000001111111000000110000111111111111111111111100000011111111111100000111111111100000011111111111111111111111111111110011
111111111111111111111111111111111111111111111111111111111111111111111111111111111111111111111111111111110000000111110000000000011111000000000111111111000000000111110000000000011111111110000000111111001111000000000000000000000011111100000000000011111000000000011111100000000000000000000000000000001100
111111111111111111111111111111111111111111111111111111111111111111111111111111111111111111111111111100001111111000001111111111100000111111111000000000111111111000001111111111100000000001111111000000110000111111111111111111111100000011111111111100000111111111100000011111111111111111111111111111110011
000000000000000000000000000000000000000000000000000000000000000000000000000000000000000000000000000011110000000111110000000000011111000000000111111111000000000111110000000000011111111110000000111111001111000000000000000000000011111100000000000011111000000000011111100000000000000000000000000000001100
111111111111111111111111111111111111111111111111111111111111111111111111111111111111111111111111111100000000000000000000011000000000000000000000000000000111100000000001111110000000000000000000000000000000000000000000000000000000000000000000000000000000000000000000000000000000000000000000000000000000
111111111111111111111111111111111111111111111111111111111111111111111111111111111111111111111111111111111111111111111111100111111111111111111111111111111000011111111110000001111111111111111111111111111111111111111111111111111111111111111111111111111111111111111111111111111111111111111111111111111111
000000000000000000000000000000000000000000000000000000000000000000000000000000000000000000000000000000000000000000000000000000000000000000000000000000000000000000000000000000000000000000000000000000000000000000000000000000000000000000000000000000000000000000000000000000000000000000000000000000000000
111111111111111111111111111111111111111111111111111111111111111111111111111111111111111111111111111111111111111111111111111111111111111111111111111111111111111111111111111111111111111111111111111111111111111111111111111111111111111111111111111111111111111111111111111111111111111111111111111111111111
111111111111111111111111111111111111111111111111111111111111111111111111111111111111111111111111111100000000000000000000000000000000000000000000000000000000000000000000000000000000000000000000000000000000000000000000000000000000000000000000000000000000000000000000000000000000000000000000000000000000
000000000000000000000000000000000000000000000000000000000000000000000000000000000000000000000000000011111111111111111111111111111111111111111111111111111111111111111111111111111111111111111111111111111111111111111111111111111111111111111111111111111111111111111111111111111111111111111111111111111111
111111111111111111111111111111111111111111111111111111111111111111111111111111111111111111111111111100000000000000000000000000000000000000000000000000000000000000000000000000000000000000000000000000000000000000000000000000000000000000000000000000000000000000000000000000000000000000000000000000000000
111111111111111111111111111111111111111111111111111111111111111111111111111111111111111111111111111111111111111111111111111111111111111111111111111111111111111111111111111111111111111111111111111111111111111111111111111111111111111111111111111111111111111111111111111111111111111111111111111111111111
000000000000000000000000000000000000000000000000000000000000000000000000000000000000000000000000000000000000000000000000000000000000000000000000000000000000000000000000000000000000000000000000000000000000000000000000000000000000000000000000000000000000000000000000000000000000000000000000000000000000
000000000000000000000000000000000000000000000000000000000000000000000000000000000000000000000000000000000000000000000000000000000000000000000000000000000000000000000000000000000000000000000000000000000000000000000000000000000000000000000000000000000000000000000000000000000000000000000000000000000000
000000000000000000000000000000000000000000000000000000000000000000000000000000000000000000000000000000000000000000000000000000000000000000000000000000000000000000000000000000000000000000000000000000000000000000000000000000000000000000000000000000000000000000000000000000000000000000000000000000000000
000000000000000000000000000000000000000000000000000000000000000000000000000000000000000000000000000000000000000000000000000000000000000000000000000000000000000000000000000000000000000000000000000000000000000000000000000000000000000000000000000000000000000000000000000000000000000000000000000000000000
000000000000000000000000000000000000000000000000000000000000000000000000000000000000000000000000000000000000000000000000000000000000000000000000000000000000000000000000000000000000000000000000000000000000000000000000000000000000000000000000000000000000000000000000000000000000000000000000000000000000
000000000000000000000000000000000000000000000000000000000000000000000000000000000000000000000000000000000000000000000000000000000000000000000000000000000000000000000000000000000000000000000000000000000000000000000000000000000000000000000000000000000000000000000000000000000000000000000000000000000000
000000000000000000000000000000000000000000000000000000000000000000000000000000000000000000000000000000000000000000000000000000000000000000000000000000000000000000000000000000000000000000000000000000000000000000000000000000000000000000000000000000000000000000000000000000000000000000000000000000000000
000000000000000000000000000000000000000000000000000000000000000000000000000000000000000000000000000000000000000000000000000000000000000000000000000000000000000000000000000000000000000000000000000000000000000000000000000000000000000000000000000000000000000000000000000000000000000000000000000000000000
000000000000000000000000000000000000000000000000000000000000000000000000000000000000000000000000000000000000000000000000000000000000000000000000000000000000000000000000000000000000000000000000000000000000000000000000000000000000000000000000000000000000000000000000000000000000000000000000000000000000
000000000000000000000000000000000000000000000000000000000000000000000000000000000000000000000000000000000000000000000000000000000000000000000000000000000000000000000000000000000000000000000000000000000000000000000000000000000000000000000000000000000000000000000000000000000000000000000000000000000000
111111111111111111111111111111111111111111111111111111111111111111111111111111111111111111111111111111111111111111111111111111111111111111111111111111111111111111111111111111111111111111111111111111111111111111111111111111111111111111111111111111111111111111111111111111111111111111111111111111111111
111111111111111111111111111111111111111111111111111111111111111111111111111111111111111111111111111100000000000000000000000000000000000000000000000000000000000000000000000000000000000000000000000000000000000000000000000000000000000000000000000000000000000000000000000000000000000000000000000000000000
000000000000000000000000000000000000000000000000000000000000000000000000000000000000000000000000000011111111111111111111111111111111111111111111111111111111111111111111111111111111111111111111111111111111111111111111111111111111111111111111111111111111111111111111111111111111111111111111111111111111
111111111111111111111111111111111111111111111111111111111111111111111111111111111111111111111111111100000000000000000000000000000000000000000000000000000000000000000000000000000000000000000000000000000000000000000000000000000000000000000000000000000000000000000000000000000000000000000000000000000000
111111111111111111111111111111111111111111111111111111111111111111111111111111111111111111111111111111111111111111111111111111111111111111111111111111111111111111111111111111111111111111111111111111111111111111111111111111111111111111111111111111111111111111111111111111111111111111111111111111111111
000000000000000000000000000000000000000000000000000000000000000000000000000000000000000000000000000000000000000000000000000000000000000000000000000000000000000000000000000000000000000000000000000000000000000000000000000000000000000000000000000000000000000000000000000000000000000000000000000000000000
111111111111111111111111111111111111111111111111111111111111111111111111111111111111111111111111111100001111111111111111111111111110011111111111111111111111111111100001111111111000000111111111111111111111111111111111111111111111111111111111111111111111111111111111111111111111111111111111111111111111
111111111111111111111111111111111111111111111111111111111111111111111111111111111111111111111111111111110000000000000000000000000001100000000000000000000000000000011110000000000111111000000000000000000000000000000000000000000000000000000000000000000000000000000000000000000000000000000000000000000000
000000000000000000000000000000000000000000000000000000000000000000000000000000000000000000000000000000000001111111000000011111000000000001111100000000011111111100000000011111000000000001111111111000000000000111111100000000000000000000001111110000000000001111100000000001111110000000000000000000000000
111111111111111111111111111111111111111111111111111111111111111111111111111111111111111111111111111111111110000000111111100000111111111110000011111111100000000011111111100000111111111110000000000111111111111000000011111111111111111111110000001111111111110000011111111110000001111111111111111111111111
111111111111111111111111111111111111111111111111111111111111111111111111111111111111111111111111111100000001111111000000011111000000000001111100000000011111111100000000011111000000000001111111111000000000000111111100000000000000000000001111110000000000001111100000000001111110000000000000000000000000
000000000000000000000000000000000000000000000000000000000000000000000000000000000000000000000000000011111110000000111111100000111111111110000011111111100000000011111111100000111111111110000000000111111111111000000011111111111111111111110000001111111111110000011111111110000001111111111111111111111111
111111111111111111111111111111111111111111111111111111111111111111111111111111111111111111111111111100000001111111000000011111000000000001111100000000011111111100000000011111000000000001111111111000000000000111111100000000000000000000001111110000000000001111100000000001111110000000000000000000000000
111111111111111111111111111111111111111111111111111111111111111111111111111111111111111111111111111111111110000000111111100000111111111110000011111111100000000011111111100000111111111110000000000111111111111000000011111111111111111111110000001111111111110000011111111110000001111111111111111111111111
000000000000000000000000000000000000000000000000000000000000000000000000000000000000000000000000000000000001111111000000011111000000000001111100000000011111111100000000011111000000000001111111111000000000000111111100000000000000000000001111110000000000001111100000000001111110000000000000000000000000
111111111111111111111111111111111111111111111111111111111111111111111111111111111111111111111111111100001110000000111111100000111110011110000011111111100000000011100001100000111000000110000000000111111111111000000011111111111111111111110000001111111111110000011111111110000001111111111111111111111111
111111111111111111111111111111111111111111111111111111111111111111111111111111111111111111111111111111110001111111000000011111000001100001111100000000011111111100011110011111000111111001111111111000000000000111111100000000000000000000001111110000000000001111100000000001111110000000000000000000000000
000000000000000000000000000000000000000000000000000000000000000000000000000000000000000000000000000000001110000000111111100000111110011110000011111111100000000011100001100000111000000110000000000111111111111000000011111111111111111111110000001111111111110000011111111110000001111111111111111111111111
111111111111111111111111111111111111111111111111111111111111111111111111111111111111111111111111111111110001111111000000011111000001100001111100000000011111111100011110011111000111111001111111111000000000000111111100000000000000000000001111110000000000001111100000000001111110000000000000000000000000
111111111111111111111111111111111111111111111111111111111111111111111111111111111111111111111111111100001110000000111111100000111110011110000011111111100000000011100001100000111000000110000000000111111111111000000011111111111111111111110000001111111111110000011111111110000001111111111111111111111111
000000000000000000000000000000000000000000000000000000000000000000000000000000000000000000000000000011110001111111000000011111000001100001111100000000011111111100011110011111000111111001111111111000000000000111111100000000000000000000001111110000000000001111100000000001111110000000000000000000000000
111111111111111111111111111111111111111111111111111111111111111111111111111111111111111111111111111100001110000000111111100000111110011110000011111111100000000011100001100000111000000110000000000111111111111000000011111111111111111111110000001111111111110000011111111110000001111111111111111111111111
111111111111111111111111111111111111111111111111111111111111111111111111111111111111111111111111111111110001111111000000011111000001100001111100000000011111111100011110011111000111111001111111111000000000000111111100000000000000000000001111110000000000001111100000000001111110000000000000000000000000
000000000000000000000000000000000000000000000000000000000000000000000000000000000000000000000000000000001110000000111111100000111110011110000011111111100000000011100001100000111000000110000000000111111111111000000011111111111111111111110000001111111111110000011111111110000001111111111111111111111111
111111111111111111111111111111111111111111111111111111111111111111111111111111111111111111111111111111110001111111000000011111000001100001111100000000011111111100011110011111000111111001111111111000000000000111111100000000000000000000001111110000000000001111100000000001111110000000000000000000000000
111111111111111111111111111111111111111111111111111111111111111111111111111111111111111111111111111100000000011100000000000000000000000000000000000000000111110000000000000000000000000000011110000000000000000000000000000000000000000000000000000000000000000000000000000000000000000000000000000000000000
000000000000000000000000000000000000000000000000000000000000000000000000000000000000000000000000000000001110000000111111100000111110011110000011111111100000000011100001100000111000000110000000000111111111111000000011111111111111111111110000001111111111110000011111111110000001111111111111111111111111
111111111111111111111111111111111111111111111111111111111111111111111111111111111111111111111111111111110001111111000000011111000001100001111100000000011111111100011110011111000111111001111111111000000000000111111100000000000000000000001111110000000000001111100000000001111110000000000000000000000000
111111111111111111111111111111111111111111111111111111111111111111111111111111111111111111111111111100001110000000111111100000111110011110000011111111100000000011100001100000111000000110000000000111111111111000000011111111111111111111110000001111111111110000011111111110000001111111111111111111111111
000000000000000000000000000000000000000000000000000000000000000000000000000000000000000000000000000011110001111111000000011111000001100001111100000000011111111100011110011111000111111001111111111000000000000111111100000000000000000000001111110000000000001111100000000001111110000000000000000000000000
111111111111111111111111111111111111111111111111111111111111111111111111111111111111111111111111111100001110000000111111100000111110011110000011111111100000000011100001100000111000000110000000000111111111111000000011111111111111111111110000001111111111110000011111111110000001111111111111111111111111
111111111111111111111111111111111111111111111111111111111111111111111111111111111111111111111111111111110001111111000000011111000001100001111100000000011111111100011110011111000111111001111111111000000000000111111100000000000000000000001111110000000000001111100000000001111110000000000000000000000000
000000000000000000000000000000000000000000000000000000000000000000000000000000000000000000000000000000001110000000111111100000111110011110000011111111100000000011100001100000111000000110000000000111111111111000000011111111111111111111110000001111111111110000011111111110000001111111111111111111111111
111111111111111111111111111111111111111111111111111111111111111111111111111111111111111111111111111111110001111111000000011111000001100001111100000000011111111100011110011111000111111001111111111000000000000111111100000000000000000000001111110000000000001111100000000001111110000000000000000000000000
111111111111111111111111111111111111111111111111111111111111111111111111111111111111111111111111111100001110000000111111100000111110011110000011111111100000000011100001100000111000000110000000000111111111111000000011111111111111111111110000001111111111110000011111111110000001111111111111111111111111
000000000000000000000000000000000000000000000000000000000000000000000000000000000000000000000000000000000001111111000000011111000000000001111100000000011111111100000000011111000000000001111111111000000000000111111100000000000000000000001111110000000000001111100000000001111110000000000000000000000000
111111111111111111111111111111111111111111111111111111111111111111111111111111111111111111111111111111111110000000111111100000111111111110000011111111100000000011111111100000111111111110000000000111111111111000000011111111111111111111110000001111111111110000011111111110000001111111111111111111111111
111111111111111111111111111111111111111111111111111111111111111111111111111111111111111111111111111100000001111111000000011111000000000001111100000000011111111100000000011111000000000001111111111000000000000111111100000000000000000000001111110000000000001111100000000001111110000000000000000000000000
000000000000000000000000000000000000000000000000000000000000000000000000000000000000000000000000000011111110000000111111100000111111111110000011111111100000000011111111100000111111111110000000000111111111111000000011111111111111111111110000001111111111110000011111111110000001111111111111111111111111
111111111111111111111111111111111111111111111111111111111111111111111111111111111111111111111111111100000001111111000000011111000000000001111100000000011111111100000000011111000000000001111111111000000000000111111100000000000000000000001111110000000000001111100000000001111110000000000000000000000000
111111111111111111111111111111111111111111111111111111111111111111111111111111111111111111111111111111111110000000111111100000111111111110000011111111100000000011111111100000111111111110000000000111111111111000000011111111111111111111110000001111111111110000011111111110000001111111111111111111111111
000000000000000000000000000000000000000000000000000000000000000000000000000000000000000000000000000000000001111111000000011111000000000001111100000000011111111100000000011111000000000001111111111000000000000111111100000000000000000000001111110000000000001111100000000001111110000000000000000000000000
111111111111111111111111111111111111111111111111111111111111111111111111111111111111111111111111111111110000000000000000000000000001100000000000000000000000000000011110000000000111111000000000000000000000000000000000000000000000000000000000000000000000000000000000000000000000000000000000000000000000
111111111111111111111111111111111111111111111111111111111111111111111111111111111111111111111111111100001111111111111111111111111110011111111111111111111111111111100001111111111000000111111111111111111111111111111111111111111111111111111111111111111111111111111111111111111111111111111111111111111111
000000000000000000000000000000000000000000000000000000000000000000000000000000000000000000000000000000000000000000000000000000000000000000000000000000000000000000000000000000000000000000000000000000000000000000000000000000000000000000000000000000000000000000000000000000000000000000000000000000000000
111111111111111111111111111111111111111111111111111111111111111111111111111111111111111111111111111111111111111111111111111111111111111111111111111111111111111111111111111111111111111111111111111111111111111111111111111111111111111111111111111111111111111111111111111111111111111111111111111111111111
111111111111111111111111111111111111111111111111111111111111111111111111111111111111111111111111111100000000000000000000000000000000000000000000000000000000000000000000000000000000000000000000000000000000000000000000000000000000000000000000000000000000000000000000000000000000000000000000000000000000
000000000000000000000000000000000000000000000000000000000000000000000000000000000000000000000000000011111111111111111111111111111111111111111111111111111111111111111111111111111111111111111111111111111111111111111111111111111111111111111111111111111111111111111111111111111111111111111111111111111111
111111111111111111111111111111111111111111111111111111111111111111111111111111111111111111111111111100000000000000000000000000000000000000000000000000000000000000000000000000000000000000000000000000000000000000000000000000000000000000000000000000000000000000000000000000000000000000000000000000000000
111111111111111111111111111111111111111111111111111111111111111111111111111111111111111111111111111111111111111111111111111111111111111111111111111111111111111111111111111111111111111111111111111111111111111111111111111111111111111111111111111111111111111111111111111111111111111111111111111111111111
000000000000000000000000000000000000000000000000000000000000000000000000000000000000000000000000000000000000000000000000000000000000000000000000000000000000000000000000000000000000000000000000000000000000000000000000000000000000000000000000000000000000000000000000000000000000000000000000000000000000
000000000000000000000000000000000000000000000000000000000000000000000000000000000000000000000000000000000000000000000000000000000000000000000000000000000000000000000000000000000000000000000000000000000000000000000000000000000000000000000000000000000000000000000000000000000000000000000000000000000000
000000000000000000000000000000000000000000000000000000000000000000000000000000000000000000000000000000000000000000000000000000000000000000000000000000000000000000000000000000000000000000000000000000000000000000000000000000000000000000000000000000000000000000000000000000000000000000000000000000000000
000000000000000000000000000000000000000000000000000000000000000000000000000000000000000000000000000000000000000000000000000000000000000000000000000000000000000000000000000000000000000000000000000000000000000000000000000000000000000000000000000000000000000000000000000000000000000000000000000000000000
000000000000000000000000000000000000000000000000000000000000000000000000000000000000000000000000000000000000000000000000000000000000000000000000000000000000000000000000000000000000000000000000000000000000000000000000000000000000000000000000000000000000000000000000000000000000000000000000000000000000
000000000000000000000000000000000000000000000000000000000000000000000000000000000000000000000000000000000000000000000000000000000000000000000000000000000000000000000000000000000000000000000000000000000000000000000000000000000000000000000000000000000000000000000000000000000000000000000000000000000000
000000000000000000000000000000000000000000000000000000000000000000000000000000000000000000000000000000000000000000000000000000000000000000000000000000000000000000000000000000000000000000000000000000000000000000000000000000000000000000000000000000000000000000000000000000000000000000000000000000000000
000000000000000000000000000000000000000000000000000000000000000000000000000000000000000000000000000000000000000000000000000000000000000000000000000000000000000000000000000000000000000000000000000000000000000000000000000000000000000000000000000000000000000000000000000000000000000000000000000000000000
000000000000000000000000000000000000000000000000000000000000000000000000000000000000000000000000000000000000000000000000000000000000000000000000000000000000000000000000000000000000000000000000000000000000000000000000000000000000000000000000000000000000000000000000000000000000000000000000000000000000
000000000000000000000000000000000000000000000000000000000000000000000000000000000000000000000000000000000000000000000000000000000000000000000000000000000000000000000000000000000000000000000000000000000000000000000000000000000000000000000000000000000000000000000000000000000000000000000000000000000000
111111111111111111111111111111111111111111111111111111111111111111111111111111111111111111111111111111111111111111111111111111111111111111111111111111111111111111111111111111111111111111111111111111111111111111111111111111111111111111111111111111111111111111111111111111111111111111111111111111111111
111111111111111111111111111111111111111111111111111111111111111111111111111111111111111111111111111100000000000000000000000000000000000000000000000000000000000000000000000000000000000000000000000000000000000000000000000000000000000000000000000000000000000000000000000000000000000000000000000000000000
000000000000000000000000000000000000000000000000000000000000000000000000000000000000000000000000000011111111111111111111111111111111111111111111111111111111111111111111111111111111111111111111111111111111111111111111111111111111111111111111111111111111111111111111111111111111111111111111111111111111
111111111111111111111111111111111111111111111111111111111111111111111111111111111111111111111111111100000000000000000000000000000000000000000000000000000000000000000000000000000000000000000000000000000000000000000000000000000000000000000000000000000000000000000000000000000000000000000000000000000000
111111111111111111111111111111111111111111111111111111111111111111111111111111111111111111111111111111111111111111111111111111111111111111111111111111111111111111111111111111111111111111111111111111111111111111111111111111111111111111111111111111111111111111111111111111111111111111111111111111111111
000000000000000000000000000000000000000000000000000000000000000000000000000000000000000000000000000000000000000000000000000000000000000000000000000000000000000000000000000000000000000000000000000000000000000000000000000000000000000000000000000000000000000000000000000000000000000000000000000000000000
111111111111111111111111111111111111111111111111111111111111111111111111111111111111111111111111111111111111100000111111111111111111111111111001111111111111111111111111111110000111111111100000011111111111111111111111111111111111111111111111111111111111111111111111111111111111111111111111111111111111
111111111111111111111111111111111111111111111111111111111111111111111111111111111111111111111111111100000000011111000000000000000000000000000110000000000000000000000000000001111000000000011111100000000000000000000000000000000000000000000000000000000000000000000000000000000000000000000000000000000000
000000000000000000000000000000000000000000000000000000000000000000000000000000000000000000000000000011111100000000000111111100000001111100000000000111110000000001111111110000000001111100000000000111110011000000000000011111110000000000000000000000111111000000000000111110000000000111111000000000000000
111111111111111111111111111111111111111111111111111111111111111111111111111111111111111111111111111100000011111111111000000011111110000011111111111000001111111110000000001111111110000011111111111000001100111111111111100000001111111111111111111111000000111111111111000001111111111000000111111111111111
111111111111111111111111111111111111111111111111111111111111111111111111111111111111111111111111111111111100000000000111111100000001111100000000000111110000000001111111110000000001111100000000000111110011000000000000011111110000000000000000000000111111000000000000111110000000000111111000000000000000
000000000000000000000000000000000000000000000000000000000000000000000000000000000000000000000000000000000011111111111000000011111110000011111111111000001111111110000000001111111110000011111111111000001100111111111111100000001111111111111111111111000000111111111111000001111111111000000111111111111111
111111111111111111111111111111111111111111111111111111111111111111111111111111111111111111111111111111111100000000000111111100000001111100000000000111110000000001111111110000000001111100000000000111110011000000000000011111110000000000000000000000111111000000000000111110000000000111111000000000000000
111111111111111111111111111111111111111111111111111111111111111111111111111111111111111111111111111100000011111111111000000011111110000011111111111000001111111110000000001111111110000011111111111000001100111111111111100000001111111111111111111111000000111111111111000001111111111000000111111111111111
000000000000000000000000000000000000000000000000000000000000000000000000000000000000000000000000000011111100000000000111111100000001111100000000000111110000000001111111110000000001111100000000000111110011000000000000011111110000000000000000000000111111000000000000111110000000000111111000000000000000
111111111111111111111111111111111111111111111111111111111111111111111111111111111111111111111111111100000011100000111000000011111110000011111001111000001111111110000000001110000110000011100000011000001100111111111111100000001111111111111111111111000000111111111111000001111111111000000111111111111111
111111111111111111111111111111111111111111111111111111111111111111111111111111111111111111111111111111111100011111000111111100000001111100000110000111110000000001111111110001111001111100011111100111110011000000000000011111110000000000000000000000111111000000000000111110000000000111111000000000000000
000000000000000000000000000000000000000000000000000000000000000000000000000000000000000000000000000000000011100000111000000011111110000011111001111000001111111110000000001110000110000011100000011000001100111111111111100000001111111111111111111111000000111111111111000001111111111000000111111111111111
111111111111111111111111111111111111111111111111111111111111111111111111111111111111111111111111111111111100011111000111111100000001111100000110000111110000000001111111110001111001111100011111100111110011000000000000011111110000000000000000000000111111000000000000111110000000000111111000000000000000
111111111111111111111111111111111111111111111111111111111111111111111111111111111111111111111111111100000011100000111000000011111110000011111001111000001111111110000000001110000110000011100000011000001100111111111111100000001111111111111111111111000000111111111111000001111111111000000111111111111111
000000000000000000000000000000000000000000000000000000000000000000000000000000000000000000000000000011111100011111000111111100000001111100000110000111110000000001111111110001111001111100011111100111110011000000000000011111110000000000000000000000111111000000000000111110000000000111111000000000000000
111111111111111111111111111111111111111111111111111111111111111111111111111111111111111111111111111100000011100000111000000011111110000011111001111000001111111110000000001110000110000011100000011000001100111111111111100000001111111111111111111111000000111111111111000001111111111000000111111111111111
111111111111111111111111111111111111111111111111111111111111111111111111111111111111111111111111111111111100011111000111111100000001111100000110000111110000000001111111110001111001111100011111100111110011000000000000011111110000000000000000000000111111000000000000111110000000000111111000000000000000
000000000000000000000000000000000000000000000000000000000000000000000000000000000000000000000000000000000011100000111000000011111110000011111001111000001111111110000000001110000110000011100000011000001100111111111111100000001111111111111111111111000000111111111111000001111111111000000111111111111111
111111111111111111111111111111111111111111111111111111111111111111111111111111111111111111111111111111111100011111000111111100000001111100000110000111110000000001111111110001111001111100011111100111110011000000000000011111110000000000000000000000111111000000000000111110000000000111111000000000000000
111111111111111111111111111111111111111111111111111111111111111111111111111111111111111111111111111100110000000000000001110000000000000000000000000000000000000000011111000000000000000000000000000001110000000000000000000000000000000000000000000000000000000000000000000000000000000000000000000000000000
000000000000000000000000000000000000000000000000000000000000000000000000000000000000000000000000000000000011100000111000000011111110000011111001111000001111111110000000001110000110000011100000011000001100111111111111100000001111111111111111111111000000111111111111000001111111111000000111111111111111
111111111111111111111111111111111111111111111111111111111111111111111111111111111111111111111111111111111100011111000111111100000001111100000110000111110000000001111111110001111001111100011111100111110011000000000000011111110000000000000000000000111111000000000000111110000000000111111000000000000000
111111111111111111111111111111111111111111111111111111111111111111111111111111111111111111111111111100000011100000111000000011111110000011111001111000001111111110000000001110000110000011100000011000001100111111111111100000001111111111111111111111000000111111111111000001111111111000000111111111111111
000000000000000000000000000000000000000000000000000000000000000000000000000000000000000000000000000011111100011111000111111100000001111100000110000111110000000001111111110001111001111100011111100111110011000000000000011111110000000000000000000000111111000000000000111110000000000111111000000000000000
111111111111111111111111111111111111111111111111111111111111111111111111111111111111111111111111111100000011100000111000000011111110000011111001111000001111111110000000001110000110000011100000011000001100111111111111100000001111111111111111111111000000111111111111000001111111111000000111111111111111
111111111111111111111111111111111111111111111111111111111111111111111111111111111111111111111111111111111100011111000111111100000001111100000110000111110000000001111111110001111001111100011111100111110011000000000000011111110000000000000000000000111111000000000000111110000000000111111000000000000000
000000000000000000000000000000000000000000000000000000000000000000000000000000000000000000000000000000000011100000111000000011111110000011111001111000001111111110000000001110000110000011100000011000001100111111111111100000001111111111111111111111000000111111111111000001111111111000000111111111111111
111111111111111111111111111111111111111111111111111111111111111111111111111111111111111111111111111111111100011111000111111100000001111100000110000111110000000001111111110001111001111100011111100111110011000000000000011111110000000000000000000000111111000000000000111110000000000111111000000000000000
111111111111111111111111111111111111111111111111111111111111111111111111111111111111111111111111111100000011100000111000000011111110000011111001111000001111111110000000001110000110000011100000011000001100111111111111100000001111111111111111111111000000111111111111000001111111111000000111111111111111
000000000000000000000000000000000000000000000000000000000000000000000000000000000000000000000000000011111100000000000111111100000001111100000000000111110000000001111111110000000001111100000000000111110011000000000000011111110000000000000000000000111111000000000000111110000000000111111000000000000000
111111111111111111111111111111111111111111111111111111111111111111111111111111111111111111111111111100000011111111111000000011111110000011111111111000001111111110000000001111111110000011111111111000001100111111111111100000001111111111111111111111000000111111111111000001111111111000000111111111111111
111111111111111111111111111111111111111111111111111111111111111111111111111111111111111111111111111111111100000000000111111100000001111100000000000111110000000001111111110000000001111100000000000111110011000000000000011111110000000000000000000000111111000000000000111110000000000111111000000000000000
000000000000000000000000000000000000000000000000000000000000000000000000000000000000000000000000000000000011111111111000000011111110000011111111111000001111111110000000001111111110000011111111111000001100111111111111100000001111111111111111111111000000111111111111000001111111111000000111111111111111
111111111111111111111111111111111111111111111111111111111111111111111111111111111111111111111111111111111100000000000111111100000001111100000000000111110000000001111111110000000001111100000000000111110011000000000000011111110000000000000000000000111111000000000000111110000000000111111000000000000000
111111111111111111111111111111111111111111111111111111111111111111111111111111111111111111111111111100000011111111111000000011111110000011111111111000001111111110000000001111111110000011111111111000001100111111111111100000001111111111111111111111000000111111111111000001111111111000000111111111111111
000000000000000000000000000000000000000000000000000000000000000000000000000000000000000000000000000011111100000000000111111100000001111100000000000111110000000001111111110000000001111100000000000111110011000000000000011111110000000000000000000000111111000000000000111110000000000111111000000000000000
111111111111111111111111111111111111111111111111111111111111111111111111111111111111111111111111111100000000011111000000000000000000000000000110000000000000000000000000000001111000000000011111100000000000000000000000000000000000000000000000000000000000000000000000000000000000000000000000000000000000
111111111111111111111111111111111111111111111111111111111111111111111111111111111111111111111111111111111111100000111111111111111111111111111001111111111111111111111111111110000111111111100000011111111111111111111111111111111111111111111111111111111111111111111111111111111111111111111111111111111111
000000000000000000000000000000000000000000000000000000000000000000000000000000000000000000000000000000000000000000000000000000000000000000000000000000000000000000000000000000000000000000000000000000000000000000000000000000000000000000000000000000000000000000000000000000000000000000000000000000000000
111111111111111111111111111111111111111111111111111111111111111111111111111111111111111111111111111111111111111111111111111111111111111111111111111111111111111111111111111111111111111111111111111111111111111111111111111111111111111111111111111111111111111111111111111111111111111111111111111111111111
111111111111111111111111111111111111111111111111111111111111111111111111111111111111111111111111111100000000000000000000000000000000000000000000000000000000000000000000000000000000000000000000000000000000000000000000000000000000000000000000000000000000000000000000000000000000000000000000000000000000
000000000000000000000000000000000000000000000000000000000000000000000000000000000000000000000000000011111111111111111111111111111111111111111111111111111111111111111111111111111111111111111111111111111111111111111111111111111111111111111111111111111111111111111111111111111111111111111111111111111111
111111111111111111111111111111111111111111111111111111111111111111111111111111111111111111111111111100000000000000000000000000000000000000000000000000000000000000000000000000000000000000000000000000000000000000000000000000000000000000000000000000000000000000000000000000000000000000000000000000000000
111111111111111111111111111111111111111111111111111111111111111111111111111111111111111111111111111111111111111111111111111111111111111111111111111111111111111111111111111111111111111111111111111111111111111111111111111111111111111111111111111111111111111111111111111111111111111111111111111111111111
000000000000000000000000000000000000000000000000000000000000000000000000000000000000000000000000000000000000000000000000000000000000000000000000000000000000000000000000000000000000000000000000000000000000000000000000000000000000000000000000000000000000000000000000000000000000000000000000000000000000
000000000000000000000000000000000000000000000000000000000000000000000000000000000000000000000000000000000000000000000000000000000000000000000000000000000000000000000000000000000000000000000000000000000000000000000000000000000000000000000000000000000000000000000000000000000000000000000000000000000000
000000000000000000000000000000000000000000000000000000000000000000000000000000000000000000000000000000000000000000000000000000000000000000000000000000000000000000000000000000000000000000000000000000000000000000000000000000000000000000000000000000000000000000000000000000000000000000000000000000000000
000000000000000000000000000000000000000000000000000000000000000000000000000000000000000000000000000000000000000000000000000000000000000000000000000000000000000000000000000000000000000000000000000000000000000000000000000000000000000000000000000000000000000000000000000000000000000000000000000000000000
000000000000000000000000000000000000000000000000000000000000000000000000000000000000000000000000000000000000000000000000000000000000000000000000000000000000000000000000000000000000000000000000000000000000000000000000000000000000000000000000000000000000000000000000000000000000000000000000000000000000
000000000000000000000000000000000000000000000000000000000000000000000000000000000000000000000000000000000000000000000000000000000000000000000000000000000000000000000000000000000000000000000000000000000000000000000000000000000000000000000000000000000000000000000000000000000000000000000000000000000000
000000000000000000000000000000000000000000000000000000000000000000000000000000000000000000000000000000000000000000000000000000000000000000000000000000000000000000000000000000000000000000000000000000000000000000000000000000000000000000000000000000000000000000000000000000000000000000000000000000000000
000000000000000000000000000000000000000000000000000000000000000000000000000000000000000000000000000000000000000000000000000000000000000000000000000000000000000000000000000000000000000000000000000000000000000000000000000000000000000000000000000000000000000000000000000000000000000000000000000000000000
000000000000000000000000000000000000000000000000000000000000000000000000000000000000000000000000000000000000000000000000000000000000000000000000000000000000000000000000000000000000000000000000000000000000000000000000000000000000000000000000000000000000000000000000000000000000000000000000000000000000
000000000000000000000000000000000000000000000000000000000000000000000000000000000000000000000000000000000000000000000000000000000000000000000000000000000000000000000000000000000000000000000000000000000000000000000000000000000000000000000000000000000000000000000000000000000000000000000000000000000000
111111111111111111111111111111111111111111111111111111111111111111111111111111111111111111111111111111111111111111111111111111111111111111111111111111111111111111111111111111111111111111111111111111111111111111111111111111111111111111111111111111111111111111111111111111111111111111111111111111111111
111111111111111111111111111111111111111111111111111111111111111111111111111111111111111111111111111100000000000000000000000000000000000000000000000000000000000000000000000000000000000000000000000000000000000000000000000000000000000000000000000000000000000000000000000000000000000000000000000000000000
000000000000000000000000000000000000000000000000000000000000000000000000000000000000000000000000000011111111111111111111111111111111111111111111111111111111111111111111111111111111111111111111111111111111111111111111111111111111111111111111111111111111111111111111111111111111111111111111111111111111
111111111111111111111111111111111111111111111111111111111111111111111111111111111111111111111111111100000000000000000000000000000000000000000000000000000000000000000000000000000000000000000000000000000000000000000000000000000000000000000000000000000000000000000000000000000000000000000000000000000000
111111111111111111111111111111111111111111111111111111111111111111111111111111111111111111111111111111111111111111111111111111111111111111111111111111111111111111111111111111111111111111111111111111111111111111111111111111111111111111111111111111111111111111111111111111111111111111111111111111111111
000000000000000000000000000000000000000000000000000000000000000000000000000000000000000000000000000000000000000000000000000000000000000000000000000000000000000000000000000000000000000000000000000000000000000000000000000000000000000000000000000000000000000000000000000000000000000000000000000000000000
111111111111111111111111111111111111111111111111111111111111111111111111111111111111111111111111111111111111111111111110000011111111111111111111111111100111111111111111111111111111111000011111111110001111111111111111111111111111111111111111111111111111111111111111111111111111111111111111111111111111
111111111111111111111111111111111111111111111111111111111111111111111111111111111111111111111111111100000000000000000001111100000000000000000000000000011000000000000000000000000000000111100000000001110000000000000000000000000000000000000000000000000000000000000000000000000000000000000000000000000000
000000000000000000000000000000000000000000000000000000000000000000000000000000000000000000000000000011000000001111110000000000011111110000000111110000000000011111000000000111111111000000000111110000000000000000001100000000000001111111000000000000000000000011111100000000000011111000000000011111100000
111111111111111111111111111111111111111111111111111111111111111111111111111111111111111111111111111100111111110000001111111111100000001111111000001111111111100000111111111000000000111111111000001111111111111111110011111111111110000000111111111111111111111100000011111111111100000111111111100000011111
111111111111111111111111111111111111111111111111111111111111111111111111111111111111111111111111111111000000001111110000000000011111110000000111110000000000011111000000000111111111000000000111110000000000000000001100000000000001111111000000000000000000000011111100000000000011111000000000011111100000
000000000000000000000000000000000000000000000000000000000000000000000000000000000000000000000000000000111111110000001111111111100000001111111000001111111111100000111111111000000000111111111000001111111111111111110011111111111110000000111111111111111111111100000011111111111100000111111111100000011111
111111111111111111111111111111111111111111111111111111111111111111111111111111111111111111111111111111000000001111110000000000011111110000000111110000000000011111000000000111111111000000000111110000000000000000001100000000000001111111000000000000000000000011111100000000000011111000000000011111100000
111111111111111111111111111111111111111111111111111111111111111111111111111111111111111111111111111100111111110000001111111111100000001111111000001111111111100000111111111000000000111111111000001111111111111111110011111111111110000000111111111111111111111100000011111111111100000111111111100000011111
000000000000000000000000000000000000000000000000000000000000000000000000000000000000000000000000000011000000001111110000000000011111110000000111110000000000011111000000000111111111000000000111110000000000000000001100000000000001111111000000000000000000000011111100000000000011111000000000011111100000
111111111111111111111111111111111111111111111111111111111111111111111111111111111111111111111111111100111111110000001110000011100000001111111000001111100111100000111111111000000000111000011000001110001111111111110011111111111110000000111111111111111111111100000011111111111100000111111111100000011111
111111111111111111111111111111111111111111111111111111111111111111111111111111111111111111111111111111000000001111110001111100011111110000000111110000011000011111000000000111111111000111100111110001110000000000001100000000000001111111000000000000000000000011111100000000000011111000000000011111100000
000000000000000000000000000000000000000000000000000000000000000000000000000000000000000000000000000000111111110000001110000011100000001111111000001111100111100000111111111000000000111000011000001110001111111111110011111111111110000000111111111111111111111100000011111111111100000111111111100000011111
111111111111111111111111111111111111111111111111111111111111111111111111111111111111111111111111111111000000001111110001111100011111110000000111110000011000011111000000000111111111000111100111110001110000000000001100000000000001111111000000000000000000000011111100000000000011111000000000011111100000
111111111111111111111111111111111111111111111111111111111111111111111111111111111111111111111111111100111111110000001110000011100000001111111000001111100111100000111111111000000000111000011000001110001111111111110011111111111110000000111111111111111111111100000011111111111100000111111111100000011111
000000000000000000000000000000000000000000000000000000000000000000000000000000000000000000000000000011000000001111110001111100011111110000000111110000011000011111000000000111111111000111100111110001110000000000001100000000000001111111000000000000000000000011111100000000000011111000000000011111100000
111111111111111111111111111111111111111111111111111111111111111111111111111111111111111111111111111100111111110000001110000011100000001111111000001111100111100000111111111000000000111000011000001110001111111111110011111111111110000000111111111111111111111100000011111111111100000111111111100000011111
111111111111111111111111111111111111111111111111111111111111111111111111111111111111111111111111111111000000001111110001111100011111110000000111110000011000011111000000000111111111000111100111110001110000000000001100000000000001111111000000000000000000000011111100000000000011111000000000011111100000
000000000000000000000000000000000000000000000000000000000000000000000000000000000000000000000000000000111111110000001110000011100000001111111000001111100111100000111111111000000000111000011000001110001111111111110011111111111110000000111111111111111111111100000011111111111100000111111111100000011111
111111111111111111111111111111111111111111111111111111111111111111111111111111111111111111111111111111000000001111110001111100011111110000000111110000011000011111000000000111111111000111100111110001110000000000001100000000000001111111000000000000000000000011111100000000000011111000000000011111100000
111111111111111111111111111111111111111111111111111111111111111111111111111111111111111111111111111100000000000011000000000000000111000000000000000000000000000000000000000001111100000000000000000000000000000000000000000000000000000000000000000000000000000000000000000000000000000000000000000000000000
000000000000000000000000000000000000000000000000000000000000000000000000000000000000000000000000000000111111110000001110000011100000001111111000001111100111100000111111111000000000111000011000001110001111111111110011111111111110000000111111111111111111111100000011111111111100000111111111100000011111
111111111111111111111111111111111111111111111111111111111111111111111111111111111111111111111111111111000000001111110001111100011111110000000111110000011000011111000000000111111111000111100111110001110000000000001100000000000001111111000000000000000000000011111100000000000011111000000000011111100000
111111111111111111111111111111111111111111111111111111111111111111111111111111111111111111111111111100111111110000001110000011100000001111111000001111100111100000111111111000000000111000011000001110001111111111110011111111111110000000111111111111111111111100000011111111111100000111111111100000011111
000000000000000000000000000000000000000000000000000000000000000000000000000000000000000000000000000011000000001111110001111100011111110000000111110000011000011111000000000111111111000111100111110001110000000000001100000000000001111111000000000000000000000011111100000000000011111000000000011111100000
111111111111111111111111111111111111111111111111111111111111111111111111111111111111111111111111111100111111110000001110000011100000001111111000001111100111100000111111111000000000111000011000001110001111111111110011111111111110000000111111111111111111111100000011111111111100000111111111100000011111
111111111111111111111111111111111111111111111111111111111111111111111111111111111111111111111111111111000000001111110001111100011111110000000111110000011000011111000000000111111111000111100111110001110000000000001100000000000001111111000000000000000000000011111100000000000011111000000000011111100000
000000000000000000000000000000000000000000000000000000000000000000000000000000000000000000000000000000111111110000001110000011100000001111111000001111100111100000111111111000000000111000011000001110001111111111110011111111111110000000111111111111111111111100000011111111111100000111111111100000011111
111111111111111111111111111111111111111111111111111111111111111111111111111111111111111111111111111111000000001111110001111100011111110000000111110000011000011111000000000111111111000111100111110001110000000000001100000000000001111111000000000000000000000011111100000000000011111000000000011111100000
111111111111111111111111111111111111111111111111111111111111111111111111111111111111111111111111111100111111110000001110000011100000001111111000001111100111100000111111111000000000111000011000001110001111111111110011111111111110000000111111111111111111111100000011111111111100000111111111100000011111
000000000000000000000000000000000000000000000000000000000000000000000000000000000000000000000000000011000000001111110000000000011111110000000111110000000000011111000000000111111111000000000111110000000000000000001100000000000001111111000000000000000000000011111100000000000011111000000000011111100000
111111111111111111111111111111111111111111111111111111111111111111111111111111111111111111111111111100111111110000001111111111100000001111111000001111111111100000111111111000000000111111111000001111111111111111110011111111111110000000111111111111111111111100000011111111111100000111111111100000011111
111111111111111111111111111111111111111111111111111111111111111111111111111111111111111111111111111111000000001111110000000000011111110000000111110000000000011111000000000111111111000000000111110000000000000000001100000000000001111111000000000000000000000011111100000000000011111000000000011111100000
000000000000000000000000000000000000000000000000000000000000000000000000000000000000000000000000000000111111110000001111111111100000001111111000001111111111100000111111111000000000111111111000001111111111111111110011111111111110000000111111111111111111111100000011111111111100000111111111100000011111
111111111111111111111111111111111111111111111111111111111111111111111111111111111111111111111111111111000000001111110000000000011111110000000111110000000000011111000000000111111111000000000111110000000000000000001100000000000001111111000000000000000000000011111100000000000011111000000000011111100000
111111111111111111111111111111111111111111111111111111111111111111111111111111111111111111111111111100111111110000001111111111100000001111111000001111111111100000111111111000000000111111111000001111111111111111110011111111111110000000111111111111111111111100000011111111111100000111111111100000011111
000000000000000000000000000000000000000000000000000000000000000000000000000000000000000000000000000011000000001111110000000000011111110000000111110000000000011111000000000111111111000000000111110000000000000000001100000000000001111111000000000000000000000011111100000000000011111000000000011111100000
111111111111111111111111111111111111111111111111111111111111111111111111111111111111111111111111111100000000000000000001111100000000000000000000000000011000000000000000000000000000000111100000000001110000000000000000000000000000000000000000000000000000000000000000000000000000000000000000000000000000
111111111111111111111111111111111111111111111111111111111111111111111111111111111111111111111111111111111111111111111110000011111111111111111111111111100111111111111111111111111111111000011111111110001111111111111111111111111111111111111111111111111111111111111111111111111111111111111111111111111111
000000000000000000000000000000000000000000000000000000000000000000000000000000000000000000000000000000000000000000000000000000000000000000000000000000000000000000000000000000000000000000000000000000000000000000000000000000000000000000000000000000000000000000000000000000000000000000000000000000000000
111111111111111111111111111111111111111111111111111111111111111111111111111111111111111111111111111111111111111111111111111111111111111111111111111111111111111111111111111111111111111111111111111111111111111111111111111111111111111111111111111111111111111111111111111111111111111111111111111111111111
111111111111111111111111111111111111111111111111111111111111111111111111111111111111111111111111111100000000000000000000000000000000000000000000000000000000000000000000000000000000000000000000000000000000000000000000000000000000000000000000000000000000000000000000000000000000000000000000000000000000
000000000000000000000000000000000000000000000000000000000000000000000000000000000000000000000000000011111111111111111111111111111111111111111111111111111111111111111111111111111111111111111111111111111111111111111111111111111111111111111111111111111111111111111111111111111111111111111111111111111111
111111111111111111111111111111111111111111111111111111111111111111111111111111111111111111111111111100000000000000000000000000000000000000000000000000000000000000000000000000000000000000000000000000000000000000000000000000000000000000000000000000000000000000000000000000000000000000000000000000000000
111111111111111111111111111111111111111111111111111111111111111111111111111111111111111111111111111111111111111111111111111111111111111111111111111111111111111111111111111111111111111111111111111111111111111111111111111111111111111111111111111111111111111111111111111111111111111111111111111111111111
000000000000000000000000000000000000000000000000000000000000000000000000000000000000000000000000000000000000000000000000000000000000000000000000000000000000000000000000000000000000000000000000000000000000000000000000000000000000000000000000000000000000000000000000000000000000000000000000000000000000
000000000000000000000000000000000000000000000000000000000000000000000000000000000000000000000000000000000000000000000000000000000000000000000000000000000000000000000000000000000000000000000000000000000000000000000000000000000000000000000000000000000000000000000000000000000000000000000000000000000000
000000000000000000000000000000000000000000000000000000000000000000000000000000000000000000000000000000000000000000000000000000000000000000000000000000000000000000000000000000000000000000000000000000000000000000000000000000000000000000000000000000000000000000000000000000000000000000000000000000000000
000000000000000000000000000000000000000000000000000000000000000000000000000000000000000000000000000000000000000000000000000000000000000000000000000000000000000000000000000000000000000000000000000000000000000000000000000000000000000000000000000000000000000000000000000000000000000000000000000000000000
000000000000000000000000000000000000000000000000000000000000000000000000000000000000000000000000000000000000000000000000000000000000000000000000000000000000000000000000000000000000000000000000000000000000000000000000000000000000000000000000000000000000000000000000000000000000000000000000000000000000
000000000000000000000000000000000000000000000000000000000000000000000000000000000000000000000000000000000000000000000000000000000000000000000000000000000000000000000000000000000000000000000000000000000000000000000000000000000000000000000000000000000000000000000000000000000000000000000000000000000000
000000000000000000000000000000000000000000000000000000000000000000000000000000000000000000000000000000000000000000000000000000000000000000000000000000000000000000000000000000000000000000000000000000000000000000000000000000000000000000000000000000000000000000000000000000000000000000000000000000000000
000000000000000000000000000000000000000000000000000000000000000000000000000000000000000000000000000000000000000000000000000000000000000000000000000000000000000000000000000000000000000000000000000000000000000000000000000000000000000000000000000000000000000000000000000000000000000000000000000000000000
000000000000000000000000000000000000000000000000000000000000000000000000000000000000000000000000000000000000000000000000000000000000000000000000000000000000000000000000000000000000000000000000000000000000000000000000000000000000000000000000000000000000000000000000000000000000000000000000000000000000
000000000000000000000000000000000000000000000000000000000000000000000000000000000000000000000000000000000000000000000000000000000000000000000000000000000000000000000000000000000000000000000000000000000000000000000000000000000000000000000000000000000000000000000000000000000000000000000000000000000000
111111111111111111111111111111111111111111111111111111111111111111111111111111111111111111111111111111111111111111111111111111111111111111111111111111111111111111111111111111111111111111111111111111111111111111111111111111111111111111111111111111111111111111111111111111111111111111111111111111111111
111111111111111111111111111111111111111111111111111111111111111111111111111111111111111111111111111100000000000000000000000000000000000000000000000000000000000000000000000000000000000000000000000000000000000000000000000000000000000000000000000000000000000000000000000000000000000000000000000000000000
000000000000000000000000000000000000000000000000000000000000000000000000000000000000000000000000000011111111111111111111111111111111111111111111111111111111111111111111111111111111111111111111111111111111111111111111111111111111111111111111111111111111111111111111111111111111111111111111111111111111
111111111111111111111111111111111111111111111111111111111111111111111111111111111111111111111111111100000000000000000000000000000000000000000000000000000000000000000000000000000000000000000000000000000000000000000000000000000000000000000000000000000000000000000000000000000000000000000000000000000000
111111111111111111111111111111111111111111111111111111111111111111111111111111111111111111111111111111111111111111111111111111111111111111111111111111111111111111111111111111111111111111111111111111111111111111111111111111111111111111111111111111111111111111111111111111111111111111111111111111111111
000000000000000000000000000000000000000000000000000000000000000000000000000000000000000000000000000000000000000000000000000000000000000000000000000000000000000000000000000000000000000000000000000000000000000000000000000000000000000000000000000000000000000000000000000000000000000000000000000000000000
111111111111111111111111111111111111111111111111111111111111111111111111111111111111111111111111111100011111111111111111111111111000001111111111111111111111111110011111111111111111111111111111100001111111111111111111111111111111111111111111111111111111111111111111111111111111111111111111111111111111
111111111111111111111111111111111111111111111111111111111111111111111111111111111111111111111111111111100000000000000000000000000111110000000000000000000000000001100000000000000000000000000000011110000000000000000000000000000000000000000000000000000000000000000000000000000000000000000000000000000000
000000000000000000000000000000000000000000000000000000000000000000000000000000000000000000000000000000000111111100000000111111000000000001111111000000011111000000000001111100000000011111111100000000010000011110000000000000110000000000000111111100000000000000000000001111110000000000001111100000000001
111111111111111111111111111111111111111111111111111111111111111111111111111111111111111111111111111111111000000011111111000000111111111110000000111111100000111111111110000011111111100000000011111111101111100001111111111111001111111111111000000011111111111111111111110000001111111111110000011111111110
111111111111111111111111111111111111111111111111111111111111111111111111111111111111111111111111111100000111111100000000111111000000000001111111000000011111000000000001111100000000011111111100000000010000011110000000000000110000000000000111111100000000000000000000001111110000000000001111100000000001
000000000000000000000000000000000000000000000000000000000000000000000000000000000000000000000000000011111000000011111111000000111111111110000000111111100000111111111110000011111111100000000011111111101111100001111111111111001111111111111000000011111111111111111111110000001111111111110000011111111110
111111111111111111111111111111111111111111111111111111111111111111111111111111111111111111111111111100000111111100000000111111000000000001111111000000011111000000000001111100000000011111111100000000010000011110000000000000110000000000000111111100000000000000000000001111110000000000001111100000000001
111111111111111111111111111111111111111111111111111111111111111111111111111111111111111111111111111111111000000011111111000000111111111110000000111111100000111111111110000011111111100000000011111111101111100001111111111111001111111111111000000011111111111111111111110000001111111111110000011111111110
000000000000000000000000000000000000000000000000000000000000000000000000000000000000000000000000000000000111111100000000111111000000000001111111000000011111000000000001111100000000011111111100000000010000011110000000000000110000000000000111111100000000000000000000001111110000000000001111100000000001
111111111111111111111111111111111111111111111111111111111111111111111111111111111111111111111111111100011000000011111111000000111000001110000000111111100000111110011110000011111111100000000011100001101111100001111111111111001111111111111000000011111111111111111111110000001111111111110000011111111110
111111111111111111111111111111111111111111111111111111111111111111111111111111111111111111111111111111100111111100000000111111000111110001111111000000011111000001100001111100000000011111111100011110010000011110000000000000110000000000000111111100000000000000000000001111110000000000001111100000000001
000000000000000000000000000000000000000000000000000000000000000000000000000000000000000000000000000000011000000011111111000000111000001110000000111111100000111110011110000011111111100000000011100001101111100001111111111111001111111111111000000011111111111111111111110000001111111111110000011111111110
111111111111111111111111111111111111111111111111111111111111111111111111111111111111111111111111111111100111111100000000111111000111110001111111000000011111000001100001111100000000011111111100011110010000011110000000000000110000000000000111111100000000000000000000001111110000000000001111100000000001
111111111111111111111111111111111111111111111111111111111111111111111111111111111111111111111111111100011000000011111111000000111000001110000000111111100000111110011110000011111111100000000011100001101111100001111111111111001111111111111000000011111111111111111111110000001111111111110000011111111110
000000000000000000000000000000000000000000000000000000000000000000000000000000000000000000000000000011100111111100000000111111000111110001111111000000011111000001100001111100000000011111111100011110010000011110000000000000110000000000000111111100000000000000000000001111110000000000001111100000000001
111111111111111111111111111111111111111111111111111111111111111111111111111111111111111111111111111100011000000011111111000000111000001110000000111111100000111110011110000011111111100000000011100001101111100001111111111111001111111111111000000011111111111111111111110000001111111111110000011111111110
111111111111111111111111111111111111111111111111111111111111111111111111111111111111111111111111111111100111111100000000111111000111110001111111000000011111000001100001111100000000011111111100011110010000011110000000000000110000000000000111111100000000000000000000001111110000000000001111100000000001
000000000000000000000000000000000000000000000000000000000000000000000000000000000000000000000000000000011000000011111111000000111000001110000000111111100000111110011110000011111111100000000011100001101111100001111111111111001111111111111000000011111111111111111111110000001111111111110000011111111110
111111111111111111111111111111111111111111111111111111111111111111111111111111111111111111111111111111100111111100000000111111000111110001111111000000011111000001100001111100000000011111111100011110010000011110000000000000110000000000000111111100000000000000000000001111110000000000001111100000000001
111111111111111111111111111111111111111111111111111111111111111111111111111111111111111111111111111100000001110000000000001100000000000000011100000000000000000000000000000000000000000111110000000000000000000000000000000000000000000000000000000000000000000000000000000000000000000000000000000000000000
000000000000000000000000000000000000000000000000000000000000000000000000000000000000000000000000000000011000000011111111000000111000001110000000111111100000111110011110000011111111100000000011100001101111100001111111111111001111111111111000000011111111111111111111110000001111111111110000011111111110
111111111111111111111111111111111111111111111111111111111111111111111111111111111111111111111111111111100111111100000000111111000111110001111111000000011111000001100001111100000000011111111100011110010000011110000000000000110000000000000111111100000000000000000000001111110000000000001111100000000001
111111111111111111111111111111111111111111111111111111111111111111111111111111111111111111111111111100011000000011111111000000111000001110000000111111100000111110011110000011111111100000000011100001101111100001111111111111001111111111111000000011111111111111111111110000001111111111110000011111111110
000000000000000000000000000000000000000000000000000000000000000000000000000000000000000000000000000011100111111100000000111111000111110001111111000000011111000001100001111100000000011111111100011110010000011110000000000000110000000000000111111100000000000000000000001111110000000000001111100000000001
111111111111111111111111111111111111111111111111111111111111111111111111111111111111111111111111111100011000000011111111000000111000001110000000111111100000111110011110000011111111100000000011100001101111100001111111111111001111111111111000000011111111111111111111110000001111111111110000011111111110
111111111111111111111111111111111111111111111111111111111111111111111111111111111111111111111111111111100111111100000000111111000111110001111111000000011111000001100001111100000000011111111100011110010000011110000000000000110000000000000111111100000000000000000000001111110000000000001111100000000001
000000000000000000000000000000000000000000000000000000000000000000000000000000000000000000000000000000011000000011111111000000111000001110000000111111100000111110011110000011111111100000000011100001101111100001111111111111001111111111111000000011111111111111111111110000001111111111110000011111111110
111111111111111111111111111111111111111111111111111111111111111111111111111111111111111111111111111111100111111100000000111111000111110001111111000000011111000001100001111100000000011111111100011110010000011110000000000000110000000000000111111100000000000000000000001111110000000000001111100000000001
111111111111111111111111111111111111111111111111111111111111111111111111111111111111111111111111111100011000000011111111000000111000001110000000111111100000111110011110000011111111100000000011100001101111100001111111111111001111111111111000000011111111111111111111110000001111111111110000011111111110
000000000000000000000000000000000000000000000000000000000000000000000000000000000000000000000000000000000111111100000000111111000000000001111111000000011111000000000001111100000000011111111100000000010000011110000000000000110000000000000111111100000000000000000000001111110000000000001111100000000001
111111111111111111111111111111111111111111111111111111111111111111111111111111111111111111111111111111111000000011111111000000111111111110000000111111100000111111111110000011111111100000000011111111101111100001111111111111001111111111111000000011111111111111111111110000001111111111110000011111111110
111111111111111111111111111111111111111111111111111111111111111111111111111111111111111111111111111100000111111100000000111111000000000001111111000000011111000000000001111100000000011111111100000000010000011110000000000000110000000000000111111100000000000000000000001111110000000000001111100000000001
000000000000000000000000000000000000000000000000000000000000000000000000000000000000000000000000000011111000000011111111000000111111111110000000111111100000111111111110000011111111100000000011111111101111100001111111111111001111111111111000000011111111111111111111110000001111111111110000011111111110
111111111111111111111111111111111111111111111111111111111111111111111111111111111111111111111111111100000111111100000000111111000000000001111111000000011111000000000001111100000000011111111100000000010000011110000000000000110000000000000111111100000000000000000000001111110000000000001111100000000001
111111111111111111111111111111111111111111111111111111111111111111111111111111111111111111111111111111111000000011111111000000111111111110000000111111100000111111111110000011111111100000000011111111101111100001111111111111001111111111111000000011111111111111111111110000001111111111110000011111111110
000000000000000000000000000000000000000000000000000000000000000000000000000000000000000000000000000000000111111100000000111111000000000001111111000000011111000000000001111100000000011111111100000000010000011110000000000000110000000000000111111100000000000000000000001111110000000000001111100000000001
111111111111111111111111111111111111111111111111111111111111111111111111111111111111111111111111111111100000000000000000000000000111110000000000000000000000000001100000000000000000000000000000011110000000000000000000000000000000000000000000000000000000000000000000000000000000000000000000000000000000
111111111111111111111111111111111111111111111111111111111111111111111111111111111111111111111111111100011111111111111111111111111000001111111111111111111111111110011111111111111111111111111111100001111111111111111111111111111111111111111111111111111111111111111111111111111111111111111111111111111111
000000000000000000000000000000000000000000000000000000000000000000000000000000000000000000000000000000000000000000000000000000000000000000000000000000000000000000000000000000000000000000000000000000000000000000000000000000000000000000000000000000000000000000000000000000000000000000000000000000000000
111111111111111111111111111111111111111111111111111111111111111111111111111111111111111111111111111111111111111111111111111111111111111111111111111111111111111111111111111111111111111111111111111111111111111111111111111111111111111111111111111111111111111111111111111111111111111111111111111111111111
111111111111111111111111111111111111111111111111111111111111111111111111111111111111111111111111111100000000000000000000000000000000000000000000000000000000000000000000000000000000000000000000000000000000000000000000000000000000000000000000000000000000000000000000000000000000000000000000000000000000
000000000000000000000000000000000000000000000000000000000000000000000000000000000000000000000000000011111111111111111111111111111111111111111111111111111111111111111111111111111111111111111111111111111111111111111111111111111111111111111111111111111111111111111111111111111111111111111111111111111111
111111111111111111111111111111111111111111111111111111111111111111111111111111111111111111111111111100000000000000000000000000000000000000000000000000000000000000000000000000000000000000000000000000000000000000000000000000000000000000000000000000000000000000000000000000000000000000000000000000000000
111111111111111111111111111111111111111111111111111111111111111111111111111111111111111111111111111111111111111111111111111111111111111111111111111111111111111111111111111111111111111111111111111111111111111111111111111111111111111111111111111111111111111111111111111111111111111111111111111111111111
000000000000000000000000000000000000000000000000000000000000000000000000000000000000000000000000000000000000000000000000000000000000000000000000000000000000000000000000000000000000000000000000000000000000000000000000000000000000000000000000000000000000000000000000000000000000000000000000000000000000
000000000000000000000000000000000000000000000000000000000000000000000000000000000000000000000000000000000000000000000000000000000000000000000000000000000000000000000000000000000000000000000000000000000000000000000000000000000000000000000000000000000000000000000000000000000000000000000000000000000000
000000000000000000000000000000000000000000000000000000000000000000000000000000000000000000000000000000000000000000000000000000000000000000000000000000000000000000000000000000000000000000000000000000000000000000000000000000000000000000000000000000000000000000000000000000000000000000000000000000000000
000000000000000000000000000000000000000000000000000000000000000000000000000000000000000000000000000000000000000000000000000000000000000000000000000000000000000000000000000000000000000000000000000000000000000000000000000000000000000000000000000000000000000000000000000000000000000000000000000000000000
000000000000000000000000000000000000000000000000000000000000000000000000000000000000000000000000000000000000000000000000000000000000000000000000000000000000000000000000000000000000000000000000000000000000000000000000000000000000000000000000000000000000000000000000000000000000000000000000000000000000
000000000000000000000000000000000000000000000000000000000000000000000000000000000000000000000000000000000000000000000000000000000000000000000000000000000000000000000000000000000000000000000000000000000000000000000000000000000000000000000000000000000000000000000000000000000000000000000000000000000000
000000000000000000000000000000000000000000000000000000000000000000000000000000000000000000000000000000000000000000000000000000000000000000000000000000000000000000000000000000000000000000000000000000000000000000000000000000000000000000000000000000000000000000000000000000000000000000000000000000000000
000000000000000000000000000000000000000000000000000000000000000000000000000000000000000000000000000000000000000000000000000000000000000000000000000000000000000000000000000000000000000000000000000000000000000000000000000000000000000000000000000000000000000000000000000000000000000000000000000000000000
000000000000000000000000000000000000000000000000000000000000000000000000000000000000000000000000000000000000000000000000000000000000000000000000000000000000000000000000000000000000000000000000000000000000000000000000000000000000000000000000000000000000000000000000000000000000000000000000000000000000
000000000000000000000000000000000000000000000000000000000000000000000000000000000000000000000000000000000000000000000000000000000000000000000000000000000000000000000000000000000000000000000000000000000000000000000000000000000000000000000000000000000000000000000000000000000000000000000000000000000000
111111111111111111111111111111111111111111111111111111111111111111111111111111111111111111111111111111111111111111111111111111111111111111111111111111111111111111111111111111111111111111111111111111111111111111111111111111111111111111111111111111111111111111111111111111111111111111111111111111111111
111111111111111111111111111111111111111111111111111111111111111111111111111111111111111111111111111100000000000000000000000000000000000000000000000000000000000000000000000000000000000000000000000000000000000000000000000000000000000000000000000000000000000000000000000000000000000000000000000000000000
000000000000000000000000000000000000000000000000000000000000000000000000000000000000000000000000000011111111111111111111111111111111111111111111111111111111111111111111111111111111111111111111111111111111111111111111111111111111111111111111111111111111111111111111111111111111111111111111111111111111
111111111111111111111111111111111111111111111111111111111111111111111111111111111111111111111111111100000000000000000000000000000000000000000000000000000000000000000000000000000000000000000000000000000000000000000000000000000000000000000000000000000000000000000000000000000000000000000000000000000000
111111111111111111111111111111111111111111111111111111111111111111111111111111111111111111111111111111111111111111111111111111111111111111111111111111111111111111111111111111111111111111111111111111111111111111111111111111111111111111111111111111111111111111111111111111111111111111111111111111111111
000000000000000000000000000000000000000000000000000000000000000000000000000000000000000000000000000000000000000000000000000000000000000000000000000000000000000000000000000000000000000000000000000000000000000000000000000000000000000000000000000000000000000000000000000000000000000000000000000000000000
111111111111111111111111111111111111111111111111111111111111111111111111111111111111111111111111111111111110000001111111111111111111111111100000111111111111111111111111111001111111111111111111111111111111111111111111111111111111111111111111111111111111111111111111111111111111111111111111111111111111
111111111111111111111111111111111111111111111111111111111111111111111111111111111111111111111111111100000001111110000000000000000000000000011111000000000000000000000000000110000000000000000000000000000000000000000000000000000000000000000000000000000000000000000000000000000000000000000000000000000000
000000000000000000000000000000000000000000000000000000000000000000000000000000000000000000000000000011110000000000011111110000000011111100000000000111111100000001111100000000000111110000000001111111111111000000000001111000000000000011000000000000011111110000000000000000000000111111000000000000111110
111111111111111111111111111111111111111111111111111111111111111111111111111111111111111111111111111100001111111111100000001111111100000011111111111000000011111110000011111111111000001111111110000000000000111111111110000111111111111100111111111111100000001111111111111111111111000000111111111111000001
111111111111111111111111111111111111111111111111111111111111111111111111111111111111111111111111111111110000000000011111110000000011111100000000000111111100000001111100000000000111110000000001111111111111000000000001111000000000000011000000000000011111110000000000000000000000111111000000000000111110
000000000000000000000000000000000000000000000000000000000000000000000000000000000000000000000000000000001111111111100000001111111100000011111111111000000011111110000011111111111000001111111110000000000000111111111110000111111111111100111111111111100000001111111111111111111111000000111111111111000001
111111111111111111111111111111111111111111111111111111111111111111111111111111111111111111111111111111110000000000011111110000000011111100000000000111111100000001111100000000000111110000000001111111111111000000000001111000000000000011000000000000011111110000000000000000000000111111000000000000111110
111111111111111111111111111111111111111111111111111111111111111111111111111111111111111111111111111100001111111111100000001111111100000011111111111000000011111110000011111111111000001111111110000000000000111111111110000111111111111100111111111111100000001111111111111111111111000000111111111111000001
000000000000000000000000000000000000000000000000000000000000000000000000000000000000000000000000000011110000000000011111110000000011111100000000000111111100000001111100000000000111110000000001111111111111000000000001111000000000000011000000000000011111110000000000000000000000111111000000000000111110
111111111111111111111111111111111111111111111111111111111111111111111111111111111111111111111111111100001110000001100000001111111100000011100000111000000011111110000011111001111000001111111110000000000000111111111110000111111111111100111111111111100000001111111111111111111111000000111111111111000001
111111111111111111111111111111111111111111111111111111111111111111111111111111111111111111111111111111110001111110011111110000000011111100011111000111111100000001111100000110000111110000000001111111111111000000000001111000000000000011000000000000011111110000000000000000000000111111000000000000111110
000000000000000000000000000000000000000000000000000000000000000000000000000000000000000000000000000000001110000001100000001111111100000011100000111000000011111110000011111001111000001111111110000000000000111111111110000111111111111100111111111111100000001111111111111111111111000000111111111111000001
111111111111111111111111111111111111111111111111111111111111111111111111111111111111111111111111111111110001111110011111110000000011111100011111000111111100000001111100000110000111110000000001111111111111000000000001111000000000000011000000000000011111110000000000000000000000111111000000000000111110
111111111111111111111111111111111111111111111111111111111111111111111111111111111111111111111111111100001110000001100000001111111100000011100000111000000011111110000011111001111000001111111110000000000000111111111110000111111111111100111111111111100000001111111111111111111111000000111111111111000001
000000000000000000000000000000000000000000000000000000000000000000000000000000000000000000000000000011110001111110011111110000000011111100011111000111111100000001111100000110000111110000000001111111111111000000000001111000000000000011000000000000011111110000000000000000000000111111000000000000111110
111111111111111111111111111111111111111111111111111111111111111111111111111111111111111111111111111100001110000001100000001111111100000011100000111000000011111110000011111001111000001111111110000000000000111111111110000111111111111100111111111111100000001111111111111111111111000000111111111111000001
111111111111111111111111111111111111111111111111111111111111111111111111111111111111111111111111111111110001111110011111110000000011111100011111000111111100000001111100000110000111110000000001111111111111000000000001111000000000000011000000000000011111110000000000000000000000111111000000000000111110
000000000000000000000000000000000000000000000000000000000000000000000000000000000000000000000000000000001110000001100000001111111100000011100000111000000011111110000011111001111000001111111110000000000000111111111110000111111111111100111111111111100000001111111111111111111111000000111111111111000001
111111111111111111111111111111111111111111111111111111111111111111111111111111111111111111111111111111110001111110011111110000000011111100011111000111111100000001111100000110000111110000000001111111111111000000000001111000000000000011000000000000011111110000000000000000000000111111000000000000111110
111111111111111111111111111111111111111111111111111111111111111111111111111111111111111111111111111111000000000000000111000000000000110000000000000001110000000000000000000000000000000000000000011111000000000000000000000000000000000000000000000000000000000000000000000000000000000000000000000000000000
000000000000000000000000000000000000000000000000000000000000000000000000000000000000000000000000000000001110000001100000001111111100000011100000111000000011111110000011111001111000001111111110000000000000111111111110000111111111111100111111111111100000001111111111111111111111000000111111111111000001
111111111111111111111111111111111111111111111111111111111111111111111111111111111111111111111111111111110001111110011111110000000011111100011111000111111100000001111100000110000111110000000001111111111111000000000001111000000000000011000000000000011111110000000000000000000000111111000000000000111110
111111111111111111111111111111111111111111111111111111111111111111111111111111111111111111111111111100001110000001100000001111111100000011100000111000000011111110000011111001111000001111111110000000000000111111111110000111111111111100111111111111100000001111111111111111111111000000111111111111000001
000000000000000000000000000000000000000000000000000000000000000000000000000000000000000000000000000011110001111110011111110000000011111100011111000111111100000001111100000110000111110000000001111111111111000000000001111000000000000011000000000000011111110000000000000000000000111111000000000000111110
111111111111111111111111111111111111111111111111111111111111111111111111111111111111111111111111111100001110000001100000001111111100000011100000111000000011111110000011111001111000001111111110000000000000111111111110000111111111111100111111111111100000001111111111111111111111000000111111111111000001
111111111111111111111111111111111111111111111111111111111111111111111111111111111111111111111111111111110001111110011111110000000011111100011111000111111100000001111100000110000111110000000001111111111111000000000001111000000000000011000000000000011111110000000000000000000000111111000000000000111110
000000000000000000000000000000000000000000000000000000000000000000000000000000000000000000000000000000001110000001100000001111111100000011100000111000000011111110000011111001111000001111111110000000000000111111111110000111111111111100111111111111100000001111111111111111111111000000111111111111000001
111111111111111111111111111111111111111111111111111111111111111111111111111111111111111111111111111111110001111110011111110000000011111100011111000111111100000001111100000110000111110000000001111111111111000000000001111000000000000011000000000000011111110000000000000000000000111111000000000000111110
111111111111111111111111111111111111111111111111111111111111111111111111111111111111111111111111111100001110000001100000001111111100000011100000111000000011111110000011111001111000001111111110000000000000111111111110000111111111111100111111111111100000001111111111111111111111000000111111111111000001
000000000000000000000000000000000000000000000000000000000000000000000000000000000000000000000000000011110000000000011111110000000011111100000000000111111100000001111100000000000111110000000001111111111111000000000001111000000000000011000000000000011111110000000000000000000000111111000000000000111110
111111111111111111111111111111111111111111111111111111111111111111111111111111111111111111111111111100001111111111100000001111111100000011111111111000000011111110000011111111111000001111111110000000000000111111111110000111111111111100111111111111100000001111111111111111111111000000111111111111000001
111111111111111111111111111111111111111111111111111111111111111111111111111111111111111111111111111111110000000000011111110000000011111100000000000111111100000001111100000000000111110000000001111111111111000000000001111000000000000011000000000000011111110000000000000000000000111111000000000000111110
000000000000000000000000000000000000000000000000000000000000000000000000000000000000000000000000000000001111111111100000001111111100000011111111111000000011111110000011111111111000001111111110000000000000111111111110000111111111111100111111111111100000001111111111111111111111000000111111111111000001
111111111111111111111111111111111111111111111111111111111111111111111111111111111111111111111111111111110000000000011111110000000011111100000000000111111100000001111100000000000111110000000001111111111111000000000001111000000000000011000000000000011111110000000000000000000000111111000000000000111110
111111111111111111111111111111111111111111111111111111111111111111111111111111111111111111111111111100001111111111100000001111111100000011111111111000000011111110000011111111111000001111111110000000000000111111111110000111111111111100111111111111100000001111111111111111111111000000111111111111000001
000000000000000000000000000000000000000000000000000000000000000000000000000000000000000000000000000011110000000000011111110000000011111100000000000111111100000001111100000000000111110000000001111111111111000000000001111000000000000011000000000000011111110000000000000000000000111111000000000000111110
111111111111111111111111111111111111111111111111111111111111111111111111111111111111111111111111111100000001111110000000000000000000000000011111000000000000000000000000000110000000000000000000000000000000000000000000000000000000000000000000000000000000000000000000000000000000000000000000000000000000
111111111111111111111111111111111111111111111111111111111111111111111111111111111111111111111111111111111110000001111111111111111111111111100000111111111111111111111111111001111111111111111111111111111111111111111111111111111111111111111111111111111111111111111111111111111111111111111111111111111111
000000000000000000000000000000000000000000000000000000000000000000000000000000000000000000000000000000000000000000000000000000000000000000000000000000000000000000000000000000000000000000000000000000000000000000000000000000000000000000000000000000000000000000000000000000000000000000000000000000000000
111111111111111111111111111111111111111111111111111111111111111111111111111111111111111111111111111111111111111111111111111111111111111111111111111111111111111111111111111111111111111111111111111111111111111111111111111111111111111111111111111111111111111111111111111111111111111111111111111111111111
111111111111111111111111111111111111111111111111111111111111111111111111111111111111111111111111111100000000000000000000000000000000000000000000000000000000000000000000000000000000000000000000000000000000000000000000000000000000000000000000000000000000000000000000000000000000000000000000000000000000
000000000000000000000000000000000000000000000000000000000000000000000000000000000000000000000000000011111111111111111111111111111111111111111111111111111111111111111111111111111111111111111111111111111111111111111111111111111111111111111111111111111111111111111111111111111111111111111111111111111111
111111111111111111111111111111111111111111111111111111111111111111111111111111111111111111111111111100000000000000000000000000000000000000000000000000000000000000000000000000000000000000000000000000000000000000000000000000000000000000000000000000000000000000000000000000000000000000000000000000000000
111111111111111111111111111111111111111111111111111111111111111111111111111111111111111111111111111111111111111111111111111111111111111111111111111111111111111111111111111111111111111111111111111111111111111111111111111111111111111111111111111111111111111111111111111111111111111111111111111111111111
000000000000000000000000000000000000000000000000000000000000000000000000000000000000000000000000000000000000000000000000000000000000000000000000000000000000000000000000000000000000000000000000000000000000000000000000000000000000000000000000000000000000000000000000000000000000000000000000000000000000
000000000000000000000000000000000000000000000000000000000000000000000000000000000000000000000000000000000000000000000000000000000000000000000000000000000000000000000000000000000000000000000000000000000000000000000000000000000000000000000000000000000000000000000000000000000000000000000000000000000000
000000000000000000000000000000000000000000000000000000000000000000000000000000000000000000000000000000000000000000000000000000000000000000000000000000000000000000000000000000000000000000000000000000000000000000000000000000000000000000000000000000000000000000000000000000000000000000000000000000000000
000000000000000000000000000000000000000000000000000000000000000000000000000000000000000000000000000000000000000000000000000000000000000000000000000000000000000000000000000000000000000000000000000000000000000000000000000000000000000000000000000000000000000000000000000000000000000000000000000000000000
000000000000000000000000000000000000000000000000000000000000000000000000000000000000000000000000000000000000000000000000000000000000000000000000000000000000000000000000000000000000000000000000000000000000000000000000000000000000000000000000000000000000000000000000000000000000000000000000000000000000
000000000000000000000000000000000000000000000000000000000000000000000000000000000000000000000000000000000000000000000000000000000000000000000000000000000000000000000000000000000000000000000000000000000000000000000000000000000000000000000000000000000000000000000000000000000000000000000000000000000000
000000000000000000000000000000000000000000000000000000000000000000000000000000000000000000000000000000000000000000000000000000000000000000000000000000000000000000000000000000000000000000000000000000000000000000000000000000000000000000000000000000000000000000000000000000000000000000000000000000000000
000000000000000000000000000000000000000000000000000000000000000000000000000000000000000000000000000000000000000000000000000000000000000000000000000000000000000000000000000000000000000000000000000000000000000000000000000000000000000000000000000000000000000000000000000000000000000000000000000000000000
000000000000000000000000000000000000000000000000000000000000000000000000000000000000000000000000000000000000000000000000000000000000000000000000000000000000000000000000000000000000000000000000000000000000000000000000000000000000000000000000000000000000000000000000000000000000000000000000000000000000
000000000000000000000000000000000000000000000000000000000000000000000000000000000000000000000000000000000000000000000000000000000000000000000000000000000000000000000000000000000000000000000000000000000000000000000000000000000000000000000000000000000000000000000000000000000000000000000000000000000000
111111111111111111111111111111111111111111111111111111111111111111111111111111111111111111111111111111111111111111111111111111111111111111111111111111111111111111111111111111111111111111111111111111111111111111111111111111111111111111111111111111111111111111111111111111111111111111111111111111111111
111111111111111111111111111111111111111111111111111111111111111111111111111111111111111111111111111100000000000000000000000000000000000000000000000000000000000000000000000000000000000000000000000000000000000000000000000000000000000000000000000000000000000000000000000000000000000000000000000000000000
000000000000000000000000000000000000000000000000000000000000000000000000000000000000000000000000000011111111111111111111111111111111111111111111111111111111111111111111111111111111111111111111111111111111111111111111111111111111111111111111111111111111111111111111111111111111111111111111111111111111
111111111111111111111111111111111111111111111111111111111111111111111111111111111111111111111111111100000000000000000000000000000000000000000000000000000000000000000000000000000000000000000000000000000000000000000000000000000000000000000000000000000000000000000000000000000000000000000000000000000000
111111111111111111111111111111111111111111111111111111111111111111111111111111111111111111111111111111111111111111111111111111111111111111111111111111111111111111111111111111111111111111111111111111111111111111111111111111111111111111111111111111111111111111111111111111111111111111111111111111111111
000000000000000000000000000000000000000000000000000000000000000000000000000000000000000000000000000000000000000000000000000000000000000000000000000000000000000000000000000000000000000000000000000000000000000000000000000000000000000000000000000000000000000000000000000000000000000000000000000000000000
111111111111111111111111111111111111111111111111111111111111111111111111111111111111111111111111111111111111111111111000000111111111111111111111111110000011111111111111111111111111100111111111111111111111111111111111111111111111111111111111111111111111111111111111111111111111111111111111111111111111
111111111111111111111111111111111111111111111111111111111111111111111111111111111111111111111111111100000000000000000111111000000000000000000000000001111100000000000000000000000000011000000000000000000000000000000000000000000000000000000000000000000000000000000000000000000000000000000000000000000000
000000000000000000000000000000000000000000000000000000000000000000000000000000000000000000000000000011000001111111000000000001111111000000001111110000000000011111110000000111110000000000011111000000000000000011111100000000000111100000000000001100000000000001111111000000000000000000000011111100000000
111111111111111111111111111111111111111111111111111111111111111111111111111111111111111111111111111100111110000000111111111110000000111111110000001111111111100000001111111000001111111111100000111111111111111100000011111111111000011111111111110011111111111110000000111111111111111111111100000011111111
111111111111111111111111111111111111111111111111111111111111111111111111111111111111111111111111111111000001111111000000000001111111000000001111110000000000011111110000000111110000000000011111000000000000000011111100000000000111100000000000001100000000000001111111000000000000000000000011111100000000
000000000000000000000000000000000000000000000000000000000000000000000000000000000000000000000000000000111110000000111111111110000000111111110000001111111111100000001111111000001111111111100000111111111111111100000011111111111000011111111111110011111111111110000000111111111111111111111100000011111111
111111111111111111111111111111111111111111111111111111111111111111111111111111111111111111111111111111000001111111000000000001111111000000001111110000000000011111110000000111110000000000011111000000000000000011111100000000000111100000000000001100000000000001111111000000000000000000000011111100000000
111111111111111111111111111111111111111111111111111111111111111111111111111111111111111111111111111100111110000000111111111110000000111111110000001111111111100000001111111000001111111111100000111111111111111100000011111111111000011111111111110011111111111110000000111111111111111111111100000011111111
000000000000000000000000000000000000000000000000000000000000000000000000000000000000000000000000000011000001111111000000000001111111000000001111110000000000011111110000000111110000000000011111000000000000000011111100000000000111100000000000001100000000000001111111000000000000000000000011111100000000
111111111111111111111111111111111111111111111111111111111111111111111111111111111111111111111111111100111110000000111000000110000000111111110000001110000011100000001111111000001111100111100000111111111111111100000011111111111000011111111111110011111111111110000000111111111111111111111100000011111111
111111111111111111111111111111111111111111111111111111111111111111111111111111111111111111111111111111000001111111000111111001111111000000001111110001111100011111110000000111110000011000011111000000000000000011111100000000000111100000000000001100000000000001111111000000000000000000000011111100000000
000000000000000000000000000000000000000000000000000000000000000000000000000000000000000000000000000000111110000000111000000110000000111111110000001110000011100000001111111000001111100111100000111111111111111100000011111111111000011111111111110011111111111110000000111111111111111111111100000011111111
111111111111111111111111111111111111111111111111111111111111111111111111111111111111111111111111111111000001111111000111111001111111000000001111110001111100011111110000000111110000011000011111000000000000000011111100000000000111100000000000001100000000000001111111000000000000000000000011111100000000
111111111111111111111111111111111111111111111111111111111111111111111111111111111111111111111111111100111110000000111000000110000000111111110000001110000011100000001111111000001111100111100000111111111111111100000011111111111000011111111111110011111111111110000000111111111111111111111100000011111111
000000000000000000000000000000000000000000000000000000000000000000000000000000000000000000000000000011000001111111000111111001111111000000001111110001111100011111110000000111110000011000011111000000000000000011111100000000000111100000000000001100000000000001111111000000000000000000000011111100000000
111111111111111111111111111111111111111111111111111111111111111111111111111111111111111111111111111100111110000000111000000110000000111111110000001110000011100000001111111000001111100111100000111111111111111100000011111111111000011111111111110011111111111110000000111111111111111111111100000011111111
111111111111111111111111111111111111111111111111111111111111111111111111111111111111111111111111111111000001111111000111111001111111000000001111110001111100011111110000000111110000011000011111000000000000000011111100000000000111100000000000001100000000000001111111000000000000000000000011111100000000
000000000000000000000000000000000000000000000000000000000000000000000000000000000000000000000000000000111110000000111000000110000000111111110000001110000011100000001111111000001111100111100000111111111111111100000011111111111000011111111111110011111111111110000000111111111111111111111100000011111111
111111111111111111111111111111111111111111111111111111111111111111111111111111111111111111111111111111000001111111000111111001111111000000001111110001111100011111110000000111110000011000011111000000000000000011111100000000000111100000000000001100000000000001111111000000000000000000000011111100000000
111111111111111111111111111111111111111111111111111111111111111111111111111111111111111111111111111100000000001100000000000000011100000000000011000000000000000111000000000000000000000000000000000000000000000000000000000000000000000000000000000000000000000000000000000000000000000000000000000000000000
000000000000000000000000000000000000000000000000000000000000000000000000000000000000000000000000000000111110000000111000000110000000111111110000001110000011100000001111111000001111100111100000111111111111111100000011111111111000011111111111110011111111111110000000111111111111111111111100000011111111
111111111111111111111111111111111111111111111111111111111111111111111111111111111111111111111111111111000001111111000111111001111111000000001111110001111100011111110000000111110000011000011111000000000000000011111100000000000111100000000000001100000000000001111111000000000000000000000011111100000000
111111111111111111111111111111111111111111111111111111111111111111111111111111111111111111111111111100111110000000111000000110000000111111110000001110000011100000001111111000001111100111100000111111111111111100000011111111111000011111111111110011111111111110000000111111111111111111111100000011111111
000000000000000000000000000000000000000000000000000000000000000000000000000000000000000000000000000011000001111111000111111001111111000000001111110001111100011111110000000111110000011000011111000000000000000011111100000000000111100000000000001100000000000001111111000000000000000000000011111100000000
111111111111111111111111111111111111111111111111111111111111111111111111111111111111111111111111111100111110000000111000000110000000111111110000001110000011100000001111111000001111100111100000111111111111111100000011111111111000011111111111110011111111111110000000111111111111111111111100000011111111
111111111111111111111111111111111111111111111111111111111111111111111111111111111111111111111111111111000001111111000111111001111111000000001111110001111100011111110000000111110000011000011111000000000000000011111100000000000111100000000000001100000000000001111111000000000000000000000011111100000000
000000000000000000000000000000000000000000000000000000000000000000000000000000000000000000000000000000111110000000111000000110000000111111110000001110000011100000001111111000001111100111100000111111111111111100000011111111111000011111111111110011111111111110000000111111111111111111111100000011111111
111111111111111111111111111111111111111111111111111111111111111111111111111111111111111111111111111111000001111111000111111001111111000000001111110001111100011111110000000111110000011000011111000000000000000011111100000000000111100000000000001100000000000001111111000000000000000000000011111100000000
111111111111111111111111111111111111111111111111111111111111111111111111111111111111111111111111111100111110000000111000000110000000111111110000001110000011100000001111111000001111100111100000111111111111111100000011111111111000011111111111110011111111111110000000111111111111111111111100000011111111
000000000000000000000000000000000000000000000000000000000000000000000000000000000000000000000000000011000001111111000000000001111111000000001111110000000000011111110000000111110000000000011111000000000000000011111100000000000111100000000000001100000000000001111111000000000000000000000011111100000000
111111111111111111111111111111111111111111111111111111111111111111111111111111111111111111111111111100111110000000111111111110000000111111110000001111111111100000001111111000001111111111100000111111111111111100000011111111111000011111111111110011111111111110000000111111111111111111111100000011111111
111111111111111111111111111111111111111111111111111111111111111111111111111111111111111111111111111111000001111111000000000001111111000000001111110000000000011111110000000111110000000000011111000000000000000011111100000000000111100000000000001100000000000001111111000000000000000000000011111100000000
000000000000000000000000000000000000000000000000000000000000000000000000000000000000000000000000000000111110000000111111111110000000111111110000001111111111100000001111111000001111111111100000111111111111111100000011111111111000011111111111110011111111111110000000111111111111111111111100000011111111
111111111111111111111111111111111111111111111111111111111111111111111111111111111111111111111111111111000001111111000000000001111111000000001111110000000000011111110000000111110000000000011111000000000000000011111100000000000111100000000000001100000000000001111111000000000000000000000011111100000000
111111111111111111111111111111111111111111111111111111111111111111111111111111111111111111111111111100111110000000111111111110000000111111110000001111111111100000001111111000001111111111100000111111111111111100000011111111111000011111111111110011111111111110000000111111111111111111111100000011111111
000000000000000000000000000000000000000000000000000000000000000000000000000000000000000000000000000011000001111111000000000001111111000000001111110000000000011111110000000111110000000000011111000000000000000011111100000000000111100000000000001100000000000001111111000000000000000000000011111100000000
111111111111111111111111111111111111111111111111111111111111111111111111111111111111111111111111111100000000000000000111111000000000000000000000000001111100000000000000000000000000011000000000000000000000000000000000000000000000000000000000000000000000000000000000000000000000000000000000000000000000
111111111111111111111111111111111111111111111111111111111111111111111111111111111111111111111111111111111111111111111000000111111111111111111111111110000011111111111111111111111111100111111111111111111111111111111111111111111111111111111111111111111111111111111111111111111111111111111111111111111111
000000000000000000000000000000000000000000000000000000000000000000000000000000000000000000000000000000000000000000000000000000000000000000000000000000000000000000000000000000000000000000000000000000000000000000000000000000000000000000000000000000000000000000000000000000000000000000000000000000000000
111111111111111111111111111111111111111111111111111111111111111111111111111111111111111111111111111111111111111111111111111111111111111111111111111111111111111111111111111111111111111111111111111111111111111111111111111111111111111111111111111111111111111111111111111111111111111111111111111111111111
111111111111111111111111111111111111111111111111111111111111111111111111111111111111111111111111111100000000000000000000000000000000000000000000000000000000000000000000000000000000000000000000000000000000000000000000000000000000000000000000000000000000000000000000000000000000000000000000000000000000
000000000000000000000000000000000000000000000000000000000000000000000000000000000000000000000000000011111111111111111111111111111111111111111111111111111111111111111111111111111111111111111111111111111111111111111111111111111111111111111111111111111111111111111111111111111111111111111111111111111111
111111111111111111111111111111111111111111111111111111111111111111111111111111111111111111111111111100000000000000000000000000000000000000000000000000000000000000000000000000000000000000000000000000000000000000000000000000000000000000000000000000000000000000000000000000000000000000000000000000000000
111111111111111111111111111111111111111111111111111111111111111111111111111111111111111111111111111111111111111111111111111111111111111111111111111111111111111111111111111111111111111111111111111111111111111111111111111111111111111111111111111111111111111111111111111111111111111111111111111111111111
000000000000000000000000000000000000000000000000000000000000000000000000000000000000000000000000000000000000000000000000000000000000000000000000000000000000000000000000000000000000000000000000000000000000000000000000000000000000000000000000000000000000000000000000000000000000000000000000000000000000
000000000000000000000000000000000000000000000000000000000000000000000000000000000000000000000000000000000000000000000000000000000000000000000000000000000000000000000000000000000000000000000000000000000000000000000000000000000000000000000000000000000000000000000000000000000000000000000000000000000000
000000000000000000000000000000000000000000000000000000000000000000000000000000000000000000000000000000000000000000000000000000000000000000000000000000000000000000000000000000000000000000000000000000000000000000000000000000000000000000000000000000000000000000000000000000000000000000000000000000000000
000000000000000000000000000000000000000000000000000000000000000000000000000000000000000000000000000000000000000000000000000000000000000000000000000000000000000000000000000000000000000000000000000000000000000000000000000000000000000000000000000000000000000000000000000000000000000000000000000000000000
000000000000000000000000000000000000000000000000000000000000000000000000000000000000000000000000000000000000000000000000000000000000000000000000000000000000000000000000000000000000000000000000000000000000000000000000000000000000000000000000000000000000000000000000000000000000000000000000000000000000
000000000000000000000000000000000000000000000000000000000000000000000000000000000000000000000000000000000000000000000000000000000000000000000000000000000000000000000000000000000000000000000000000000000000000000000000000000000000000000000000000000000000000000000000000000000000000000000000000000000000
000000000000000000000000000000000000000000000000000000000000000000000000000000000000000000000000000000000000000000000000000000000000000000000000000000000000000000000000000000000000000000000000000000000000000000000000000000000000000000000000000000000000000000000000000000000000000000000000000000000000
000000000000000000000000000000000000000000000000000000000000000000000000000000000000000000000000000000000000000000000000000000000000000000000000000000000000000000000000000000000000000000000000000000000000000000000000000000000000000000000000000000000000000000000000000000000000000000000000000000000000
000000000000000000000000000000000000000000000000000000000000000000000000000000000000000000000000000000000000000000000000000000000000000000000000000000000000000000000000000000000000000000000000000000000000000000000000000000000000000000000000000000000000000000000000000000000000000000000000000000000000
000000000000000000000000000000000000000000000000000000000000000000000000000000000000000000000000000000000000000000000000000000000000000000000000000000000000000000000000000000000000000000000000000000000000000000000000000000000000000000000000000000000000000000000000000000000000000000000000000000000000
111111111111111111111111111111111111111111111111111111111111111111111111111111111111111111111111111111111111111111111111111111111111111111111111111111111111111111111111111111111111111111111111111111111111111111111111111111111111111111111111111111111111111111111111111111111111111111111111111111111111
000000000000000000000000000000000000000000000000000000000000000000000000000000000000000000000000000000000000000000000000000000000000000000000000000000000000000000000000000000000000000000000000000000000000000000000000000000000000000000000000000000000000000000000000000000000000000000000000000000000000
111111111111111111111111111111111111111111111111111111111111111111111111111111111111111111111111111111111111111111100111111111111111111100111111111111111111111100000000011111111111111111100000001111111111111111111110111111111111111111110000011111111111111111110000000001111111111111111100000000111111
111111111111111111111111111111111111111111111111111111111111111111111111111111111111111111111111111111110000000000011000000001100000000011000000000111110000000011111111100001111110000000011111110000111111000000000001000000000100000000001111100000011111100000001111111110000111111000000011111111000011
000000000000000000000000000000000000000000000000000000000000000000000000000000000000000000000000000000001111110000000000111110011111100000000000111000001111110000000000001110000001111110000000000111000000111111000000000011111011111110000000000011100000011111000000000000111000000111110000000000011100
111111111111111111111111111111111111111111111111111111111111111111111111111111111111111111111111111111111100001111111111000111111000011111111111001111111100001111111111110011111111000001111111111001111111110000111111111100011111000001111111111100111111110000111100000111001111111110001111111111100111
111111111111111111111111111111111111111111111111111111111111111111111111111111111111111111111111111100000011100000000000011000000111000000000000010001100011100000000000000100111100111100000000000110000000001110000000000001100000111100000000000011001110001110000011111000010011110001100000000000011001
000000000000000000000000000000000000000000000000000000000000000000000000000000000000000000000000000011111100011111100111100111111000111100111111101110011100011100000000011011000011000011100000001001111111110001111110111110011111000011110000011100110001110001110000000001101100001110011100000000100110
111111111111111111111111111111111111111111111111111111111111111111111111111111111111111111111111111111110011000000011000001001100110000011000000010111110011000011111111100101111110111000011111110010111111001100000001000001100100111000001111100001011111101100001100000110010111111001100011111111001011
111111111111111111111111111111111111111111111111111111111111111111111111111111111111111111111111111100001100111100000001110110011101110000000001101001101100111000000000001010111101100111000000001101000000111011100000000110111011100111000000000110101110011011100011111000101011110110011000000000111101
000000000000000000000000000000000000000000000000000000000000000000000000000000000000000000000000000011111011000011111110001011110010001111111110010110011011000111000000110101000011011000111100110011111111100100011111111001001110011000111111111001010001100100011000000011010100001101100111111011000110
111111111111111111111111111111111111111111111111111111111111111111111111111111111111111111111111111101100100110000000000110100001101100000000000101011110100110000111111001010111100100110000011000100110110011011000000000010110001100110000000000010111111011011000100000100101111111010010000000100011011
111111111111111111111111111111111111111111111111111111111111111111111111111111111111111111111111111110011011001111100111001011110010011100111111010100001011001100000000010101011011011001100000001011001001100100111110111101001110011001110000011101000100100100110011111001010001100101101100000000100100
000000000000000000000000000000000000000000000000000000000000000000000000000000000000000000000000000001100100110000011000110100001101100011000000101011110100110011000000101010100100100110011100110100110110011011000001000010110001100110001111100010111011011011001000000010101110011010010011111011011011
111111111111111111111111111111111111111111111111111111111111111111111111111111111111111111111111111110011011001100000001001011110010010000000001010101101011001000111111000101111111011001000011001011001001100100100000000101001110011001000000000101001110100100100111111100010011110101101000000100100101
111111111111111111111111111111111111111111111111111111111111111111111111111111111111111111111111111111110100100011111110010101101101001111111110001110010100100111000000110011011010100100111100110100111111011010011111111000110101100100111111111010110101111010011000000011001101101010000111111011011010
000000000000000000000000000000000000000000000000000000000000000000000000000000000000000000000000000001101111011100000001101110011010110000000001111011111111011000111111001110100101011011000011001011110110110101100000000111011011011011000000000101111011010101100100000100111110011111111000000100100111
111111111111111111111111111111111111111111111111111111111111111111111111111111111111111111111111111110010000100011100110010001100101001100111110000101100000100100000000010001111110100100100000000100001001001010011110111000100100100100110000011010001110101010010011111001000011110000000100000000011001
111111111111111111111111111111111111111111111111111111111111111111111111111111111111111111111111111101101111010000011000101110011010100011000000111010011111010011000000101110011001011010011100110011110110110101000001000011011011011010001111100001110101010101001000000010111101101111110011111011000110
000000000000000000000000000000000000000000000000000000000000000000000000000000000000000000000000000010011000101100000001010011110101010000000001000101101000101000111111000001100111100101000011001101001001101010100000000100101110100101000000000110001010101010100100000100000010010100001000000100111101
111111111111111111111111111111111111111111111111111111111111111111111111111111111111111111111111111111110111010011100110101101101010101100111110111110010111010100000000011111011010011010100000000010111111010101011110111011010101011010110000011001110101110101010011111001111101101011110100000000000010
111111111111111111111111111111111111111111111111111111111111111111111111111111111111111111111111111101101000101100011001010010010101010011000001000011111000101011000000100000111101100101011100111101110110101010100001000100101010100101001111100110011111001010101000000010000111111100001011111011111111
000000000000000000000000000000000000000000000000000000000000000000000000000000000000000000000000000010010111010011100110101101101010101100111110111101100111010100111111011111100110011010100011000010001001010101011110111011010101011010110000011001101010110101010100000101111010010011110100000100000001
111111111111111111111111111111111111111111111111111111111111111111111111111111111111111111111111111101101000101100011001010010010101010011000001000010011000101011000000100000011001100101011100111101110110101010100001000100101010100101001111100110010101001010101011111010000101101100001011111011111110
111111111111111111111111111111111111111111111111111111111111111111111111111111111111111111111111111111111111010011100110101111111110101100111110111111111111010100111111011111111111111010100011000011111111111101011110111011111111111010110000011001111111111101010100000101111111111111110100000100001111
000000000000000000000000000000000000000000000000000000000000000000000000000000000000000000000000000010010110000000000000001101101000000000000000001101100110000000000000000011100110010000000000000010001001010000000000000000010101010000000000000001101010110000000000000000011010010011000000000000000001
111111111111111111111111111111111111111111111111111111111111111111111111111111111111111111111111111101101000101100011001010010010101010011000001000010011000101011000000100000011001100101011100111101110110101010100001000100101010100101001111100110010101001010101011111010000101101100001011111011111110
000000000000000000000000000000000000000000000000000000000000000000000000000000000000000000000000000010010111010011100110101101101010101100111110111101100111010100111111011111100110011010100011000010001001010101011110111011010101011010110000011001101010110101010100000101111010010011110100000100000001
111111111111111111111111111111111111111111111111111111111111111111111111111111111111111111111111111101101000101100011001010010010101010011000001000011111000101011000000100000111101100101011100111101110110101010100001000100101010100101001111100110011111001010101000000010000111111100001011111011111111
111111111111111111111111111111111111111111111111111111111111111111111111111111111111111111111111111111110111010011100110101101101010101100111110111110010111010100000000011111011010011010100000000010111111010101011110111011010101011010110000011001110101110101010011111001111101101011110100000000000010
000000000000000000000000000000000000000000000000000000000000000000000000000000000000000000000000000010011000101100000001010011110101010000000001000101101000101000111111000001100111100101000011001101001001101010100000000100101110100101000000000110001010101010100100000100000010010100001000000100111101
111111111111111111111111111111111111111111111111111111111111111111111111111111111111111111111111111101100111010000011000101100001010100011000000111010010111010011000000101110011000011010011100110010110110010101000001000011010001011010001111100001110101010101001000000010111101101011110011111011000010
111111111111111111111111111111111111111111111111111111111111111111111111111111111111111111111111111110011000100011100110010011110101001100111110000101101000100100000000010001111111100100100000000101001001101010011110111000101110100100110000011010001110101010010011111001000011110100000100000000011101
000000000000000000000000000000000000000000000000000000000000000000000000000000000000000000000000000001101111011100000001101110011010110000000001111011111111011000111111001110100101011011000011001011110110110101100000000111011011011011000000000101111011010101100100000100111110011111111000000100100111
111111111111111111111111111111111111111111111111111111111111111111111111111111111111111111111111111111110100100011111110010101101101001111111110001110010100100111000000110011011010100100111100110100111111011010011111111000110101100100111111111010110101111010011000000011001101101010000111111011011010
111111111111111111111111111111111111111111111111111111111111111111111111111111111111111111111111111110011011001100000001001011110010010000000001010101101011001000111111000101111111011001000011001011001001100100100000000101001110011001000000000101001110100100100111111100010011110101101000000100100101
000000000000000000000000000000000000000000000000000000000000000000000000000000000000000000000000000001100100110000011000110100001101100011000000101011110100110011000000101010100100100110011100110100110110011011000001000010110001100110001111100010111011011011001000000010101110011010010011111011011011
111111111111111111111111111111111111111111111111111111111111111111111111111111111111111111111111111110011011001111100111001011110010011100111111010100001011001100000000010101011011011001100000001011001001100100111110111101001110011001110000011101000100100100110011111001010001100101101100000000100100
111111111111111111111111111111111111111111111111111111111111111111111111111111111111111111111111111101101100110000000000110110011101100000000000101011111100110000111111001010111101100110000011000101110110111011000000000010111011100110000000000010111111011011000100000100101111111110010000000100011111
000000000000000000000000000000000000000000000000000000000000000000000000000000000000000000000000000011110011000011111110001001100010001111111110010110010011000111000000110101000010011000111100110010111111000100011111111001000100011000111111111001010001100100011000000011010100001001100111111011000010
111111111111111111111111111111111111111111111111111111111111111111111111111111111111111111111111111100001100111100000001110110011101110000000001101001101100111000000000001010111101100111000000001101000000111011100000000110111011100111000000000110101110011011100011111000101011110110011000000000111101
111111111111111111111111111111111111111111111111111111111111111111111111111111111111111111111111111111110011000000011000001001100110000011000000010111110011000011111111100101111110111000011111110010111111001100000001000001100100111000001111100001011111101100001100000110010111111001100011111111001011
000000000000000000000000000000000000000000000000000000000000000000000000000000000000000000000000000011111100011111100111100111111000111100111111101110011100011100000000011011000011000011100000001001111111110001111110111110011111000011110000011100110001110001110000000001101100001110011100000000100110
111111111111111111111111111111111111111111111111111111111111111111111111111111111111111111111111111100000011100000000000011000000111000000000000010001100011100000000000000100111100111100000000000110000000001110000000000001100000111100000000000011001110001110000011111000010011110001100000000000011001
111111111111111111111111111111111111111111111111111111111111111111111111111111111111111111111111111111111100001111111111000111111000011111111111001111111100001111111111110011111111000001111111111001111111110000111111111100011111000001111111111100111111110000111100000111001111111110001111111111100111
000000000000000000000000000000000000000000000000000000000000000000000000000000000000000000000000000000000111110000000000111100001111100000000000111000000111110000000000001110000000111110000000000110000000011111000000000011110001111110000000000011100000011111000000000000111000000011110000000000011000
111111111111111111111111111111111111111111111111111111111111111111111111111111111111111111111111111111111000000000011000000011110000000011000000000111111000000011111111100001111111000000011111110001111111100000000001000000001110000000001111100000011111100000001111111110000111111100000011111111000111
111111111111111111111111111111111111111111111111111111111111111111111111111111111111111111111111111111111111111111100111111111111111111100111111111111111111111100000000011111111111111111100000001111111111111111111110111111111111111111110000011111111111111111110000000001111111111111111100000000111111
000000000000000000000000000000000000000000000000000000000000000000000000000000000000000000000000000000000000000000000000000000000000000000000000000000000000000000000000000000000000000000000000000000000000000000000000000000000000000000000000000000000000000000000000000000000000000000000000000000000000
111111111111111111111111111111111111111111111111111111111111111111111111111111111111111111111111111111111111111111111111111111111111111111111111111111111111111111111111111111111111111111111111111111111111111111111111111111111111111111111111111111111111111111111111111111111111111111111111111111111111
000000000000000000000000000000000000000000000000000000000000000000000000000000000000000000000000000000000000000000000000000000000000000000000000000000000000000000000000000000000000000000000000000000000000000000000000000000000000000000000000000000000000000000000000000000000000000000000000000000000000
000000000000000000000000000000000000000000000000000000000000000000000000000000000000000000000000000000000000000000000000000000000000000000000000000000000000000000000000000000000000000000000000000000000000000000000000000000000000000000000000000000000000000000000000000000000000000000000000000000000000
000000000000000000000000000000000000000000000000000000000000000000000000000000000000000000000000000000000000000000000000000000000000000000000000000000000000000000000000000000000000000000000000000000000000000000000000000000000000000000000000000000000000000000000000000000000000000000000000000000000000
000000000000000000000000000000000000000000000000000000000000000000000000000000000000000000000000000000000000000000000000000000000000000000000000000000000000000000000000000000000000000000000000000000000000000000000000000000000000000000000000000000000000000000000000000000000000000000000000000000000000
000000000000000000000000000000000000000000000000000000000000000000000000000000000000000000000000000000000000000000000000000000000000000000000000000000000000000000000000000000000000000000000000000000000000000000000000000000000000000000000000000000000000000000000000000000000000000000000000000000000000
000000000000000000000000000000000000000000000000000000000000000000000000000000000000000000000000000000000000000000000000000000000000000000000000000000000000000000000000000000000000000000000000000000000000000000000000000000000000000000000000000000000000000000000000000000000000000000000000000000000000
000000000000000000000000000000000000000000000000000000000000000000000000000000000000000000000000000000000000000000000000000000000000000000000000000000000000000000000000000000000000000000000000000000000000000000000000000000000000000000000000000000000000000000000000000000000000000000000000000000000000
000000000000000000000000000000000000000000000000000000000000000000000000000000000000000000000000000000000000000000000000000000000000000000000000000000000000000000000000000000000000000000000000000000000000000000000000000000000000000000000000000000000000000000000000000000000000000000000000000000000000
000000000000000000000000000000000000000000000000000000000000000000000000000000000000000000000000000000000000000000000000000000000000000000000000000000000000000000000000000000000000000000000000000000000000000000000000000000000000000000000000000000000000000000000000000000000000000000000000000000000000
000000000000000000000000000000000000000000000000000000000000000000000000000000000000000000000000000000000000000000000000000000000000000000000000000000000000000000000000000000000000000000000000000000000000000000000000000000000000000000000000000000000000000000000000000000000000000000000000000000000000
111111111111111111111111111111111111111111111111111111111111111111111111111111111111111111111111111111111111111111111111111111111111111111111111111111111111111111111111111111111111111111111111111111111111111111111111111111111111111111111111111111111111111111111111111111111111111111111111111111111111
000000000000000000000000000000000000000000000000000000000000000000000000000000000000000000000000000000000000000000000000000000000000000000000000000000000000000000000000000000000000000000000000000000000000000000000000000000000000000000000000000000000000000000000000000000000000000000000000000000000000
111111111111111111111111111111111111111111111111111111111111111111111111111111111111111111111111111100011111111111111111111110011111111111111111110011111111111111111111110000000001111111111111111110000000111111111111111111111011111111111111111111000001111111111111111111000000000111111111111111110000
111111111111111111111111111111111111111111111111111111111111111111111111111111111111111111111111111111100000001111000000000001100000000110000000001100000000011111000000001111111110000111111000000001111111000000111100000000000100000000010000000000111110000001111110000000111111111000011111100000001111
000000000000000000000000000000000000000000000000000000000000000000000000000000000000000000000000000000000011110000111111000000000011111001111110000000000011100000111111000000000000111000000111111000000000001111000011111100000000001111101111111000000000001110000001111100000000000011100000011111000000
111111111111111111111111111111111111111111111111111111111111111111111111111111111111111111111111111111111100011111110000111111111100011111100001111111111100111111110000111111111111001111111100000111111111110001111111000011111111110001111100000111111111110011111111000011110000011100111111111000111111
111111111111111111111111111111111111111111111111111111111111111111111111111111111111111111111111111100000001100000001110000000000001100000011100000000000001000110001110000000000000010011110011110000000000000110000000111000000000000110000011110000000000001100111000111000001111100001001111000110000000
000000000000000000000000000000000000000000000000000000000000000000000000000000000000000000000000000000011110011111110001111110011110011111100011110011111110111001110001110000000001101100001100001110000000111001111111000111111011111001111100001111000001110011000111000111000000000110110000111001110000
111111111111111111111111111111111111111111111111111111111111111111111111111111111111111111111111111111100001101111001100000001100000100110011000001100000001011111001100001111111110010111111011100001111111000110111100110000000100000110010011100000111110000101111110110000110000011001011111100110001111
111111111111111111111111111111111111111111111111111111111111111111111111111111111111111111111111111100000110110000110011110000000111011001110111000000000110100110110011100000000000101011110110011100000000011011000011101110000000011011101110011100000000011010111001101110001111100010101111011001100000
000000000000000000000000000000000000000000000000000000000000000000000000000000000000000000000000000011111001011111101100001111111000101111001000111111111001011001101100011100000011010100001101100011110111100101111110010001111111100100111001100011111111100101000110010001100000001101010000110110011111
111111111111111111111111111111111111111111111111111111111111111111111111111111111111111111111111111100000010100110010011000000000011010000110110000000000010101111010011000011111100101011110010011000001000001010011001101100000000001011000110011000000000001011111101101100010000010010111111101001000000
111111111111111111111111111111111111111111111111111111111111111111111111111111111111111111111111111100011101011001101100111110011100101111001001110011111101010000101100110000000001010101101101100110000000110101100110010011111011110100111001100111000001110100010010010011001111100101000110010110110000
000000000000000000000000000000000000000000000000000000000000000000000000000000000000000000000000000011100010100110010011000001100011010000110110001100000010101111010011001100000010101010010010011001110111001010011001101100000100001011000110011000111110001011101101101100100000001010111001101001001111
111111111111111111111111111111111111111111111111111111111111111111111111111111111111111111111111111100000101011001101100110000000100101111001001000000000101010110101100100011111100010111111101100100001000010101100110010010000000010100111001100100000000010100111010010010011111110001001111010110100000
111111111111111111111111111111111111111111111111111111111111111111111111111111111111111111111111111111111000101111010010001111111001010110110100111111111000111001010010011100000011001101101010010011110111100010111101101001111111100011010110010011111111101011010111101001100000001100110110101000011111
000000000000000000000000000000000000000000000000000000000000000000000000000000000000000000000000000000000111010110111101110000000110111001101011000000000111101111111101100011111100111010010101101100001000011101011011010110000000011101101101101100000000010111101101010110010000010011111001111111100000
111111111111111111111111111111111111111111111111111111111111111111111111111111111111111111111111111100011000101001000010001110011001000110010100110011111000010110000010010000000001000111111010010010000000100010100100101001111011100010010010010011000001101000111010101001001111100100001111000000010000
111111111111111111111111111111111111111111111111111111111111111111111111111111111111111111111111111111100011010110111101000001100010111001101010001100000011101001111101001100000010111001100101101001110111001101011011010100000100001101101101101000111110000111010101010100100000001011110110111111001111
000000000000000000000000000000000000000000000000000000000000000000000000000000000000000000000000000000000100111001100010110000000101001111010101000000000100010110100010100011111100000110011110010100001000010011100110101010000000010010111010010100000000011000101010101010010000010000001001010000100000
111111111111111111111111111111111111111111111111111111111111111111111111111111111111111111111111111100011011001111011101001110011010110110101010110011111011111001011101010000000001111101101001101010000000101100111101010101111011101101010101101011000001100111010111010101001111100111110110101111010000
111111111111111111111111111111111111111111111111111111111111111111111111111111111111111111111111111111100100110110100010110001100101001001010101001100000100001111100010101100000010000011110110010101110111010011011010101010000100010010101010010100111110011001111100101010100000001000011111110000101111
000000000000000000000000000000000000000000000000000000000000000000000000000000000000000000000000000000011011001001011101001110011010110110101010110011111011110110011101010011111101111110011001101010001000101100100101010101111011101101010101101011000001100110101011010101010000010111101001001111010000
111111111111111111111111111111111111111111111111111111111111111111111111111111111111111111111111111111100100110110100010110001100101001001010101001100000100001001100010101100000010000001100110010101110111010011011010101010000100010010101010010100111110011001010100101010101111101000010110110000101111
111111111111111111111111111111111111111111111111111111111111111111111111111111111111111111111111111100011011111111111101001110011010111111111010110011111011111111111101010011111101111111111111101010001000101111111111110101111011101111111111101011000001100111111111110101010000010111111111111111010000
000000000000000000000000000000000000000000000000000000000000000000000000000000000000000000000000000000000000001001011000000000000000110110100000000000000000110110011000000000000000001110011001000000000000000000100101000000000000000001010101000000000000000110101011000000000000000001101001001100000000
111111111111111111111111111111111111111111111111111111111111111111111111111111111111111111111111111111100100110110100010110001100101001001010101001100000100001001100010101100000010000001100110010101110111010011011010101010000100010010101010010100111110011001010100101010101111101000010110110000101111
000000000000000000000000000000000000000000000000000000000000000000000000000000000000000000000000000000011011001001011101001110011010110110101010110011111011110110011101010011111101111110011001101010001000101100100101010101111011101101010101101011000001100110101011010101010000010111101001001111010000
111111111111111111111111111111111111111111111111111111111111111111111111111111111111111111111111111111100100110110100010110001100101001001010101001100000100001111100010101100000010000011110110010101110111010011011010101010000100010010101010010100111110011001111100101010100000001000011111110000101111
111111111111111111111111111111111111111111111111111111111111111111111111111111111111111111111111111100011011001111011101001110011010110110101010110011111011111001011101010000000001111101101001101010000000101100111101010101111011101101010101101011000001100111010111010101001111100111110110101111010000
000000000000000000000000000000000000000000000000000000000000000000000000000000000000000000000000000000000100111001100010110000000101001111010101000000000100010110100010100011111100000110011110010100001000010011100110101010000000010010111010010100000000011000101010101010010000010000001001010000100000
111111111111111111111111111111111111111111111111111111111111111111111111111111111111111111111111111111100011000110011101000001100010110000101010001100000011101001011101001100000010111001100001101001110111001100011001010100000100001101000101101000111110000111010101010100100000001011110110101111001111
111111111111111111111111111111111111111111111111111111111111111111111111111111111111111111111111111100011000111001100010001110011001001111010100110011111000010110100010010000000001000111111110010010000000100011100110101001111011100010111010010011000001101000111010101001001111100100001111010000010000
000000000000000000000000000000000000000000000000000000000000000000000000000000000000000000000000000000000111010110111101110000000110111001101011000000000111101111111101100011111100111010010101101100001000011101011011010110000000011101101101101100000000010111101101010110010000010011111001111111100000
111111111111111111111111111111111111111111111111111111111111111111111111111111111111111111111111111111111000101111010010001111111001010110110100111111111000111001010010011100000011001101101010010011110111100010111101101001111111100011010110010011111111101011010111101001100000001100110110101000011111
111111111111111111111111111111111111111111111111111111111111111111111111111111111111111111111111111100000101011001101100110000000100101111001001000000000101010110101100100011111100010111111101100100001000010101100110010010000000010100111001100100000000010100111010010010011111110001001111010110100000
000000000000000000000000000000000000000000000000000000000000000000000000000000000000000000000000000011100010100110010011000001100011010000110110001100000010101111010011001100000010101010010010011001110111001010011001101100000100001011000110011000111110001011101101101100100000001010111001101001001111
111111111111111111111111111111111111111111111111111111111111111111111111111111111111111111111111111100011101011001101100111110011100101111001001110011111101010000101100110000000001010101101101100110000000110101100110010011111011110100111001100111000001110100010010010011001111100101000110010110110000
111111111111111111111111111111111111111111111111111111111111111111111111111111111111111111111111111100000010110110110011000000000011011001110110000000000010101111110011000011111100101011110110011000001000001011011011101100000000001011101110011000000000001011111101101100010000010010111111111001000000
000000000000000000000000000000000000000000000000000000000000000000000000000000000000000000000000000011111001001111001100001111111000100110001000111111111001011001001100011100000011010100001001100011110111100100111100010001111111100100010001100011111111100101000110010001100000001101010000100110011111
111111111111111111111111111111111111111111111111111111111111111111111111111111111111111111111111111100000110110000110011110000000111011001110111000000000110100110110011100000000000101011110110011100000000011011000011101110000000011011101110011100000000011010111001101110001111100010101111011001100000
111111111111111111111111111111111111111111111111111111111111111111111111111111111111111111111111111111100001101111001100000001100000100110011000001100000001011111001100001111111110010111111011100001111111000110111100110000000100000110010011100000111110000101111110110000110000011001011111100110001111
000000000000000000000000000000000000000000000000000000000000000000000000000000000000000000000000000000011110011111110001111110011110011111100011110011111110111001110001110000000001101100001100001110000000111001111111000111111011111001111100001111000001110011000111000111000000000110110000111001110000
111111111111111111111111111111111111111111111111111111111111111111111111111111111111111111111111111100000001100000001110000000000001100000011100000000000001000110001110000000000000010011110011110000000000000110000000111000000000000110000011110000000000001100111000111000001111100001001111000110000000
111111111111111111111111111111111111111111111111111111111111111111111111111111111111111111111111111111111100011111110000111111111100011111100001111111111100111111110000111111111111001111111100000111111111110001111111000011111111110001111100000111111111110011111111000011110000011100111111111000111111
000000000000000000000000000000000000000000000000000000000000000000000000000000000000000000000000000000000011100000011111000000000011110000111110000000000011100000011111000000000000111000000011111000000000001110000001111100000000001111000111111000000000001110000001111100000000000011100000001111000000
111111111111111111111111111111111111111111111111111111111111111111111111111111111111111111111111111111100000011111100000000001100000001111000000001100000000011111100000001111111110000111111100000001111111000001111110000000000100000000111000000000111110000001111110000000111111111000011111110000001111
111111111111111111111111111111111111111111111111111111111111111111111111111111111111111111111111111100011111111111111111111110011111111111111111110011111111111111111111110000000001111111111111111110000000111111111111111111111011111111111111111111000001111111111111111111000000000111111111111111110000
000000000000000000000000000000000000000000000000000000000000000000000000000000000000000000000000000000000000000000000000000000000000000000000000000000000000000000000000000000000000000000000000000000000000000000000000000000000000000000000000000000000000000000000000000000000000000000000000000000000000
111111111111111111111111111111111111111111111111111111111111111111111111111111111111111111111111111111111111111111111111111111111111111111111111111111111111111111111111111111111111111111111111111111111111111111111111111111111111111111111111111111111111111111111111111111111111111111111111111111111111
000000000000000000000000000000000000000000000000000000000000000000000000000000000000000000000000000000000000000000000000000000000000000000000000000000000000000000000000000000000000000000000000000000000000000000000000000000000000000000000000000000000000000000000000000000000000000000000000000000000000
000000000000000000000000000000000000000000000000000000000000000000000000000000000000000000000000000000000000000000000000000000000000000000000000000000000000000000000000000000000000000000000000000000000000000000000000000000000000000000000000000000000000000000000000000000000000000000000000000000000000
000000000000000000000000000000000000000000000000000000000000000000000000000000000000000000000000000000000000000000000000000000000000000000000000000000000000000000000000000000000000000000000000000000000000000000000000000000000000000000000000000000000000000000000000000000000000000000000000000000000000
000000000000000000000000000000000000000000000000000000000000000000000000000000000000000000000000000000000000000000000000000000000000000000000000000000000000000000000000000000000000000000000000000000000000000000000000000000000000000000000000000000000000000000000000000000000000000000000000000000000000
000000000000000000000000000000000000000000000000000000000000000000000000000000000000000000000000000000000000000000000000000000000000000000000000000000000000000000000000000000000000000000000000000000000000000000000000000000000000000000000000000000000000000000000000000000000000000000000000000000000000
000000000000000000000000000000000000000000000000000000000000000000000000000000000000000000000000000000000000000000000000000000000000000000000000000000000000000000000000000000000000000000000000000000000000000000000000000000000000000000000000000000000000000000000000000000000000000000000000000000000000
000000000000000000000000000000000000000000000000000000000000000000000000000000000000000000000000000000000000000000000000000000000000000000000000000000000000000000000000000000000000000000000000000000000000000000000000000000000000000000000000000000000000000000000000000000000000000000000000000000000000
000000000000000000000000000000000000000000000000000000000000000000000000000000000000000000000000000000000000000000000000000000000000000000000000000000000000000000000000000000000000000000000000000000000000000000000000000000000000000000000000000000000000000000000000000000000000000000000000000000000000
000000000000000000000000000000000000000000000000000000000000000000000000000000000000000000000000000000000000000000000000000000000000000000000000000000000000000000000000000000000000000000000000000000000000000000000000000000000000000000000000000000000000000000000000000000000000000000000000000000000000
000000000000000000000000000000000000000000000000000000000000000000000000000000000000000000000000000000000000000000000000000000000000000000000000000000000000000000000000000000000000000000000000000000000000000000000000000000000000000000000000000000000000000000000000000000000000000000000000000000000000
111111111111111111111111111111111111111111111111111111111111111111111111111111111111111111111111111111111111111111111111111111111111111111111111111111111111111111111111111111111111111111111111111111111111111111111111111111111111111111111111111111111111111111111111111111111111111111111111111111111111
000000000000000000000000000000000000000000000000000000000000000000000000000000000000000000000000000000000000000000000000000000000000000000000000000000000000000000000000000000000000000000000000000000000000000000000000000000000000000000000000000000000000000000000000000000000000000000000000000000000000
111111111111111111111111111111111111111111111111111111111111111111111111111111111111111111111111111111111111000001111111111111111111111001111111111111111111001111111111111111111111000000000111111111111111111000000011111111111111111111101111111111111111111100000111111111111111111100000000011111111111
111111111111111111111111111111111111111111111111111111111111111111111111111111111111111111111111111100000000111110000000111100000000000110000000011000000000110000000001111100000000111111111000011111100000000111111100000011110000000000010000000001000000000011111000000111111000000011111111100001111110
000000000000000000000000000000000000000000000000000000000000000000000000000000000000000000000000000011111000000000001111000011111100000000001111100111111000000000001110000011111100000000000011100000011111000000000000111100001111110000000000111110111111100000000000111000000111110000000000001110000001
111111111111111111111111111111111111111111111111111111111111111111111111111111111111111111111111111100000111111111110001111111000011111111110001111110000111111111110011111111000011111111111100111111110000111111111111000111111100001111111111000111110000011111111111001111111100001111000001110011111111
111111111111111111111111111111111111111111111111111111111111111111111111111111111111111111111111111111100000000000000110000000111000000000000110000001110000000000000100011000111000000000000001001111001110000000000000011000000011100000000000011000001111000000000000110011100011100000111110000100111100
000000000000000000000000000000000000000000000000000000000000000000000000000000000000000000000000000000011111000001111001111111000111111001111001111110001111001111111011100111000111000000000110110000110001111000000011100111111100011111101111100111110000111100000111001100011100011100000000011011000011
111111111111111111111111111111111111111111111111111111111111111111111111111111111111111111111111111111000000111110000110111100110000000110000010011001100000110000000101111100110000111111111001011111101100000111111100011011110011000000010000011001001110000011111000010111111011000011000001100101111110
111111111111111111111111111111111111111111111111111111111111111111111111111111111111111111111111111110111100000000011011000011001111000000011101100111011100000000011010011011001110000000000010101111011011110000000001101100001110111000000001101110111001110000000001101011100110111000111110001010111101
000000000000000000000000000000000000000000000000000000000000000000000000000000000000000000000000000001000011111111100101111110110000111111100010111100100011111111100101100110110001110000001101010000110100001110011110010111111001000111111110010011100110001111111110010100011001000110000000110101000011
111111111111111111111111111111111111111111111111111111111111111111111111111111111111111111111111111110111000000000001010011001001100000000001101000011011000000000001010111101001100001111110010101111001011000001100000101001100110110000000000101100011001100000000000101111110110110001000001001011111110
111111111111111111111111111111111111111111111111111111111111111111111111111111111111111111111111111101000111000001110101100110110011111001110010111100100111001111110101000010110011000000000101010110110100111000000011010110011001001111101111010011100110011100000111010001001001001100111110010100011001
000000000000000000000000000000000000000000000000000000000000000000000000000000000000000000000000000010111000111110001010011001001100000110001101000011011000110000001010111101001100110000001010101001001011000110011100101001100110110000010000101100011001100011111000101110110110110010000000101011100110
111111111111111111111111111111111111111111111111111111111111111111111111111111111111111111111111111101000100000000010101100110110011000000010010111100100100000000010101011010110010001111110001011111110100110001100001010110011001001000000001010011100110010000000001010011101001001001111111000100111101
111111111111111111111111111111111111111111111111111111111111111111111111111111111111111111111111111110100011111111100010111101001000111111100101011011010011111111100011100101001001110000001100110110101010001110011110001011110110100111111110001101011001001111111110101101011110100110000000110011011010
000000000000000000000000000000000000000000000000000000000000000000000000000000000000000000000000000001011100000000011101011011110111000000011011100110101100000000011110111111110110001111110011101001010101110001100001110101101101011000000001110110110110110000000001011110110101011001000001001111100111
111111111111111111111111111111111111111111111111111111111111111111111111111111111111111111111111111110100011000001100010100100001000111001100100011001010011001111100001011000001001000000000100011111101010001000000010001010010010100111101110001001001001001100000110100011101010100100111110010000111100
111111111111111111111111111111111111111111111111111111111111111111111111111111111111111111111111111101011000111110001101011011110100000110001011100110101000110000001110100111110100110000001011100110010101000110011100110101101101010000010000110110110110100011111000011101010101010010000000101111011011
000000000000000000000000000000000000000000000000000000000000000000000000000000000000000000000000000010100100000000010011100110001011000000010100111101010100000000010001011010001010001111110000011001111010110001100001001110011010101000000001001011101001010000000001100010101010101001000001000000100101
111111111111111111111111111111111111111111111111111111111111111111111111111111111111111111111111111101011011000001101100111101110100111001101011011010101011001111101111100101110101000000000111110110100101001000000010110011110101010111101110110101010110101100000110011101011101010100111110011111011010
111111111111111111111111111111111111111111111111111111111111111111111111111111111111111111111111111110100100111110010011011010001011000110010100100101010100110000010000111110001010110000001000001111011010110110011101001101101010101000010001001010101001010011111001100111110010101010000000100001111111
000000000000000000000000000000000000000000000000000000000000000000000000000000000000000000000000000001011011000001101100100101110100111001101011011010101011001111101111011001110101001111110111111001100101001001100010110010010101010111101110110101010110101100000110011010101101010101000001011110100100
111111111111111111111111111111111111111111111111111111111111111111111111111111111111111111111111111110100100111110010011011010001011000110010100100101010100110000010000100110001010110000001000000110011010110110011101001101101010101000010001001010101001010011111001100101010010101010111110100001011011
111111111111111111111111111111111111111111111111111111111111111111111111111111111111111111111111111111011011000001101111111111110100111001101011111111101011001111101111111111110101001111110111111111111101001001100010111111111111010111101110111111111110101100000110011111111111010101000001011111111111
000000000000000000000000000000000000000000000000000000000000000000000000000000000000000000000000000001000000000000000000100101100000000000000011011010000000000000000011011001100000000000000000111001100100000000000000000010010100000000000000000101010100000000000000011010101100000000000000000110100100
111111111111111111111111111111111111111111111111111111111111111111111111111111111111111111111111111110100100111110010011011010001011000110010100100101010100110000010000100110001010110000001000000110011010110110011101001101101010101000010001001010101001010011111001100101010010101010111110100001011011
000000000000000000000000000000000000000000000000000000000000000000000000000000000000000000000000000001011011000001101100100101110100111001101011011010101011001111101111011001110101001111110111111001100101001001100010110010010101010111101110110101010110101100000110011010101101010101000001011110100100
111111111111111111111111111111111111111111111111111111111111111111111111111111111111111111111111111110100100111110010011011010001011000110010100100101010100110000010000111110001010110000001000001111011010110110011101001101101010101000010001001010101001010011111001100111110010101010000000100001111111
111111111111111111111111111111111111111111111111111111111111111111111111111111111111111111111111111101011011000001101100111101110100111001101011011010101011001111101111100101110101000000000111110110100101001000000010110011110101010111101110110101010110101100000110011101011101010100111110011111011010
000000000000000000000000000000000000000000000000000000000000000000000000000000000000000000000000000010100100000000010011100110001011000000010100111101010100000000010001011010001010001111110000011001111010110001100001001110011010101000000001001011101001010000000001100010101010101001000001000000100101
111111111111111111111111111111111111111111111111111111111111111111111111111111111111111111111111111101011000111110001100011001110100000110001011000010101000110000001110100101110100110000001011100110000101000110011100110001100101010000010000110100010110100011111000011101010101010010000000101111011010
111111111111111111111111111111111111111111111111111111111111111111111111111111111111111111111111111110100011000001100011100110001000111001100100111101010011001111100001011010001001000000000100011111111010001000000010001110011010100111101110001011101001001100000110100011101010100100111110010000111101
000000000000000000000000000000000000000000000000000000000000000000000000000000000000000000000000000001011100000000011101011011110111000000011011100110101100000000011110111111110110001111110011101001010101110001100001110101101101011000000001110110110110110000000001011110110101011001000001001111100111
111111111111111111111111111111111111111111111111111111111111111111111111111111111111111111111111111110100011111111100010111101001000111111100101011011010011111111100011100101001001110000001100110110101010001110011110001011110110100111111110001101011001001111111110101101011110100110000000110011011010
111111111111111111111111111111111111111111111111111111111111111111111111111111111111111111111111111101000100000000010101100110110011000000010010111100100100000000010101011010110010001111110001011111110100110001100001010110011001001000000001010011100110010000000001010011101001001001111111000100111101
000000000000000000000000000000000000000000000000000000000000000000000000000000000000000000000000000010111000111110001010011001001100000110001101000011011000110000001010111101001100110000001010101001001011000110011100101001100110110000010000101100011001100011111000101110110110110010000000101011100110
111111111111111111111111111111111111111111111111111111111111111111111111111111111111111111111111111101000111000001110101100110110011111001110010111100100111001111110101000010110011000000000101010110110100111000000011010110011001001111101111010011100110011100000111010001001001001100111110010100011001
111111111111111111111111111111111111111111111111111111111111111111111111111111111111111111111111111110111000000000001011011011001100000000001101100111011000000000001010111111001100001111110010101111011011000001100000101101101110110000000000101110111001100000000000101111110110110001000001001011111111
000000000000000000000000000000000000000000000000000000000000000000000000000000000000000000000000000001000011111111100100111100110000111111100010011000100011111111100101100100110001110000001101010000100100001110011110010011110001000111111110010001000110001111111110010100011001000110000000110101000010
111111111111111111111111111111111111111111111111111111111111111111111111111111111111111111111111111110111100000000011011000011001111000000011101100111011100000000011010011011001110000000000010101111011011110000000001101100001110111000000001101110111001110000000001101011100110111000111110001010111101
111111111111111111111111111111111111111111111111111111111111111111111111111111111111111111111111111111000000111110000110111100110000000110000010011001100000110000000101111100110000111111111001011111101100000111111100011011110011000000010000011001001110000011111000010111111011000011000001100101111110
000000000000000000000000000000000000000000000000000000000000000000000000000000000000000000000000000000011111000001111001111111000111111001111001111110001111001111111011100111000111000000000110110000110001111000000011100111111100011111101111100111110000111100000111001100011100011100000000011011000011
111111111111111111111111111111111111111111111111111111111111111111111111111111111111111111111111111111100000000000000110000000111000000000000110000001110000000000000100011000111000000000000001001111001110000000000000011000000011100000000000011000001111000000000000110011100011100000111110000100111100
111111111111111111111111111111111111111111111111111111111111111111111111111111111111111111111111111100000111111111110001111111000011111111110001111110000111111111110011111111000011111111111100111111110000111111111111000111111100001111111111000111110000011111111111001111111100001111000001110011111111
000000000000000000000000000000000000000000000000000000000000000000000000000000000000000000000000000011111000000000001110000001111100000000001111000011111000000000001110000001111100000000000011100000001111000000000000111000000111110000000000111100011111100000000000111000000111110000000000001110000000
111111111111111111111111111111111111111111111111111111111111111111111111111111111111111111111111111100000000111110000001111110000000000110000000111100000000110000000001111110000000111111111000011111110000000111111100000111111000000000010000000011100000000011111000000111111000000011111111100001111111
111111111111111111111111111111111111111111111111111111111111111111111111111111111111111111111111111111111111000001111111111111111111111001111111111111111111001111111111111111111111000000000111111111111111111000000011111111111111111111101111111111111111111100000111111111111111111100000000011111111111
000000000000000000000000000000000000000000000000000000000000000000000000000000000000000000000000000000000000000000000000000000000000000000000000000000000000000000000000000000000000000000000000000000000000000000000000000000000000000000000000000000000000000000000000000000000000000000000000000000000000
111111111111111111111111111111111111111111111111111111111111111111111111111111111111111111111111111111111111111111111111111111111111111111111111111111111111111111111111111111111111111111111111111111111111111111111111111111111111111111111111111111111111111111111111111111111111111111111111111111111111
000000000000000000000000000000000000000000000000000000000000000000000000000000000000000000000000000000000000000000000000000000000000000000000000000000000000000000000000000000000000000000000000000000000000000000000000000000000000000000000000000000000000000000000000000000000000000000000000000000000000
000000000000000000000000000000000000000000000000000000000000000000000000000000000000000000000000000000000000000000000000000000000000000000000000000000000000000000000000000000000000000000000000000000000000000000000000000000000000000000000000000000000000000000000000000000000000000000000000000000000000
000000000000000000000000000000000000000000000000000000000000000000000000000000000000000000000000000000000000000000000000000000000000000000000000000000000000000000000000000000000000000000000000000000000000000000000000000000000000000000000000000000000000000000000000000000000000000000000000000000000000
000000000000000000000000000000000000000000000000000000000000000000000000000000000000000000000000000000000000000000000000000000000000000000000000000000000000000000000000000000000000000000000000000000000000000000000000000000000000000000000000000000000000000000000000000000000000000000000000000000000000
000000000000000000000000000000000000000000000000000000000000000000000000000000000000000000000000000000000000000000000000000000000000000000000000000000000000000000000000000000000000000000000000000000000000000000000000000000000000000000000000000000000000000000000000000000000000000000000000000000000000
000000000000000000000000000000000000000000000000000000000000000000000000000000000000000000000000000000000000000000000000000000000000000000000000000000000000000000000000000000000000000000000000000000000000000000000000000000000000000000000000000000000000000000000000000000000000000000000000000000000000
000000000000000000000000000000000000000000000000000000000000000000000000000000000000000000000000000000000000000000000000000000000000000000000000000000000000000000000000000000000000000000000000000000000000000000000000000000000000000000000000000000000000000000000000000000000000000000000000000000000000
000000000000000000000000000000000000000000000000000000000000000000000000000000000000000000000000000000000000000000000000000000000000000000000000000000000000000000000000000000000000000000000000000000000000000000000000000000000000000000000000000000000000000000000000000000000000000000000000000000000000
000000000000000000000000000000000000000000000000000000000000000000000000000000000000000000000000000000000000000000000000000000000000000000000000000000000000000000000000000000000000000000000000000000000000000000000000000000000000000000000000000000000000000000000000000000000000000000000000000000000000
000000000000000000000000000000000000000000000000000000000000000000000000000000000000000000000000000000000000000000000000000000000000000000000000000000000000000000000000000000000000000000000000000000000000000000000000000000000000000000000000000000000000000000000000000000000000000000000000000000000000
111111111111111111111111111111111111111111111111111111111111111111111111111111111111111111111111111111111111111111111111111111111111111111111111111111111111111111111111111111111111111111111111111111111111111111111111111111111111111111111111111111111111111111111111111111111111111111111111111111111111
000000000000000000000000000000000000000000000000000000000000000000000000000000000000000000000000000000000000000000000000000000000000000000000000000000000000000000000000000000000000000000000000000000000000000000000000000000000000000000000000000000000000000000000000000000000000000000000000000000000000
111111111111111111111111111111111111111111111111111111111111111111111111111111111111111111111111111111111111111111111100000111111111111111111111100111111111111111111100111111111111111111111100000000011111111111111111100000001111111111111111111110111111111111111111110000011111111111111111110000000001
111111111111111111111111111111111111111111111111111111111111111111111111111111111111111111111111111100000111100000000011111000000011110000000000011000000001100000000011000000000111110000000011111111100000011110000000011111110000001111000000000001000000000100000000001111100000011111100000001111111110
000000000000000000000000000000000000000000000000000000000000000000000000000000000000000000000000000001111000011111100000000000111100001111110000000000111110011111100000000000111000001111110000000000000111100001111100000000000011110000111111000000000011111011111110000000000011100000011111000000000000
111111111111111111111111111111111111111111111111111111111111111111111111111111111111111111111111111110001111110000011111111111000111111100001111111111000111111000011111111111001111111100001111111111111000111111000011111111111100011111110000111111111100011111000001111111111100111111110000111100000111
111111111111111111111111111111111111111111111111111111111111111111111111111111111111111111111111111100110000001110000000000000011000000011100000000000011000000111000000000000010001100011100000000000000011000000111000000000000001100000001110000000000001100000111100000000000011001110001110000011111000
000000000000000000000000000000000000000000000000000000000000000000000000000000000000000000000000000011001111110001111100000111100111111100011111100111100111111000111100111111101110011100011100000000011100111111000111100000001110011111110001111110111110011111000011110000011100110001110001110000000001
111111111111111111111111111111111111111111111111111111111111111111111111111111111111111111111111111100010111101100000011111000011011110011000000011000001001100110000011000000010111110011000011111111100001011110110000011111110001101111001100000001000001100100111000001111100001011111101100001100000110
111111111111111111111111111111111111111111111111111111111111111111111111111111111111111111111111111111101000011011110000000001101100001100111100000001110110011101110000000001101001101100111000000000001110100001101111000000000110110000111011100000000110111011100111000000000110101110011011100011111000
000000000000000000000000000000000000000000000000000000000000000000000000000000000000000000000000000000010111110100001111111110010111111011000011111110001011110010001111111110010110011011000111000000110001111111010000111001111001011111100100011111111001001110011000111111111001010001100100011000000011
111111111111111111111111111111111111111111111111111111111111111111111111111111111111111111111111111101101011001011100000000000101001100100110000000000110100001101100000000000101011110100110000111111000110001100101100000110000010100110011011000000000010110001100110000000000010111111011011000100000100
111111111111111111111111111111111111111111111111111111111111111111111111111111111111111111111111111110010100110100011100000111010110011011001111100111001011110010011100111111010100001011001100000000011001110011010011100000001101011001100100111110111101001110011001110000011101000100100100110011111001
000000000000000000000000000000000000000000000000000000000000000000000000000000000000000000000000000001101011001011100011111000101001100100110000011000110100001101100011000000101011110100110011000000100110001100101100011001110010100110011011000001000010110001100110001111100010111011011011001000000010
111111111111111111111111111111111111111111111111111111111111111111111111111111111111111111111111111110010100110100010000000001010110011011001100000001001011110010010000000001010101101011001000111111001001110011010011000110000101011001100100100000000101001110011001000000000101001110100100100111111100
111111111111111111111111111111111111111111111111111111111111111111111111111111111111111111111111111100101111101010001111111110001011110100100011111110010101101101001111111110001110010100100111000000110010011110101000111001111000101111011010011111111000110101100100111111111010110101111010011000000011
000000000000000000000000000000000000000000000000000000000000000000000000000000000000000000000000000011011011010101110000000001110101101111011100000001101110011010110000000001111011111111011000111111001101101101010111000110000111010110110101100000000111011011011011000000000101111011010101100100000100
111111111111111111111111111111111111111111111111111111111111111111111111111111111111111111111111111100100100101010001100000110001010010000100011100110010001100101001100111110000101100000100100000000010010010010101000100000001000101001001010011110111000100100100100110000011010001110101010010011111001
111111111111111111111111111111111111111111111111111111111111111111111111111111111111111111111111111101011011010101100011111000110101101111010000011000101110011010100011000000111010011111010011000000100101101101010100011001110011010110110101000001000011011011011010001111100001110101010101001000000010
000000000000000000000000000000000000000000000000000000000000000000000000000000000000000000000000000010100100111010010000000001001110011000101100000001010011110101010000000001000101101000101000111111001010110011101011000110000100111001101010100000000100101110100101000000000110001010101010100100000100
111111111111111111111111111111111111111111111111111111111111111111111111111111111111111111111111111101011111100101101100000110110011110111010011100110101101101010101100111110111110010111010100000000010101011110010100100000001011001111010101011110111011010101011010110000011001110101110101010011111001
111111111111111111111111111111111111111111111111111111111111111111111111111111111111111111111111111110100011011010010011111001001101101000101100011001010010010101010011000001000011111000101011000000101010101101101011011001110100110110101010100001000100101010100101001111100110011111001010101000000010
000000000000000000000000000000000000000000000000000000000000000000000000000000000000000000000000000001011100100101101100000110110010010111010011100110101101101010101100111110111101100111010100111111010101010010010100100110001011001001010101011110111011010101011010110000011001101010110101010100000101
111111111111111111111111111111111111111111111111111111111111111111111111111111111111111111111111111110100011011010010011111001001101101000101100011001010010010101010011000001000010011000101011000000101010101101101011011001110100110110101010100001000100101010100101001111100110010101001010101011111010
111111111111111111111111111111111111111111111111111111111111111111111111111111111111111111111111111101011111111101101100000110111111111111010011100110101111111110101100111110111111111111010100111111010101111111110100100110001011111111111101011110111011111111111010110000011001111111111101010100000101
000000000000000000000000000000000000000000000000000000000000000000000000000000000000000000000000000000011100100100000000000000000010010110000000000000001101101000000000000000001101100110000000000000000001010010010000000000000000001001010000000000000000010101010000000000000001101010110000000000000000
111111111111111111111111111111111111111111111111111111111111111111111111111111111111111111111111111110100011011010010011111001001101101000101100011001010010010101010011000001000010011000101011000000101010101101101011011001110100110110101010100001000100101010100101001111100110010101001010101011111010
000000000000000000000000000000000000000000000000000000000000000000000000000000000000000000000000000001011100100101101100000110110010010111010011100110101101101010101100111110111101100111010100111111010101010010010100100110001011001001010101011110111011010101011010110000011001101010110101010100000101
111111111111111111111111111111111111111111111111111111111111111111111111111111111111111111111111111110100011011010010011111001001101101000101100011001010010010101010011000001000011111000101011000000101010101101101011011001110100110110101010100001000100101010100101001111100110011111001010101000000010
111111111111111111111111111111111111111111111111111111111111111111111111111111111111111111111111111101011111100101101100000110110011110111010011100110101101101010101100111110111110010111010100000000010101011110010100100000001011001111010101011110111011010101011010110000011001110101110101010011111001
000000000000000000000000000000000000000000000000000000000000000000000000000000000000000000000000000010100100111010010000000001001110011000101100000001010011110101010000000001000101101000101000111111001010110011101011000110000100111001101010100000000100101110100101000000000110001010101010100100000100
111111111111111111111111111111111111111111111111111111111111111111111111111111111111111111111111111101011011000101100011111000110001100111010000011000101100001010100011000000111010010111010011000000100101001100010100011001110011000110010101000001000011010001011010001111100001110101010101001000000010
111111111111111111111111111111111111111111111111111111111111111111111111111111111111111111111111111100100100111010001100000110001110011000100011100110010011110101001100111110000101101000100100000000010010110011101000100000001000111001101010011110111000101110100100110000011010001110101010010011111001
000000000000000000000000000000000000000000000000000000000000000000000000000000000000000000000000000011011011010101110000000001110101101111011100000001101110011010110000000001111011111111011000111111001101101101010111000110000111010110110101100000000111011011011011000000000101111011010101100100000100
111111111111111111111111111111111111111111111111111111111111111111111111111111111111111111111111111100101111101010001111111110001011110100100011111110010101101101001111111110001110010100100111000000110010011110101000111001111000101111011010011111111000110101100100111111111010110101111010011000000011
111111111111111111111111111111111111111111111111111111111111111111111111111111111111111111111111111110010100110100010000000001010110011011001100000001001011110010010000000001010101101011001000111111001001110011010011000110000101011001100100100000000101001110011001000000000101001110100100100111111100
000000000000000000000000000000000000000000000000000000000000000000000000000000000000000000000000000001101011001011100011111000101001100100110000011000110100001101100011000000101011110100110011000000100110001100101100011001110010100110011011000001000010110001100110001111100010111011011011001000000010
111111111111111111111111111111111111111111111111111111111111111111111111111111111111111111111111111110010100110100011100000111010110011011001111100111001011110010011100111111010100001011001100000000011001110011010011100000001101011001100100111110111101001110011001110000011101000100100100110011111001
111111111111111111111111111111111111111111111111111111111111111111111111111111111111111111111111111101101011011011100000000000101101101100110000000000110110011101100000000000101011111100110000111111000110101101101100000110000010110110111011000000000010111011100110000000000010111111011011000100000100
000000000000000000000000000000000000000000000000000000000000000000000000000000000000000000000000000000010111100100001111111110010011110011000011111110001001100010001111111110010110010011000111000000110001011110010000111001111001001111000100011111111001000100011000111111111001010001100100011000000011
111111111111111111111111111111111111111111111111111111111111111111111111111111111111111111111111111111101000011011110000000001101100001100111100000001110110011101110000000001101001101100111000000000001110100001101111000000000110110000111011100000000110111011100111000000000110101110011011100011111000
111111111111111111111111111111111111111111111111111111111111111111111111111111111111111111111111111100010111101100000011111000011011110011000000011000001001100110000011000000010111110011000011111111100001011110110000011111110001101111001100000001000001100100111000001111100001011111101100001100000110
000000000000000000000000000000000000000000000000000000000000000000000000000000000000000000000000000011001111110001111100000111100111111100011111100111100111111000111100111111101110011100011100000000011100111111000111100000001110011111110001111110111110011111000011110000011100110001110001110000000001
111111111111111111111111111111111111111111111111111111111111111111111111111111111111111111111111111100110000001110000000000000011000000011100000000000011000000111000000000000010001100011100000000000000011000000111000000000000001100000001110000000000001100000111100000000000011001110001110000011111000
111111111111111111111111111111111111111111111111111111111111111111111111111111111111111111111111111110001111110000011111111111000111111100001111111111000111111000011111111111001111111100001111111111111000111111000011111111111100011111110000111111111100011111000001111111111100111111110000111100000111
000000000000000000000000000000000000000000000000000000000000000000000000000000000000000000000000000001111000001111100000000000111000000111110000000000111100001111100000000000111000000111110000000000000111000000111100000000000011100000011111000000000011110001111110000000000011100000011111000000000000
111111111111111111111111111111111111111111111111111111111111111111111111111111111111111111111111111100000111110000000011111000000111111000000000011000000011110000000011000000000111111000000011111111100000111111000000011111110000011111100000000001000000001110000000001111100000011111100000001111111110
111111111111111111111111111111111111111111111111111111111111111111111111111111111111111111111111111111111111111111111100000111111111111111111111100111111111111111111100111111111111111111111100000000011111111111111111100000001111111111111111111110111111111111111111110000011111111111111111110000000001
000000000000000000000000000000000000000000000000000000000000000000000000000000000000000000000000000000000000000000000000000000000000000000000000000000000000000000000000000000000000000000000000000000000000000000000000000000000000000000000000000000000000000000000000000000000000000000000000000000000000
111111111111111111111111111111111111111111111111111111111111111111111111111111111111111111111111111111111111111111111111111111111111111111111111111111111111111111111111111111111111111111111111111111111111111111111111111111111111111111111111111111111111111111111111111111111111111111111111111111111111
000000000000000000000000000000000000000000000000000000000000000000000000000000000000000000000000000000000000000000000000000000000000000000000000000000000000000000000000000000000000000000000000000000000000000000000000000000000000000000000000000000000000000000000000000000000000000000000000000000000000
000000000000000000000000000000000000000000000000000000000000000000000000000000000000000000000000000000000000000000000000000000000000000000000000000000000000000000000000000000000000000000000000000000000000000000000000000000000000000000000000000000000000000000000000000000000000000000000000000000000000
000000000000000000000000000000000000000000000000000000000000000000000000000000000000000000000000000000000000000000000000000000000000000000000000000000000000000000000000000000000000000000000000000000000000000000000000000000000000000000000000000000000000000000000000000000000000000000000000000000000000
000000000000000000000000000000000000000000000000000000000000000000000000000000000000000000000000000000000000000000000000000000000000000000000000000000000000000000000000000000000000000000000000000000000000000000000000000000000000000000000000000000000000000000000000000000000000000000000000000000000000
000000000000000000000000000000000000000000000000000000000000000000000000000000000000000000000000000000000000000000000000000000000000000000000000000000000000000000000000000000000000000000000000000000000000000000000000000000000000000000000000000000000000000000000000000000000000000000000000000000000000
000000000000000000000000000000000000000000000000000000000000000000000000000000000000000000000000000000000000000000000000000000000000000000000000000000000000000000000000000000000000000000000000000000000000000000000000000000000000000000000000000000000000000000000000000000000000000000000000000000000000
000000000000000000000000000000000000000000000000000000000000000000000000000000000000000000000000000000000000000000000000000000000000000000000000000000000000000000000000000000000000000000000000000000000000000000000000000000000000000000000000000000000000000000000000000000000000000000000000000000000000
000000000000000000000000000000000000000000000000000000000000000000000000000000000000000000000000000000000000000000000000000000000000000000000000000000000000000000000000000000000000000000000000000000000000000000000000000000000000000000000000000000000000000000000000000000000000000000000000000000000000
000000000000000000000000000000000000000000000000000000000000000000000000000000000000000000000000000000000000000000000000000000000000000000000000000000000000000000000000000000000000000000000000000000000000000000000000000000000000000000000000000000000000000000000000000000000000000000000000000000000000
000000000000000000000000000000000000000000000000000000000000000000000000000000000000000000000000000000000000000000000000000000000000000000000000000000000000000000000000000000000000000000000000000000000000000000000000000000000000000000000000000000000000000000000000000000000000000000000000000000000000
111111111111111111111111111111111111111111111111111111111111111111111111111111111111111111111111111111111111111111111111111111111111111111111111111111111111111111111111111111111111111111111111111111111111111111111111111111111111111111111111111111111111111111111111111111111111111111111111111111111111
000000000000000000000000000000000000000000000000000000000000000000000000000000000000000000000000000000000000000000000000000000000000000000000000000000000000000000000000000000000000000000000000000000000000000000000000000000000000000000000000000000000000000000000000000000000000000000000000000000000000
111111111111111111111111111111111111111111111111111111111111111111111111111111111111111111111111111111111111111111111111111111110000011111111111111111111110011111111111111111110011111111111111111111111111111111111111111111111110000000111111111111111111111011111111111111111111000001111111111111111111
111111111111111111111111111111111111111111111111111111111111111111111111111111111111111111111111111100000000000000011110000000001111100000001111000000000001100000000110000000001100000000011111000000000000000000000001111000000001111111000000111100000000000100000000010000000000111110000001111110000000
000000000000000000000000000000000000000000000000000000000000000000000000000000000000000000000000000011000000000111100001111110000000000011110000111111000000000011111001111110000000000011100000111111001100000000011110000111110000000000001111000011111100000000001111101111111000000000001110000001111100
111111111111111111111111111111111111111111111111111111111111111111111111111111111111111111111111111100111111111000111111000001111111111100011111110000111111111100011111100001111111111100111111110000110011111111100011111100001111111111110001111111000011111111110001111100000111111111110011111111000011
111111111111111111111111111111111111111111111111111111111111111111111111111111111111111111111111111110000000000011000000111000000000000001100000001110000000000001100000011100000000000001000110001110001000000000001100000011100000000000000110000000111000000000000110000011110000000000001100111000111000
000000000000000000000000000000000000000000000000000000000000000000000000000000000000000000000000000001111111111100111111000111110000011110011111110001111110011110011111100011110011111110111001110001110111111111110011111100011110000000111001111111000111111011111001111100001111000001110011000111000111
111111111111111111111111111111111111111111111111111111111111111111111111111111111111111111111111111100000000000001011110110000001111100001101111001100000001100000100110011000001100000001011111001100000000000000000101111011000001111111000110111100110000000100000110010011100000111110000101111110110000
111111111111111111111111111111111111111111111111111111111111111111111111111111111111111111111111111111100000001110100001101111000000000110110000110011110000000111011001110111000000000110100110110011101110000000111010000110111100000000011011000011101110000000011011101110011100000000011010111001101110
000000000000000000000000000000000000000000000000000000000000000000000000000000000000000000000000000000011111110001011111010000111111111001011111101100001111111000101111001000111111111001011001101100010001111111000111111101000011100111100101111110010001111111100100111001100011111111100101000110010001
111111111111111111111111111111111111111111111111111111111111111111111111111111111111111111111111111111000000000110101100101110000000000010100110010011000000000011010000110110000000000010101111010011001100000000011000110010110000011000001010011001101100000000001011000110011000000000001011111101101100
111111111111111111111111111111111111111111111111111111111111111111111111111111111111111111111111111100111111111001010011010001110000011101011001101100111110011100101111001001110011111101010000101100110011111111100111001101001110000000110101100110010011111011110100111001100111000001110100010010010011
000000000000000000000000000000000000000000000000000000000000000000000000000000000000000000000000000011000000000110101100101110001111100010100110010011000001100011010000110110001100000010101111010011001100000000011000110010110001100111001010011001101100000100001011000110011000111110001011101101101100
111111111111111111111111111111111111111111111111111111111111111111111111111111111111111111111111111100100000001001010011010001000000000101011001101100110000000100101111001001000000000101010110101100100010000000100111001101001100011000010101100110010010000000010100111001100100000000010100111010010010
111111111111111111111111111111111111111111111111111111111111111111111111111111111111111111111111111110011111110010111110101000111111111000101111010010001111111001010110110100111111111000111001010010011001111111001001111010100011100111100010111101101001111111100011010110010011111111101011010111101001
000000000000000000000000000000000000000000000000000000000000000000000000000000000000000000000000000001100000001101101101010111000000000111010110111101110000000110111001101011000000000111101111111101100110000000110110110101011100011000011101011011010110000000011101101101101100000000010111101101010110
111111111111111111111111111111111111111111111111111111111111111111111111111111111111111111111111111110011111110010010010101000110000011000101001000010001110011001000110010100110011111000010110000010011001111111001001001010100010000000100010100100101001111011100010010010010011000001101000111010101001
111111111111111111111111111111111111111111111111111111111111111111111111111111111111111111111111111101000000000101101101010110001111100011010110111101000001100010111001101010001100000011101001111101000100000000010110110101010001100111001101011011010100000100001101101101101000111110000111010101010100
000000000000000000000000000000000000000000000000000000000000000000000000000000000000000000000000000010100000001010010011101001000000000100111001100010110000000101001111010101000000000100010110100010101010000000101011001110101100011000010011100110101010000000010010111010010100000000011000101010101010
111111111111111111111111111111111111111111111111111111111111111111111111111111111111111111111111111101011111110101111110010110110000011011001111011101001110011010110110101010110011111011111001011101010101111111010101111001010010000000101100111101010101111011101101010101101011000001100111010111010101
111111111111111111111111111111111111111111111111111111111111111111111111111111111111111111111111111110100000001010001101101001001111100100110110100010110001100101001001010101001100000100001111100010101010000000101010110110101101100111010011011010101010000100010010101010010100111110011001111100101010
000000000000000000000000000000000000000000000000000000000000000000000000000000000000000000000000000001011111110101110010010110110000011011001001011101001110011010110110101010110011111011110110011101010101111111010101001001010010011000101100100101010101111011101101010101101011000001100110101011010101
111111111111111111111111111111111111111111111111111111111111111111111111111111111111111111111111111110100000001010001101101001001111100100110110100010110001100101001001010101001100000100001001100010101010000000101010110110101101100111010011011010101010000100010010101010010100111110011001010100101010
111111111111111111111111111111111111111111111111111111111111111111111111111111111111111111111111111101011111110101111111110110110000011011111111111101001110011010111111111010110011111011111111111101010101111111010111111111010010011000101111111111110101111011101111111111101011000001100111111111110101
000000000000000000000000000000000000000000000000000000000000000000000000000000000000000000000000000000000000000001110010010000000000000000001001011000000000000000110110100000000000000000110110011000000000000000000101001001000000000000000000100101000000000000000001010101000000000000000110101011000000
111111111111111111111111111111111111111111111111111111111111111111111111111111111111111111111111111110100000001010001101101001001111100100110110100010110001100101001001010101001100000100001001100010101010000000101010110110101101100111010011011010101010000100010010101010010100111110011001010100101010
000000000000000000000000000000000000000000000000000000000000000000000000000000000000000000000000000001011111110101110010010110110000011011001001011101001110011010110110101010110011111011110110011101010101111111010101001001010010011000101100100101010101111011101101010101101011000001100110101011010101
111111111111111111111111111111111111111111111111111111111111111111111111111111111111111111111111111110100000001010001101101001001111100100110110100010110001100101001001010101001100000100001111100010101010000000101010110110101101100111010011011010101010000100010010101010010100111110011001111100101010
111111111111111111111111111111111111111111111111111111111111111111111111111111111111111111111111111101011111110101111110010110110000011011001111011101001110011010110110101010110011111011111001011101010101111111010101111001010010000000101100111101010101111011101101010101101011000001100111010111010101
000000000000000000000000000000000000000000000000000000000000000000000000000000000000000000000000000010100000001010010011101001000000000100111001100010110000000101001111010101000000000100010110100010101010000000101011001110101100011000010011100110101010000000010010111010010100000000011000101010101010
111111111111111111111111111111111111111111111111111111111111111111111111111111111111111111111111111101000000000101101100010110001111100011000110011101000001100010110000101010001100000011101001011101000100000000010100110001010001100111001100011001010100000100001101000101101000111110000111010101010100
111111111111111111111111111111111111111111111111111111111111111111111111111111111111111111111111111110011111110010010011101000110000011000111001100010001110011001001111010100110011111000010110100010011001111111001011001110100010000000100011100110101001111011100010111010010011000001101000111010101001
000000000000000000000000000000000000000000000000000000000000000000000000000000000000000000000000000001100000001101101101010111000000000111010110111101110000000110111001101011000000000111101111111101100110000000110110110101011100011000011101011011010110000000011101101101101100000000010111101101010110
111111111111111111111111111111111111111111111111111111111111111111111111111111111111111111111111111110011111110010111110101000111111111000101111010010001111111001010110110100111111111000111001010010011001111111001001111010100011100111100010111101101001111111100011010110010011111111101011010111101001
111111111111111111111111111111111111111111111111111111111111111111111111111111111111111111111111111100100000001001010011010001000000000101011001101100110000000100101111001001000000000101010110101100100010000000100111001101001100011000010101100110010010000000010100111001100100000000010100111010010010
000000000000000000000000000000000000000000000000000000000000000000000000000000000000000000000000000011000000000110101100101110001111100010100110010011000001100011010000110110001100000010101111010011001100000000011000110010110001100111001010011001101100000100001011000110011000111110001011101101101100
111111111111111111111111111111111111111111111111111111111111111111111111111111111111111111111111111100111111111001010011010001110000011101011001101100111110011100101111001001110011111101010000101100110011111111100111001101001110000000110101100110010011111011110100111001100111000001110100010010010011
111111111111111111111111111111111111111111111111111111111111111111111111111111111111111111111111111111000000000110101101101110000000000010110110110011000000000011011001110110000000000010101111110011001100000000011010110110110000011000001011011011101100000000001011101110011000000000001011111101101100
000000000000000000000000000000000000000000000000000000000000000000000000000000000000000000000000000000011111110001011110010000111111111001001111001100001111111000100110001000111111111001011001001100010001111111000101111001000011100111100100111100010001111111100100010001100011111111100101000110010001
111111111111111111111111111111111111111111111111111111111111111111111111111111111111111111111111111111100000001110100001101111000000000110110000110011110000000111011001110111000000000110100110110011101110000000111010000110111100000000011011000011101110000000011011101110011100000000011010111001101110
111111111111111111111111111111111111111111111111111111111111111111111111111111111111111111111111111100000000000001011110110000001111100001101111001100000001100000100110011000001100000001011111001100000000000000000101111011000001111111000110111100110000000100000110010011100000111110000101111110110000
000000000000000000000000000000000000000000000000000000000000000000000000000000000000000000000000000001111111111100111111000111110000011110011111110001111110011110011111100011110011111110111001110001110111111111110011111100011110000000111001111111000111111011111001111100001111000001110011000111000111
111111111111111111111111111111111111111111111111111111111111111111111111111111111111111111111111111110000000000011000000111000000000000001100000001110000000000001100000011100000000000001000110001110001000000000001100000011100000000000000110000000111000000000000110000011110000000000001100111000111000
111111111111111111111111111111111111111111111111111111111111111111111111111111111111111111111111111100111111111000111111000001111111111100011111110000111111111100011111100001111111111100111111110000110011111111100011111100001111111111110001111111000011111111110001111100000111111111110011111111000011
000000000000000000000000000000000000000000000000000000000000000000000000000000000000000000000000000011000000000111100000111110000000000011100000011111000000000011110000111110000000000011100000011111001100000000011100000011110000000000001110000001111100000000001111000111111000000000001110000001111100
111111111111111111111111111111111111111111111111111111111111111111111111111111111111111111111111111100000000000000011111000000001111100000011111100000000001100000001111000000001100000000011111100000000000000000000011111100000001111111000001111110000000000100000000111000000000111110000001111110000000
111111111111111111111111111111111111111111111111111111111111111111111111111111111111111111111111111111111111111111111111111111110000011111111111111111111110011111111111111111110011111111111111111111111111111111111111111111111110000000111111111111111111111011111111111111111111000001111111111111111111
000000000000000000000000000000000000000000000000000000000000000000000000000000000000000000000000000000000000000000000000000000000000000000000000000000000000000000000000000000000000000000000000000000000000000000000000000000000000000000000000000000000000000000000000000000000000000000000000000000000000
111111111111111111111111111111111111111111111111111111111111111111111111111111111111111111111111111111111111111111111111111111111111111111111111111111111111111111111111111111111111111111111111111111111111111111111111111111111111111111111111111111111111111111111111111111111111111111111111111111111111
000000000000000000000000000000000000000000000000000000000000000000000000000000000000000000000000000000000000000000000000000000000000000000000000000000000000000000000000000000000000000000000000000000000000000000000000000000000000000000000000000000000000000000000000000000000000000000000000000000000000
000000000000000000000000000000000000000000000000000000000000000000000000000000000000000000000000000000000000000000000000000000000000000000000000000000000000000000000000000000000000000000000000000000000000000000000000000000000000000000000000000000000000000000000000000000000000000000000000000000000000
000000000000000000000000000000000000000000000000000000000000000000000000000000000000000000000000000000000000000000000000000000000000000000000000000000000000000000000000000000000000000000000000000000000000000000000000000000000000000000000000000000000000000000000000000000000000000000000000000000000000
000000000000000000000000000000000000000000000000000000000000000000000000000000000000000000000000000000000000000000000000000000000000000000000000000000000000000000000000000000000000000000000000000000000000000000000000000000000000000000000000000000000000000000000000000000000000000000000000000000000000
000000000000000000000000000000000000000000000000000000000000000000000000000000000000000000000000000000000000000000000000000000000000000000000000000000000000000000000000000000000000000000000000000000000000000000000000000000000000000000000000000000000000000000000000000000000000000000000000000000000000
000000000000000000000000000000000000000000000000000000000000000000000000000000000000000000000000000000000000000000000000000000000000000000000000000000000000000000000000000000000000000000000000000000000000000000000000000000000000000000000000000000000000000000000000000000000000000000000000000000000000
000000000000000000000000000000000000000000000000000000000000000000000000000000000000000000000000000000000000000000000000000000000000000000000000000000000000000000000000000000000000000000000000000000000000000000000000000000000000000000000000000000000000000000000000000000000000000000000000000000000000
000000000000000000000000000000000000000000000000000000000000000000000000000000000000000000000000000000000000000000000000000000000000000000000000000000000000000000000000000000000000000000000000000000000000000000000000000000000000000000000000000000000000000000000000000000000000000000000000000000000000
000000000000000000000000000000000000000000000000000000000000000000000000000000000000000000000000000000000000000000000000000000000000000000000000000000000000000000000000000000000000000000000000000000000000000000000000000000000000000000000000000000000000000000000000000000000000000000000000000000000000
000000000000000000000000000000000000000000000000000000000000000000000000000000000000000000000000000000000000000000000000000000000000000000000000000000000000000000000000000000000000000000000000000000000000000000000000000000000000000000000000000000000000000000000000000000000000000000000000000000000000
111111111111111111111111111111111111111111111111111111111111111111111111111111111111111111111111111111111111111111111111111111111111111111111111111111111111111111111111111111111111111111111111111111111111111111111111111111111111111111111111111111111111111111111111111111111111111111111111111111111111
000000000000000000000000000000000000000000000000000000000000000000000000000000000000000000000000000000000000000000000000000000000000000000000000000000000000000000000000000000000000000000000000000000000000000000000000000000000000000000000000000000000000000000000000000000000000000000000000000000000000
111111111111111111111111111111111111111111111111111111111111111111111111111111111111111111111111111111111111111111111111111111111111111111000001111111111111111111111001111111111111111111001111111111111111111111111111111111111111111111111000000011111111111111111111101111111111111111111100000111111111
111111111111111111111111111111111111111111111111111111111111111111111111111111111111111111111111111100111000000000000000000001111000000000111110000000111100000000000110000000011000000000110000000001110011100000000000000000000111100000000111111100000011110000000000010000000001000000000011111000000111
000000000000000000000000000000000000000000000000000000000000000000000000000000000000000000000000000011000111111100000000011110000111111000000000001111000011111100000000001111100111111000000000001110001100011111110000000001111000011111000000000000111100001111110000000000111110111111100000000000111000
111111111111111111111111111111111111111111111111111111111111111111111111111111111111111111111111111101111110000011111111100011111100000111111111110001111111000011111111110001111110000111111111110011110111111000001111111110001111110000111111111111000111111100001111111111000111110000011111111111001111
111111111111111111111111111111111111111111111111111111111111111111111111111111111111111111111111111110000001111000000000001100000011100000000000000110000000111000000000000110000001110000000000000100011000000111100000000000110000001110000000000000011000000011100000000000011000001111000000000000110011
000000000000000000000000000000000000000000000000000000000000000000000000000000000000000000000000000001111110000111111111110011111100011111000001111001111111000111111001111001111110001111001111111011100111111000011111111111001111110001111000000011100111111100011111101111100111110000111100000111001100
111111111111111111111111111111111111111111111111111111111111111111111111111111111111111111111111111110111001110000000000000101111011000000111110000110111100110000000110000010011001100000110000000101111011100110000000000000010111101100000111111100011011110011000000010000011001001110000011111000010111
111111111111111111111111111111111111111111111111111111111111111111111111111111111111111111111111111101000111001110000000111010000110111100000000011011000011001111000000011101100111011100000000011010011100011101111000000011101000011011110000000001101100001110111000000001101110111001110000000001101011
000000000000000000000000000000000000000000000000000000000000000000000000000000000000000000000000000010111100110001111111000101111101000011111111100101111110110000111111100010111100100011111111100101100011110010000111111100011111110100001110011110010111111001000111111110010011100110001111111110010100
111111111111111111111111111111111111111111111111111111111111111111111111111111111111111111111111111101000011001100000000011010110010111000000000001010011001001100000000001101000011011000000000001010111100001101110000000001100011001011000001100000101001100110110000000000101100011001100000000000101111
111111111111111111111111111111111111111111111111111111111111111111111111111111111111111111111111111110111100110011111111100101001101000111000001110101100110110011111001110010111100100111001111110101000011110010001111111110011100110100111000000011010110011001001111101111010011100110011100000111010001
000000000000000000000000000000000000000000000000000000000000000000000000000000000000000000000000000001000011001100000000011010110010111000111110001010011001001100000110001101000011011000110000001010111100001101110000000001100011001011000110011100101001100110110000010000101100011001100011111000101110
111111111111111111111111111111111111111111111111111111111111111111111111111111111111111111111111111110111100110010000000100101001101000100000000010101100110110011000000010010111100100100000000010101010011110010001000000010011100110100110001100001010110011001001000000001010011100110010000000001010011
111111111111111111111111111111111111111111111111111111111111111111111111111111111111111111111111111101111011001001111111001011111010100011111111100010111101001000111111100101011011010011111111100011101111101101100111111100100111101010001110011110001011110110100111111110001101011001001111111110101101
000000000000000000000000000000000000000000000000000000000000000000000000000000000000000000000000000011000110110110000000110110110101011100000000011101011011110111000000011011100110101100000000011110110100011010011000000011011011010101110001100001110101101101011000000001110110110110110000000001011110
111111111111111111111111111111111111111111111111111111111111111111111111111111111111111111111111111100111001001001111111001001001010100011000001100010100100001000111001100100011001010011001111100001011011100101100111111100100100101010001000000010001010010010100111101110001001001001001100000110100011
111111111111111111111111111111111111111111111111111111111111111111111111111111111111111111111111111111000110110100000000010110110101011000111110001101011011110100000110001011100110101000110000001110100100011010010000000001011011010101000110011100110101101101010000010000110110110110100011111000011101
000000000000000000000000000000000000000000000000000000000000000000000000000000000000000000000000000000111101001010000000101001001110100100000000010011100110001011000000010100111101010100000000010001011011110101101000000010101100111010110001100001001110011010101000000001001011101001010000000001100010
111111111111111111111111111111111111111111111111111111111111111111111111111111111111111111111111111111111010110101111111010111111001011011000001101100111101110100111001101011011010101011001111101111100111101010010111111101010111100101001000000010110011110101010111101110110101010110101100000110011101
111111111111111111111111111111111111111111111111111111111111111111111111111111111111111111111111111100000101001010000000101000110110100100111110010011011010001011000110010100100101010100110000010000111000010101101000000010101011011010110110011101001101101010101000010001001010101001010011111001100111
000000000000000000000000000000000000000000000000000000000000000000000000000000000000000000000000000011111010110101111111010111001001011011000001101100100101110100111001101011011010101011001111101111010111101010010111111101010100100101001001100010110010010101010111101110110101010110101100000110011010
111111111111111111111111111111111111111111111111111111111111111111111111111111111111111111111111111100000101001010000000101000110110100100111110010011011010001011000110010100100101010100110000010000101000010101101000000010101011011010110110011101001101101010101000010001001010101001010011111001100101
111111111111111111111111111111111111111111111111111111111111111111111111111111111111111111111111111111111111110101111111010111111111011011000001101111111111110100111001101011111111101011001111101111111111111110010111111101011111111101001001100010111111111111010111101110111111111110101100000110011111
000000000000000000000000000000000000000000000000000000000000000000000000000000000000000000000000000011111010100000000000000111001001000000000000000000100101100000000000000011011010000000000000000011010111101000000000000000010100100100000000000000000010010100000000000000000101010100000000000000011010
111111111111111111111111111111111111111111111111111111111111111111111111111111111111111111111111111100000101001010000000101000110110100100111110010011011010001011000110010100100101010100110000010000101000010101101000000010101011011010110110011101001101101010101000010001001010101001010011111001100101
000000000000000000000000000000000000000000000000000000000000000000000000000000000000000000000000000011111010110101111111010111001001011011000001101100100101110100111001101011011010101011001111101111010111101010010111111101010100100101001001100010110010010101010111101110110101010110101100000110011010
111111111111111111111111111111111111111111111111111111111111111111111111111111111111111111111111111100000101001010000000101000110110100100111110010011011010001011000110010100100101010100110000010000111000010101101000000010101011011010110110011101001101101010101000010001001010101001010011111001100111
111111111111111111111111111111111111111111111111111111111111111111111111111111111111111111111111111111111010110101111111010111111001011011000001101100111101110100111001101011011010101011001111101111100111101010010111111101010111100101001000000010110011110101010111101110110101010110101100000110011101
000000000000000000000000000000000000000000000000000000000000000000000000000000000000000000000000000000111101001010000000101001001110100100000000010011100110001011000000010100111101010100000000010001011011110101101000000010101100111010110001100001001110011010101000000001001011101001010000000001100010
111111111111111111111111111111111111111111111111111111111111111111111111111111111111111111111111111111000010110100000000010110110001011000111110001100011001110100000110001011000010101000110000001110100100001010010000000001010011000101000110011100110001100101010000010000110100010110100011111000011101
111111111111111111111111111111111111111111111111111111111111111111111111111111111111111111111111111100111101001001111111001001001110100011000001100011100110001000111001100100111101010011001111100001011011110101100111111100101100111010001000000010001110011010100111101110001011101001001100000110100011
000000000000000000000000000000000000000000000000000000000000000000000000000000000000000000000000000011000110110110000000110110110101011100000000011101011011110111000000011011100110101100000000011110110100011010011000000011011011010101110001100001110101101101011000000001110110110110110000000001011110
111111111111111111111111111111111111111111111111111111111111111111111111111111111111111111111111111101111011001001111111001011111010100011111111100010111101001000111111100101011011010011111111100011101111101101100111111100100111101010001110011110001011110110100111111110001101011001001111111110101101
111111111111111111111111111111111111111111111111111111111111111111111111111111111111111111111111111110111100110010000000100101001101000100000000010101100110110011000000010010111100100100000000010101010011110010001000000010011100110100110001100001010110011001001000000001010011100110010000000001010011
000000000000000000000000000000000000000000000000000000000000000000000000000000000000000000000000000001000011001100000000011010110010111000111110001010011001001100000110001101000011011000110000001010111100001101110000000001100011001011000110011100101001100110110000010000101100011001100011111000101110
111111111111111111111111111111111111111111111111111111111111111111111111111111111111111111111111111110111100110011111111100101001101000111000001110101100110110011111001110010111100100111001111110101000011110010001111111110011100110100111000000011010110011001001111101111010011100110011100000111010001
111111111111111111111111111111111111111111111111111111111111111111111111111111111111111111111111111101000111001100000000011010110110111000000000001011011011001100000000001101100111011000000000001010111100011101110000000001101011011011000001100000101101101110110000000000101110111001100000000000101111
000000000000000000000000000000000000000000000000000000000000000000000000000000000000000000000000000010111000110001111111000101111001000011111111100100111100110000111111100010011000100011111111100101100011100010000111111100010111100100001110011110010011110001000111111110010001000110001111111110010100
111111111111111111111111111111111111111111111111111111111111111111111111111111111111111111111111111101000111001110000000111010000110111100000000011011000011001111000000011101100111011100000000011010011100011101111000000011101000011011110000000001101100001110111000000001101110111001110000000001101011
111111111111111111111111111111111111111111111111111111111111111111111111111111111111111111111111111110111001110000000000000101111011000000111110000110111100110000000110000010011001100000110000000101111011100110000000000000010111101100000111111100011011110011000000010000011001001110000011111000010111
000000000000000000000000000000000000000000000000000000000000000000000000000000000000000000000000000001111110000111111111110011111100011111000001111001111111000111111001111001111110001111001111111011100111111000011111111111001111110001111000000011100111111100011111101111100111110000111100000111001100
111111111111111111111111111111111111111111111111111111111111111111111111111111111111111111111111111110000001111000000000001100000011100000000000000110000000111000000000000110000001110000000000000100011000000111100000000000110000001110000000000000011000000011100000000000011000001111000000000000110011
111111111111111111111111111111111111111111111111111111111111111111111111111111111111111111111111111101111110000011111111100011111100000111111111110001111111000011111111110001111110000111111111110011110111111000001111111110001111110000111111111111000111111100001111111111000111110000011111111111001111
000000000000000000000000000000000000000000000000000000000000000000000000000000000000000000000000000011000011111100000000011110000011111000000000001110000001111100000000001111000011111000000000001110001100001111110000000001110000001111000000000000111000000111110000000000111100011111100000000000111000
111111111111111111111111111111111111111111111111111111111111111111111111111111111111111111111111111100111100000000000000000001111100000000111110000001111110000000000110000000111100000000110000000001110011110000000000000000001111110000000111111100000111111000000000010000000011100000000011111000000111
111111111111111111111111111111111111111111111111111111111111111111111111111111111111111111111111111111111111111111111111111111111111111111000001111111111111111111111001111111111111111111001111111111111111111111111111111111111111111111111000000011111111111111111111101111111111111111111100000111111111
000000000000000000000000000000000000000000000000000000000000000000000000000000000000000000000000000000000000000000000000000000000000000000000000000000000000000000000000000000000000000000000000000000000000000000000000000000000000000000000000000000000000000000000000000000000000000000000000000000000000
111111111111111111111111111111111111111111111111111111111111111111111111111111111111111111111111111111111111111111111111111111111111111111111111111111111111111111111111111111111111111111111111111111111111111111111111111111111111111111111111111111111111111111111111111111111111111111111111111111111111
000000000000000000000000000000000000000000000000000000000000000000000000000000000000000000000000000000000000000000000000000000000000000000000000000000000000000000000000000000000000000000000000000000000000000000000000000000000000000000000000000000000000000000000000000000000000000000000000000000000000
000000000000000000000000000000000000000000000000000000000000000000000000000000000000000000000000000000000000000000000000000000000000000000000000000000000000000000000000000000000000000000000000000000000000000000000000000000000000000000000000000000000000000000000000000000000000000000000000000000000000
000000000000000000000000000000000000000000000000000000000000000000000000000000000000000000000000000000000000000000000000000000000000000000000000000000000000000000000000000000000000000000000000000000000000000000000000000000000000000000000000000000000000000000000000000000000000000000000000000000000000
000000000000000000000000000000000000000000000000000000000000000000000000000000000000000000000000000000000000000000000000000000000000000000000000000000000000000000000000000000000000000000000000000000000000000000000000000000000000000000000000000000000000000000000000000000000000000000000000000000000000
000000000000000000000000000000000000000000000000000000000000000000000000000000000000000000000000000000000000000000000000000000000000000000000000000000000000000000000000000000000000000000000000000000000000000000000000000000000000000000000000000000000000000000000000000000000000000000000000000000000000
000000000000000000000000000000000000000000000000000000000000000000000000000000000000000000000000000000000000000000000000000000000000000000000000000000000000000000000000000000000000000000000000000000000000000000000000000000000000000000000000000000000000000000000000000000000000000000000000000000000000
000000000000000000000000000000000000000000000000000000000000000000000000000000000000000000000000000000000000000000000000000000000000000000000000000000000000000000000000000000000000000000000000000000000000000000000000000000000000000000000000000000000000000000000000000000000000000000000000000000000000
000000000000000000000000000000000000000000000000000000000000000000000000000000000000000000000000000000000000000000000000000000000000000000000000000000000000000000000000000000000000000000000000000000000000000000000000000000000000000000000000000000000000000000000000000000000000000000000000000000000000
000000000000000000000000000000000000000000000000000000000000000000000000000000000000000000000000000000000000000000000000000000000000000000000000000000000000000000000000000000000000000000000000000000000000000000000000000000000000000000000000000000000000000000000000000000000000000000000000000000000000
000000000000000000000000000000000000000000000000000000000000000000000000000000000000000000000000000000000000000000000000000000000000000000000000000000000000000000000000000000000000000000000000000000000000000000000000000000000000000000000000000000000000000000000000000000000000000000000000000000000000
111111111111111111111111111111111111111111111111111111111111111111111111111111111111111111111111111111111111111111111111111111111111111111111111111111111111111111111111111111111111111111111111111111111111111111111111111111111111111111111111111111111111111111111111111111111111111111111111111111111111
000000000000000000000000000000000000000000000000000000000000000000000000000000000000000000000000000000000000000000000000000000000000000000000000000000000000000000000000000000000000000000000000000000000000000000000000000000000000000000000000000000000000000000000000000000000000000000000000000000000000
111111111111111111111111111111111111111111111111111111111111111111111111111111111111111111111111111110000001111111111111111111111111111111111111111100000111111111111111111111100111111111111111111100111000000111111111111111111111111111111111111111100000001111111111111111111110111111111111111111110000
111111111111111111111111111111111111111111111111111111111111111111111111111111111111111111111111111101111110000011100000000000000000000111100000000011111000000011110000000000011000000001100000000011000111111000001110000000000000000000011110000000011111110000001111000000000001000000000100000000001111
000000000000000000000000000000000000000000000000000000000000000000000000000000000000000000000000000000000000011100011111110000000001111000011111100000000000111100001111110000000000111110011111100000000000000001110001111111000000000111100001111100000000000011110000111111000000000011111011111110000000
111111111111111111111111111111111111111111111111111111111111111111111111111111111111111111111111111111111111100111111000001111111110001111110000011111111111000111111100001111111111000111111000011111111111111110011111100000111111111000111111000011111111111100011111110000111111111100011111000001111111
111111111111111111111111111111111111111111111111111111111111111111111111111111111111111111111111111100000000011000000111100000000000110000001110000000000000011000000011100000000000011000000111000000000000000001100000011110000000000011000000111000000000000001100000001110000000000001100000111100000000
000000000000000000000000000000000000000000000000000000000000000000000000000000000000000000000000000010000001100111111000011111111111001111110001111100000111100111111100011111100111100111111000111100111000000110011111100001111111111100111111000111100000001110011111110001111110111110011111000011110000
111111111111111111111111111111111111111111111111111111111111111111111111111111111111111111111111111101111110001011100111000000000000010111101100000011111000011011110011000000011000001001100110000011000111111000101110011000000000000001011110110000011111110001101111001100000001000001100100111000001111
111111111111111111111111111111111111111111111111111111111111111111111111111111111111111111111111111100000000110100011100111000000011101000011011110000000001101100001100111100000001110110011101110000000000000011110001110111100000001110100001101111000000000110110000111011100000000110111011100111000000
000000000000000000000000000000000000000000000000000000000000000000000000000000000000000000000000000011111111001011110011000111111100010111110100001111111110010111111011000011111110001011110010001111111111111100001111001000011111110001111111010000111001111001011111100100011111111001001110011000111111
111111111111111111111111111111111111111111111111111111111111111111111111111111111111111111111111111100000000010100001100110000000001101011001011100000000000101001100100110000000000110100001101100000000000000001110000110111000000000110001100101100000110000010100110011011000000000010110001100110000000
111111111111111111111111111111111111111111111111111111111111111111111111111111111111111111111111111110000001101011110011001111111110010100110100011100000111010110011011001111100111001011110010011100111000000110001111001000111111111001110011010011100000001101011001100100111110111101001110011001110000
000000000000000000000000000000000000000000000000000000000000000000000000000000000000000000000000000001111110010100001100110000000001101011001011100011111000101001100100110000011000110100001101100011000111111001110000110111000000000110001100101100011001110010100110011011000001000010110001100110001111
111111111111111111111111111111111111111111111111111111111111111111111111111111111111111111111111111100000000101011110011001000000010010100110100010000000001010110011011001100000001001011110010010000000000000010001111001000100000001001110011010011000110000101011001100100100000000101001110011001000000
111111111111111111111111111111111111111111111111111111111111111111111111111111111111111111111111111111111111010111101100100111111100101111101010001111111110001011110100100011111110010101101101001111111111111101111110110110011111110010011110101000111001111000101111011010011111111000110101100100111111
000000000000000000000000000000000000000000000000000000000000000000000000000000000000000000000000000000000000101100011011011000000011011011010101110000000001110101101111011100000001101110011010110000000000000010010001101001100000001101101101010111000110000111010110110101100000000111011011011011000000
111111111111111111111111111111111111111111111111111111111111111111111111111111111111111111111111111110000001010011100100100111111100100100101010001100000110001010010000100011100110010001100101001100111000000101101110010110011111110010010010101000100000001000101001001010011110111000100100100100110000
111111111111111111111111111111111111111111111111111111111111111111111111111111111111111111111111111101111110001100011011010000000001011011010101100011111000110101101111010000011000101110011010100011000111111000010001101001000000000101101101010100011001110011010110110101000001000011011011011010001111
000000000000000000000000000000000000000000000000000000000000000000000000000000000000000000000000000000000000110011110100101000000010100100111010010000000001001110011000101100000001010011110101010000000000000011101111010110100000001010110011101011000110000100111001101010100000000100101110100101000000
111111111111111111111111111111111111111111111111111111111111111111111111111111111111111111111111111110000001001111101011010111111101011111100101101100000110110011110111010011100110101101101010101100111000000100011110101001011111110101011110010100100000001011001111010101011110111011010101011010110000
111111111111111111111111111111111111111111111111111111111111111111111111111111111111111111111111111101111110110000010100101000000010100011011010010011111001001101101000101100011001010010010101010011000111111011100001010110100000001010101101101011011001110100110110101010100001000100101010100101001111
000000000000000000000000000000000000000000000000000000000000000000000000000000000000000000000000000010000001001111101011010111111101011100100101101100000110110010010111010011100110101101101010101100111000000100011110101001011111110101010010010100100110001011001001010101011110111011010101011010110000
111111111111111111111111111111111111111111111111111111111111111111111111111111111111111111111111111101111110110000010100101000000010100011011010010011111001001101101000101100011001010010010101010011000111111011100001010110100000001010101101101011011001110100110110101010100001000100101010100101001111
111111111111111111111111111111111111111111111111111111111111111111111111111111111111111111111111111110000001001111111111010111111101011111111101101100000110111111111111010011100110101111111110101100111000000100111111111001011111110101111111110100100110001011111111111101011110111011111111111010110000
000000000000000000000000000000000000000000000000000000000000000000000000000000000000000000000000000000000000001111101010000000000000011100100100000000000000000010010110000000000000001101101000000000000000000000011110100000000000000001010010010000000000000000001001010000000000000000010101010000000000
111111111111111111111111111111111111111111111111111111111111111111111111111111111111111111111111111101111110110000010100101000000010100011011010010011111001001101101000101100011001010010010101010011000111111011100001010110100000001010101101101011011001110100110110101010100001000100101010100101001111
000000000000000000000000000000000000000000000000000000000000000000000000000000000000000000000000000010000001001111101011010111111101011100100101101100000110110010010111010011100110101101101010101100111000000100011110101001011111110101010010010100100110001011001001010101011110111011010101011010110000
111111111111111111111111111111111111111111111111111111111111111111111111111111111111111111111111111101111110110000010100101000000010100011011010010011111001001101101000101100011001010010010101010011000111111011100001010110100000001010101101101011011001110100110110101010100001000100101010100101001111
111111111111111111111111111111111111111111111111111111111111111111111111111111111111111111111111111110000001001111101011010111111101011111100101101100000110110011110111010011100110101101101010101100111000000100011110101001011111110101011110010100100000001011001111010101011110111011010101011010110000
000000000000000000000000000000000000000000000000000000000000000000000000000000000000000000000000000000000000110011110100101000000010100100111010010000000001001110011000101100000001010011110101010000000000000011101111010110100000001010110011101011000110000100111001101010100000000100101110100101000000
111111111111111111111111111111111111111111111111111111111111111111111111111111111111111111111111111101111110001100001011010000000001011011000101100011111000110001100111010000011000101100001010100011000111111000010000101001000000000101001100010100011001110011000110010101000001000011010001011010001111
111111111111111111111111111111111111111111111111111111111111111111111111111111111111111111111111111110000001010011110100100111111100100100111010001100000110001110011000100011100110010011110101001100111000000101101111010110011111110010110011101000100000001000111001101010011110111000101110100100110000
000000000000000000000000000000000000000000000000000000000000000000000000000000000000000000000000000000000000101100011011011000000011011011010101110000000001110101101111011100000001101110011010110000000000000010010001101001100000001101101101010111000110000111010110110101100000000111011011011011000000
111111111111111111111111111111111111111111111111111111111111111111111111111111111111111111111111111111111111010111101100100111111100101111101010001111111110001011110100100011111110010101101101001111111111111101111110110110011111110010011110101000111001111000101111011010011111111000110101100100111111
111111111111111111111111111111111111111111111111111111111111111111111111111111111111111111111111111100000000101011110011001000000010010100110100010000000001010110011011001100000001001011110010010000000000000010001111001000100000001001110011010011000110000101011001100100100000000101001110011001000000
000000000000000000000000000000000000000000000000000000000000000000000000000000000000000000000000000001111110010100001100110000000001101011001011100011111000101001100100110000011000110100001101100011000111111001110000110111000000000110001100101100011001110010100110011011000001000010110001100110001111
111111111111111111111111111111111111111111111111111111111111111111111111111111111111111111111111111110000001101011110011001111111110010100110100011100000111010110011011001111100111001011110010011100111000000110001111001000111111111001110011010011100000001101011001100100111110111101001110011001110000
111111111111111111111111111111111111111111111111111111111111111111111111111111111111111111111111111100000000010100011100110000000001101011011011100000000000101101101100110000000000110110011101100000000000000001110001110111000000000110101101101100000110000010110110111011000000000010111011100110000000
000000000000000000000000000000000000000000000000000000000000000000000000000000000000000000000000000011111111001011100011000111111100010111100100001111111110010011110011000011111110001001100010001111111111111100001110001000011111110001011110010000111001111001001111000100011111111001000100011000111111
111111111111111111111111111111111111111111111111111111111111111111111111111111111111111111111111111100000000110100011100111000000011101000011011110000000001101100001100111100000001110110011101110000000000000011110001110111100000001110100001101111000000000110110000111011100000000110111011100111000000
111111111111111111111111111111111111111111111111111111111111111111111111111111111111111111111111111101111110001011100111000000000000010111101100000011111000011011110011000000011000001001100110000011000111111000101110011000000000000001011110110000011111110001101111001100000001000001100100111000001111
000000000000000000000000000000000000000000000000000000000000000000000000000000000000000000000000000010000001100111111000011111111111001111110001111100000111100111111100011111100111100111111000111100111000000110011111100001111111111100111111000111100000001110011111110001111110111110011111000011110000
111111111111111111111111111111111111111111111111111111111111111111111111111111111111111111111111111100000000011000000111100000000000110000001110000000000000011000000011100000000000011000000111000000000000000001100000011110000000000011000000111000000000000001100000001110000000000001100000111100000000
111111111111111111111111111111111111111111111111111111111111111111111111111111111111111111111111111111111111100111111000001111111110001111110000011111111111000111111100001111111111000111111000011111111111111110011111100000111111111000111111000011111111111100011111110000111111111100011111000001111111
000000000000000000000000000000000000000000000000000000000000000000000000000000000000000000000000000000000000011100001111110000000001111000001111100000000000111000000111110000000000111100001111100000000000000001110000111111000000000111000000111100000000000011100000011111000000000011110001111110000000
111111111111111111111111111111111111111111111111111111111111111111111111111111111111111111111111111101111110000011110000000000000000000111110000000011111000000111111000000000011000000011110000000011000111111000001111000000000000000000111111000000011111110000011111100000000001000000001110000000001111
111111111111111111111111111111111111111111111111111111111111111111111111111111111111111111111111111110000001111111111111111111111111111111111111111100000111111111111111111111100111111111111111111100111000000111111111111111111111111111111111111111100000001111111111111111111110111111111111111111110000
000000000000000000000000000000000000000000000000000000000000000000000000000000000000000000000000000000000000000000000000000000000000000000000000000000000000000000000000000000000000000000000000000000000000000000000000000000000000000000000000000000000000000000000000000000000000000000000000000000000000
111111111111111111111111111111111111111111111111111111111111111111111111111111111111111111111111111111111111111111111111111111111111111111111111111111111111111111111111111111111111111111111111111111111111111111111111111111111111111111111111111111111111111111111111111111111111111111111111111111111111
000000000000000000000000000000000000000000000000000000000000000000000000000000000000000000000000000000000000000000000000000000000000000000000000000000000000000000000000000000000000000000000000000000000000000000000000000000000000000000000000000000000000000000000000000000000000000000000000000000000000
000000000000000000000000000000000000000000000000000000000000000000000000000000000000000000000000000000000000000000000000000000000000000000000000000000000000000000000000000000000000000000000000000000000000000000000000000000000000000000000000000000000000000000000000000000000000000000000000000000000000
000000000000000000000000000000000000000000000000000000000000000000000000000000000000000000000000000000000000000000000000000000000000000000000000000000000000000000000000000000000000000000000000000000000000000000000000000000000000000000000000000000000000000000000000000000000000000000000000000000000000
000000000000000000000000000000000000000000000000000000000000000000000000000000000000000000000000000000000000000000000000000000000000000000000000000000000000000000000000000000000000000000000000000000000000000000000000000000000000000000000000000000000000000000000000000000000000000000000000000000000000
000000000000000000000000000000000000000000000000000000000000000000000000000000000000000000000000000000000000000000000000000000000000000000000000000000000000000000000000000000000000000000000000000000000000000000000000000000000000000000000000000000000000000000000000000000000000000000000000000000000000
000000000000000000000000000000000000000000000000000000000000000000000000000000000000000000000000000000000000000000000000000000000000000000000000000000000000000000000000000000000000000000000000000000000000000000000000000000000000000000000000000000000000000000000000000000000000000000000000000000000000
000000000000000000000000000000000000000000000000000000000000000000000000000000000000000000000000000000000000000000000000000000000000000000000000000000000000000000000000000000000000000000000000000000000000000000000000000000000000000000000000000000000000000000000000000000000000000000000000000000000000
000000000000000000000000000000000000000000000000000000000000000000000000000000000000000000000000000000000000000000000000000000000000000000000000000000000000000000000000000000000000000000000000000000000000000000000000000000000000000000000000000000000000000000000000000000000000000000000000000000000000
000000000000000000000000000000000000000000000000000000000000000000000000000000000000000000000000000000000000000000000000000000000000000000000000000000000000000000000000000000000000000000000000000000000000000000000000000000000000000000000000000000000000000000000000000000000000000000000000000000000000
000000000000000000000000000000000000000000000000000000000000000000000000000000000000000000000000000000000000000000000000000000000000000000000000000000000000000000000000000000000000000000000000000000000000000000000000000000000000000000000000000000000000000000000000000000000000000000000000000000000000
